Title,Details,Status,Tags,Category
AI-Driven Personalization,We are exploring the addition of 'AI-Driven Personalization' to our roadmap. This initiative aims to address specific user needs and expand the platform's core capabilities.,Closed,,Roadmap
"Data, Common  & Infrastructure","Server-side tagging is a new way to use Google Tag Manager to instrument your application across devices. Server containers use the same tag, trigger, and variable model that you're used to: https://developers.google.com/tag-platform/tag-manager/server-side/intro?hl=en It would be great to create a template to easily push conversion server to server",Closed,,Roadmap
Full-stack enhancements,"![](https://pb-files.s3.amazonaws.com/production/attachments/c986c80ccf7d0d4f46a2e9c6d2197e56dad92baf88287db157fe35451a5962a6/6A.jpg) Updates of all our server-side SDKs (Java, C#, PHP and NodeJS) and mobile Apps SDKs (Android, iOS) - Ability to [retrieve JSON](https://developers.kameleoon.com/php-sdk.html#obtainvariationassociateddata) data associated with a variation of an experiment. - Custom data targeting for experiments and feature flagging - Full support to [feature flagging and rollout](https://developers.kameleoon.com/php-sdk.html#activatefeature) with a dedicated interface to empower tech teams to safely deliver and control updates through feature flags. We bring with it [remote variables](https://developers.kameleoon.com/php-sdk.html#obtainfeaturevariable) control (JSON, string, boolean, number) and custom data targeting capabilities to release feature flags to group of users.",Complete,Squad FM&E,Roadmap
Addition of global business KPIs to Audiences Explorer,"## Problem/Context As a marketer or a business manager, when I want to have direct insights on how much the use of Kameleoon brings to my business, I can't find these data on the platform. - **Existing workaround:** Yes - **Workaround Customers may ask for an Excel analysis to their CSM **Project justification:** - **Project type:** Requested capability - **Justification:** Lots of customers are awaiting this feature ## Solution - **Product package:** Personalization - **Product scope:** Audiences main dashboard - **User roles**: Marketers - **Design:** - The top KPI block of the Audiences main dashboard will be reworked, to add these new KPIs (along with an explanation on each one, and how it is calculated) which will take into account a 1-year-period: - Total revenue - Revenue per visit - Generated additional revenue - Potential additional revenue ![](https://pb-files.s3.amazonaws.com/production/attachments/f156365d050b5436d393def308771caf801e2c29a81ae32b61f9feb7ba640b38/BAPTISTE_Hover_Revenue_per_visit-test_-_6.jpg) ## **Measuring Success** - **Goal 1:** use of the feature - **Success metric:** number of interactions from customers with this area of the Audiences main dashboard - **Goal 2:** lighten the workload of CSMs - **Success metric:** number of custom requests from customers to consultants to have these data in an Excel file - **Goal 3:** encourage package uplifts from customers who haven't subscribed to the Personalization package yet - **Success metric:** evolution of the AB customers subscribing to the Personalization package --- ##",Complete,Squad Data,Roadmap
Predict Analytics - new workflow,"Current predict page remains hidden and unchanged - From the ""Goals page"", we add one secondary action for goals where machine learning was activated. This secondary action is ""Check the learning"" and then it opens a chart for this goal (the one currently displayed on Predict page) - On the Audiences pages, we add some predictive segments easy to understand (""hot"" / ""cold"" ...) - No change on segment builder (except that we remove targeting condition ""conversion probability"") ![](https://pb-files.s3.amazonaws.com/production/attachments/de0bcbd7b0a8a7ce05813fbb4c69a7bd11f2b76a5d0e6ffdef3eb1e38b63375e/14C.jpg)",Under Review,Squad Data,Roadmap
New Widget editor,"Main User Benefit : Simplify widget creation / edition thanks to a wysiwyg editor - Visual editor for the creation of widgets from scratch - Library of ready to use widgets: pop-in, banners, countdown banner... - Easy management of created widget, with a widget dashboard page - Update of the logic we associate widgets in campaigns ![](https://pb-files.s3.amazonaws.com/production/attachments/10a0c54592bc8f5924a326d97bc9e31147da4b8c17f75909f092e3168e89ddb2/10A.jpg) ![](https://pb-files.s3.amazonaws.com/production/attachments/c65d02042d0ea3d74f505f6045fac319ceb8910e6ba42ca4ecdae06e7c3ea2dc/Type_of_creation_(1).jpeg) **Hypothesis driving this project** Marketers do not see the value of our existing widget library (and to some extend our personalization module) because widgets cannot be easily customized to their needs, so we expect that solving this problem will increase the overall satisfaction of customers with our Personalization module and increase our ability to convince marketers users during sales speech. **Metric(s) and Baseline: How we will evaluate success** Baseline: number of predefined widgets used in production / month Metrics to measure when the feature is released: 1. Number of widgets created 2. NPS satisfaction measured for personalization customers (Appcues NPS for personalization customers only) 3. Win rate against AB Tasty thanks to the new widget graphic editor **Business Impact** - We expect to upsell more existing A/B testing customers to the Personalization module - We expect to increase our winning rate against A/B Tasty **Problem Statement. What pain point(s) are we trying to address?** - Today we provide a library of predefined widgets for marketers and a code-based editor to build custom widgets for developers. However, marketers can not simply create new widgets (eg. popin or banner) or adapt our existing widgets to their needs because we do not provide the right user experience or the right tools for that, so we expect that solving this problem will increase the satisfaction among our existing customers and improve our sales performance (especially when we are against AB Tasty) **How do people currently solve this problem? How do our competitors address this problem?** - They mainly ask our professional team to build custom widgets (with code) - Some competitors (Dynamic Yield or AB Tasty) provide a graphic editor or well designed widgets that can be easily customizable. **What is the project type and our justification for doing this project?** - Requested capability among SMB customers with no access to a technical team. - Some customers churned by the past to AB Tasty because they offered a more adapted product to their needs. **Jobs to be done** P0 Must have - Graphic editor for Personalization customers only - library of predefined templates that a customer can use if he does not want to start from scratch P1 Nice to have - Module that can be added as an add-on to A/B testing only customers - Ability to generate a HTML view (to embed on a mobile app as a webview). Requested by BPCE Customer) and would make sense for mobile apps customers. Dynamic Yield provides this option. - Additional components (countdown, tooltip, newsletter popin..) **When do we expect to launch?** - End of January in production - A/B testing customers only will still be able to use the existing library of widgets. So no change/update for them.",Complete,Squad Perso,Roadmap
Audience middle-term enhancements,Enable to set several time ranges in the dates pop-in: Data table KPIs quick rework (option to remove hover):,Under Review,Squad Data,Roadmap
BPCE topics,Topics to determine dedicated to BPCE Customer.,Planned,Squad Perso,Roadmap
Alias for Site URL,"Addition of a text input for the name on the website creation pop-in - Adaptation of overlays"" ![](https://pb-files.s3.amazonaws.com/production/attachments/c81aaa56b921e09acd61542f59a634c475c5fa47ed7d98b9f8fca299c4a824c7/2A.jpg)",Complete,Squad Interfaces,Roadmap
Archive feature for AB & Perso,"Creation of a status ""Archive"" for Experiment & Perso in order to get a dedicated view to get rid of useless campaigns without deleting them and losing what was done. ![](https://pb-files.s3.amazonaws.com/production/attachments/a3920a419730fae848171b796f16fddedcc0f80eaff5759bb84d31a24f4e8228/image_(2).png) Belambra's request : ""It would be cool if the test archiving feature came soon!Or we should add in the filters, a filter by exclusion!ex.In the dashboard I have created a tag ""archived"" and in fact I would like to exclude all the tests containing this tag from the dashboard. This will allow me to ""virtually"" archive some tests.",Complete,Squad Interfaces,Roadmap
New account options in app,"## Problem\/Context As a client, I want to have access to my account options from my configuration pages and account parameters in the back office , so I can configure myself with common & simple options without having to call a consultant. Main actions: - Migration of several options from the Back-office admin to the Back-office client, in the configuration pages and in the account parameters for super admins. - Move some non-touchy options from the admin Back-office to the customer Back-office, so customers will be able to configure themself without having to call a consultant. ![](https://pb-files.s3.amazonaws.com/production/attachments/27d2c6e5a8f3120fecb1d30c34f07b903ee171e3975846586d43580fdb993e31/4A.jpg) A list of the most urgent options to migrate was determined: - Use Single Page Support - Excluded IP - Use sharp in URL - 15 min http session - Enable extended security - Maximum password attempts - IP White List - **Existing workaround:** Yes - **Workaround The client call a consultant to change his options. **Project justification:** - **Project type:** Reduce the number of calls\/contact of clients only to change common options in their Back-office - **Justification:** Thanks to this feature, we can expect fewer calls than before. Quote of Vanessa, CSM: > Some of them below would deserve to be migrated to the customer \(in terms of user comfort and flexibility for the user perhaps\): Excluded IP IP White List ## Solution - **Product package:** Full-stack - **Product scope:** On Back-office : parameter of sites \(site page\), parameter of the account - **User roles**: All expect consultant \(they have access to Back-office admin interface\) - **Design:** This is what the solution consists in for the parameters of the account: - On the Back-office, you click on the new section Customer account settings - On the pop-in of the client account setting, there are 3 tabs - Location tab - with 1 option : **Timezone setting**\) - Access to the account tab - With option Maximal password attempts - With option 15 min http session - With option IP white list - Password tab - With the option Enable extended security - With option Password regeneration This is what the solution consists of for the parameters of the site: - On the site page \(on admin\), A new subsection called Advanced settings just below the existing one Global custom script - Advanced characteristics: Enable support for dynamic websites \(Single Page App, Progressive Web App...\) - Advanced characteristics: Use the ""#"" symbol \(instead of the default ""?""\) in all Kameleoon URL parameters - Advanced characteristics: Exclude certain IP addresses from the results of your experiments ## **Measuring Success** - **Goal 1:** Onboarding, Customers can self-setting with their parameters on the Back-office - **Success metric:** time spend by consulting teams to manage client setting decreased --- ##",Complete,Squad Interfaces,Roadmap
Advanced tools page redesign and migration,"Creation of two different pages: one for custom data, another for the other tools - Pages based on others dashboard pages, with a filter sidebar. ![](https://pb-files.s3.amazonaws.com/production/attachments/e261c8af3e5637e23c05ea916306d5ca71fea3424e3db957f6972205a4803dcf/13A.jpg) - Migration of all elements \(popups, creation steps, etc\) For BPCE it would be amazing they have more than 4000 custom data across all sites",Complete,Squad Interfaces,Roadmap
Team Page - Redesign back and front of the page,"New app design & automation API in front - Removal of ""iframe"" technics - Design of the page similar to other dashboard pages (filter sidebar) - Usage of our Automation API"" ![](https://pb-files.s3.amazonaws.com/production/attachments/3aee96b075546fda3e0d5d161cb6479509b44838865fe087c6b1aa39c045f5a4/3A.jpg)",Complete,Squad Interfaces,Roadmap
Configurable columns on Web experiment and Personalization dashboards,"## Problem\/Context - As I user I would to have access to a customizable view of my dashboard in the Back-office client so I can have access only to sections that interesting me - **Existing workaround:** Yes - **Workaround The client can consult sections is interesting in manually **Project justification:** - **Project type:** to fill in *\(refer to PDB Template - slide 9\)* - **Justification:** Requested capability on existing customers ## Solution - **Product package:** Full stack - **Product scope:** The operation is the same on all pages \(A\/B tests, Perso, Segments, Goals, Websites\). - **User roles**: all - **Design:** For one dashboard - Fist on the right sidebar next to filter a tab will be present: columns . With this new functionality Columns, users can customize their dashboards : they can choose which columns they want to display. ![](https://pb-files.s3.amazonaws.com/production/attachments/ddf16368ce7bdfb49a77eea904f39134f481a0e3dbe5da1684f8c8d3d930f164/Capture_d_ecran_2022-07-25_a_17.26.56.png) To custom the view by default, there will be a wheel icon to acces to parameter ![](https://pb-files.s3.amazonaws.com/production/attachments/c4d6c59312081b4cf40bc3674063b233efdbf62b88625e227f0a8679f9699b62/Capture_d_ecran_2022-07-25_a_17.28.09.png) - There will be elements displayed by default: - Name - Type - Status - Modified - Tag - and elements not displayed by default - Author - Created - Website\/project - Main goal - Online - Results exploitability With a checkbox system, user can select element he want to be displayed or not ![](https://pb-files.s3.amazonaws.com/production/attachments/2ba3a0ae90ba55c7e6f11845dd3657f65f1ee7e951e4488a5b129ec55f5231bb/Capture_d_ecran_2022-07-25_a_17.31.43.png) ## **Measuring Success** - **Goal 1:** Retenion: adress critical user pain points - **Success metric:** Allow user to easily customize their dashboard view. - **Success metric:** Save user time with adapted view they can use to have access to only relevant informations - **Goal 2:** Satisfaction - **Success metric:** Save user time with adapted view they can use to have access to only relevant informations --- ##",Complete,Squad Interfaces,Roadmap
Multiple Organizations per User,"## **Feature short The goal is to provide features to our solution partners that are managing Kameleoon for their clients. - Multiple Organizations per User ## Problem Solutions partners need a scalable way to access and manage multiple customers. **Workaround:** - **Existing workaround:** Yes - **Workaround Creating a specific user on each customer's account and login to this specific user each time they have to work for the client. Context : - Ability to switch very easily from one account to another one \(via the header\) from the same e-mail address - Some customers have many independent entities \(for example BPCE : BPCE, Natixis, Printemps : Citadium, Fashion 3, Place des tendances\). Currently we have to create one customer for each entity, and users with different email addresses for each entity as well. The goal of this US is to add the possibility to manage customer's entities and associated users. After login a user should be able to choose the entity he want to login to, and then in app he also should be able to switch between entities. We need to do a research about this task first to know what exactly needs to be done \(backend, frontend, access management, administration\) - Multiple Organizations per User interesting if you have multiple accounts for agency Multi Accounts e.g. for agenciesnschmidt@kameleoon.comsebastianb@trkkn.com =&gt; already have an accountbut should be also enabled on this account:Login: Simon Reuvers message from Natalie Schairer:Case: They want to add following User to their account: It is not possible because he is added to another account. Because we got more and more constructs like this we need an opportunity to add one customer to different accounts. Looking forward to your feedback how this would be possible.Thx for the feedback! Because we are working with partner agencies (partner contracts) it is necessary to work with one e-mail for different customers. We got trouble therefore with Luisa Cerano, Flightright, Lexoffice, Trkkn",In Progress,,Roadmap
"Custom analytics integration tool + addition of tech integrations (Zapier, Chrome extension, GIT..)",Creation of a generic integration. It will be a framework (with a zone with code to paste) to add specific integrations. ![](https://pb-files.s3.amazonaws.com/production/attachments/3c84fca541e947b96b62fe8d68ee44f18dd3bae3588b7bc12e5c9bbd1aa56e02/15A.jpg),Complete,Squad Dev Tools,Roadmap
New page for cross-campaigns performance comparison,"New page added on ""Explore"" menu. User can can choose the KPI of his choice and we list all experiements linked to this KPI, with their performance. Average performance is also provided. ![](https://pb-files.s3.amazonaws.com/production/attachments/cb39e385f2580819d741779713e09902ff7c241d60051a4f90f7c61eb8f57af2/22A.jpg) Hello The product Team, I have a client that want to create weekly, monthly, 6-month and 1-year reports on the tests launched during these periods. The main objective being to realize the performance of the tests through ""simple"" dashboards which would allow to compare conversions in current week vs week S-1, current month vs month m-1 ... Currently we go through pivot tables but which require exporting via the KAM results page. Copy / paste the data into another file with all the periods and then do the analysis.What is needed is to give the client the possibility of making an export by selecting several tests, by splitting by week, month etc. and then to be able to make the template in ""pivot tables"" mode or a bit like on GA and that the data is updated if the customer wishes a daily export for example.If you want I can show you an example of my client files. It's an important request and if you can help me to gain time it would be wonderful. Do not hesitate to slack me if you want talk face-to-face on the subject. That would prioritizing the dev of wining XP's Problem: The key information block in the Audience modul presents data about the performance of your experiment program for the last 12 months. The date range isn't adjustable. The formulas are perfectly suitable for justifying the tool fees in management or to take them into consideration for the ROI calculation. However it would be necessary to set an adjustable time period for this, rather than a fixed 12 months. Solution: Use a date range setting for the key information block. There are plenty of examples in the tool, e.g. from the new Result page or from the list view in the Audience module below. The customer requests such reports from the CSM, which builds them manually. These are of course very static and difficult to standardize. The customer wants such an overview. Create the alert for decreasing average cartThe idea is to create the alert for decreasing average cart with high reliability 95%, it can help client to control the revenue decreasing, even if in general revenue has low reliability of decrease, variation still can show the revenue drop in average cart. Such update could help client to prevent revenue loss.",Planned,Squad Data,Roadmap
Detecting and filtering outliers,"New option in our internal Back-office to get rid of ""trash data"" - Extreme values that seems strange - Some days to remove in e-commerce - Some customers wants to differentiate their B2C and B2B orders, as B2B orders are huge but few. They want to be able to only see B2C orders \(might need to be implemented elsewhere than this feature\) hell yes! Yes please! We recently have two US prospects asking about this feature and that could be a very powerful argument against other vendors! Great for US customers! important for prospects It's important to exclude these values when e-commerce activity is centered essentially on B2C and marginally on B2B.In our case, B2B brings in few orders, but with very high amounts (x10-x100) compared to the B2C average.We don't want professional orders to influence B2C behavior There are a lot of outlier days we have (especially in ecom) - this is a differentiator for the tool to be able to automatically remove outliers Outliners distort the results of a test and a clean data line would improve the result",Complete,Squad Data,Roadmap
Visitor Data Model,"Fix of our current visitor data model, to be implemented on: - experiments - personalizations Release is In progress: - Jan 1, 2022: German customers - Feb 1, 2022: French, UK, Russian, Nordics customers - Feb 14, 2022: North America customers and LIDL",Complete,Squad Data,Roadmap
Platform redesign,"New dashboards (A/B / Perso / Goals / Segment) - New design system - New features (filter, views) - Responsive ![](https://pb-files.s3.amazonaws.com/production/attachments/f92dd854ee7676e970554ef71bb6127c5cae5ecce9a8c5bac790a8935260291f/1B.jpg) Automatically generate a downloadable excel with all test or personalizations with some basic info like name, description, status, start and end date, tag, segment used... I would like to be able to see tests, goals etc. in list view. In tile view most of the titles are cut off. I would like to be able to set certain filters as default for my personal account. That way I wouldn't have to filter the same things every time I log in. Hello,possible de rajouter le ft d'ouvrir dans un nouvel onglet (CTRL + click) sur les cta dans partie projet svp :https://app.kameleoon.com/projects/dashboardCTRL + click sur : Editer / Configuration / Installation ect ...Possible de rajouter dans le tooltip (hover) ""?"" : l'ID du projetMême demande sur le dahsboard des widgets, afficher l'ID du widget au hover sur ""i""merci :) When duplicating (no matter if custom data, experiment or goal) there is no chance to search of a project, only to choose out of the list. If a client has many projects, it would be great to have a search option as we do, when for example creating a new goal/ custom data",Complete,Squad Interfaces,Roadmap
New SDKs,Ruby - Go - Python GO SDK: Ruby: Python SDK: JS SDK: Flutter: React SDK:,Complete,Squad FM&E,Roadmap
Traffic reallocation option everywhere,"We currently get complete trafic reallocation options from our A\/B testing visual editor. Yet, those option are not available from our backoffice. **Suggestion:** Display the traffic reallocation options in the reporting page and backoffice code editor Afficher l'option de réallocation du trafic dans la page de reporting et l'éditeur de code It is a hidden feature but structuring one regarding the result analysis. That would avoid a lot of misunderstanding with customers It's good to be able to see this option that is well hidden right now! Déjà peu connu des utilisateurs, il est difficile, en plus, de le trouver. Le sujet revient souvent Very important to have this option in code editor :) I had a lot of problems in the past with trafic reallocation Trafic reallocation is quite often used. Since it is not available from our backoffice, the reallocation could directly be made from the code editor which does not offer the possibility of keeping visitors who were affected to a variation before the reallocation in the same one afterwards. Thus, results could be falsified. Pour limiter les erreurs We use it a lot for clients with limited ressources and that cannot integrate the changes quickly.",Under Review,Squad Dev Tools,Roadmap
New targeting condition by Internet Service Provider,"**Suggestion:** Add a new targeting condition allowing to target visitors based on their ISP (Internet Service Provider). This information is actually available on the geolocation module, but currently not being made public or usable in any way. Consgtar would like to use it within their Segments to exclude certain visitors from their own ISP. Congstar would like to target visitors based on their ISP (Internet Service Provider). This information is actually available on the geolocation module, but currently not being made public or usable in any way. Consgtar would like to use it within their Segments to exclude certain visitors from their own ISP. This would be great to have! :-) That would very nice to have and very easy to configure",Open,,Roadmap
Zapier integration,"**Suggestion:** On the integration page, add a native integration with Zapier. It will help connecting with CRM tools such as Microsoft Dynamics Integration avec Zapier : Cela faciliterait les intégrations avec d'autres solutions et notamment les CRM comme Microsoft Dynamics Common tool . Nice to have Zapier is very popular to instantly and easily integrate with other tools, so on top of providing useful integrations it would provide visibility to Kam Very good idea Connexion avec de nombreuses apps It will open a word of possibilities!",Complete,Squad Dev Tools,Roadmap
Responsive Graphic Editor,"## Problem\/Context As a user of the graphical editor, when using it on a mobile device, I don't have full access to all the elements of the graphical editor - **Existing workaround:** No **Project justification:** - **Project type:** Improvement to existing workflow - **Justification:** We can lose a major client if the graphic editor is not responsive ## Solution - **Product package:** A\/B Testing - **Product scope:** - Graphic editor, burger icon Graphic editor, history panel Graphic editor, CSS selector panel Graphic editor, édition panel Graphic editor, header Graphic editor, popin Graphic editor, loading screen - Product section and pages that will evolve \(on the contrary, you can specify what is out of scope\): On the app, we want to create a dedicated section on the app for finalization menu - **User roles**: all - **Design:** Explain with bullet points what your solution consist in \(make it synthetic\) - For loading screen and popin : we want to make them responsive - The header: - The header is responsive - Creation of a drop down system to have access to variations, original version and variations cta \(to have access to those information on the vertical way and use space on the header for other CTAs\) - Creation of a drop down button for edition mode and simulation at the right side of the header - Replacement the drop-down finalize by next button that give access to a dedicate finalize menu on the app - The edition panel: - Rework of the panel reduction system - Adaptation the panel size - The CSS selector panel: - Creation of a default emplacement for the panel - Adaptation the panel size - The history panel - Creation of a default emplacement for the panel - Adaptation the panel size - The burger icon: - Adaptation of element of the burger icon - Delation of elements non useful for graphic editor use ## **Measuring Success** - **Goal 1:** Engagement - **Success metric:** Nb of use of the graphic editor on a screen size \/ month - **Goal 2:** Satisfaction - **Success metric:** NPS of graphic editor users --- ##",Complete,Squad Interfaces,Roadmap
New targeting condition by AT Internet Segment,"We currently get a native integration with AT Internet : tests results are automatically pushed to AT Internet, which is useful for clients who want to analyze results on AT Internet. **Suggestion:** AT Internet has just released a new API that could allow us to target in real time a visitor based on the AT Internet Segment he belongs. This is something we currently propose for Ysance tool for example. ---------- Forwarded message ---------De : Géric Fossé | AT Internet &lt;geric.fosse@atinternet.com&gt;Date: ven. 19 mars 2021 à 16:33Subject: Intégration | Nouvelle fonctionnalité AXON ConverterTo: Fabien Dimeglio &lt;fdimeglio@kameleoon.com&gt;Salut Fabien, Jespère que tu vas bien ! Je te contacte au sujet dune nouvelle fonctionnalités que nous sommes en train de finaliser avec léquipe Data Science. Ce projet est actuellement en POC internet et je souhaiterais voir si nous pouvons en profiter pour enrichir notre intégration actuelle. Cette fonctionnalité porte le nom dAXON CONNECT. Concrètement il sagit dune nouvelle API qui permet de voir en temps réel à quel segment AT Internet appartient un utilisateur. Cette API peut retour un ID utilisateur, un ID custom et toutes autres données souhaitées (et présentes dans AT Internet). Tu trouveras en pièce jointe quelques slides concernant cette fonctionnalité. Nos utilisateurs communs pourraient activer leurs segments AT Internet dans votre outil via cette solution (personnalisation de lUX, AB Test). Nous sommes disponibles si vous souhaitez étudier cette feature et voir comment optimiser notre intégration. On peut planifier un call si besoin ! Merci,Bonne fin de semaine, Géric FosséTechnology Partner Manager85 Avenue John Fitzgerald Kennedy, 33700 Mérignac, FranceT.+33 6 64 99 13 57 geric.fosse@atinternet.comwww.atinternet.com - Digital Intelligence Solutions -- Fabien Dimeglio Head of Product Tel. +33 6 62 18 44 86www.kameleoon.com12, rue de la Chaussée d'Antin - 75009 Paris, FranceVANCOUVER | LONDON | BERLIN | PARIS | MILAN | MOSCOW | OFFENBURG Garanti sans virus. www.avast.com Always better to get information like this. Two way communication for native integration can help value other integration and therefore the client can also value Kameleoon as part of their ecosystem. That would be wonderful. This would help in having less issues with data between the two entities",Open,,Roadmap
Shopify app,"Official Kameleoon Shopify app to ease the process of implementing Kameleoon on shopify plus stores (snippet, tracking, product feed). Shopify App V1: V1 will allow us to be visible on Shopify marketplace as a Shopify native App. It will ease the process of implementing Kameleoon on shopify plus stores (snippet installation). The customer will only need to indicate his Kameleoon sitecode. Shopify App V2: This V2 will allow automatic tracking of e-commerce transactions + all product related actions (add to cart, view, purchase, etc.) in Kameleoon.",Complete,Squad Dev Tools,Roadmap
Chrome extension redesign + Performance analysis,"[The newest version of our Chrome extension](https://chrome.google.com/webstore/detail/kameleoon/nimncjjomfcjmfnghgaopccmdggjfoam) helps developers further with their daily development workflow. Get a live list of all campaigns and quickly access any technical details, troubleshoot performance issues with a brand new Performance analysis center, and more, all without leaving your favorite browser.",Complete,Squad Dev Tools,Roadmap
"Google Analytics Segment bridge (custom, beta mode)",This feature will enable our customers to use their Google Analytics Segments to create highly personalized campaigns in Kameleoon.,Complete,Squad Dev Tools,Roadmap
Segment.io Destination bridge,"With this Segment x Kameleoon integration, every tracking call that is triggered by Segment will be automatically collected by Kameleoon as a KPI conversion, saving developers from having to re-implement an existing Segment Tracking plan in Kameleoon.",Complete,Squad Dev Tools,Roadmap
Kameleoon Github account,Addition of a Kameleoon GITHUB account with pre-defined piece of code for the main analytics platforms. This library can then be used by our customers to create custom analytics bridges in Kameleoon.,Complete,Squad Dev Tools,Roadmap
New Feature Flag page + Dashboard,Redesign the Feature Flag creation / edit page from scratch. Addition of the Scheduling Feature (required by Providence). Keep the Providence account.,Complete,Squad FM&E,Roadmap
New targeting condition by Campaign,Add a new targeting condition to include or exclude visitors who have been already been exposed or not by another experiment or personalization.,Complete,Squad Perso,Roadmap
Onboarding / Get Started Journeys,"**in-app flow / checklist to guide new users to setup their account (snippet installation, main KPI, experiment..)** - **Improve translation quality for our main pages (do we use the right wording for an action)**",Complete,Squad Interfaces,Roadmap
Stop collection of data,"New feature on the results pages (for experiments and personalizations) to allow users to stop the data collection of a running campaign. The campaign will run, but the data will no longer be sent to the results pages.",Complete,Squad Data,Roadmap
Spider chart updates,"Addition of the confidence rate in the graph ""Comparative view"", on the experiments' results pages",Complete,Squad Data,Roadmap
Package Server-Side,"## Problem/Context As a developer, when I use only users server-side I want an efficient package only for the server-side so I can create my server-side experiments - **Existing workaround:** Yes - **Workaround yes but the wording is not correct (site instead of the project), and some actions of finalization are not optimized for code-based experiments but more graphic editor based **Project justification:** - **Project type:** Allows the dev user to only create server-side campaigns without having access to a graphic editor (the long term goal is to be able to sell package server-side independently form others) - Details [here](https://docs.google.com/presentation/d/1j8fHQ6zAuXYEKmQYfiIvp0Q9ZbaPNx56MLf2pNfUk1Q/edit#slide=id.p28) - **Justification:** We lose a client who didn't want to pay for everything while he needed only the package-serve side ## Solution - **Product package:** Creation of a dedicated package for Full-Stack App (server-side only). - **Product scope:** - *Experiment & setting mostly* - Site dashboard/pop in new site/Setting site page/ Advanced tool page/ Integration page - Experiment: create a new project / create a new experiment/ Experiments dashboard/ sdk code editor/ Hybrid code editor/ segment builder - Configure: segment dashboard/ goals dashboard - **User roles**: Client (developer ) - Package/admin: ""activate A/B testing"" - Package/admin: FM&E only - Package/admin: ""activate A/B testing"" & ""feature management & experimentation"" - **Design:** - Removal of the graphic / JS/CSS code editor options - Specific setup page : SDK implementation + Simple JS Snippet if Hybrid - Removal of all web related actions in the App (KPIs, Custom Data, Site becomes Project ) ## **Measuring Success** - **Goal 1:** Onboarding - **Success metric:** Rate of clients creating server-side experiment - **Goal 2:** Satisfaction - **Success metric:** NPS client on package server-side only --- ##",Complete,Squad Interfaces,Roadmap
Guided Onboarding Experience,Guide and educate our users to key features of the FME v2 product \(using Appcues\). [Embedded content](https://miro.com/app/live-embed/uXjVMegOjGw=/?embedMode=view_only_without_ui),Complete,Squad FM&E,Roadmap
Free developer package,"# Problem/Context ## **Description** Provides (as our competitors do) limiting package for developers who want to trial / use Kameleoon Feature flags + code editor for web ## Workaround No ## **Project justification** **Project type** New product concept or workflow **Justification** Apparently, our competitors do it. # Solution **Package** NA **Scope** NA **User roles** Technical **Design** NA # **Measuring Success** **Goal 1** Involving more developers into experiencing the app. **Success metric** Number of people using the free package. --- # Attached documents **Figma file**: optional (paste link) **Spec file**: optional (paste link) **Redmine ticket**: mandatory (paste link)",Open,Squad FM&E,Roadmap
Real-time update Listener,Allows our customer to subscribe to listener to have real-time updates of SDK / Experiment / Feature Flag configuration,Closed,Squad FM&E,Roadmap
Data bridge for FM&E,"Allow to use segments for external tools such as Mixpanel, GA, Segment.. from SDK-based experiments and Feature Flags.",Complete,Squad FM&E,Roadmap
Timeline for Feature Flags & Experimentation,Step by step adding new events to the timeline. Addition of Events related to the Full-Stack offer in the Timeline Access to a timeline of events dedicated to feature flagging,Planned,,Roadmap
Feature Flag : Alerts (KPI based),Allow to create alerts for Feature Flags based on KPI rules to help our customers: - rollback Features which have an impact on business KPIs or app performance - be reminded about the activation of a planned event,Open,Squad FM&E,Roadmap
Simple adaptation of our report page to Feature Flag,Remove everything related to web experiments from our Reporting page.,Open,Squad FM&E,Roadmap
New experiment creation flow,"Adapt our existing popin to create an experiment with the right wording for all kind of use cases: Graphic based experiment (A/B/n or MVT), code based experiment, SDK based experiment (server-side, client-side or app SDK)",Complete,Squad Interfaces,Roadmap
Product recommendation solution more integrated to Kameleoon,"Quick adaptation of the look and feel of the Rees Back-office dashboard to Kameleoon's graphical charter. - Sidebar color will be updated (see attached) - Font will be updated, but they can set only 1 font in the platform for all elements =\> Change for Roboto - 'Search engine' can't be removed, because it's hard coded and depends on the WL platform configuration. - Auto login from Kam app - Addition of a ""recommandation"" section in the menu (for users who subscribed to Recommendation module only)",Complete,Squad Perso,Roadmap
Oauth Page / Automation API Credentials,"Currently, you should ask your Kameleoon Customer Account Manager to provide you with client_id and client_secret. These credentials are associated with a Kameleoon account (ie, email adress) and will be able to use the authorizations (rights) defined for this account. This feature released, an interface will be added directly on the Kameleoon application (My profile page) to obtain and manage your API credentials. You will be able to renew your client_secret via the interface as well.",Complete,Squad Dev Tools,Roadmap
Internal BO Admin Redesign,"# Problem/Context ## **Description** Redesigning the Back-office admin to have better interfaces. ## Workaround NA ## **Project justification** **Project type** - Improvement to existing workflow **Justification** We need to keep our tools updated and that includes redesigning the Back-office Admin. # Solution **Package** NA **Scope** NA **User roles** NA **Design** NA # **Measuring Success** NA --- # Attached documents **Redmine ticket**: Internal Back-office Admin Redesign V1: ## In French - Login via Google SSO pour accéder à ladministration - Login via Google SSO pour accéder à lapp en mode admin (impersonation) - Customers dashboard avec la recherche, filtres, views et la possibilité de modifier toutes les settings de customer - Sites dashboard avec la recherche, filtres et la possibilité de modifier toutes les settings - Accounts dashboard avec la recherche, filtres et settings - La gestion des accès admin pour les accounts qui ont les droits limités (donner ou enlever laccès à un customer pour un consultant) - Dashboard avec les statistiques Redash ## In English - Login with Google SSO to get access to the Admin Back-office - Login with Google SSO to get access to the Kameleoon app in admin mode (impersonation) - Customers dashboard with search bar, filters, views and ability to edit the customer's settings - Sites dashboard with search bar, filters, and ability to edit all the settings - Accounts dashboard with search bar, filters and settings - Access management (give or delete right for accounts - Dashboard with Redash statistics Internal Back-office Admin Redesign V2: - Create a new customer - Rebuild the kameleoon.js script - Improvements It contains some bug fixes and improvements, but also two new features : - Customer creation is now available \( When creating a customer you dont need to put a password anymore, an activation email will be sent to the user to set up his password\) - Kameleoon.js script rebuild is now available on projects page Internal Back-office Admin Redesign V3: - Customer deletion - A lot of backend changes - Cleaning up project options - Last script rebuild date and status ![](https://pb-files.s3.amazonaws.com/production/attachments/1daffc2087b8600f1f8aa7a16193d4d422c826fbd883ce35d5e0bcafb1ddd52e/image.png) Internal Back-office Admin Redesign V4: 1. Rebuild kameleoon.js scripts for site codes : \ 1. Rebuild kameleoon.js scripts for all customers 1. Rebuild kameleoon.js scripts for customers with products : \ Internal Back-office Admin Redesign V5: Collective actions : - Add the possibility to update settings for multiple sites at once in the UI \(we can start by IP range settings\). - Add the possibility to disable\/delete many customers at once. - Add collective actions method for adding consultants to customers. - Add the possibility to rebuild kameleoon.js script for many sites at once.",Complete,Squad Dev Tools,Roadmap
Migrate Engine to Automation API,"Provide seamless integration capabilities for 'Migrate Engine to Automation API', allowing users to synchronize data and streamline workflows.",Complete,Squad Dev Tools,Roadmap
Boolean to activate / deactivate product tracking,We are exploring the addition of 'Boolean to activate / deactivate product tracking' to our roadmap. This initiative aims to address specific user needs and expand the platform's core capabilities.,Complete,Squad Dev Tools,Roadmap
Common APP pages,"When creating new goals a popup roll in from right side currently.Please move this to another position.This is disstrubting creating multiple goals, because the layer is over the button ""New Goal"" on top right side.",Closed,,Roadmap
Feature Management & Experimentation (FM&E),We are exploring the addition of 'Feature Management & Experimentation (FM&E)' to our roadmap. This initiative aims to address specific user needs and expand the platform's core capabilities.,Closed,,Roadmap
Specific developer tools,We are exploring the addition of 'Specific developer tools' to our roadmap. This initiative aims to address specific user needs and expand the platform's core capabilities.,Closed,,Roadmap
Advanced simulation options,"Advanced simulation option:Be able to choose any URL for the PERSO or A/B (You cannot choose the URL before launching the simulation in A/B and in the perso sometimes the Back-office blocks me because it says it's not the right site).Be able to just copy the end parameters because when you have a website that redirect you lost the parameter (logged in websites)Be able to put all A/B and Perso to original / reference except the one I am simulating (in one click)Be able to see the reason why I'm not being exposed for Perso and see that I am capped in A/B test. Generate testing also from source code!This feature is one of AB Tasty (competitor). The main purpose is to fasten preview on under session pages. When I create a new test of any kind, I copy/past the content of the desired page. For example, if I need to preview my last funnel page, I don't have to go through each step of my Funnel. I think it will save a lot of time.",Open,Squad Dev Tools,Roadmap
Kameleoon Segments for nested targeting conditions,"Add a new targeting condition in the segment builder: ""Kameleoon segment"". With this targeting condition, the users can add an already created segment as a targeting condition in order to combine existing segments instead of creating a new one. Currently, if I need a segment that doesn't exist yet I have to create a completely new one. It would be a lot easier if segments were modular so I could combine existing segments, e. g. segment ""Device category Desktop"" and segment ""URL is https://www.domain.de"". Allow the user the possibility to add segment criteria in his list.Ex : if I create a segment ""offer's pages"" via an item only present in some pages, I want to add this in my segment list, so I can easily use it when create another segments :) great tool to build segment! This is really needed to build new Segments with existing (long) targeting conditions. e.g. Visitor IP Excludes and more.Needed by client WELT It would be very useful for our whole team as we are re-using combinations of specific targeting conditions which were already used in previous segments. We wouldn't have to copy and paste over and over again those ""pieces"" of other segments. It would be nice feature to use them modularized, since we define same conditions in other segments over and over again, like IP ranges and custom javascript conditions complex segments lead to very easy to make and very difficult to find bugs This feature will help us organizing complex segments way easier and will give a better overview on how one big segment is builded. Also adjusting tiny segments, used in other segments will result in less changes. For example if you always want to exclude certain user by browser or any other condition or if you need to always exclude a specific url from your test. feature highly expected by many cutomers (Medici, Legallais, ....) and prospects Die Welt likes it and if they are happy we are too. We have multiple environments. This would allow use to create 1 audience as /this page and others with environment domains creating less work and making audiences easier to create Feature is requested by Conversion Craft on 18/05/2022 very convenient ! US :En tant que user, je souhaite créer un nouveau segment à partir d'une combinaison de segments déjà existants.Source de la requête :Cette demande a été remontée par Fabrice auprès de Fabien sur Slack le 23/05/2022Clients en attente de cette feature :Medici.tv : le client a fait un cahier des charges pour nous challenger face à la concurrenceLegallaisDeadline indiquée :Fin Q3 2022 (indiquée sur Slack le 23 mai) Shitton of clients asking for the. Would be awesome To target the same group in a few clicks saves configuration times. Super useful feature :)",Complete,Squad Perso,Roadmap
Custom selectors,"Being able to give custom selectors names would be VERY helpful. Currently, I cannot really use existing custom selectors because I'm not sure what they target.",Complete,,Roadmap
Collective actions,"## Problem/Context As a Back-office user, I would like to make multiple selection of segments or goals, in order to apply actions to all elements at the same time *Improve the select all behaviour available on our Goals & Segments pages. Currently, only the elements displayed in frontend are selected. The enhancement will enable to select all elements from backend / in database. Finally, users will save time by applying an action to multiple items at once.* - **Existing workaround:** Yes - **Workaround You can select all elements displayed on the front (around 20), and repeat the action until all elements selected **Project justification:** - **Project type:** Requested capability (existing customers or prospects) - **Justification:** Critical request from 2021 in productboard > 2 requests/insights on multiple actions in the Back-office ## Solution - **Product package:** Full stack - **Product scope:** On the Back-office segment dashboard , On the Back-office goals dashboard - **User roles**: All - **Design:** Steps of the solution - We can access on goal dashboard or segment dashboard - On the right side of each element, there is a 3 dots button - On click, we have access to a checkbox and several options - We can do one of the actions, on all goals/segments selected (goal: activate, disable, manage tags, export, delete / segment: manage tags, export, delete) - We can make the selection: individually, for several items, or for all items (not only in the front) ## **Measuring Success** - **Goal 1:** satisfaction/ allows user to select all information as indicated on the actions select all - **Success metric:** Satisfaction of customers with this feature (work with consultants) --- ##",Complete,Squad Interfaces,Roadmap
Delete a LocalData with an API function,Their is no way to delete a LocalData with an API function (such as deleteLocalData() ) once created.It would be great to have it :),Open,,Roadmap
Media library,"Access to the image library of our graphic editor from the code editor, widget editor, personalization edition page. Including several enhancements \(ex: images sizes, copyable links, .svg usable on editor etc\) Upload Videos: Bulk Selection: Select Projects Enhance: Bulk Image Upload: Create Folders: Replace Images: Archive Images: Permettre l'accès à la bibliothèque d'image de Kameleoon en dehors de l'éditeur graphique Would it be possible to access the picture library via the code editor directly ? Or to have an access to this library from the Back-office dashboard ? We had a call with our client Axel Springer and they're having increasing problems with the use of the Image Library. The current upload process is an inconvenience and difficult to access. Especially when working with code. Is there a timing here? I'd like to be able to host images in SVG format, from the EF library and the editor widget. That would be amazing ! Very usefull for code interface user! Very important as it makes testing easier Ability to upload videos, too It is hard for people to store images Ability to upload videos, too Our videos are currently hosted on Binder, but the URLs are only accessible internally. This means we have to duplicate our efforts by converting the URLs again for external use.Being able to upload videos directly will streamline our workflow and save time, allowing us to complete tasks more efficiently. We can't select in bulk images by using a shortcut. Right now we need to select each image one by one this is pretty tedious Could you please allow the import of multiple images at the same time into the image library? Bonjour, Est-il possible d'ajouter la fonctionnalité ""Création de dossiers"" dans Media library ?Merci !Adrien In the library, be able to replace one visual with another to keep the link without having to make the change in the widget. For example, for a campaign, we just want to replace the visual without having to upload a new image to keep the same link. Replacing it in the library would automatically update the image in the widget without having to do it manually.Also, is it possible to archive visuals? In the library, be able to replace one visual with another to keep the link without having to make the change in the widget. For example, for a campaign, we just want to replace the visual without having to upload a new image to keep the same link. Replacing it in the library would automatically update the image in the widget without having to do it manually.Also, is it possible to archive visuals?",Complete,,Roadmap
Collective actions - Filters - Select all option,"Dans les critères de filtre permettre à l'utilisateur de sélectionner tous les filtres en même temps (pour en exclure certains plus facilement)Par exemple status : - online- diverted- draft - stopped - paused Il faut les sélectionner 1 à 1 donc si je veux par exemple exclure les drafts je dois sélectionner tous les autres sauf draft... To much on Goal page, how can old goals with old links experiments moved from Dashboard?E.g. Build an archive for goals or a general filter:ONLINE Campagns / Paused Campaigns / None Campagins linked",Open,,Roadmap
Improve targeting condition by Page url with regex,"On regex, we automatically add slashes (/) at the beginning and the end for the targeting. But users enter regularly a regex with it on the targeting condition generating double slash. - Add a beginning and ending slack to this field not removable to signal that this will be added automatically. - If a user pastes a regex here, remove the first and last slashes. https://drive.google.com/file/d/1Ve3ucIFNwhLPX8wHXdEMsSlvnlBsF1P6/view?usp=sharing",Under Review,Squad Perso,Roadmap
Timeline on Personalization results page,"As a user, I want to have the details of all the events that happened on the personalization, from the Result page Feature Request from WELT (Henry Münster):Personalizations should have a timeline (inside each personalization) and must be visible in global timeline.It should be possible to see then a personalization is started, paused or changed. In addition the date and user who made the change should be visible",Open,,Roadmap
Timeline - Add events about personalizations,"Feature Request from WELT (Henry Münster):Personalizations should have a timeline (inside each personalization) and must be visible in global timeline.It should be possible to see then a personalization is started, paused or changed. In addition the date and user who made the change should be visible",Open,,Roadmap
Sites - Backup configuration,"Save an old configuration Be able to back up all my A/B test, perso and site configuration in one click and obviously to come back to an old configuration if needed.",Open,,Roadmap
Backup experiments,"Save an old version and be able to go back to it Be able to back up all my A/B test, perso and site configuration in one click and obviously to come back to an old configuration if needed.",Open,,Roadmap
Campaigns versioning,"As a user, be able to go back in production to any previous version of a campaign (personalization or A/B test) Be able to back up all my A/B test, perso and site configuration in one click and obviously to come back to an old configuration if needed.",Open,,Roadmap
Custom data - Add descriptions and make them visible in the segment builder,"Be able to add a description to a custom data and be able to see that description on hover with the ""?"" in the segment builder.Sometime the customdata is named ""XXX"" and it's hard to know what it stands for.",Open,,Roadmap
Revenue KPIs on Results Pages,"For Experiments and Personalizations, add some revenue KPIs at the top of the results pages: - global revenue KPIs: additional revenue generated, potential additional revenue, revenue by visit/visitor - add columns in goals tables to show KPIs by variations - Add revenue per visit in the results pages tables",Under Review,Squad Data,Roadmap
Have only 1 simulation link per campaign with the last version,"Currently, every simulation has its own link. Therefore, it is vital to use the latest(!) link when doing QA. Whenever something is changed a new link has to be sent over to QA.I would prefer a link that doesn't change and that always opens up the latest version of the test.",Open,,Roadmap
Dataset to element menu selection,"In the WYSIWYG interface, it is possible to select element thanks to their ID, the class, the hierarchy or a customSelector (when you clic on ... after selecting an element).More and more website use ""dataset"" instead of ID ou class to identify the element. It would be more than useful to have this a standart proposal in the element menu selection.The type (name) of dataset display would be a ""site"" configuration as it depends on the site.",Complete,,Roadmap
A custom data from the segment builder,"Addition of a link on the segment builder to create new custom data Hello :)Would it be possible to add a CTA called '""create a custom data"" in the segment builder below custom data if there is no Custom Data set up in the account ? When visitors would click on ""create a custom data"", it would redirect to the ""advanced tools"" section (same behavior when clicking on create a goal from the wysiwyg or code editor for instance).",Under Review,Squad Perso,Roadmap
The usage of emojis,"WYSIWYG - update data-src when changing an image: Allow the usage of Emojis on the Editor. Our client (En voiture Simone) is using a lot of Emojis in their marketing campains and the fact that those are not supported by the editor is a frustration for them. Since this client is alredy frustated by the fact that the editor is quite difficult to use on his website that would allow to reduce some of is frustration. Other client might also benefit from it. Client quote""Par contre, il y a vraiment une feature à prioriser : les emojis. Nous en faisons un usage intensif, c'est extrêmement frustrant qu'ils ne soient pas reconnus par votre moteur."" Graphical Editor:IF customer change an image. The data-src needs to be changed also. if not the image change could not be done (lazyload)",Complete,Squad Interfaces,Roadmap
URL filters with regex/contain options,"Sharpen the LP URL and Visited page URL filters with ""contain / match the regex / correspond exactly to"" Filter results by parameter:Clients will be able to filter their results by URL fragments if they are interested in specific parts, rather than filtering by full URL links. This is especially relevant for clients running tests on their entire site, while having multiple sites with the same site code. Reporting page: Ability to filter by visited page URL with a contain option (like the one available in the segment builder) and a regex. Customer: GoMotive (US) Filter the results of an experiment by visited page URL using a ""contains"" condition, instead of the ""exact match"" condition. This would allow to filter a collection of pages that for example are associated with a specific product, when the test is performed for many products simultaneously.Currently, with ""exact match"" this is not possible, as the URL parameters are considered in the visited page URLs, where there are countless variations of these parameters. It would be nice to use the filter of the URLs on goals or custom data. I often times end up having to create a dedicated Trigger that has custom JavaScript in it just so I can target an A/B Test to 3 pages that all share the same middle part of the url, but the quick settings inside the experiment setup aren't able to handle that. Same goes for setting up a Segment or Trigger itself, I often have to write JS since I can't (or can't easily) target the pattern I need. Many customers would like to filter by a specific URL parameter, e.g. contains: /p/. Specifying a single URL is not helpful for this and makes the analysis very difficult. Hello, I need filter options on the result page with ""contain"" because we have conducted an experiment for showing product USPs on different product detail pages. Now I need to analyze the results for each product series individually and therefore have to paste more than 100 URLs into the filter ""visited page url"" instead of just using one contain-option. Please develop this feature as soon as it is possible! Thank you",Open,Squad Data,Roadmap
Image library - Display URL,"In the library image on the A/B editor, all images have an URL. Sometimes it is necessary to recover this URL to be able to use it elsewhere in the solution. We must give the possibility to copy the URL of the image easily.",Complete,Squad Interfaces,Roadmap
Websites - Clarify the script status + Kameleoon detection,Onboarding Status MessagesSee Slide 12 and followinghttps://drive.google.com/file/d/1Ui9bksdxHCvGAywRRD-3N9SmyCfpd8Q9/view?usp=sharing,Open,,Roadmap
Edit user - Error message,https://drive.google.com/file/d/1aYtOc9zkqXbFefrdSVHA8tve__gh_iot/view?usp=sharing,Open,,Roadmap
Results pages - Identify new opportunities with AI when a variation is losing,"New feature on the Experiments Results pages, to be displayed when a variation is losing - Identifies and highlights Targeting conditions (through breakdowns of all existing criteria for instance) that could be added to the original segment and on which the given variation could be winning instead - Add a button to Create a personalization on the new segment (original one, completed with an accurate added targeting condition), if there is enough statistical significance That could be really nice to promote the AI module and encourage clients to use AI. cool feature would be a strong differentiator could be a huge USP for prospects Would be game changing and a very big differentiator with our competitors I guess Very useful to increase usage! It will certainly be very interesting to have such notifications based on AI. Good Helps targeting groups and optimizing campaigns Saves time and increases chance to find an improvement It would be interesting to see if there are segments with opportunities To get better results. Especially in the case of inconclusive positive tests the evaluation and search for reasons takes an extremely long time. Pointing out atypical outbreaks would be very helpful. To get more out of the data, this would be really helpful! Right now there are too many possibilities you can look for. If an AI would find those, that'd be incredible. It would be easier to find the issue.",Complete,Squad Data,Roadmap
Email Personalization,We are exploring the addition of 'Email Personalization' to our roadmap. This initiative aims to address specific user needs and expand the platform's core capabilities.,Open,,Roadmap
Goals - Enhancement of Goals dashboard export,"Goals - URL in click tracking: Goals - CSS selector field not visible in ""Edit goal"" pop-in: Goals - Currency: Goals - Display all campaigns statuses in the overlay: Request from Christoph Ernst I will recommend a client to inactivate some goals I get this view to check, if campaigns are aktive or not. I could only see the status: online but not paused or stopped,... I ask because I could only inactivate stopped goals. So I need to know if and which exp are stopped and which are only paused. In old Back-office we show always the status of experiment here, or on info icon in goal. Goals - Add multiple URLs for ""Access to a page"": Goals creation popup migration: ## Problem\/Context This US is a part of the EPIC: Global backoffice redesign \(menu, dashboards, other Back-office pages\) - LOT 0 & 1 For this US, the goal is to do a redesign of several sections of goal in Back-office client \(Pop ups and in the dashboard\) and migrate goal creation Pop up from grails \(old code\) to App. - **Existing workaround:** Yes - **Workaround The existing elements ## Solution - **Product package:** Back-office client - **Product scope:** Goal dashboard - **User roles**: All - **Design:** - On New goal creation pop up - On goal dashboard: Notification after creation - On goal edition pop up - Goal creation pop specific for ""click tracking"" - Goal creation pop-up specific for ""access to a page"" - Goal creation pop-up specific for ""custom goal"" - Goal creation pop-up specific for ""time spent"" - Goal creation pop-up specific for ""number page viewed"" - Goal creation pop-up specific for ""Retention rate"" ## **Measuring Success** - **Goal 1:** Stability - **Success metric:** Efficiency by migrating element form the old code to the new one ## Attached documents **Figma links** Reserved goal ID mockup: [https:\/\/www.figma.com\/file\/Y55oWd1vedJXjPyTmJiY6o\/15971---Custom-goals-reserve-ID?node-id=14%3A2640](https://www.figma.com/file/Y55oWd1vedJXjPyTmJiY6o/15971---Custom-goals-reserve-ID?node-id=14%253A2640) Global mockup: [https:\/\/www.figma.com\/file\/sQXW9zWhYZIjlml7vEOs4w\/EP-1071-%2F-US-6850---Goals-page?node-id=1413%3A6201](https://www.figma.com/file/sQXW9zWhYZIjlml7vEOs4w/EP-1071-%252F-US-6850---Goals-page?node-id=1413%253A6201) - **Redmine ticket**: Pain Point: The export of goals never delivers the entire table displayed in Back-office. congstar have over 100 custom goals in Kameleoon which are managed via Tealium as a tag manager. Lists have to be exported regularly if adjustments are necessary. Only Goal Name and Goal Id are actually important in these lists. Sometimes the other information is also relevant. with apllied filters as a setting works and is very helpful only displayed columns would be very helpful at first, but in Bo the columns Status, ID, AI Tracking are present, which are later missing in the export. Name, Type, Linked to, Created, Last modification, Tags, Author, Website are exported. =&gt; The name is absolutely misleading. As a user, I expect exactly the table from the Back-office Dashboard. With detailed information would be the last solution after the failed export. Here only Description, Associated experiments, Associated personalizations are added as ""details"". This is explained by the hovering pop-up. =&gt; Goal ID as the important information for custom Goals is still missing Workaround: export and insert the ID via copy&amp;paste manually to the export table. It's no fun for larger exports, costs time and is prone to errors. Solution: only displayed columns export exactly the Back-office dashboard table with all columns and rows. This is explained by the hovering pop-up. I tend to make custom external dashboards for every A/B Test. If I could have custom ones inside of Kameleoon, that'd be quite nice. For now, you have to insert a URL in the click tracking objective configuration.More and more website avoid being in an iframe so it get completely useless and timeconsuming to have to complete this URL before being able to insert your CSS selector [immowelt] Horizon: Edit goal via CSS SelectorClient: immowelt Login: werner.steckmann@immowelt.deCase: Immowelt noticed that in the desktop view it is not possible to see the CSS selectors in the ""Edit goal"" view. Only when you play around with the width of the screen can the whole thing scroll and be displayed. See screenshots. https://kameleoon.freshdesk.com/a/tickets/3402I put this in Feautre Request because UI improvementBestChristoph Adding multiple URLs (or partial urls, if 'contains' is selected) (separated by a comma) when creating a New Goal &gt; URL Access &gt; contains or corresponds exactly to. I know you will say that we have ""regex"" available but most of our clients don't know how to create a regex and therefore they have to ask the Consulting team to do it, and it is not necessarily 'marketer' / non-tech person friendly.",Closed,,Roadmap
Activity,"Please add following feature:https://project.kameleoon.net/issues/9153DescriptionCustomer informationall customerlogin: gjoly@kameloon.comdon't use customer login to check please from Barradur0x -&gt; email will be sent to customersProblemCurrently there is a feature within the timeline which is called ""Send via email"". This will trigger an automated email from info@kameleoon.com to the user being logged in. This feature may be a potential risk to spam, which was also being noticed by one of our clients ""Die Welt"", which received emails not being triggered by them. The feature will trigger a call to https://back-office.kameleoon.com/timeline/exportEmail?timelineEventIds= - which is unprotected and can be called from the browser or a script and will send an email to the user being logged in. This should be prevented. I pledge for a refactoring of the feature so that it cannot be used for spam anymore.Screenshots see redmine ticketThanks!",Open,,Roadmap
New targeting condition by Mixpanel Segment,Our users track their visitors on Mixpanel and create segments on this tool that they would like to target for campaigns they created on Kameleoon. Retrieve Mixpanel's segments on our segment builder.,Open,,Roadmap
New targeting condition for API,"Add a targeting condition ""Explicit Trigger"" after ""Custom event"" in the ""Technical"" folder. For users who want to manually trigger experiments via the activation API. And therefore, a targeting condition that will always be set to ""undefined"" in order to never trigger by the ""natural"" targeting engine of Kameleoon is needed.",Complete,Squad Dev Tools,Roadmap
Product recommendation - Integrate as a widget,We are exploring the addition of 'Product recommendation - Integrate as a widget' to our roadmap. This initiative aims to address specific user needs and expand the platform's core capabilities.,Open,,Roadmap
Updated Personalization page,"Currently, the perso edition page is using grails that we want to turn off It's all written with using of old technology - gsp, making hard to maintenance Besides, users have several pain points. ## Problem\/Context Describe the problem you are trying to solve. ex: ""As a developer, when I want to do ..., I get the following problems."" - **Existing workaround:** Yes \/ No *\(only keep the right answer\)* - **Workaround If yes, explain how we can today proceed to solve the problem **Project justification:** - **Project type:** to fill in *\(refer to PDB Template - slide 9\)* - **Justification:** concrete indicators \/ reasons why we need to work on this project *\(refer to PDB Template - slide 9\)* ## Solution - **Product package:** A\/B Testing \/ Personalization \/ Full stack *\(only keep the right answer\)* - **Product scope:** Product section and pages that will evolve \(on the contrary, you can specify what is out of scope\) - **User roles**: Roles \(admin \/ super admin \/ marketing \/ production \/ technical \/ all\) that will benefit from this project - **Design:** Explain with bullet points what your solution consits in \(make it synthetic\) - In page X, we add ... - On click, ... - Optionnally, paste images of the solution here \(or paste Figma link\) ## **Measuring Success** - **Goal 1:** indicate the goal of this topic - **Success metric:** indicate the key indicator of success that will measure the achievement of goal 1 - **Goal 2:** indicate the goal of this topic - **Success metric:** indicate the key indicator of success that will measure the achievement of goal 2 *Copy and paste previous paragraph for each goal attached to this topic.* *Report to PDB Template - Slide 13 for examples* --- ##",In Progress,Squad Perso,Roadmap
"New dataviz (ROC, confusion matrix...)","We are exploring the addition of 'New dataviz (ROC, confusion matrix...)' to our roadmap. This initiative aims to address specific user needs and expand the platform's core capabilities.",Open,,Roadmap
Activate IA on an account,New workflow Faciliter lactivation du ML sur un compte: activation Back-office admin > accès direct aux pages dans le Back-office Ne plus passer par la configuration d'Audiences,Planned,Squad Machine Learning,Roadmap
New dashboard of ML models,"Ensemble des éléments configurables sur une même page Donner accès aux users au statut des learners & activation manuelle Benef: rendre luser plus autonome, moins boite noire, utile quimporte lalgo, avoir une configuration différente par campagne Create automatic key moments: Identifier des UC plus rapidement",Planned,Squad Machine Learning,Roadmap
Inputs from external sources,We are exploring the addition of 'Inputs from external sources' to our roadmap. This initiative aims to address specific user needs and expand the platform's core capabilities.,Open,,Roadmap
Project qualification thresholds,"sur le dash learner ou page predict, indicateur basé sur le nb de visites et de conversions",Open,,Roadmap
Results page - Breakdown by KCS score,"Sur les pages de résultats de toutes les campagnes, ventiler par KCS dun learner pour faciliter le choix des tranches KCS",Open,,Roadmap
Predict - Make segment page available for all goals,We are exploring the addition of 'Predict - Make segment page available for all goals' to our roadmap. This initiative aims to address specific user needs and expand the platform's core capabilities.,Open,,Roadmap
input discovery,which CustomData is really important for the algorithm,Open,,Roadmap
New creation & results page for AI,"Créer une nouvelle page de création de campagne IA et de résultats AI - Configurer et visualiser les différents trafics: % exposé/NE, et % Aléatoire/IA ) - Avoir un reporting day by day - Ajouter une analyse en ROI - Adapter en fonction du UC (BDR, fidéliser, lead) Benef: Faciliter la création et l'analyse des résultats (ajd 2 perso séparés), montrer les gains produit par un Use Case",Planned,Squad Machine Learning,Roadmap
Onboard new users,Avoir un setup wizard après activation de la création de learners/models au lancement de campagne,Planned,Squad Data,Roadmap
Access to results for user with Technical rights,Have an option to give developers every right except to see the uplift/ downlift of a test - or no test data at all - just like there is a switch for technical we'd need one for allow to see test resultsas ab testing agency our test results are our asset and we don't want our partner development agencies to see the results - this is critical for us,Open,,Roadmap
Currency management by project,"## **Feature short This feature allows users to custom the currency they wish to use for each project. ## Problem As a Marketer, I can't custom the chosen currency by project currently - the used currency is at the account level, so if I have multi-countries projects, they are not all using the right currency for their transactions. **Workaround:** - **Existing workaround:** No ## Solution **Key benefits** : What value does this feature bring to the user? Access the right currency for each project, when needed ** Product design:** - **Product package:** Web Experimentation \/ Full Stack Experimentation \/ Feature Management \/ AI-driven Personalization - **Product scope:** Project configuration page, Results pages, Audiences, Predict - **Target Persona**: Marketer, PM - **Main updates:** In bullets, concisely describe what your solution consists of: - In each project configuration page, we'll add a field to switch the currency to another one than the account's default currency - Currency symbol will adapt everywhere there is financial data in Kameleoon \(results pages, audiences, ...\) ## **Measuring Success** - **Goal 1:** use of the feature - **Success metric:** number of times users customize their currency ##",Complete,Squad Interfaces,Roadmap
Freespee (callback platform),Freespee offers a dedicated integration with Kameleoon so phone calls KPIs can be sent to Kameleoon to help our customers better understand the results of their tests.,Complete,Squad Dev Tools,Roadmap
Configuration of plannings for release strategy,We are exploring the addition of 'Configuration of plannings for release strategy' to our roadmap. This initiative aims to address specific user needs and expand the platform's core capabilities.,Complete,Squad FM&E,Roadmap
Custom timezone setting for planning,We are exploring the addition of 'Custom timezone setting for planning' to our roadmap. This initiative aims to address specific user needs and expand the platform's core capabilities.,Complete,Squad FM&E,Roadmap
Multi-environments management,Multi-environments management to enable simultaneous use of a same feature flag on different environments,Complete,Squad FM&E,Roadmap
Progressive Rollout,"## Feature Summary Progressive \(gradual\) rollouts lets teams break up big releases into smaller chunks and remove most of the risks associated with releases by shrinking them into smaller, easier-to-control stages. Users will be able to define the features and changes you are going to release, define who they are going to be released to, when they are going to be released, and what the increments look like. --- ## Problem\/Context As a Product, Engineering or QA user, I have no way of tapering my release. I have to rely on the results of my pre-prod QA to be assured that my release will not break anything major and consequently affect all of my user base. I am also unable to plan for any sudden loads on bandwidth, storage or infrastructure when my new release is made public. - **Existing workaround:** None. Currently, users would have to create individual rollouts for each individual increment. - **Justification:** A major selling point for some of our competitors. Progressive rollouts are an established good practice and meets our audience's needs. --- ## Solution - **Product package:** Full stack - **User roles**: PM, EM, QA, RM - or anyone concerned with product\/version releases. - **Product scope:** The option can be found in the right overlay when adding a new rule in the Rollout Planner. All UI changes reside in the same overlay. - **Product design:** Selecting this option will prompt the user to define a few parameters: 1. Choose Progressive rollout when adding a new rule ![](https://pb-files.s3.amazonaws.com/production/attachments/b019216e125aaf2aa9da9f80bc8f02128c11b7c2c3f91fb6ffdbddddbcb6b1c5/image.png) Then, in the next screen, fill in your parameters for progressive rollout: 1. Choose audience\/segment for this rule \(or create a new one\) 1. Start date 1. Initial exposure \(e.g: 0%\) 1. Increment \(e.g: 20%\) 1. Interval between increments \(e.g: 5 days\) 1. Final exposure cap \(e.g: 80%\) Upon this final entry, the user sees an indication of when and at what exposure percentage the rollout will stop. ![](https://pb-files.s3.amazonaws.com/production/attachments/27fcda0472191b50264f4291e43a0b11159bf9fe4e8a84fa925327d9b464a06b/image.png) --- ## **Measuring Success** - **Market-Fit:** This feature brings us on par with LaunchDarkly and Flagship, the only two competitors offering this functionality. - **Adoption:** Once released, active customers try out progressive delivery at least once. --- ##",Complete,Squad FM&E,Roadmap
Feature Flag technical debt management facilitators,Feature Flag **technical debt management facilitators** helping users maintain features by identifying flags that needs to be removed and potential technical debt issues to address Automatic notification when flag is ON for a long time: Implement possibility to automaticall notify a user when a flag is active for a long time,Open,Squad FM&E,Roadmap
Feature flag contextual history of modifications,**Establish and access contextual history of modifications** made on a feature flag to better understand the changes made and assess actions to take,Open,Squad FM&E,Roadmap
Views saving capabilities from dashboard,"Enhance platform visibility by implementing 'Views saving capabilities from dashboard', providing users with deeper insights and actionable data.",Open,,Roadmap
Specific roles and authorizations for feature flags actions,Ability to define specific roles and authorizations for feature flags actions,Open,Squad FM&E,Roadmap
Improvement of segments management for feature flag,We are exploring the addition of 'Improvement of segments management for feature flag' to our roadmap. This initiative aims to address specific user needs and expand the platform's core capabilities.,Open,Squad FM&E,Roadmap
Improvement of goals management for feature flags,We are exploring the addition of 'Improvement of goals management for feature flags' to our roadmap. This initiative aims to address specific user needs and expand the platform's core capabilities.,Open,Squad FM&E,Roadmap
Real time streaming architecture,Has to be divided into 2: - One update for CDN (easier) - One for real-time (end of APR) iOS and Android SDKS: NodeJS SDK:,Complete,Squad FM&E,Roadmap
Technical improvements to reduce risks of flickers,We are exploring the addition of 'Technical improvements to reduce risks of flickers' to our roadmap. This initiative aims to address specific user needs and expand the platform's core capabilities.,Open,Squad FM&E,Roadmap
Zapier integration (Slack),"The customer wants to send the results of the experiment in a Slack channel whenever it ends. "" Would be very helpful to all of our team to know the results instantly and automatically! """,Complete,Squad FM&E,Roadmap
Adding new events in browser extension,"# Problem/Context ## **Description** New events types in the timeline on the browser extension, especially for debugging ## Workaround No. ## **Project justification** **Project type** - Improvement to existing workflow **Justification** Give more autonomy to our users by helping them in debugging their campaigns. # Solution **Package** A/B Testing / Personalization / Full stack **Scope** Browser extension **User roles** All **Design** New events in the timeline. # **Measuring Success** **Goal 1** Increase the use of the timeline **Success metric** Number of click on the timeline **Success metric** Scroll tracking in the timeline --- # Attached documents **Figma file**: No **Spec file**: No **Redmine ticket**: No",Under Review,Squad Dev Tools,Roadmap
Multi-factor Authentication,"# Problem/Context ## **Description** As a user, I want to secure my authentication using multi-factor authentication (by email and/or by OTP). ## Workaround No. ## **Project justification** **Project type** - New product concept or workflow - Risk mitigation **Justification** Allowing our user to use a multifactor authentication is something new to the Kameleoon app, and it allows our users to secure their authentication process. # Solution **Package** Other **Scope** Login page **User roles** All **Design** In the login page, we want the user to be able to add another layer of security using multifactor authentication. # **Measuring Success** **Goal 1** Use of MFA among the users. **Success metric** Number of users using this feature. --- # Attached documents **Figma file**: **Spec file**: [Google docs](https://docs.google.com/document/d/1HNr0GoxbRDeVCS9vXw24akkKv6FmIMir7Ga6JOvKYsg/edit?usp=sharing) **Redmine ticket**: Login Interface with MFA (email method) - Lot #1: # Problem\/Context ## **Description** As a **user**, I want to **use the MFA email method to authenticate**. ## Workaround No # Solution **Package** A\/B Testing \/ Personalization \/ Full stack **Scope** Login page **User roles** - **Design** In the **login page**, the user can: - Authenticate using the MFA process - Ask for another code # **Measuring Success** *To be defined* --- # Attached documents **Figma file**: optional \(paste link\) **Spec file**: optional \(paste link\) **Redmine ticket**: Login Interface with MFA (OTP method) - Lot #2: # Problem\/Context ## **Description** As a **user**, I want to **use the MFA OTP method to authenticate**. ## Workaround No # Solution **Package** A\/B Testing \/ Personalization \/ Full stack **Scope** Login page **User roles** - **Design** In the **login page**, the user can: - Authenticate using the MFA process - Ask for another code # **Measuring Success** *To be defined* --- # Attached documents **Figma file**: optional \(paste link\) **Spec file**: optional \(paste link\) **Redmine ticket**: Login Interface with MFA (SMS method) - Lot #5: # Problem\/Context ## **Description** As a **user**, I want to **use the MFA SMS method to authenticate**. ## Workaround No # Solution **Package** A\/B Testing \/ Personalization \/ Full stack **Scope** Login page **User roles** - **Design** In the **login page**, the user can: - Authenticate using the MFA process - Ask for another code In the **user setting page**, the user can: - Activate the MFA SMS method by providing and verifying your phone number - Edit the phone number, and again verifying it # **Measuring Success** *To be defined* --- # Attached documents **Figma file**: optional \(paste link\) **Spec file**: optional \(paste link\) **Redmine ticket**: Enable/disable MFA for a specific client from the Admin Back-office - Lot #1: # Problem\/Context ## **Description** As an **Admin Back-office user**, I want to **disable\/enable MFA for a specific client**. ## Workaround No # Solution **Package** A\/B Testing \/ Personalization \/ Full stack **Scope** Admin Back-office **User roles** Super admin **Design** In the **Admin Back-office, in a customer setting**, the **Kameleoon administrator** can: - Switch on\/off for the MFA feature # **Measuring Success** *To be defined* --- # Attached documents **Figma file**: optional \(paste link\) **Spec file**: optional \(paste link\) **Redmine ticket**: Admin user can turn on/off the MFA in the settings - Lot #3: # Problem\/Context ## **Description** As an **admin user**, I want to **enable\/disable MFA for the entire company**. ## Workaround No # Solution **Package** A\/B Testing \/ Personalization \/ Full stack **Scope** Account setting in the app **User roles** Admin **Design** In the **admin user settings** \(or company settings page\), the **admin user** can: - Click on a button to activate\/deactivate the MFA feature for the company # **Measuring Success** *To be defined* --- # Attached documents **Figma file**: optional \(paste link\) **Spec file**: optional \(paste link\) **Redmine ticket**: User can turn on/off the MFA for his own account - Lot #4: # Problem\/Context ## **Description** As a **user**, I want to **enable\/disable MFA for my own account**. ## Workaround No # Solution **Package** A\/B Testing \/ Personalization \/ Full stack **Scope** User setting page **User roles** - **Design** In the **user setting page**, the **user** can: - Click on a button to activate\/deactivate the MFA feature for the current account only # **Measuring Success** *To be defined* --- # Attached documents **Figma file**: optional \(paste link\) **Spec file**: optional \(paste link\) **Redmine ticket**: Ability to use another method - user can change MFA method - Lot #4: # Problem\/Context ## **Description** As a **user**, I want to **change my MFA method to use another one**. ## Workaround No # Solution **Package** A\/B Testing \/ Personalization \/ Full stack **Scope** User setting page **User roles** - **Design** To be defined # **Measuring Success** *To be defined* --- # Attached documents **Figma file**: optional \(paste link\) **Spec file**: optional \(paste link\) **Redmine ticket**: Ability to use another method - admin user can change MFA method for the entire company - Lot #3: # Problem\/Context ## **Description** As an **admin user**, I want to **change the MFA method used for the entire company**. ## Workaround No # Solution **Package** A\/B Testing \/ Personalization \/ Full stack **Scope** Account setting **User roles** Admin **Design** To be defined # **Measuring Success** *To be defined* --- # Attached documents **Figma file**: optional \(paste link\) **Spec file**: optional \(paste link\) **Redmine ticket**: Ability to use another method - Admin Back-office user can activate/deactivate a (paid) method for a customer - Lot #5: # Problem\/Context ## **Description** If it's a method with a dedicated pricing \(the SMS method\), as an **Admin Back-office user**, I want to **activate\/deactivate this specific method for a customer**. ## Workaround No # Solution **Package** A\/B Testing \/ Personalization \/ Full stack **Scope** Admin Back-office \(account setting\) **User roles** Super admin **Design** To be defined # **Measuring Success** *To be defined* --- # Attached documents **Figma file**: optional \(paste link\) **Spec file**: optional \(paste link\) **Redmine ticket**: requested by security teams Profile not shared cool security feature",Complete,Squad Dev Tools,Roadmap
Migration of APP Login Pages to Gravitee,"Execute the 'Migration of APP Login Pages to Gravitee' to ensure system stability, performance improvements, and access to new architecture.",Complete,Squad Dev Tools,Roadmap
Code Editor Migration to Microservices,"target -\> January # Problem\/Context ## **Description** - Migrate the backend part from Grails to ms-core - Replace the calls in the front part to use ms-core only ## Workaround NA ## **Project justification** **Project type** - Operational improvement - Risk mitigation **Justification** Moving the backend part to ms-core will allow us to better detect and solve bugs and to develop more feature for the code editor. This is about improving our technical architecture. # Solution **Package** A\/B Testing **Scope** Product section and pages that will evolve \(on the contrary, you can specify what is out of scope\) **User roles** Technical **Design** Nothing # **Measuring Success** *-* --- # Attached documents **Redmine ticket**: - - -",Complete,Squad Dev Tools,Roadmap
Feature Flag dependencies,Ability to **configure and control feature dependencies** from Kameleoon feature flags,Planned,Squad FM&E,Roadmap
Feature flag configuration compare view,Ability to **compare feature flags configuration** between different environments and flags,Open,Squad FM&E,Roadmap
Automatic password regeneration - Improvements,"Feedback from Ulf ( [ https://project.kameleoon.net/issues/12416 ](https://project.kameleoon.net/issues/12416) ) **Activating Password Rotation will lead to insufficient user-flow** When activating the password rotation, this will lead to no emails to the users, but they are not able anymore to log in. The user flow should be different. Suggestion: - Login should still be possible (check if ok) - Password regeneration should be done when the time is ready (check if ok) - Users should be notified via email after the change has been made - Ideally a notification should be shown, when a user is trying to log in with an expired password (ok)",Open,,Roadmap
Code Editor : Environments for Server Side Experiments,"Improve the user experience with 'Code Editor : Environments for Server Side Experiments', making it more intuitive and efficient for users to configure their campaigns.",Closed,Squad Dev Tools,Roadmap
Improvements on code edition for developers,"We currently use a standard code editor which is not really convenient for developers as there is no syntax detection errors, no autocomplete when you use predefined functions.. In Q4, we will greatly improve the user experience of all parts of the product where you can write code (experiment, global custom script, custom data..) by releasing a new code editor that will offer many new features for developers.",Complete,Squad Dev Tools,Roadmap
Views saving capabilities from dashboard,"Enhance platform visibility by implementing 'Views saving capabilities from dashboard', providing users with deeper insights and actionable data.",Complete,Squad FM&E,Roadmap
Custom date range for staleness checks,"Add new ""key date"" filtering option in dashboard to filter FF based on their date of creation or activation. Oldest flags in source code has much chances to lead to technical debt.",Planned,,Roadmap
Data API,"# Problem/Context ## **Description** While the Automation API is not intended to be used extensively (by this we mean it's intended to be called a dozen of times per minute and per customer / user account on our systems), the Data API is scalable to millions of calls per minute, so it can be called for every visitor on your website. ## Workaround No workaround. ## **Project justification** **Project type** New product concept or workflow **Justification** To cover use cases that the automation API couldn't or wasn't meant to cover. # Solution **Package** - **Scope** - **User roles** Technical **Design** - # **Measuring Success** No goals are defined for now. --- # Attached documents **Redmine ticket**: mandatory (paste link) # Discussions Use Gravitee Kafka Connector ?",Complete,Squad Dev Tools,Roadmap
Roadmap to manage tests & perso,"So far i have a document where my client and i try to manage the projects (what will be next, whats live now, + priorisation). It would be nice to integrate this in the tool. There is often the fear of that the personalisations influence bad each other etc.. Add Roadmap to manage tests &amp; personalisations to product (wish from takko)",Open,,Roadmap
CDN Loadbalancing,It would be great to have CDN Loadbalancing like Optimizely :-) https://help.optimizely.com/Set_Up_Optimizely/CDN_load_balancing%3A_How_Optimizely_affects_page_load_speed,Open,,Roadmap
Retrievedatafromremotesource directly into Custom data,"Integrate retrievedatafromremotesource directly into the Custom-Data Feature.Currently one will have to call https://developers.kameleoon.com/activation-api.html#retrievedatafromremotesource somehwere in the global Skript to get additional Data from the Data API, providing an ID. It would be neat to have it directly integrated into the Custom Data, which will contain the required ID. This way one would be able to store additional data without any coding required.",Open,,Roadmap
Get an auto generated version ID in console.log when saving work,"Get an auto generated version id displayed in console.log, each time we save our work.This will save time when coding.",Open,,Roadmap
Server Side Package,"The ""server side"" package should be able to become independent, i.e. a customer should be able to subscribe to the server side package without benefiting from the client side package (access to the graphic editor or the Back-office Code Editor). Adapt the site installation page for the server side package (the guidelines to install the SDK/FF).",Closed,Squad FM&E,Roadmap
Visitor Data Model - Influence,![](https://pb-files.s3.amazonaws.com/production/attachments/de45ea54cb75bf1e44a0081597c75da950a083bbf3a8e8d3f121f8c96ce41012/Configuration_page.png) ![](https://pb-files.s3.amazonaws.com/production/attachments/966db95c70b1823a08d3462be8b116e7050697c7581e9741fe842b57128071b0/Tooltip_-_details_-__Kameleoon_not_configured.png) ![](https://pb-files.s3.amazonaws.com/production/attachments/c08ea2b255efd15fecf3dc0b0e15e602d68c25d96248d7a31ec9387c31016c12/Key_informations_-_Scroll_bar.png),Complete,Squad Data,Roadmap
Usage of the platform,"It would be great to have a dashboard of the usage of the platform, both for a customer account and for a specific user.Example of data to display on charts (histogram, pie chart ...) on a given period :- Number of connexion and time spent on the platform- ""ranking"" of the users depending on time spent, number of connexions or number of tests created...- Number of tests/perso created/launched with the status- Overall ROI on a given period (if datat is available)- Evolution of these data in timeetc....These dashboards would be discussed during the steering comitees with the customersIt would enable to get insight about how our Customers are using our platform. It would help the consultants to demonstrate and argue about the value of the solution for some customers, follow in time that everything is on track in order to take actions when needed.",Open,,Roadmap
Reporting page Update - Lot 1,"## Problem\/Context This project comes in a context of front-end architecture migration - this is a problem \(tech debt reduction\) we need to tackle with this topic. Besides, Kameleoon needs to place itself in a position of enterprise-level company, hence the UX\/UI improvements we will bring to reporting pages along with their migration. - **Existing workaround:** No \(even though most features that will be redesigned already exist, and can be used as such\) **Project justification:** - **Project type:** Improvement to existing workflow - **Justification:** - Improvements to get to an enterprise-level product - UX\/UI improvements requested by customers - Tech debt reduction \(front-end architecture migration\) ## Solution - **Product package:** A\/B Testing \/ Personalization - **Product scope:** Reporting pages for Experiments and Personalizations - **User roles**: Marketing - **Design:** TBD \(work in progress\) ## **Measuring Success** - **Goal 1:** help Kameleoon get to an enterprise-level product - **Success metric:** number of enterprise customers signed - **Goal 2:** improve satisfaction over results pages - **Success metric:** satisfaction rate --- ##",Complete,Squad Data,Roadmap
End plannification enhancement,"**PROBLEM :** Currently, if a perso is scheduled (Start date and end date), when the scheduling is over the status of the perso become stopped. So if the users want to relaunch the perso after the end date of the scheduling, they are unable to do it because of status. **SOLUTION PROPOSED:** if a scheduling is over, we wish to apply the status ""Paused"" to the personalization. With it, user will be able to relaunch it if needed. **BUSINESS CONTEXT:** This feature is requested by BPCE customer. We told them it will be ready for end 2021",Complete,Squad Perso,Roadmap
Adding integration with Google Analytics 4,"Provide seamless integration capabilities for 'Adding integration with Google Analytics 4', allowing users to synchronize data and streamline workflows.",Complete,Squad Dev Tools,Roadmap
Slack Integration,"# Problem\/Context ## **Description** As a user, I want to connect Kameleoon to Slack so that I can use interactions between Kameleoon and Slack by triggering events and actions \(just like we do with Zapier[ https:\/\/zapier.com\/apps\/kameleoon\/integrations ](https://zapier.com/apps/kameleoon/integrations)\). ## Workaround Yes, using the Zapier integration. ## **Project justification** **Project type** New product concept or workflow **Justification** All our competitors have a Slack integration. # Solution **Package** A\/B Testing \/ Personalization **Scope** Integration page **User roles** All **Design** To be defined # **Measuring Success** **Goal 1** Use of the Slack integration **Success metric** Number of customers\/campaigns using the Slack integration --- # Attached documents **Figma file**: optional \(paste link\) **Spec file**: [Google Docs](https://docs.google.com/document/d/1Qe2OTl9yZbZoo9SHiN7SimciS00gw8Eg5gbA4m5-PLI/edit?usp=sharing) **Redmine ticket**: mandatory \(paste link\) Nice to have, but you can already do it with Zappier Nice to have for collaborative purposes but also to receive alerts for the results The customer wants to send the results of the experiment in a Slack channel whenever it ends. "" Would be very helpful to all of our team to know the results instantly and automatically! "" Some potential customers ask this feature",Open,Squad Dev Tools,Roadmap
BigCommerce Integration,"# Problem/Context ## **Description** Integration with the e-commerce platform ""BigCommerce"". Same benefits as Shopify Plus. The integration will be done by our partner (Optiphoenix) ## Workaround No ## **Project justification** **Project type** New product concept or workflow **Justification** *-* # Solution **Package** A/B Testing / Personalization **Scope** Integration **User roles** All **Design** - # **Measuring Success** **Goal 1** Use of this integration **Success metric** Number of customers using it --- # Attached documents **Figma file**: optional (paste link) **Spec file**: optional (paste link) **Redmine ticket**: mandatory (paste link)",Under Review,Squad Dev Tools,Roadmap
Klaviyo Cohorts Integration,# Problem/Context ## **Description** Being able to fetch segment defined in Klavyio and add them as a custom data in Kameleoon. ## Workaround No. ## **Project justification** **Project type** New product concept or workflow **Justification** Klaviyo customers could be interested in using their data in Kameleoon. # Solution **Package** A/B Testing / Personalization **Scope** - **User roles** All **Design** To be defined. # **Measuring Success** To be defined. --- # Attached documents **Figma file**: optional (paste link) **Spec file**: optional (paste link) **Redmine ticket**: mandatory (paste link) Would be very useful to be able to import segments of Klaviyo in Kameleoon to target personnalizations !,Open,Squad Dev Tools,Roadmap
Braze Integration,"# Problem/Context ## **Description** As a user, I want to connect Kameleoon to Braze so that I can use Kameleoons data in Braze. ## Workaround No. ## **Project justification** **Project type** New product concept or workflow **Justification** To get new customers in the United States. The Braze integration will allow our users to use Kameleoons data in their Braze account. # Solution **Package** A/B Testing / Personalization **Scope** Integration page **User roles** All **Design** To be defined. # **Measuring Success** **Goal 1** Use of the Braze integration **Success metric** Number of customers / campaigns using this integration --- # Attached documents **Figma file**: optional (paste link) **Spec file**: [Google docs](https://docs.google.com/document/d/1N9mINrhJU5E5Jom4VsT9KgYuUN1VbmQXckBzQwUOY-E/edit?usp=sharing) **Redmine ticket**: mandatory (paste link)",Open,Squad Dev Tools,Roadmap
"Contentsquare Live Signals (fraud detection, rage clickers, friction..)","Add the ability to use Contentsquare ""Signals"" (9 provided by default) in our Segment Builder (custom data bridge) and breakdown capabilities for reporting. - js_error_signal - consecutive_click_signal - rage_click_signal - repetitive_hovering_signal - repeated_scrolling_signal - mouse_shakes_signal - excessive_pastes_fraud_signal - excessive_reloads_fraud_signal - adblocker_signal Contentsquare will develop the bridge (javascript snippet that will be delivered by their platform). Kameleoon will set up a custom data with the signals names so that an end user can target visitors based on triggered signals during their visit. Important : signals names can be changed by the end user in Contentsquare platform. So it will require a small setup for each customer on our side so that we can add the custom data values (signal names) when we create the custom data. They don't provide an API to retrieve the configuration..",Complete,Squad Dev Tools,Roadmap
New SDKs for Feature Flags and Experimentation,Develop and support the 'New SDKs for Feature Flags and Experimentation' to enable developers to easily implement experiments and feature flags.,Complete,Squad FM&E,Roadmap
Multi-environments management to enable simultaneous use of a same feature flag on different environments,We are exploring the addition of 'Multi-environments management to enable simultaneous use of a same feature flag on different environments' to our roadmap. This initiative aims to address specific user needs and expand the platform's core capabilities.,Complete,Squad FM&E,Roadmap
Simulation & Previsualization Service,Centralization of the simulation and the previsualization to Node JS service.,Complete,Squad Dev Tools,Roadmap
Code editor enhancements,"# Problem/Context ## **Description** We would like to allow our user to enable more code capabilities. This includes the ability to use SASS/SCSS in the code editor, but also (in the long term) allow our users to code in Typescript and to choose between ES5 and ES6. ## Workaround No workaround possible, since it is not possible to use these types of code in the code editor. ## **Project justification** **Project type** - Requested capability - New product concept or workflow **Justification** This feature is requested by users. Many customers are using SCSS files for instance. Typescript is also very common among in a lot of companies. This feature would allow us to have a solution that fits better with our customers' technological choices. # Solution **Package** A/B Testing **Scope** Code editor **User roles** Technical **Design** We would like to add new tabs in the Code Editor to allow user to write code in their preferred context (SASS, Typescript, ES5, ES6). # **Measuring Success** **Goal 1** Calculate the influence of this feature on the use of code editor **Success metric** Overall use of code editor in experiments **Goal 2** Engage our user into the newly permitted capabilities **Success metric** Calculate the use of newly permitted capabilities --- # Attached documents **Figma file**: optional (paste link) **Spec file**: optional (paste link) **Redmine ticket**: mandatory (paste link) Add support for SCSS/SASS(request from Belambra) ease up the coding game changer for a developer",Closed,Squad Dev Tools,Roadmap
"Sites - Setup page redesign (lot 0, part 2)","The idea is to improve the setup page by adding texts, descriptions, links, examples, tooltips. We want it to be more understandable by anyone and the user to be more autonomous on this part of his journey. It will contributes to a better onboarding experience.",Complete,Squad Interfaces,Roadmap
ISO 27001 compliance,We are exploring the addition of 'ISO 27001 compliance' to our roadmap. This initiative aims to address specific user needs and expand the platform's core capabilities.,Open,,Roadmap
Element Set Improvements for SPA,"Pain point : Some SPAs dynamically re-render the content of a page after scrolling to some point (infinite scrolling), which is problematic for Kameleoon as the tracking event is performed only once. The New elements displayed won't have any tracking event even if it corresponds to a click tracking selector conf. Solution : update the engine so that Kameleoon listens (thanks to a DOM Mutation Observer) to all changes being made on the page and set listener for new elements created!",Complete,Squad Dev Tools,Roadmap
Unexposed reasons breakdown for personalization,We are exploring the addition of 'Unexposed reasons breakdown for personalization' to our roadmap. This initiative aims to address specific user needs and expand the platform's core capabilities.,Open,Squad Data,Roadmap
Audiences - new UI,"## Problem/Context This new UI comes in a context of front-end architecture migration - this is the first problem (tech debt reduction) we need to tackle with this topic. Along with that, users need to see a form of consistency in the overall Kameleoon platform - currently, the Audiences module is the same as before the global platform redesign. - **Existing workaround:** No (even though most features that will be redesigned already exist, and can be used as such) **Project justification:** - **Project type:** Improvement to existing workflow - **Justification:** - Tech debt reduction through the front-end architecture migration - Platform harmonization with pages of the platform that were redesigned with the global platform redesign ## Solution - **Product package:** Personalization - **Product scope:** Audiences first configuration page, Audiences dashboard, Audiences segments detailed pages - **User roles**: Marketing - **Design:** - On Audiences dashboard: - KPIs top block enhancements - Filters redesign (addition of a sidebar, with the same behavior as on dashboards) - Data tables redesign (more readable, same behavior and design as on dashboards) - Responsive versions for all types of devices (tablets, smartphones) ![](https://pb-files.s3.amazonaws.com/production/attachments/ac06a2ac49a407ac5da7699c608bf2b5c5ff64aa8aa570ce2439e1b778d7acb6/Audiences_migration_-_main_dashboard_(1).jpg) - - On Audiences dashboard: - Design enhancements - Tables rework - Responsive versions for all types of devices (tablets, smartphones) ## **Measuring Success** - **Goal 1:** indicate the goal of this topic - **Success metric:** indicate the key indicator of success that will measure the achievement of goal 1 --- ##",Complete,Squad Data,Roadmap
Results page - Stability - Disable filters/breakdowns for old campaigns,"Enable users to perform Results page - Stability - Disable filters/breakdowns for old campaigns, improving data management and operational efficiency.",Under Review,,Roadmap
Audiences view by visitor,"## Problem\/Context As a marketer, when analyzing data on Audiences to get insights on my visitors, I only see data by visit, which isn't the most relevant view for this module. - **Existing workaround:** No **Project justification:** - **Project type:** Improvement to existing workflow - **Justification:** This feature has been requested from key customers and key users of Audiences \(LIDL\) ## Solution - **Product package:** Personalization - **Product scope:** Audiences main dashboard, Audiences detailed segments pages - **User roles**: Marketers - **Design:** - Audiences module will roughly stay the same, but will be more relevant since we will be able to analyze data by visitor - Set the data Visitor view by default - Add an option for users to choose between Visit and Visitor view ## **Measuring Success** - **Goal 1:** indicate the goal of this topic - **Success metric:** indicate the key indicator of success that will measure the achievement of goal 1 *Copy and paste previous paragraph for each goal attached to this topic.* *Report to PDB Template - Slide 13 for examples* --- ##",Complete,Squad Data,Roadmap
Widget Countdown banner,"![](https://pb-files.s3.amazonaws.com/production/attachments/727f44476e0dfd104865d7807b8eacd4f68c819a0443845aade73ae7683c0a53/image.png) **Context:** Before the release of our new widget editor, personalization customers could display countdown banner in their personalization. This widget was one of the most used because it can have a big impact on the visitor's behaviour (as it creates a sense of urgency and give the feeling that time is running out.) **Pain point:** - Coundown widget is not proposed in our new widget editor - Previous version of our countdown widget was not visual and complex to customize **Solution:** - Addition of a countdown widget in our new widget editor. - Key benefits for users: provide a good UX and have many customization options. - Key benefits for Kameleoon: the implementation of this widget can help us to gain additional deals (Monoprix)",Complete,Squad Perso,Roadmap
Widget Editor : addition of preset new templates,"**Pain point:** In our new widget editor, if we have few preset templates proposed. **Solution:** Addition of new preset templates, when we create a new widget with our new editor. **Key user benefits:** - Inspire our users, and give them example of use cases that could be useful for their business. - Save them time thanks to a library of preset templates as wide as possible **Kameleoon benefits:** - The number of template widgets can be a criterion for choosing an A/B or personalization tool. It is therefore important to offer a catalog of templates as rich as possible, compared to our competitors. /",Complete,Squad Perso,Roadmap
New widget editor available for A/B Testing,"**Pain point :** For the while, it is not possible to use the new widgets created with our new Widget Editor in our A/B Testing Module. **Solution:** For personalization customers, or for A/B testing customers paying for our new Widget Editor, make it possible to add the new widgets in A/B Testing variations. **Main user benefit:** - Extend the capabilities of our Widget Editor, allowing users to validate hypothesis related to widget content",Complete,Squad Perso,Roadmap
Sample ratio mismatch,This feature would be a flag which would be raise if we detect that the statistical results we show might not be valid because the observed deviation between the reference and the variations are not what should be expected. One can read about it [here](https://www.microsoft.com/en-us/research/group/experimentation-platform-exp/articles/diagnosing-sample-ratio-mismatch-in-a-b-testing/). Implementation wise it would be to a use a test such as a chi-square statistic to determine whether the observed distribution of users in experiment variants statistically differs from the one that was configured. To compute it we need the number of visits in the reference and in each variation and the expected deviation for this experiment. If the difference is significative p-value \< 0.0005) we raise the warning. Requested by Zalora,Complete,Squad Data,Roadmap
Users Rights definition update,"Request sent on slack by Christoph Ernst on 10/02/2022.Welt desires an evolution of the current definition of user rights1. Developer AB-Testing Team (our Team aka Q-Team): create / edit: user and user rightscreate / edit / start / stop / pause / schedule: experiments, personalization, segments, goals, widgets, custom dataview, access: dashboards, results, code editor, widget editor2. Stakeholders, other colleagues view dashboards: experiments, personalizations,view result pages3. Marketing-Team (the colleagues using only the personalisatzion section) view dashboards: experiments, personalizations,view result pagescreate / edit / start / stop / pause / schedule: (experiments), personalization, segmentsby using exsiting widgets",Open,,Roadmap
Segment builder redesign,"Our segment builder will be completely redesigned, to make segment creation clearer, more intuitive and faster. The aim is to resolve a number of pain points encountered in the segment builder \(notably when there are many conditions\). **Interesting UI found on Dribble:** ![](https://pb-files.s3.amazonaws.com/production/attachments/950d29d55c3baab2e380d0abb99495aa7aeb15d7cfbe36c639d32cce9795bf5a/image.png) Segment builder - Ability to edit segment name: Segment builder - Improve Custom data condition: Segment builder - Goal converted condition enhancements: Add quickly multiple URLs on the segment builder: Segment UIWe need an improvement for segment building (in general).Client doesn't have a good overview about conditions, when they create a long segment condition with AND and OR.https://docs.google.com/presentation/d/1gd5YKDnQlPPAEDb3Vbh0atciL082g45-RCEIxcm3_6c/edit?usp=sharing Feedback from customer:Kameleoon should really revamp the segment editor - so that you can also see the nesting / belonging of the AND/OR better. We often puzzle over that as a team.2:13 p.minterestingly, the rendering in the Kameleoon Chrome plugin is even better than in the Kameleoon tool itself2:14 p.mthere are the related conditions in the segment - ""indented"" and you can see very quickly and better what's going on In the segment builder when we say ""correspond exactly to"" it would be great to have a tick box option to include parameters -&gt; ? #When we don't or can't use ""contain""For the homepage or a landing page for example, it would help us avoid using the type ""regular expression"". Client : 123inktWhen creating an experiment, the client thinks it can be a hassle to create each time a new segment into the back office. They would like to have the opportunity to choose between a one-shot segment linked to an experiment (such as the option ""target a web page"" : when you're not forced to create a segment) and a segment that they want to re-use in the future. -- Marie LemaireCustomer Success Manager SeniorTel. +33 6 76 78 26 58www.kameleoon.com1251 Ave. of the Americas10020 New York I've been saying it for 4 years, and now you guys have made a promise :) Seems nice ! Be able to use sessionStorage items, localStorage items as targeting condition in the segment builder like we use the Cookie condition Current segment builder on small screen is terrible. It is hard to see all conditions and especially the different level of condition that are nested in each other. very useful to see the logic Améliorer l'ux de la création de segment : on ne peut pas agrandir la taille de la fenêtre de création de segment, ou bien pouvoir l'ouvrir dans un nouvel onglet, elle est vraiment petite et ce n'est pas du tout pratique dès qu'on ajoute plusieurs conditions. !!!!!!!! Add the ability to see the segment size in the segments tab.In the future, add a line to the duration calculator to display a specific segment with the ability to autofill the number of users per day. In the segment builder it would be great to have an option on ""exact URL"" to include or not UTM parameters and maybe a warning if ""HTTPS://"" or ""HTTP://"", or ""WWW"" has not been added.Most of the times the client wants to target the only homepage and uses exact URL. With the basic information we will not get all the traffic coming from SEA, they have to do a regular expression to include possible parameters.Also, sometimes on web browser the URL shown in the adress bar is not showing ""https://"" ""WWW"" or ""/"" at the end example on bred.fr on chrome The end ""/"" is not shown if you do window.location.href it is not the same result.For info, it works great on simple condition ""the current page"" Request from LEAP: LEAP has asked whether it would be possible to display the hierarchy of the respective segment conditions in the segment builder more clearly or visually (e.g. by indenting or similar). Example: Like an HTML structure tree--&gt; Display the nested criteria of a condition indented as children We would like to be able to add the browser Samsung in the targeting conditions and in the breakdown criteria on the results page Making a segment is such a pain. Everything looks on the same level. And/Or are getting confusing the more you look at them.Some AI resume in sentence format could help. Like ""user will see your exp if ... and ... but only after ..."" Add to a segment the exclusion of users exposed to a campaign that is still DRAFT, to be able to prepare segments for a campaign that is not yet online. Today only campaigns currently online can be selected. Shiva is really happy with the Triggers and Segment switch, he thinks it's coherent, and that's what he saw in other competitors. He is confused about the wording, Segment &amp; Triggers and would have preferred WHO/WHERE/WHAT (like optimizely). He finds the Simulation panel not reliable - they are using a cookie to QA directly on live tests He doesn't like the segment builder, he thinks that the overview is messy and impossible to understand, he is happy about the redesign and also suggests adding a url/segment tester: you can enter the url of your website and it will tell you if you're targeted or not without having to use the simulation for it With the update of the segment builder we can't rename a segment while editing the conditions. Hi Kameleoon Team,Would be really useful to be able to edit the name of a Segment at the same time I am editing it's content.Without having to edit the content, then go find this same segment in the dedicated tab to rename it.Thanks! as you change your conditions, you usually need to rename the segment. Please The custom data selection in the segment builder could be improved. Suggestions are appreciated, but I believe that they should be included in 'is among the values' instead of 'contains'. Moreover it should be possible to select several values (different page types, for example, or a list of productIDs). Be able to target at the visitor level with a different visit scope.-The person has converted a goal in its last visit, in last 3 visits, in all its visits.-The person has converted this goal X times in this visit-The person has converted this goal X times in the last visit, last 3 visits...-The person has converted the goal in the past (we don't know when, it could be an offline goal) It would also open the possibility to do cross device tracking on ""cold goals"" Would it be possible to create a native criteria based on a goal conversion in time? Let's say: I want to trigger my experiment for people who have converted my goal within the past x months. It would be great to have in the segment builder a new condition referring to what happened during the last visits of a visitor. All data we have in Kameleoon.API.Visitor.visits could be used &gt; conversions, urls visited, date of the visit, custom data etc. It would enhance the possibility to target specific users without code :) This would be helpful for advanced targeting conditions and personalization scenarios Hello,We would like to be able to create targeting based on user-level behaviors, not just at the visit level. Specifically, we would like to target users who have completed a specific goal during any of their subsequent visits.Thank you,Pierre-Alexandre Authentic Brands wants to be able to target different types of visitors based on their behavior on the site, including pages viewed during the current and previous sessions. Instead of creating CDs left and right, wouldn't it be possible to have these conditions at the visitor scope? This would avoid having Custom Data that stores all product pages; with a native criterion at the visitor scope, it would be easier to set their use cases. When we can target multiple URLs in a test, it's time-consuming to drag and drop each one into the targeting flow. The only ""fast"" option for now is to create a JS condition, but this requires the help of developers. Can we add an option to import a list of URLs and add them all in one (CSV file or copy/paste) and then decide whether to include or exclude them from our segment?Providence is really interested in this feature, and he's looking forward to testing the new flow. Thank you!",Open,Squad Perso,Roadmap
Graphic Editor - Add support of SVG format,"Graphic editor, add support of SVG format.This would allow the clients to use this high quality format and show that the editor is up to date.",Complete,,Roadmap
Code Editor - Export the experiment code,"Code export:Some clients want to export an experiment code to save it elsewhere, before stopping an experiment or any other reason.If the experiment has 2 variations for example, they will need to copy paste up to 6 scripts manually to save them. It would be nice to be able to export the code, organised by variation, with a single button.This is an AB Tasty feature",Open,,Roadmap
Improve p-1 wording,Show the previous periods in a more obvious way on segments table,Planned,Squad Data,Roadmap
Notifications - Improve user real-time feedback,We are exploring the addition of 'Notifications - Improve user real-time feedback' to our roadmap. This initiative aims to address specific user needs and expand the platform's core capabilities.,Complete,Squad Interfaces,Roadmap
Multiple testing correction method,"This correction helps against the [multiple comparisons problem](https://en.wikipedia.org/wiki/Multiple_comparisons_problem) basically, as we increase the number of variation, we increase the number of test statistics being computed and doing so, we increase the probability of being wrong. Saying otherwise, as we add more variation, it becomes increasingly likely that one variation appears as a reliable winner due to random sampling error alone. To shield our customer from taking wrong conclusion we should implement a correction to the displayed reliability in case of multi-variate testing \(it could be extended to goals in a second time\). A first very simple correction would be the Bonferroni one, where we simply multiply the p-value by the number of variations. A preferred and more advanced one would be the Holm-Bonferroni one. It requires to first sort all the p-values of the tests, and then to multiply the smallest by the number of variations, the second smallest by the number of variation minus one etc. If one wants to use multi-variate testing than this is crucial - since only a few of our customers have the traffic to use multi-variate testing it might not have the biggest added value.Since we are focusing on ENTERPRISE and these should have more traffic it might be interesting as well for normal testing when there are 3,4,5 variants only",Complete,"Squad Data, Tribe data",Roadmap
Two-tailed method,"## Problem\/Context Currently, we only provide a one-tailed analysis method, suitable when we suppose that results of an experiment can only go in 1 way. - **Existing workaround:** No **Project justification:** - **Project type:** Requested capability - **Justification:** Request from LIDL \(key customer\) - this US will enable us to be statistically more relevant ## Solution - **Product package:** A\/B Testing \/ Personalization - **Product scope:** Experiments and Personalization Results pages, Admin Back-office - **User roles**: Marketers - **Design:** - Add a new field in the Back-office admin where we can pick between one-tailed and two-tailed method for each customer \(existing customers will remain on the one-tailed method unless manually modified, new customers will start on the two-tailed method\) - Reevaluation of the results based on the two-tailed method for existing customers - A tooltip explains a gap in the results for customers who might have used both methods \(one- and two-tailed\) on their experiments ## **Measuring Success** - **Goal 1:** use of the feature - **Success metric:** number of customers who activate the feature in the Admin Back-office --- ##",Complete,Squad Data,Roadmap
The forecast on Bayesian,"## Problem/Context As a marketer, when using the Bayesian mode, I need all the data that is displayed to me to be accurate and verified. However, currently, computations for the forecast on Bayesian mode are unsure and it does not make sense nor bring any additional information to do those computations in the context of AB testing. - **Existing workaround:** No **Project justification:** - **Project type:** Improvement to existing workflow - **Justification:** Goal is to only provide accurate data to our users. It could go with an enhancement / reconsideration of our Bayesian computations which have a lot of room for additions / improvements. For example bayesian confidence intervals. ## Solution - **Product package:** A/B Testing - **Product scope:** Results pages, on goals blocks and charts - **User roles**: Marketers - **Design:** - On AB Results pages: - on the goals tables, remove the forecast part - on the conversion rate graph, remove the grey forecast area along with its dotted line below it - see ""Frame 80"" ## **Measuring Success** - **Goal 1:** indicate the goal of this topic - **Success metric:** indicate the key indicator of success that will measure the achievement of goal 1 --- ##",Complete,Squad Data,Roadmap
Async JS code condition,Add the ability to run asynchronous condition inside JS CODE condition,Complete,Squad Dev Tools,Roadmap
Contentful Integration,"## **Feature short Describe what the feature does. The Contentful Integration allows Contentful users to run experiments on content directly from Contentful UI and use Kameleoon powerful analytics solution to analyse the performance of those experiments. **What is Contentful ?** Contentful is a headless CMS, a composable content platform that meets the unique demands of digital content and all the teams that produce and work with it. Built with an API-first architecture, Contentful orchestrates content from multiple sources and publishes it to any digital channel. It ensures content is discoverable and reusable, provides tailored interfaces, and incorporates governance through role-based access management and workflows. **What is a Headless content management system \(CMS\) ?** A headless CMS comprises three parts: a backend, APIs, and an interface. The backend stores content and organizes data. [ APIs ](https://www.contentful.com/blog/2015/10/22/contentful-a-content-platform/) connect the database to presentation layers. These presentation layers are independent from the CMS and thus malleable. Headless CMSes are defined by this lack of presentation layer. \(If you were looking for it, this is the head in headless CMS.\) Going headless allows you to distribute content through multiple channels on all sorts of platforms at scale. ## Problem What problem are we trying to solve with this feature? Or, what is the opportunity we are addressing? As a Contentful user, I would like to have Contentful as the single source of truth when creating content for the different projects I manage (website, mobile app, etc). When I want to create an experiment with a version B on a Contentful content, I cannot do it in Contenful, I have to use Kameleoon graphic editor which is not convenient. I'd prefer to run experiments on content using the Contentful UI and use Kameleoon to analyse the performance on my experiment. **Workaround:** - **Existing workaround:** Yes - **Workaround asking a developer to use Contentful API in a coded experiment in Kameleoon. ## Solution **Key benefits** : What value does this feature bring to the user? Bringing experimentation capabilities to Contentful for users in charge of managing the website content through Contentful CMS Keep Contentful as the single source of truth for your content. Run advanced no-code experiments on structured content (copy, components, layouts and pages) managed in Contentful Reduce the amount of manual work needed and get the best of both world: managing variants of an experiment in Contentful, benefiting from Kameleoon powerful experimentation engine and analytics solution Marketers don't have to be dependent on developers to lead experimentation No flicker: benefiting from server side instant bucketing by serving variations with no latency **Use Cases:** Share use cases where this feature would help our users. Run any experiments based on content (copy, components, layouts and pages) defined in Contentful and benefit from the best of both worlds. ** Product design:** - **Product package:** Full Stack Experimentation \/ Feature Management - **Product scope:** It's all on Contentful side \(you have to install the Kameleoon app from their marketplace\) - **Target Persona**: Users in charge of the content and willing to run experiments \(Marketer in charge of the CMS\) - **Main updates:** The Kameleoon app allows users to quickly and easily populate content \(e.g., CTAs, forms, posts\) from Contentful into each variation of a Kameleoon experiment. ![](https://pb-files.s3.amazonaws.com/production/attachments/26a6265a91316a73e6d572d879028d78ecdd73644fdd7a7c355d6edcabcae243/image.png) Installing this app will create a new content type called Kameleoon Container which will read your projects, experiments, and variations from Kameleoon. ![](https://pb-files.s3.amazonaws.com/production/attachments/29ff342f5e90114a26709c74d538284c4c2ae3297a8b33fc6b865ed088519f76/image.png) Users can finalize the content of their variations in Contentful, then launch their experiments and track ## **Measuring Success** NA --- ##",Complete,Squad Dev Tools,Roadmap
Chrome Extension Timeline,"The feature can be found on Dev tools tab, it will show you different events that occurs during Kameleoon execution.",Complete,Squad Dev Tools,Roadmap
Graphic Editor - Show the selected goals at the top o the list,Pls show all the selected goals at the top (code editor / graphic editor).,Open,,Roadmap
Graphic Editor - History panel - Show all changes from the beginning,Graphic Editor - History: All changes which have been made should be shown in history of graphic editor / not just the changes who has been made at the loaded page.,Complete,,Roadmap
Fast-reliability algorithm for improved experiment sensitivity (CUPED),"## Problem\/Context As a marketer, sometimes, I think it takes too much of a long time to get significant results for my campaigns. - **Existing workaround:** No **Project justification:** - **Project type:** Requested capability - **Justification:** - Requests from customers ## Solution - **Product package:** A\/B Testing \/ Personalization - **Product scope:** - **User roles**: Roles \(admin \/ super admin \/ marketing \/ production \/ technical \/ all\) that will benefit from this project - **Design:** Explain with bullet points what your solution consits in \(make it synthetic\) - In page X, we add ... - On click, ... - Optionnally, paste images of the solution here \(or paste Figma link\) ## **Measuring Success** - **Goal 1:** indicate the goal of this topic - **Success metric:** indicate the key indicator of success that will measure the achievement of goal 1 - **Goal 2:** indicate the goal of this topic - **Success metric:** indicate the key indicator of success that will measure the achievement of goal 2 *Copy and paste previous paragraph for each goal attached to this topic.* *Report to PDB Template - Slide 13 for examples* --- ##",Complete,Squad Data,Roadmap
All engine custom code minification with ES6+ support,Decrease the size of the engine if contains a lot of custom codes,Complete,Squad Dev Tools,Roadmap
Light Chrome Extension (beta),Have the ability to run a light version of the chrome extension on any websites and device,Complete,Squad Dev Tools,Roadmap
"Widget editor - Add  ""Run custom JS code"" action","## Problem/Context As a user, I would like to be able to execute a custom JS code when a visitor do a specific action. - **Existing workaround:** Yes / No *(only keep the right answer)* - **Workaround If yes, explain how we can today proceed to solve the problem **Project justification:** - **Project type:** Requested capability - **Justification:** Topic requested by : - Natixis - Graham & Brown ## Solution - **Product package:** A/B Testing / Personalization - **Product scope:** Widget editor - **User roles**: Roles Production and technical - **Design:** In the event page - New Custom JS action - Configuration pop-in dedicated to : - Associate a name to the event - Enter the JS code to run - This code will be run as soon as the visitor do the event previously defined ## **Measuring Success** - **Goal 1:** Allow our users to Run custom JS if their visitors do the trigger the event previously defined. - **Success metric:** - Increase our NPS satisfaction measured for widget editor users. - Number of ""Run custom JS code"" action created --- ##",Complete,Squad Perso,Roadmap
Be able to use the content of CD value / variables from data layer for display,"Hello, For the new widget editor :Is-it possible to enter a variable on a ""Title"" or in a ""text"" bloc ?It will allow us to use datas as name or email and so on to personalize our content.Thanks in advance ! Sur le nouvel éditeur widget, il serait bon de pouvoir insérer facilement des éléments variables issues du datalayer ou d'une customData par exemple. As a user, I would like to be able to reuse the value of a specific custom data for the display.example of usage:Display a special offer, with ""Hello firstname""Naming convention could be {{ name of custom data }}Added by Fabien, Kameleoon That would give so much more possibilities to the widget editor! I see this being used everyday, yes please !! /",Complete,Squad Perso,Roadmap
Tooltips to help users create events,"Help users creating or updating events in the Event Section.Added by Fabien, Kameleoon . Always helpful I think it is needed as even with the CSM knowledge I have trouble remembering all actions",Open,Squad Perso,Roadmap
Widget editor - Duplicate templates,"## Problem/Context As a user, I would like to duplicate my template to not be mandatory to create a second screen from scratch. - **Existing workaround:** Yes - \> create a new template from scratch **Project justification:** - **Project type:** Requested capabilities - **Justification:** - This feature collected 5 votes in the Widget editor Portal - The feature is considered as a nice to have and could solve a lot of pain points ## Solution - **Product package:** A/B Testing / Personalization - **Product scope:** Widget editor - **User roles**: Roles Production and technical - **Design:** Explain with bullet points what your solution consits in (make it synthetic) - In the header of the widget editor -\> Templates menu - A new icon dedicated to duplicate a template is displayed on each line corresponding to templates created - By clicking on, the template is duplicated. - The duplication includes the animations, the event and the actions ## **Measuring Success** - **Goal 1:** indicate the goal of this topic - **Success metric:** indicate the key indicator of success that will measure the achievement of goal 1 - **Goal 2:** indicate the goal of this topic - **Success metric:** indicate the key indicator of success that will measure the achievement of goal 2 *Copy and paste previous paragraph for each goal attached to this topic.* *Report to PDB Template - Slide 13 for examples* --- ##",Complete,Squad Perso,Roadmap
Widget editor - Enhancement of text content area (Link and Color),"## Problem/Context As a user, I would like to have more options, such as hyperlink and color picker, in the text content area to win time when I create my widgets. - **Existing workaround:** Yes partially - **Workaround - Color section - Add element -\> Link element - **Project type:** Requested capability - **Justification:** - The hyperlink feature was requested by a large number of users. It is considered as a must have. - It will be more user friendly to set the text color directly in the text content area. ## Solution **Project justification:** - **Product package:** A/B testing / Personalization - **Product scope:** Widget editor - Text content area - **User roles**: Roles Production and technical - **Design:** Enhancement of text content area - Addition of hyperlink feature for Heading and Text elements - Highlight the text to hyperlink - A panel opens - A field dedicated to paste or type the URL - An option dedicated to ""open in a new tab"" will be available - Several link could be associated to a Heading or a Text. - Move the color picker option in the text content area, and remove the color section. - Highlight the text to change to color - The same panel as the current one dedicated to change the color opens - The highlighted text inherit the color chosen by the user. - Associate a color per word will be possible ## **Measuring Success** - **Goal 1:** Allow user to associate a link to a word, group of words or a sentence. - **Success metric:** increase the NPS measured for customers - **Goal 2:** Allow user to associate a several color to a word, group of words or a sentence. - **Success metric:** increase the NPS measured for customers --- ##",Complete,Squad Perso,Roadmap
Use custom fonts on the widget editor,"## Problem/Context As a user, I would like to use custom font not proposed on the widget editor. - **Existing workaround:** No - **Workaround **Project justification:** - **Project type:** Requested capability - **Justification:** This feature was highly requested by our customers and consultants ## Solution - **Product package:** A/B Testing / Personalization - **Product scope:** Widget editor - **User roles**: Roles Production and technical - **Design:** In the widget editor : - New option dedicated to add custom font - Doing it by pasting a font source - Retrieving from the user website ## **Measuring Success** - **Goal 1:** Allow user to user their website font - **Goal 2:** Allow users to use all the font they want --- ##",Complete,Squad Perso,Roadmap
Automatically create a click tracking goal when closing a widget popin,"It could also be an option that we could propose when we select the ""Popin"" element. Hello,Voici quelques pistes d'amélioration pour le widget editor de la part de Laura du petit ballon.Cordialement,---------- Forwarded message ---------From: Laura Vendramini &lt;laura@lepetitballon.com&gt;Hello Raphaël,Suite à notre point de ce matin jai testé un peu le widget, notamment les banners et jai quelques remarques en plus de ce quon sest dit ce matin :)Les points les plus importants :- Je nai pas réussi à enlever le background, jarrive juste à le masquer mais je ne peux pas interagir avec la partie du site qui est sous le banner tant que je nai pas fermée la banner.- La banner saffiche par-dessus le contenu de ma page et pas au-dessus, sur une banner en top une partie de mon header est donc masqué.Comment faire pour pouvoir l'intégrer dans une perso ""dans ma page"" ?Moins important mais qui seraient pratiques :- Pouvoir ajouter un lien sur un mot ou un groupe de mot- Pouvoir customiser la typo afin dutiliser la notre (Markpro web)- Avoir un CTA qui permette de copier un lien/code donné juste devant- Génerer automatique un tracking de clic sur la croix de fermture du widgetSi jai dautres remarques je te les ferai parvenir !Merci,Laura . Good idea /",Open,Squad Perso,Roadmap
Enhance event removal action,"In the new graphical widget editor, once an event has been added it is impossible to remove it. You can remove the action but not the event.It would be great to have the option. could not find the option the first time. I thought this was not even possible. (and I looked for it) . not intuitive",Open,Squad Perso,Roadmap
Product recommendation widget,"**Context** Today, it is complex for users to add a recommendation block into their personalisation. Thanks to 'Recommendation Widget Block' within the Widget Editor., users will be able to easily retrieve their block within the widget editor and blend it with the other elements of their widget. **Problem** As a user, I want to be able add a recommendation block into my personalisation without having to code in order to: - Simplify the process of adding recommendation blocks into my widgets - Quickly retrieve my block and blend it with other elements within my widget editor **Solution** - If user doesnn't get ""Recommendation"" option in his package: [Embedded content](https://www.youtube.com/embed/o2qqIQPyVos) - If user gets ""Recommendation"" option in his package: [Embedded content](https://www.youtube.com/embed/GxcSxY5XN_M) Reproduire le comportement de ce widget qui est très visuel !https://www.dynamicyield.com/fr/template/panneau-lateral-de-recommandations-en-pop/ Super powerfull for the product api Important to sell easily the product recommendation that's a very good idea and a quickwin for customers, for sure . already know a few customers who would love to use it / excellent levier de personnalisation nice to have :) Reccurent request from client! I'd love to be able to A/B test it on different pages and with different products lists and i do need it in a soon to come A/B test !",Complete,Squad Perso,Roadmap
Timer event in the Widget Studio,"## ## Sur le nouvel editeur widget, il serait intéressant de créer un event qui soit un timer pour afficher un message seulement quelques secondes.Exemple : J'ajoute un produit à mon panier, j'ai une bannière qui me confirme que j'ai bien ajouté mon produit au panier. s'affiche quelques secondesExemple 2 : Je fais une promotion, je n'affiche ma popin sur le coté de ma page que quelques secondes avant qu'elle ne disparaisse (c'est ce que fait legallais avec un code widget tepllate) Super interesting for ""nudges"" show the main popin then show a sticky popin on the right if the user has not clicked. could be useful to display tooltips in the website nice cool feature for annoying widgets . Sounds great have had the request from several customers great idea Will facilitate the use of scenarios sticky popin for registration (a few seconds)place an offer in the bottom right-hand corner and hide screen 1 after 5 seconds, leaving only a small circle to call up the offer. The users wants a option to show a popin for XX seconds then remove it.-&gt; it would be great to have events that can make this possible.exemple: I want to show a small widget for ""this product has been bought XX times in the last day""With the segment I can make it appear after XX seconds of page load, but I cannot make it disappear avec XX seconds.",Complete,Squad Perso,Roadmap
"More triggers based on visitors inputs, mouse, touch events and timers","Mouse Event: On Hover: Sur le nouvel éditeur de widget, il serait intéressant d'avoir la possibilité, pour les ""event"", d'avoir comme déclencheur la saisie (ou la valeur) d'un champs.Exemple d'utilisation : Popin lead Lexus : Si je clique sur le radiobutton ""professionel"", 2 champs supplémentaires apparaissent avec le nom de la société et la taille du parc de voiture. The hover is especially important to create specific tooltips maybe . / Blocking point for advanced customization great idea Will expand the use of the widgets Could help having better scenarii It would nice to have an ""On hover on widget element event"" do -&gt; ""ACTION""Currently, it is ""MOUSE"" -&gt; ""clicked"" you do not have ""MOUSE"" on ""hover"" Sometimes i miss some of other options like hover a certain area and trigger on event on that. I need to rollback and check other cases, but definetly an improvement here is more than welcome would like to test with this important It would nice to have an ""On hover on widget element event"" do -&gt; ""ACTION""Currently, it is ""MOUSE"" -&gt; ""clicked"" you do not have ""MOUSE"" on ""hover"" Sometimes i miss some of other options like hover a certain area and trigger on event on that. I need to rollback and check other cases, but definetly an improvement here is more than welcome Add hover action on widget studio.-&gt; on hover on disabled validate button show a tooltipclick action on disabled elements-&gt; on click on disabled validate button show an error messageBe able to add CSS to a state ""enabled"" ""disabled"" example:cursor: not-allowed; (currently CSS applies to all states) It would make a few use cases that are not hard to create with code available at no code level Super useful to create a great nocode experience",Planned,Squad Perso,Roadmap
Event Display enhancement : Replace ID input by a dropdown with their name,"Sur le nouvel éditeur de widget, quand on souhaite faire un processConversion ou CancelConversion ou SetCustomData d'avoir une liste des éléments dispos plutôt que d'avoir à saisir un id ou un nom, ce qui est source d'erreur. Marketing user don't understand what are the goal Ids, then it is mandatory!!!! . UX It could be easier, but it should show the GOAL ID with the name (as you can have a goal with the same name) Graphical widget editor:When using the Action ""Process Conversion""- Link to goal-creation opening in a new tab- Explanation on how to create a goal --&gt; I guess one has to create a custom goal and use the id easier to handle",Open,Squad Perso,Roadmap
Customize texts depending on the device,"Sur le nouvel éditeur de widget, il serait intéressant d'avoir la possibilité d'avoir des textes différents par type de device. Un téléphone va parfois avoir un wording différent pour un gain de place (voir Eminza qui a un bandeau haut et bas de page qui sont avec des textes différents en fonction du device). It could be cool but not necessary I believe useful for long texts and responsive purpose It is part of the ""responsive"" design . . Very nice can't explain why it is not possible yet several customers are asking for this feature / important for presale Adapter les formats en fonction du terminal impose d'ajuster du texte et/ou masquer des éléments will spare a lot of time ! very important to be responsive",Complete,Squad Perso,Roadmap
"Actions in the Event Parts : set a value in localstorage, sessionstorage or cookie","Sur le nouvel éditeur de widget, il serait intéressant d'avoir la possibilité, pour les ""actions"", de créer :- une entrée dans le localstorage.- une entrée dans le sessionStorage- une entrée dans les cookies. Application : Au clic sur la croix de fermeture d'une bannière qui s'affiche sur toute les pages (donc pas de capping configurable), on souhaite empêcher l'affichage pdt X temps (localstorage) ou pendant le reste de la session (sessionStorage) would add even more targetting/capping capabilities Mandatory to do not display the popin if the user clicked on the cross in session for exemple. . . personnalisation de parcours Super cool to ease capping or to set a variable for another test and/or make a widget to be reduced by defaut on the next load",Complete,Squad Perso,Roadmap
Form elements in the Widget Editor,"## Problem\/Context It is impossible to add form elements in widgets, such as checkboxes, radio buttons, which makes it difficult to address some specific use cases such adding acceptane criteria in form. - **Existing workaround:** Yes - **Workaround Not user friendly at all, users are forced to represent each state of their ""form element"" with images in different screens **Project justification:** - **Project type:** Requested capability - **Justification:** one of the top requested feature on the Widget portal ## Solution - **Product package:** Personalization - **Product scope:** The new form elements will include checkboxes, radio buttons, drop-down lists, date\/time selectors, text inputs, text areas. Sur le nouvel éditeur de widget, il serait intéressant de d'avoir pas possibilité de mettre des éléments input sont uniquement ""Text"". Il est nécessaire d'avoir la possibilité d'avoir d'autres types comme (liste non-exhaustive) : - checkbox- Date- Heure- email- Nombre- radio buttonDe même il faudrait avoir la possibilité de directement indiquer si c'est obligatoire et le possible message à afficher si non saisie (ou comportement , ex : entourer en rouge) Critical for complicated forms Mandatory for forms nice . Very nice / Checkbox for email legacy validation To add a newsletter box, legally we need to have a checkbox for acceptance (terms &amp; conditions) most pop-in require check box (ex. CGV acceptation, opt-in or opt-out for specific option, etc.) Checkboxes indispensables pour le UC newsletter (c'est légalement indispensable) For the consent in a newletter popin Basic to add a legal checkbox for example. -",Complete,Squad Perso,Roadmap
Add inline property to position elements next to each other,"Sur le nouvel éditeur widget, il faudrait pouvoir avoir un nouvel objet ""parent"" qui ne soit pas des colonne qui permette de concatener des zones les unes à la suite des autres comme un texte suivi d'un lien hypertexte. could be very convenient ! that would be really practical for pop-ins with complex structure . Could be useful in some cases / Much easier than the column-based structure It will be easier for clients to create the design they want.",Closed,Squad Perso,Roadmap
Addition of multiple columns in a widget,"Currently, we can only add up to 4 columns. We could give more freedom to our users about this. Sur le nouveau éditeur de widget, il est nécessaire d'avoir plus de 2 colonnes pour par exemple insérer des blocs de reassurances (3 en //) dans une popin (on devrait pourvoir choisir le nombre de colonnes du bloc.Idem pourrait être intéressant sur un bandeau pour mettre en // une image, puis un texte , puis une CTA. pas super intuitif pour les clients de créer un Template a 3 ou 4 colonnes, donc sympa d'avoir un Template de base avec 3 ou 4 éléments à remplir sur la même ligne it could be a great addition, but what we have so far covers 80% of the uses cases. Complex popin or banner will need this feature . / This would provide much mor layout flexibility e.g. even for creating a table overview experience r comparison of 3+ Products or else. -",Closed,Squad Perso,Roadmap
Propose an onboarding tour of the widget editor,". We are working with different countries and teams and some of them want to be trained on Kameleoon solution, this onboarding tour could be a nice alternative to train them on the Widget editor module.",Complete,Squad Perso,Roadmap
"Refactor Design Tab, to make it a better suited to marketers needs","Many elements of the ""Design Tab"" only speaks to developers. A redesign of the the ""Design"" tab could be useful to make it more understable by marketers. ex: gather all elements related to the same part in the same section (such as background), and make it more visual . / Will help share the use of Kameleoon with partners",Open,Squad Perso,Roadmap
"Directly define an event from a selected element on the ""Design Tab""","Seems more logical to me, permit to directly see and remember we can associate an event Really more intuitive . / Ease the customer journey",Open,Squad Perso,Roadmap
Tooltip element,"For forms it could be cool! Just nice to have! important, and possibility to put css style to it . Useful! Can be very useful ! / great idea Would be useful when launching new features or if something is missing",Complete,,Roadmap
Widget editor - Enhance the way we can select elements to edit them,"## Problem/Context As a user, I would like to make the widget building easier by enhancing the elements selection method. - **Existing workaround:** Yes - **Workaround When an element is focused, go back on the content list to select another element. **Project justification:** - **Project type:** Improvement to existing workflow - **Justification:** - Consultant quote : *Nice if building the widget is easier* - Consultant quote : *could be more intuitive* ## Solution - **Product package:** A/B Testing / Personalization - **Product scope:** Widget editor - **User roles**: Roles Production and technical - **Design:** If an element is focused, double click on another element (from the widget content -\> central block) to select it. ## **Measuring Success** - **Goal 1:** Enhance the way to select an element when another one is focused. - **Success metric:** Increase our NPS satisfaction measured for widget editor users. --- ##",Complete,Squad Perso,Roadmap
Slideshow elements (carousel),"Allow for the creation carousels or sliders via the widget editor. This widget would make it possible for users to utilize the top real estate of webpages with some dynamism, diverse imagery, and an opportunity for multiple different CTAs. Such a coo feature for marketers. Give them the ability to push various message or products in a page. could be an awesome feature as many customers use kam to design carousels Images should be different for desktop and mobile (and the one not used should not be loaded for performance) nice, to have possibility to put severals pics in the same popin . / It would be a great template for many customers",Complete,Squad Perso,Roadmap
Iframe element to embed any third-party content,This feature is important: - A/B Tasty gets it - This feature was possible in our old platform it would help in setting up email subscribe forms some clients need this feature / This feature is critical for Embrace Pet Insurance. very important to ab test newsletter form from marketing automation platform,Complete,Squad Perso,Roadmap
Refactor of the Events tab in the Widget Studio,"Many elements of the ""Design Tab"" only speaks to developers. A redesign of the the ""Design"" tab could be useful to make it more understandable by marketers. List Custom Goals in Process/Cancel Conversion Actions: . I acquired, need to adapt this page to marketers It would be great to be able to select a custom data, a goal from a list.It would be great to remove unnecessary clicks steps (having to click 3 times to select an element) (click to go to the element selection flow -&gt; click on the element -&gt; click next (remove first and second click)Be able to see that you can scroll to select the elements it is not clearBe able to see that you can remove an element by right clicking Description clic droit pas intuitif pour les actions de suppression. Ajouter les events également dans les écrans de configuration (uniquement ce qui attrait au bloc concerné). Ease the setting of the campaign it is not at all intuitive, you have to make 10 mouse clicks to make 2 selections it's very important, our UX is really not pleasant, we have to make 10 clicks to make an event... and customers have been telling us this for a long time (Lognines / VeryChic / Bred / Solocal...) I've been requesting this feature for over two years... :) It's really not intuitive to explain in training or demos, or even to use on a daily basis I'd like to have the list of goals created available in the editor widget (ID + name) and be redirected to the goal page directly from the editor widget. To make it easier to associate goals with events (Requested by different customers during workshop) It the widget studio, in the event section ""convert a goal"", we should have the list of goals available and not just an input with an ""ID""",Open,,Roadmap
"Shape elements (lines, circles...)",top idea . Sounds cool Coule be very convenient to add info on elements. The ability to add the widget on multiple elements on a same page could be very interesting too (ex. Add info text on each product on a product list page) interesting! Importabt + have the possibility to add arrows / elements directly on the background (example : a tuto with an arrow to point to a button),Complete,,Roadmap
Design different states for a same element,"Allow users to directly design the different states an element can get. For example, for buttons, users should be able to design hover state. **How could it work in practice ?** - Users should be able to activate this feature from the Design Tab on the Widget Editor. - Then, they can choose which state they want to design. - Then, the sections displayed below will depend on the selected state It allows a wide range of new scenario _ clients are demanding :) I thought we could do it already! / Totally agree with this ""basic"" feature ! essential for customer with no technical background Nice to have! Basic feature",Complete,Squad Perso,Roadmap
Components to easily reuse any element anywhere,"**Use case :** It can be very useful to reuse a same element either in the same widget (in the same screen or on other screens) or even in other widgets. For example, if you create a multi screens widget, you might need to reuse a same button on each screen. **Solution proposed:** - From any screen of the ""Design Tab"", you can select any element and ""Create a component"" (clicking on the 3 dots icon) - Then, in the ""Add element"" section (on click on + icon), a new section ""Components"" appears, with the list of all components already defined. Choose on component of the section to add it to the screen being editied. - Later, if you decide to edit this component to update its design, all the changes will be applied for each instance of the component (in other words, you update the component only once, and the changes apply wherever the component is used) - If you want to apply a change only for a specific instance, you will be able to ""Detach instance"" (to make it independant from the component) This ""Component"" feature can save designers a lot of time when creating their screens. . Nice many elements on websites are standard ones, like buttons - they always the same. It is crucial to be able to re-use once defined elements. When duplicating elements (buttons) or wanting to duplicate the same desing but for different text.Confirmation popin (you want the same size and background) / Also asked by Quest Diagnostics (US brand). Being able to define default themes with default reusable components styles. great idea As said, will optimize the design process Would be really useful to have the same 'look and feel' in differents widgets/screens",Open,,Roadmap
Propose a french & german version of the Widget Editor,"Currently, the Widget Editor is only available in english (which is an exception) To harmonize the Widget Editor with the other pages of the app, we could propose to our users a version in other languages: - a french version - a german version The version that will be displayed when opening the Widget Editor will be the one defined in the ""User account settings"". . Nice I think it is important to have always multiple language versions.",Open,,Roadmap
View / copy widget code,"It could be useful for our users to view and copy the JS and CSS code generated by the Widget Visual Editor. Even if the Widget Editor is first aimed at marketers, there are different uses cases where it could be useful, such as implementing natively the code of a widget on its site (so without going through Kameleoon; in this situation, a marketer can provide the generated code to a developer working in his/her company). **Proposed solution:** - Addition of a new secondary action, called ""View code"" in the Widget Dashboard - On click, it opens a right side bar, composed of two tabs : JS and CSS. - On each tab, we can view the entire code, and two other actions are available: copy all code, and extend the code area to view it full screen. Would be interestign but not indispensible . just to be able to change something not changeble in the editor A workaround already exist by using the extension :) / it will open a world of possibilities and also facilitate the creation a widget and then convert it in a widget template pertinent pour customiser un format sans passer par la partie experiments",Complete,Squad Perso,Roadmap
Duplicate elements in other screens,"When designing a widget composed of different screens, it can be very useful to be able to duplicate an element in the other screens. **Proposed solution:** - In the design tab \> left sidebar \> on click on the 3 dots for the element of your choice, a new action named ""Duplicate in"" appears. - On click, we can choose on which screen we want to duplicate the element. **Notes:** - if the widget is only composed of 1 screen, the action is named ""Duplicate"" (as we don't have any screen to choose). - this feature is a bit similar to the ""Create component"" feature. The main difference is that the ""Duplicate in"" feature is only related to the widget currently being edited, and that each copy of an element is independant (which means if you apply changes on the raw element, the changes won't be applied on the different copies of the element) duplicate the element and keep the same css style to the other template . Interesting and useful it should be possible to copy elements and whole designs - saves time / When doing a confirmation popin, you would like your popin to look the same as before (size, style)having to do it again can be a real pain. gain de temps pour créer un parcours via un widget Would be really useful to get a consistent look and feel on the differents screens, without having to do all of it again",Complete,,Roadmap
Extend code on the code editor,"# **User Story** As a user, I want to extend the code part of the code editor so that I can code with a full window. # **Tickets** https://project.kameleoon.net/issues/16066 # **Summary** Allow the user to extend the code part of the code editor to code with a full window.",Complete,Squad Dev Tools,Roadmap
Feature flags scenarisation,We are exploring the addition of 'Feature flags scenarisation' to our roadmap. This initiative aims to address specific user needs and expand the platform's core capabilities.,Open,Squad FM&E,Roadmap
Hypothesis-driven Feature Experimentation,"From the FF edit page, possibility to: - Define 1 or several hypothesis associated with a feature flag - Configure and trigger experimentations to test theses hypothesis",Planned,Squad FM&E,Roadmap
Hypothesis-driven Results page,"Adapt the results page to be able to see, analyze and compare tested hypothesis associated with a feature flag",Open,Squad FM&E,Roadmap
Hypothesis Knowledge bank,We are exploring the addition of 'Hypothesis Knowledge bank' to our roadmap. This initiative aims to address specific user needs and expand the platform's core capabilities.,Open,Squad FM&E,Roadmap
Possibility to define feature's stage in the delivery process,"These stages can be for example: - Development Ready - Development - Functional testing (using a boolean toggle and testing in production for example) - Experimentation (a variation associated to this flag is being tested) - Release Ready (testing is done, final variation is selected, ready to plan the release) - Releasing (the releasing is on going, for example through a progressive or stage rollout) - Released (the feature is released, keep on eye on it and don't forget to remove the flag from source code at some point) - Architectural (long-term flags that are meant to stay in the code) Proposition of name for these stages: Delivery Rooms",Open,Squad FM&E,Roadmap
Flag event trigger,A that trigger lets you initiate flag changes remotely and automatically.,Open,Squad FM&E,Roadmap
Login page - Terms of service & Privacy policy,We are exploring the addition of 'Login page - Terms of service & Privacy policy' to our roadmap. This initiative aims to address specific user needs and expand the platform's core capabilities.,Complete,Squad Interfaces,Roadmap
Release board,"A board to have an overview, within a timeline, of all flags releases and their stage in the delivery process",Open,Squad FM&E,Roadmap
Experimentation dashboard,A dashboard to manage experiments that are created from a feature flag.,Open,Squad FM&E,Roadmap
FF/Release Dashboard redesign,"Designing a better way to switch from one environment view to another one. Now we are using filters, which is more a workaround that a proper design.",Open,Squad FM&E,Roadmap
Kameleoon Administration : Redash Statistics,# Problem/Context ## **Description** Building analytics dashboard for administration purposes. ## Workaround No ## **Project justification** **Project type** Operational improvement **Justification** Redash statistics can help to manage the Kameleoon app and make data-based decisions. # Solution **Package** NA **Scope** Redash **User roles** Admin **Design** - # **Measuring Success** NA --- # Attached documents **Figma file**: No **Spec file**: No **Redmine ticket**:,Complete,Squad Dev Tools,Roadmap
Rollout Planner v1,"## Feature Summary The new **Rollout Planne**r is a flexible workflow builder that allows scheduling various flag changes such as: - Turn ON/OFF changes to a FF - Progressive (canary) releases of a feature - Targeted delivery to custom segment(s) - Feature experiments (coming soon) This will unlock capabilities to create and automate seamless, scalable, and repeatable release workflows. --- ## Problem/Context Product teams are unable to easily schedule when flags changes occur and what the rules should be. In our solution (and others without this functionality), flag changes have to made in real-time and without any complex use cases possible. - **Existing workaround:** None. --- ## Solution - **Product package:** Full stack - **User roles**: PM, EM, QA, RM - or anyone concerned with product/version releases. - **Product scope:** The Rollout Planner will be a central and permanent fixture in the FME product. All planned features to enable flag scheduling (such as Progressive rollouts, Turn On/Off changes, Targeted delivery, Experiments) will reside inside the Rollout Planner. - **Product design:** The Rollout Planner can be accessed from the left sidebar and is part. Click on it to open it. - By default, the **power toggle** is in the off state and no rules are queued - Click on Add a rule - Select one of the options for types of rules that appear in the right overlay Once a rule is selected, it is instantly displayed in the **Rule Queue**. ![](https://pb-files.s3.amazonaws.com/production/attachments/47b9667250b9d016fb670b372b1514e8ebb57a4d128864daedf56d0a2dcee757/image.png) **Long-term Vision:** ![](https://pb-files.s3.amazonaws.com/production/attachments/8cf4fb8f244ba3c8d8257aac7af65dd12504cee7e45830858a2dba426a5b419b/image.png) --- ## **Measuring Success** - **Market-Fit:** This feature brings us on par with LaunchDarkly, the only platform offering this functionality. This also opens up additional possible features and functionalities that can be plugged into the planner. --- ##",Complete,Squad FM&E,Roadmap
Graphic Editor - Button to make an element sticky,"In graphic editor, add a button to make an element sticky in one clic. Would be extremely convenient to make a banner sticky for example, and would for sure make a ""ouaouh effect"" during demos !",Open,,Roadmap
Reassure users about the option switch to the other editor,"It seems that customers are not very confident by performing this action, and fear that this generates some bugs. We want to clarify what is the impact of performing this action. Experiments dashboard:As the finalize button is confusing, it might be helpful to add an icon to make a difference between finalizing in the code editor or the graphic editor.",Complete,Squad Interfaces,Roadmap
Widget editor - Video component,"## Problem/Context As a marketer, I would like to be able to add video in the widgets I create. - **Existing workaround:** No **Project justification:** - **Project type:** Requested capability. - **Justification:** Topic requested by a large number of users. A/B tasty get it. ## Solution - **Product package:** A/B Testing / Personalization - **Product scope:** Widget editor - **User roles**: Roles Production and technical - **Design:** - Addition of a new video type of template - Addition of a new video element on the ""Add element"" section - As soon as the video element is added, ability to add URL linked to Youtube, Video or self hosted video ## **Measuring Success** - **Goal 1:** Allow users to extend their capabilities with our widgets - **Success metric:** Number of widgets created with video --- ##",Complete,Squad Perso,Roadmap
Audiences migration to Clickhouse,"## Problem/Context Marketers need to have the same data model in the Audiences module as in the other reporting pages (Experiments, Personalizations) on the platform. **Project justification:** - **Project type:** to fill in *(refer to PDB Template - slide 9)* - **Justification:** - Using the new data model through Clickhouse will enable more consistency through the overall platform ## Solution - **Product package:** Personalization - **Product scope:** Audiences module data (Audiences main dashboard and segments pages) - **User roles**: Marketing - **Design:** - Data model modifications \> no design changes ## **Measuring Success** - **Goal 1:** Enable marketers to have accurate, consistent data on Audiences vs the rest of the platform - **Success metric:** indicate the key indicator of success that will measure the achievement of goal 1 --- ##",Complete,Squad Data,Roadmap
Data older than 2 years,"## Problem/Context Kameleoon needs to match European GDPR requirements, stating that data older than 2 years shouldn't be stored for privacy reasons. - **Existing workaround:** No **Project justification:** - **Project type:** Risk mitigation - **Justification:** - Need to meet European GDPR rules ## Solution - **Product package:** A/B Testing / Personalization - **Product scope:** Experiments and Personalizations reporting pages - **User roles**: Marketing - **Design:** - For campaigns stopped or paused for more than 2 years, a specific reporting page with removed data along with an explanation message - For campaigns active for more than 2 years, data older than 2 years only is removed and an explanation tooltip is added in the top block and in the charts ## **Measuring Success** - **Goal 1:** indicate the goal of this topic - **Success metric:** indicate the key indicator of success that will measure the achievement of goal 1 --- ##",Complete,Squad Data,Roadmap
RudderStack Source Integration,"# Problem\/Context ## **Description** Adding RudderStack as a source integration \(Kameleoon sending data to RudderStack\) ## Workaround No. ## **Project justification** **Project type** - Requested capability **Justification** This was requested by our common customer **Jus Brasil**. RudderStack is also one of Segment's competitor, they are very similar. # Solution **Package** A\/B Testing \/ Personalization **Scope** Integration page **User roles** All **Design** Being able to choose RudderStack as an analytic tool. # **Measuring Success** Will be done with our current KPI, tracking what integration is used or not. --- # Attached documents **Figma file**: optional \(paste link\) **Spec file**: optional \(paste link\) **Redmine ticket**: - RudderStack Integration",Complete,Squad Dev Tools,Roadmap
Vue Storefront Integration,"# Problem/Context ## **Description** Vue Storefront customers will be able to implement AB tests in their PWA. ## Workaround Maybe, using the SDK. ## **Project justification** **Project type** New product concept or workflow **Justification** Vue Storefront could be our first partner to be in the PWA market. # Solution **Package** A/B Testing / Personalization / Full stack **Scope** NA **User roles** Technical **Design** To be defined. # **Measuring Success** To be defined. --- # Attached documents **Figma file**: optional (paste link) **Spec file**: optional (paste link) **Redmine ticket**: mandatory (paste link)",Closed,Squad Dev Tools,Roadmap
Login spaces,"# **User Story** As a user not authenticated, I want to authenticate with a copy/paste of my email containing spaces (before or after the email address) so that I can authenticate to the app without errors because of the spaces in the email. # **Tickets** # **Summary** Detect and delete spaces before and after the email address in the login page to avoid errors. # **Functional specifications** ## Use cases It will reduce copy and paste problems on our and customers side. ## Functional scope *Where will this feature be used?* The login page only. ## Expected behaviors & Diagrams If the user enter an email with a space **before or after** it, those spaces will not be considered as being a part of the email and will be automatically deleted after submission. Exemple: ""test@email.com"" + ""password"" = OK then "" [test@email.com](mailto:test@email.com)"" + ""password"" = also OK and ""[test@email.com](mailto:test@email.com) "" + ""password"" = also OK too ## Errors The email (without the spaces before and after it) need to match the associated password, otherwise a classic error will be displayed, just like it is right now. # **Technical specifications** ## Risk assessment The login page is very critical for the app and any modification on it need to be deeply tested before deployment. # **Wireframes & Mockups** The interface stays the same. On Login:Please remove spaces BEFORE or AFTER Email Address to improve the usabilty of login.it will reduce copy and paste problems on our and customers side :)",Open,Squad Interfaces,Roadmap
Code versioning (Code editor and GS),"# Problem/Context ## **Description** As a developer, I would like to create versions of my code, this way I can go back to a previous version of my code. ## Workaround Yes, using the VS Code extension and Git or by duplicating campaigns to create different versions of campaign. ## **Project justification** **Project type** New product concept or workflow **Justification** Apparently, AB Tasty has this feature ([documentation link](https://abtasty.zendesk.com/hc/en-us/articles/200237827-How-to-add-JavaScript-code-on-AB-Tasty-)) but only for its account global script (script that is executed on all the pages where the AB Tasty tag is detected, whether there's a campaign or not). VWO also allows their users to have an history but for each version of a campaign, which is a slightly different way to have a code versioning ([documentation link](https://help.vwo.com/hc/en-us/articles/900004257963-Working-with-Version-History-in-VWO)). Same for Optimizely ([documentation link](https://webhelp.optimizely.com/latest/en/content-cloud-for-editors/working-with-versions.htm#Managingversions)). We need to see if this feature can be replaced by another behavior. Using VS Code + Git is still a cleaner way to keep track of the different versions. So maybe we can build a Git integration that will be used within the Code Editor. Git server usually have that API that allows us to do it. # Solution **Package** A/B Testing / Personalization / Full stack **Scope** Code Editor and GS page **User roles** Technical ***Design** Need to be done # **Measuring Success** **Goal 1** Measure the use of code versioning among our users. **Success metric** Number of users/customers that are using code versioning **Success metric** Number of experiments that are using code versioning --- # Attached documents **Figma file**: optional (paste link) **Spec file**: optional (paste link) **Redmine ticket**: mandatory (paste link) Code versioning (Code editor and GS):Today, if a change is made, the previous version of code is lost.It would be very practical to offer the clients the possibility of saving the code and then getting it back from the history created. So they won't worry about losing a version or saving it elsewhere before making a change.This is an AB tasty feature. Yes, customers have asked me for this feature several timesCould also be vert usefull internally requested quite often bu clients Very usefull requested by dev teams from several clients",Open,Squad Dev Tools,Roadmap
Scheduling - Improvement of the scheduling behavior,"## Problem/Context As a BPCE users, I would like to be able to restart a scheduling for personalization when the previous one is over. - **Existing workaround:** No **Project justification:** - **Project type:** Improvement to existing workflow - **Justification:** This feature is frequently requested by BPCE users. ## Solution - **Product package:** Personalization. - **Product scope:** Personalization edition page / Personalization dashboard - **User roles**: All - **Design:** - In the personalization edition page, rework on the CTAs located at the bottom of the page - Changement of scheduling logic. (CF google sheet below) - Improvement of personalization status based on if a planning has been added ## **Measuring Success** - **Goal 1:** Allow users to be able to restart a scheduling when the previous one is over - **Success metric:** Increase our NPS satisfaction measured for personalization customer. (especially BPCE) --- ##",Complete,Squad Perso,Roadmap
Chrome Extension Evolution,# Problem/Context ## **Description** This item is about updating the Chrome Extension. # Solution - **Product package:** Other - **Product scope:** Chrome Extension - **User roles**: All - **Design:** New version of the Chrome Extension available in the Chrome Store # **Measuring Success** This new version of the Chrome Extension will contain click tracking using Mixpanel. We will be tracking a lot of things in order to be able to improve the Chrome Extension in the future. [Click here](https://docs.google.com/presentation/d/1py-0fZZm9pVNnklmH5aZXD-2Pb3tTu7EBLBVsFvfsNQ/edit?usp=sharing) to see the tracking plan. --- #,Complete,Squad Dev Tools,Roadmap
Targeted Delivery,"## Feature Summary Accurate user targeting to enable new features on any segment or subset of audience. Users will have the flexibility to decide who to roll out feature changes to based on geographical region, demographical data, operating system or any attribute of their choice. --- ## ## Problem\/Context As a Product, Engineering or QA user, I have no way of being flexible to which segment\(s\) I rollout my feature to, and what percentage of it to expose to. This means it's impossible to be selective with feature and who can access them. Planning releases around user attributes such as geographical location, type of subscription, device\/platform, and any other use case involving advanced segmentation is currently not possible. - **Existing workaround:** None. - **Justification:** A huge value-add for our product, similar to how Custom Data opens up advanced possibilities for our A\/B testing product. Paired with the new rollout planner, this feature effectively also allows staged deliveries to be executed. --- ## Solution - **Product package:** Full stack - **User roles**: PM, EM, QA, RM - or anyone concerned with product\/version releases. - **Product scope:** The option can be found in the right overlay when adding a new rule in the Rollout Planner. All UI changes reside in the same overlay. - **Product design:** Selecting this option will prompt the user to define a few parameters: 1. Choose Targeted Delivery when adding a new rule ![](https://pb-files.s3.amazonaws.com/production/attachments/e63f4530761a059825ee20bdf1f5248d7358e6f4c4c2ef66505e4f7696a29520/image.png) 1. Choose audience\/segment for this rule \(or create a new one\) 1. Define the exposure rate for your segment 1. Define when to execute this rule \(Upon applying or at a later date\) ![](https://pb-files.s3.amazonaws.com/production/attachments/176b3f287ca844c34337a1bd28b65ca0fd0b0eb5a06c4eab2f294cda9ebec5c7/image.png) --- ## **Measuring Success** **Market-Fit:** Except for the scheduling of rule execution in the last step, this functionality exists in all FME platforms available today. The scheduling option itself opens up various use cases that push us into a tied lead alongside LaunchDarkly. **Adoption:** Once released, active customers try out targeted delivery at least once. --- ##",Complete,Squad FM&E,Roadmap
Feature (ON/OFF) Activation,"## Feature Summary This is the most basic form of automated flag changes that can either be applied immediately or at a specified date and time to turn a feature on or off. --- ## Problem/Context Product teams are unable to easily schedule flags changes. Turning flags ON or OFF at a later date is currently not possible. - **Existing workaround:** None. --- ## Solution - **Product package:** Full stack - **User roles**: PM, EM, QA, RM - or anyone concerned with product/version releases. - **Product scope:** Inside the Rollout Planner. - **Product design:** Add a new rule in the Rollout Planner to have the option to select the Turn ON or Turn OFF rule. 1. Turn ON Selecting this option will present the user with two options 1. Turn on the rule upon clicking Apply 2. Turn on the rule at a specific date and time A calendar should automatically expand Enter time, date and select timezone 2. Turn OFF Selecting this option will present the user with two options 1. Turn off the rule upon clicking Apply 2. Turn off the rule at a specific date and time A calendar should automatically expand Enter time, date and select timezone ![](https://pb-files.s3.amazonaws.com/production/attachments/cb9a54a68055d59cb1dec8dcd07199bb33d0265e571a6163928cab00ec24e65d/image.png) ![](https://pb-files.s3.amazonaws.com/production/attachments/f556567f92e9a4b6fbf15d72f362079072c8509c78ce3145d51ba7d1dad34573/image.png) --- ## **Measuring Success** - **Market-Fit:** This feature brings us on par with LaunchDarkly, the only platform offering this functionality. This also opens up additional possible features and functionalities that can be plugged into the planner. --- ##",Complete,Squad FM&E,Roadmap
Admin UI,Redesign and recoding of the admin (internal) Kameleoon back-office from scratch. The current one is too old and messy : it becomes more and more complex when developers have to add new features. redmine:,Complete,Squad Interfaces,Roadmap
"Collective actions - A/B & Perso - Lot 2 : manage tags, archive, delete","## Problem\/Context As a Back-office user, I would like to make a multiple selection of experiments or personalizations , in order to apply actions to all elements at the same time *Improve the select all behaviour available on our experiments or personalizations pages. Currently, only the elements displayed in frontend are selected. The enhancement will enable to select all elements from backend \/ in database. Finally, users will save time by applying an action to multiple items at once.* List of actions: manage tags, export, archive, delete -------- - **Existing workaround:** Yes - **Workaround You can select all elements displayed on the front \(around 20\), and repeat the action until all elements selected **Project justification:** - **Project type:** Requested capability \(existing customers or prospects\) - **Justification:** 2 insights one of which was critical request from 2021 in productboard > Selecting multiple Perso and A\/B test to perform group actions:Pause \/ Put online \/ Stopped \/ Delete \/ tag A select all button when I have a filterOne click to perform a lot of actions ## Solution - **Product package:** Full stack - **Product scope:** On the Back-office *experiments* dashboard , On the Back-office *personalizations* dashboard - **User roles**: All - **Design:** Steps of the solution - We can access on *experiments* dashboard or *personalizations* dashboard - On the right side of each element, there is a 3 dots button - On click, we have access to a checkbox and several options - We can do one of the actions, on all experiments\/*personalizations* selected \( manage tags, export, archive, delete\) - We can make the selection: individually, for several items, or for all items \(not only in the front\) ## **Measuring Success** - **Goal 1:** satisfaction\/ allows user to select all items as indicated on the actions select all - **Success metric:** Satisfaction of customers with this feature --- ##",Complete,Squad Interfaces,Roadmap
Metasite migration,Migration from Grails to Automation-API of all the metasite logic \(BPCE\).,Complete,Squad Interfaces,Roadmap
Graphic editor redesign and migration,"INTERNAL for migration ## Problem\/Context As a internal developper at Kameleoon, I want to developp easily and smoothly on graphic editor with an adapted and updated technology \(Automation API for editor graphic & iframe on finalized panel\) in order to have a more fluid and fast editor \(for internal & external clients\) - **Existing workaround:** Yes - **Workaround develop in the graphic editor with grails **Project justification:** - **Project type:** Requested capability from developers - **Justification:** developing on a very old and complex framework as grails can be painful and not satisfying for dev team ## Solution - **Product package:** A\/B Testing - **Product scope:** Graphic editor \( & finalize panel\) - **User roles**: All - **Concept:** The goal is to migrate the graphic editor from grails to automation API, at the same time, we will remove some parts of the editor \(segment builder, open existing experiment...\) and use iframe for the finalize panel. ## **Measuring Success** - **Goal 1: Satisfaction \(external\)** - **Success metric:** Average time to load editor and launch experiment \(a faster a more efficient graphic editor will benefit clients \) - **Goal 2:** **Satisfaction \(Internal\)** - **Success metric:** \*\*\*\*Average time to load editor, dev satisfaction on working with automation API instead of grails --- ##",Open,Squad Interfaces,Roadmap
Projects custom colors,"## **Feature short Describe what the feature does. Projects custom colors allows users to navigate more easily on their dashboards, by customizing the color attributed to a project. ## Problem What problem are we trying to solve with this feature? Or, what is the opportunity we are addressing? As a marketer, when my account has lots of projects, I would like to be able to pick their associated color to move around and find them more easily. It would be particularly useful for enterprise key customers like BPCE, whose brands match a certain color. **Workaround:** - **Existing workaround:** No ## Solution **Key benefits** : What value does this feature bring to the user? They are the following: - find projects more easily in the dashboards, if they match the color the user picked - make a project match its associated brand color for instance, for more relevance **Use Cases:** Share use cases where this feature would help our users. When the user has a quick look on a dashboard (Experiments for instance), they want to visually identify the experiments associated with a given website. ** Product design:** - **Product package:** Web Experimentation \/ Full Stack Experimentation \/ Feature Management - **Product scope:** - Project configuration page, where the user will be able to customize the color - By extension, all pages where the color of a website is displayed - **Target Persona**: Marketer \/ Developer \/ Product Manager - **Main updates:** - In Project configuration page, add the possibility to custom the color of a website - As soon as it is updated, new color is repercuted ## **Measuring Success** - **Goal 1:** use of the feature - **Success metric:** number and proportion of users\/accounts customizing their projects colors --- ##",Open,Squad Interfaces,Roadmap
Rollout Summary,"This section provides a quick overview of 2 key aspects of your rollout rules: **variations** and **segments**. Changing the order of cards, deleting a rule, or change of rule status from active to planned or vice versa will reflect the ordering and values inside summary cards. While the summary section accounts for untargeted \(remaining users\) that can be passed down to the next rule, any partial or complete overlaps between different user segments across different rules will not be accounted for or identified. ### Variations Summary: ![](https://lh5.googleusercontent.com/YflvPqumSLthuw9rl7-uTkv0WfbzgHkCw7tTH6xObHEphZnoV9etkYQFBNx6-zWUYOs2HOdyv4Jfx-mBNTojwHg-T1r4eZdPanB_x7N4xUyNwvaOhbIVGpMiXbNrbjOqVuU8ZMHSThGj50tKjiCt4jU) This section serves you an overview of which variations have been used in your delivery and experiment rules. Variations that are targeting multiple segments have multiple bars inside them also displaying the percentage of the audience that you have targeted. ### Segments Summary: ![](https://lh4.googleusercontent.com/8Ako-pIU01miFIrW5oBeRL0PajcwCgygeY7XLejKchVlLuH00qpErRO6-FbzX-lWdNwoRpdhgQZStAKfItXNBCe3HypLflMddaoSP8Xgmdzr3k3_Zv2xNWCO-g5WPdfEBWEcbEWgbysLoJz4axuw0Ws) This section summarizes the different user segments that are being targeted in your rollout rules. Segments who are split into the variations being delivered to them will have them in the same bar, adding up a maximum of 100% after which any additional variations being targeted towards the segment will be ignored.",Complete,Squad FM&E,Roadmap
The message when the data does not load.,"Hello Team, Pierre (Support) Une petite feature request pour éventuellement changer le message lorsqu'on les data ne chargent pas.Actuellement le message est: La patience a ses limites.Si un client a un seul bug, cela peut être bien accepté mais si plusieurs problèmes sont rencontrés par jour avec une utilisation intesive avec plusieurs bugs par jours + mauvaise journée, cela ne plairait pas trop :)Thanks",Open,Squad Interfaces,Roadmap
Load a dynamic URL more easily in graphic editor,"Bonjour,J'aimerais pouvoir charger plus facilement une URL dynamique avec des paramètres complexes dans l'éditeur graphique. L'idée serait de pouvoir charger le code source de la page une seule fois et de faire en sorte qu'elle soit verrouillée dans l'éditeur graphique.Aujourd'hui, pour ouvrir ou même créer mon test , j'utilise uniquement le raccourci "" maj Alt F2 "". Le problème est d'être obligé à chaque fois de faire le parcours client en entier ( si test dans tunnel de conversion) pour accéder à la bonne page.A plaisir d'en discuter",Complete,,Roadmap
Enhance Image modification from graphical editor,"Updated of Image library Image Libary+ add filename to images (like jpeg, png, gif,...)+ add size+ add a copyable link to use this image in code+ add image uploads in code editor Be able to use the graphical editor for image change with and tags.Problem: currently client using those types of implementation (cloudImage etc...) cannot use the graphical editor to change images.Multiple sources of image for various screen sizes, Kameleoon only change one image",Open,Squad Interfaces,Roadmap
"new native KPI for ""retention""","Hello,Can we add a new native KPI for ""retention"", because right now we can't mesure if the visitor exit the website right after he entered the test.The purpose would be to converts only when the visitor saw the graphic modification, and maybe1. did and exit mouseor2. go on an other URL of this website",Open,,Roadmap
Timestamp in order to track changes made in the tests in BO by Kam,"Timestamp in order to track changes made in the tests in Back-office. For example if (&amp; the exact date) a new goal was added. So close to the history, which already exists but in more detail.-&gt; so clients can see all the changes made by kameleoon and how it could affect the test",Open,,Roadmap
Save view on experiment and perso,"save in a view a search including ""search bar"" parameters+ include a search on perso name only Bonjour,Je souhaiterais pour mon client OCS:que le tri par défaut des A/B tests et persos dans le Back-office soit l'ordre alphabétique et que lorsqu'on ajoute un test, ce tri par ordre alphabétique soit maintenu (et non le tri par date de modification/création) comme actuellement.LOrs de la création de tags avec des majuscules (Ex: Check-Out, Pop-in), les majuscules ne sont pas conservées dans le tag et disparaissent. merci ! hello, serait-il possible de conserver par défat dans les A/B tests et les persos un tri par ordre alphabétique: Il est possible d'effectuer ce tri manuellement sur la plateforme, mais dés lors que l'on ajoute un nouveau test ensuite, l'ordre se rétablit sur tri par chronologie= date d'ajout.De même nous avons remarqué que lors de la création de certains tags, les majuscules ne sont pas prises en compte et n'apparaissent pas (ex: Pop-in, Check-out. Merci de votre aide !",Open,,Roadmap
The info about the results of an experiment on dashboard,"Get the % up/down lift of tests (globally) within the dashboard, with period selection.Today is quite difficult to know exactly what are the benefits of testing (off course we know), but, could be good idea to have some kind of CRO lift from a period, on dashboard. This will help us convert our teams of testing interest. Experiments dashboard:The experiments are organised differently since Horizon which is great!However, it would be nice to add the info about the results of an experiment and the fiability index on the dashboard so the client does not have to open the results' page every time to check that. Or maybe give the possibility to the client to display the experiments in a list view or a grid view.",Open,,Roadmap
Alert when client change Traffic allocation (with active campaign),Traffic allocation: Many clients forget about our recommendation to don't change the traffic allocation from the moment the experiment is live and others want to do it anyway.The most natural way to do it is from the code editor. The idea is to change the logic of the reallocation from the code editor: 1. by default visitors stay bucketed in the same variation before and after reallocation;2. the client can use a checkbox (next to each variation and original) if they desire to allow the change of a visitor's variation (with this information in a tooltip),Complete,,Roadmap
"A confirmation request before ""stopping"" an experiment/personalization.","Add a confirmation request before stopping an experiment Add a confirmation request before ""stopping"" an experiment/personalization.(many clients wrongly stopped experiments)",Open,,Roadmap
When start a new Experiment prefill with URL website,"When start a new Experiment, an overlay appears:e.g. New developer A/B experiment:NameSiteURL of the page =&gt; in this case, please prefill with site URL.Why prefill? because as developer I want to start instant with a new experiment.What I am currently do:call page www.example.com =&gt; copy =&gt; paste in this fieldSo please prefill with siteURL, this siteURL is only for preview/simulation start, so if I need this, I will change it directly in test.ThanksbestChristoph",Open,,Roadmap
Save view goals,"Ability to rearrange the order of goals in the Finalize step, when setting up an experiment.The rearrange functionality we are looking for is needed before a test is published and launched and before you have access to the results page (where this can currently be done). We would like to be able to do this during our development and QA/validation steps and to my knowledge a Results page is only available as a view once the experiment is launched.I am specifically speaking about being able to do the goal rearranging in the Finalize step under Tracking and goals. Drag and drop or some similar ability would be great to have.This is currently available on other testing tools during the experiment setup phase.",Open,,Roadmap
"On Graphic editor set the default simulated view with variation before clicking on ""simulate""","Simulated variation:Add the possibility to set the default simulated variation before clicking on ""simulate""",Closed,,Roadmap
Data for Demo Environments,"# Problem/Context ## **Description** Building scripts to add fake data in demo accounts. **Key benefits** This can be used to have a demo account ready to be presented to prospects. ## Workaround No, except by using a customer account, which can't be considering as a workaround. ## **Project justification** **Project type** Operational improvement **Justification** For making demos. # Solution **Package** A/B Testing / Personalization **Scope** All app and the result page in particular **User roles** All **Design** NA # **Measuring Success** NA --- # Attached documents **Figma file**: optional (paste link) **Spec file**: optional (paste link) **Redmine ticket**: mandatory (paste link)",Complete,Squad Dev Tools,Roadmap
RudderStack Destination Integration,"# Problem/Context ## **Description** Adding Kameleoon as a possible destination in RudderStack, which means that we will handle events coming from RudderStack just like we did with Segment. **RudderStack will send events to Kameleoon.** **Key benefits** Allow Kameleoon users to set targeting conditions based on RudderStack events. ## Workaround No ## **Project justification** **Project type** Requested capability **Justification** Wanted by *Jus Brasil*. # Solution **Package** A/B Testing / Personalization / Full stack **Scope** This includes the creation of a dedicated service that will handle RudderStack events. **User roles** All **Design** We will allow our users to choose Kameleoon as a destination in RudderStack. So the user will have to give RudderStack his Kameleoon credentials to push data in Kameleoon. # **Measuring Success** **Goal 1** Make sure that this integration is working, especially for Jus Brasil. --- # Attached documents **Spec file**: optional (paste link) **Redmine ticket**: mandatory (paste link) **Freshdesk ticket**:",Complete,Squad Dev Tools,Roadmap
Two-way integration with Amplitude,# Problem\/Context ## **Description** This is about creating an [Event Streaming Integration](https://www.docs.developers.amplitude.com/partners/event-streaming-integration-guide/) with Amplitude. Kameleoon will receive track events from Amplitude and create goals and goal conversions from these events. This is similar to what we already do with Segment.io. ## Workaround No. ## **Project justification** **Project type** New product concept or workflow **Justification** Amplitude customers could be interested in using their data in Kameleoon. # Solution **Package** A\/B Testing \/ Personalization **Scope** - **User roles** All **Design** To be defined. # **Measuring Success** To be defined. --- # Attached documents **Figma file**: optional \(paste link\) **Spec file**: optional \(paste link\) **Redmine ticket**:,Complete,Squad Dev Tools,Roadmap
Custom data page,"## Problem\/Context As a Bo user, I would like to have a clear overview of my existing custom data so I can easily create and manage my custom data Custom data is currently in a section available on a setting\/ advanced tool between Interest and Acquisition channels. Create a dedicated dashboard on Back-office will provide to the user a better views of their custom data. With specific card by items the user will manage custom data like segment : having detailed informations of the items and can easily do secondary actions \(delete, rename, duplicate\) or collective actions. ![](https://pb-files.s3.amazonaws.com/production/attachments/7cafa9640356273538f1ae2df6302d7405fd649142b9f21fbaf5b6acbd1efc41/Capture_d_ecran_2022-06-23_a_15.18.25.png) - **Existing workaround:** Yes - **Workaround Current access via custom data is a setting\/ advanced tool\/ custom data. Custom data is this currently a subsection not a whole page **Project justification:** - **Project type:** Full stack - **Justification:** The small section of custom data prevent the user to have a clear view of his items and manage easily them. - **User roles**: All **Design:** Steps of the solution: - On side bar menu on configure section, we can access on custom data - You have acces to a dedicated custom data dashboard, the sections: **I. Top area** - same creation \/ edition pop-ins than currently on the app - new search bar **II. Cards \/ List view with basic columns** - list view as for other pages - basic columns = index, website, modified, created, author. - Information overlay - secondary actions : rename, duplicate, delete, select \(collective actions\) **III. Basic filters** - basic filters = site, key dates, creator. ## **Measuring Success** - **Goal 1:** Engagement: allows the user to manage custom data with more freedom and with ease - **Success metric:** Number of complaints from user who cant manager their custom data\/ Satisfaction of customers with this feature \(work with consultants\) --- ##",Complete,Squad Interfaces,Roadmap
Project page redesign,"## Problem\/Context As I when I want to install a new site or project, I want correct and pertinent informations regarding of the type of installation I want to make This US includes : - A complete redesign of the project creation dashboard - User flow: creation of a new project - A migration of project dashboard from old code to new code - **Existing workaround:** Yes - **Workaround If yes, explain how we can today proceed to solve the problem **Project justification:** - **Project type:** Improvement to existing workflow - **Justification:** Improving the site installation user flow is mandatory to create a complete process for package server side client but without frustrating non technical clients ## Solution - **Product package:** All - **Product scope:** Admin\/site dashboard - **User roles**: All - A complete redesign of the project creation dashboard - User flow: creation of a new project - A migration of project dashboard from old code to new code ## Overall redesign: - Several enhancements have been made of this page : - Adapt the existing user flow with needs of package server side users - Create a dedicated page for global script installation - Put a side bar to have access to project options \(Installation, Configuration, Global script\) & project detailed informations at every moment - And lastly redesign of icons, site card and filter ## On project dashboard - For installation section: We have a more detailed step by step to install project\/site : - Step 1: Download the static Kameleoon cross tracking file - Step 2: Copy the kameleoon script - Ste 3: Paste the Kameleoon script ![](https://pb-files.s3.amazonaws.com/production/attachments/7d3de87b97f7438ec7e72d94a13d9826929ec6b6e17cf90d5049feae63b27672/image.png) For Configuration section : We have now a menu on top for those sections: general - experimentation - personalization - Audience \(PUT IMAGE\) Those sections are on the same page can navigate easily between thanks to a advanced menu bar ![](https://www.notion.so/image/https%25253A%25252F%25252Fs3-us-west-2.amazonaws.com%25252Fsecure.notion-static.com%25252F809a3742-5a1f-42dc-a387-566a41490051%25252FCapture_decran_2022-06-16_a_14.23.45.png?table=block&id=3de7b9d7-c63a-4a77-8ac3-90ba21541376&spaceId=500cbfaf-69be-4897-ab6e-d74a421585a9&width=2000&userId=f5b1bc45-6bb3-468f-8957-c1f5103d47a8&cache=v2) - For global script section : - A dedicated and full screen section was create to have a clear view of the script of installation. Before, we had a narrow section, the user couldnt read properly script lines of code ![](https://pb-files.s3.amazonaws.com/production/attachments/d81dddc2313f9332afba6e754d607d49e4ba7618d76f2164322461d791558c62/image.png) ## **Measuring Success** - **Goal 1:** Engagement - **Success metric:** Allow the user install easily a site or project on the Back-office - **Goal 2:** Satisfaction - **Design:** This US includes - **Success metric:** Create a adapted project installation access for package server side users --- ##",Planned,Squad Interfaces,Roadmap
"Reduce with UI,  latency time when selecting a new tag","In the dashboards, in the ""manage tag"" section, when selecting a new tag, there is a 3 sec latency before it is selected and highlighted. At least the UI response (the blue highlight) should be insantaneous because one may think this the feature is not working (it is the case for Eminza for example, they didn't use the tag feature because of it !)",Open,,Roadmap
Possibility to copy to clipboard the IDs and Names associated with a test,Provide the ability to copy to clipboard (or even send a mail similar to the integration file) the IDs and Names associated with a test. Ideally as an Object so Marketeers can send this Information to the developer. This is specifically useful for server-side experiments and is something Optimizely clients value greatly.,Open,,Roadmap
Share a public view on goals,"It would be great if we could share page view goals across two different site codes shared views :Once a view is created from filtering, you could share it with all or part of your team.This feature would be nice to have but above all would enable to highlight our speech about the fact that we are a ""collaborative tool""",Open,,Roadmap
Exclusive Campaign Targeting (SS Exp) - NodeJS,"Currently, this targeting condition is available for client-side experiments, but will be added to server-side experiments as well. Updates will be made to the NodeJS SDK to achieve this.",Complete,Squad FM&E,Roadmap
Snowflake Integration,"# Problem\/Context ## **Description** Allow our users to use their Kameleoon data \(all events\) in their Snowflake. # Attached documents **Figma file**: optional \(paste link\) **Spec file**: optional \(paste link\) **Redmine ticket**: - Snowflake Integration Snowflake - Use Snowflake as a source: # Problem\/Context ## **Description** Getting data from Snowflake using their SQL language in a request and using this data in Kameleoon, probably as a custom data. ## Workaround No ## **Project justification** **Project type** - Requested capability **Justification** Customer -\> Verbaudet ? # Solution **Package** A\/B Testing \/ Personalization \/ Full stack **Scope** - **User roles** All **Design** NA # **Measuring Success** *-* --- # Attached documents **Figma file**: optional \(paste link\) **Spec file**: optional \(paste link\) **Redmine ticket**: - Snowflake Integration Snowflake - Goal metrics: US #26042 - Snowflake - Goal metrics",Complete,Squad Dev Tools,Roadmap
Sample ratio mismatch - Definitive solution,We are exploring the addition of 'Sample ratio mismatch - Definitive solution' to our roadmap. This initiative aims to address specific user needs and expand the platform's core capabilities.,Planned,Squad Data,Roadmap
Results pages - XLS Export migration,"Execute the 'Results pages - XLS Export migration' to ensure system stability, performance improvements, and access to new architecture.",Complete,Squad Data,Roadmap
Clickhouse Data Model migration,"Execute the 'Clickhouse Data Model migration' to ensure system stability, performance improvements, and access to new architecture.",Complete,Squad Data,Roadmap
Chrome Extension - Adding Element Set,"# Problem/Context ## **Description** Adding a view in the Chrome Extension where we can see all the elements settings including CSS selectors and if they are detected or not. ## Workaround No. ## **Project justification** **Project type** New product concept or workflow **Justification** Being able to see how elements are set is a very useful feature for debugging campaigns. # Solution **Package** A/B Testing / Personalization **Scope** Chrome Extension **User roles** All **Design** ![](https://pb-files.s3.amazonaws.com/production/attachments/f8ad3f9e137bf331505dcfed48e7da109905f88c18fc08b6ec049e9ecdfaac5a/element-set-design.png) # **Measuring Success** Classic click tracking to see if the feature is used. --- # Attached documents **Figma file**: optional (paste link) **Spec file**: optional (paste link) **Redmine ticket**: mandatory (paste link) Kameleoon Extension - Element Set - V1 - Colored blocks: # Internal Release Note # Problem/Context ## **Description** As a user, I want to be able to use the Chrome extension to see all the selectors of the elements settings attached to my experiments. ## Workaround No. ## **Project justification** **Project type** - Requested capability **Justification** *Requested by our teams.* # Solution **Package** A/B Testing **Scope** Chrome Extension **User roles** All **Design** No design. # **Measuring Success** *To be defined.* --- # Attached documents **Figma file**: optional (paste link) **Spec file**: optional (paste link) **Redmine ticket**: Kameleoon Extension - Element Set - V3 - On hover interaction: # Problem/Context ## **Description** As a user of the Chrome Extension, I want to be able to see the corresponding elements (selectors with status) attached to my experiments in the page. ## Workaround No. ## **Project justification** **Project type** - Requested capability **Justification** *Requested by our teams.* # Solution **Package** A/B Testing **Scope** Chrome Extension **User roles** All **Design** No design. # **Measuring Success** *To be defined.* --- # Attached documents **Figma file**: optional (paste link) **Spec file**: optional (paste link) **Redmine ticket**:[ ](https://project.kameleoon.net/issues/17131) Kameleoon Extension - Element Set - V4 - Block selection: I reject this, because I found a better way to implement it. # Problem/Context ## **Description** As a user of the Chrome Extension, I want to be able to select one or more blocks of element to see the corresponding element in the page in the page without having to have the cursor on a block (on hover). ## Workaround No. ## **Project justification** **Project type** - Requested capability **Justification** *Requested by our teams.* # Solution **Package** A/B Testing **Scope** Chrome Extension **User roles** All **Design** No design. # **Measuring Success** *To be defined.* --- # Attached documents **Figma file**: optional (paste link) **Spec file**: optional (paste link) **Redmine ticket**:[ ](https://project.kameleoon.net/issues/17072) Kameleoon Extension - Element Set - V2 - Update list: # Internal Release Note # Problem/Context ## **Description** As a user of the Chrome Extension, I want elements (selectors with status) attached to my experiments to be updated every 3 seconds. ## Workaround No. ## **Project justification** **Project type** - Requested capability **Justification** *Requested by our teams.* # Solution **Package** A/B Testing **Scope** Chrome Extension **User roles** All **Design** No design. # **Measuring Success** *To be defined.* --- # Attached documents **Figma file**: optional (paste link) **Spec file**: optional (paste link) **Redmine ticket**: Elements Action buttons - Show/hide target element button: # Problem/Context ## **Description** The goal is to allow the user to show or hide the green target rectangle (displayed over an element on the page). ## Workaround Yes/No? If yes, explain how we can today proceed to solve the problem ## **Project justification** **Project type** - New product concept or workflow **Justification** *-* # Solution **Package** A/B Testing / Personalization **Scope** Chrome Extension **User roles** - **Design** Explained in ticket. # **Measuring Success** **Goal** *Click tracking with mixpanel* --- # Attached documents **Figma file**: optional (paste link) **Spec file**: optional (paste link) **Redmine ticket**: Elements Action buttons - Copy button: # Problem/Context ## **Description** The goal is to allow the user to copy the selector by clicking on a button. ## Workaround Yes/No? If yes, explain how we can today proceed to solve the problem ## **Project justification** **Project type** - New product concept or workflow **Justification** *-* # Solution **Package** A/B Testing / Personalization **Scope** Chrome Extension **User roles** - **Design** Explained in ticket. # **Measuring Success** **Goal** *Click tracking with mixpanel* --- # Attached documents **Figma file**: optional (paste link) **Spec file**: optional (paste link) **Redmine ticket**: [ ](https://project.kameleoon.net/issues/17500)",Complete,Squad Dev Tools,Roadmap
Hybrid Capability: 3P Analytics Tools,"## **Feature short Allows users to use integrations with 3P Analytics platforms \(e.g. Mixpanel, GA...\) and export results of delivery and experiment rules to analyze outside Kameleoon. ## Problem Today, Hybrid capabilities don't extend to FME and is a deal-breaker for customers whose users are already using an analytics platform and would like to keep reporting streamlined within it. **Workaround:** - **Existing workaround:** No ## Solution **Key benefits** : - With hybrid experimentation, developers do not need to configure code for analytics tracking or set up third-party integrations. Once the PM configures the feature experiment or delivery rule, anyone can iterate on and analyze it. Analysts or PMs can activate data derived from the feature flag with relying on the developer. - Customers can continue to use their preferred analytics tools without any breaks in the UX. - For cost-saving flexibility, users can customize **per flag** whether to track delivery rules, experiments, or both. - Absolutely market-competitive feature ![](https://pb-files.s3.amazonaws.com/production/attachments/6350f1c1437e9b777a1f2e918dc0eed4281ba2d760e134a23e47cb954f8c66fa/image.png) ** Product design:** - **Product package:** Feature Management & Experimentation - **Product scope:** Rollout Planner \(but affects entire FME offering\) - **Target Persona**: PM, Developer, Analyst - **Main updates:** - An additional menu item under the **Reporting** section - On clicking, user sees all of the \(globally\) existing integrations associated with the account - Optionally, users can toggle whether to track data for delivery rules, experiment rules, or both ## **Measuring Success** - **Goal 1:** Get more integration facilitation for fullstack customers - **Success metric:** Number of integrations used \/ flag --- ##",Complete,Squad FM&E,Roadmap
Generate a goal which will be triggered only on Targeting,Feature Requesttestspecific goal - nativein Kameleoon BOhttps://docs.google.com/presentation/d/1vwLoVEf1hPsVxvTT-mmAlrhNBuaYu0U5/edit?usp=sharing&amp;ouid=105060729385659832879&amp;rtpof=true&amp;sd=true,Open,,Roadmap
graphic editor insert an HTML-coder as a new element,"We would like the possibility to directly insert an HTML-code in the graphic editor as a new element. Be able to create an HTML block (same way as we offer the possibility to create a paragraph for example) in the graphic editor. Graphic editor is generally for Marketing people so they do not how to code with JS, therefore it would be really helpful to give them the possibility to create HTML block. In the graphic editor, allow to use also 'em' and 'rem' for margins and paddings.Also for text size and line-height it would be good to enable the use of 'rem' - as 'em' is already an option here. Context:In the graphic editor, when inserting a paragraph, the paragraph has many default HTML/CSS parameters (margin, padding, background color,...) visible in the console in order to be visible to the visitor all the time following its creation (in popin mode).Need1:For paragraph insertions (to be renamed to Text/html?!) and images, give the possibility to the client to say if it's on top of the site or in the site (like in the personal)In case of selection of ""in the site"", ask the visitor to indicate the place where to insert the text/html (as currently in the perso)Need 2 : (to be done after or at the same time as Need 1)Remove the CSS added when inserting a block ""in the site"". In the graphical editor, be able to add HTML/CSS in the page not via a paragraph. Easily position it in the page.The paragraph comes with hidden CSS rules which makes it difficult for the client to edit. Be able to add my own CSS class on widget graphical editor elements.For example, I have my class ""primary-button"" and my class ""secondary-button""Instead of copy/pasting CSS rules for those, I would like to add the class from my website for a specific input.",Open,,Roadmap
creation paragraph element enhancement in the graphic editor,"Be able to use rich text in an text field in the same paragraph in the widget graphical editor.(Colors, List item, numbered list item)Be able to use their own font (without using CSS) When inserting a new paragraph element in the graphic editor, don't attach predefined styling to it. Need 1/3:For paragraph and image insertions, give the client the possibility to say if it is above the site or in the site (as in the personal)In case of selection of ""in the site"", ask the visitor to indicate the place where to insert the text/html (as currently in the perso) Need 2/3: (to be done after or at the same time as Need 1) Delete the CSS added when inserting a block ""in the site"".",Open,,Roadmap
Crazy Egg - Snapshot feature integration,"# Problem/Context ## **Description** Crazy Egg has a [snapshot feature](https://www.crazyegg.com/snapshots). This integration is about allowing user to easily use their Crazy Egg snapshot with their Kameleoon campaigns. ## Workaround No ## **Project justification** **Project type** - Requested capability - New product concept or workflow **Justification** Crazy Egg has requested it, and they already have [the same integration with Optimizely](https://support.crazyegg.com/hc/en-us/articles/1500000935762-Optimizely-Integration). # Solution **Package** A/B Testing / Personalization **Scope** To be defined **User roles** All **Design** To be defined # **Measuring Success** *To be defined* --- # Attached documents **Figma file**: optional (paste link) **Spec file**: optional (paste link) **Redmine ticket**: mandatory (paste link) Add an integration with the snapshot feature of crazy egg. https://www.crazyegg.com/snapshotsA lot of client use this snapshot feature but at the moment it require to add a specific code to the test or the variation : At the moment this code needs to be added manually but it would bring great value if we could update the bridge with crazy egg and provide a no code option for this. Crazy egg would be happy to work with us on this and would then be willing to comunicate about us to the clients.",Complete,Squad Dev Tools,Roadmap
track the exit rate of my visitors on specific URLs,"As a user, I want to track the exit rate of my visitors on specific URLs as it is a very important indicator for my AB test performance",Open,,Roadmap
Multivariate Tests Support on SDKs,"# Problem/Context ## **Description** As a developer, I want to use SDKs to create MVTs (multivariate tests). ## Workaround No, except hard coded handler. ## **Project justification** **Project type** - Requested capability **Justification** This will allow the developers using Kameleoon to make them engage more with the SDKs since they can build MVTs. # Solution **Package** Full stack **Scope** SDKs libraries **User roles** Technical **Design** To be defined # **Measuring Success** To be defined --- # Attached documents **Figma file**: optional (paste link) **Spec file**: optional (paste link) **Redmine ticket**: mandatory (paste link) Multivariate Test for SDKs",Open,Squad Dev Tools,Roadmap
Image library in Code Editor,"# Problem/Context ## **Description** As a developer, I want to use images in the code editor, in particular : - Uploading images in the image library from my computer from the code editor page - Using images that are in the library in the code section (generated URL) ## Workaround No. ## **Project justification** **Project type** - Requested capability **Justification** Requested by our customer **L'Equipe** (insight from Sacha Warin). # Solution **Package** A/B Testing **Scope** Code Editor **User roles** All **Design** To be defined. Here what the pop-up from the Graphic Editor looks like: ![](https://pb-files.s3.amazonaws.com/production/attachments/63c03c8a0cfa9a41d3a90003ec59aa9a64eb63a448a89e2e144e67171965528f/image.png) # **Measuring Success** **Goal 1** Measuring the use of the library from the code editor. - Number of customer using the image library from the code editor - Number of clicks related to the image library from the code editor --- # Attached documents **Figma file**: optional (paste link) **Spec file**: optional (paste link) **Redmine ticket**: mandatory (paste link) Would it be possible to access the picture library via the code editor directly ? Or to have an access to this library from the Back-office dashboard ?",Open,Squad Dev Tools,Roadmap
Administration Redesign : SSO Google,"# Problem/Context ## **Description** Internal administrators should login to administration app via SSO Google. Integration is now possible via Gravitee SSO. We will define groups in google, full admin and admin, these groups will be passed in the SSO response. - For internal admin app : We can directly login via Google SSO. - For admin access to app : Once logged in via SSO we can show a page to enter the client's email and then check the rights and redirect to app =\> This is more complex to do, so could be done later, once the SSO for admin app is working well. ## Workaround No ## **Project justification** **Project type** - Operational improvement - Risk mitigation **Justification** Google will allow users to use the Multifactor authentication. It reduces the rick of piracy. # Solution **Package** *-* **Scope** Back-office Admin **User roles** Users of Back-office Admin **Design** To be defined. # **Measuring Success** *NA* --- # Attached documents **Figma file**: optional (paste link) **Spec file**: optional (paste link) **Redmine ticket**:[ ](http://project.kameleoon.net//issues/16974)",Complete,Squad Dev Tools,Roadmap
Project page - lot 1- step 2,"## Problem/Context Describe the problem you are trying to solve. As a user of Back-office client kameleoon when I want consult informations of a website/project I want to have overall informations in order to take decisions quickly - **Existing workaround:** Yes - **Workaround Informations of a specific site are dispatched between several dashboard in the Back-office **Project justification:** - **Project type:** Improvement to existing workflow - **Justification:** It is very difficult to have a overview of a project/site activity, The dashboard enhancement has good advantage to user who want to know exactly in one glimpse what campaigns was created for one site ## Solution - **Product package:** All - **Product scope:** Site dashboard - **User roles**: All - **Design:** The goal is to have a better orveview of activity on my site/project and have access to general informations and CTA in the same dashboard This US is composed of : - a new page for sites and project (a king of welcoming screen) to get a clear view on the state of the site/projects - additional enhancements of installation flow for the client-side offer only (after lot 1) - a dedicated page for the global script, with ability to simulate it - a dedicated page for legal consent - a dedicated page for the other configuration On the right side of site dashboard we will have a right side bar with all those new categories of pages on it ## **Measuring Success** - **Goal 1:** Engagement - **Success metric:** Allow the user install easily a site or project on the Back-office - **Goal 2:** Satisfaction - **Success metric:** Create a adapted project installation access for package client side & server side users --- ##",Planned,Squad Interfaces,Roadmap
"Collective actions - goals & segments - Lot 1 : activate, disable, manage tags, export, delete","## Problem/Context As a Back-office user, I would like to make multiple selection of segments or goals, in order to apply actions to all elements at the same time *Improve the select all behaviour available on our Goals & Segments pages. Currently, only the elements displayed in frontend are selected. The enhancement will enable to select all elements from backend / in database. Finally, users will save time by applying an action to multiple items at once.* -------- - **Existing workaround:** Yes - **Workaround You can select all elements displayed on the front (around 20), and repeat the action until all elements selected **Project justification:** - **Project type:** Requested capability (existing customers or prospects) - **Justification:** Critical request from 2021 in productboard > FDJ Insights (brought up by CS team): > > ""FDJ wanted an extract of all the goals but only 20 stand out"" ## Solution - **Product package:** Full stack - **Product scope:** On the Back-office segment dashboard , On the Back-office goals dashboard - **User roles**: All - **Design:** Steps of the solution - We can access on goal dashboard or segment dashboard - On the right side of each element, there is a 3 dots button - On click, we have access to a checkbox and several options - We can do one of the actions, on all goals/segments selected (goal: activate, disable, manage tags, export, delete / segment: manage tags, export, delete) - We can make the selection: individually, for several items, or for all items (not only in the front) ## **Measuring Success** - **Goal 1:** satisfaction/ allows user to select all information as indicated on the actions select all - **Success metric:** Satisfaction of customers with this feature (work with consultants) --- ##",Complete,Squad Interfaces,Roadmap
Rollout Planner v2,"To be updated **v2** is our major upcoming update that will change both, the user experience as well as the backend workings of how the rollout planner works. Variation creation & management: New variable management: New layout and nesting of left sidebar: Concurrent segments : Manual targeting toggle : Rule start/stop scheduling: Draggable rule cards to change order of priority : Product tour - Appcues readiness: New overlay (right menu) design: New rule card design:",Complete,Squad FM&E,Roadmap
Goal creation /switch the Selector over the displayed page,"problem in GOALS =&gt; Click goal (new)Customer having problems to scroll down to selector. They can't see it, because there is the hugh page where customer can select an elementImprovement: please switch the Selector over the displayed page.So customers could fill in it manually and they see that important (chosen) selector directly on top.",Open,,Roadmap
Timeline / the option to edit your changes,"Please add the option to edit your changes. Currently it is only possible to view the history of changes that have been made. However, it would be very convenient to also be able to edit them, for instance how this is organized within Google Optimize. Now you constantly make a new change, rather than one big one.",Open,,Roadmap
Package Server-Side lot 2,"## Problem\/Context - As a FME or Hybrid package user, I want to have access to a Back-office client wich fits with my needs - **Existing workaround:** Yes - **Workaround Existing solution, not using options and parameters not related to the current package **Project justification:** - **Project type:** Improvement to existing workflow - **Justification:** User expected to have only parameter useful to fulfill his task and linked to his current package. For example, Personnalisation campaigns creation doesn't include non useful feature flag element. This indicator can be measured on mixpanel \( Analyse if the client click on non necessary elements for his campaign \). This US is also necessary to prevent upgrade and downgrade of campaigns. ## Solution - **Product package:** Full stack - **Product scope:** Product section and pages that will evolve \(on the contrary, you can specify what is out of scope\) - **User roles**: all - **Design:** After a full diagnostic, adaptations on what it displays according the to package will be made. Elements will be deleted Element will be shedded Element will switch to optional - Those changes will be on - Installation project page - New experiment project page - Experiment dashboard - Advanced tool dashboard - SDK code editor finalize panel - Hybrid code editor panel ## **Measuring Success** - **Goal 1:** Satisfaction - Provide a dedicated Back-office according to the user needs will reduce friction in the user flow and make a smoother experience - **Success metric 1:** NB of experiments \(SDK and hybrid\) created for server side clients - **Success metric 2 :** NB of subscription to Fullstack only package ##",Planned,Squad Interfaces,Roadmap
Graphic editor: Possibility to edit elements on a submenu,"idea: Add switch nav\ edition short cut to access to sub menu Sur le WYSIWYG de l'AB testing, il arrive que nous nous puissions pas accéder à certains sous-menu (qui n'apparaissent que au hover ou disparaisse au clic sur un élément externe). Ainsi, sur le site SOMFY, il n'est pas possible d'utiliser le WYSIWYG sur le menu de navigation car le passage du menu navigation à édition fait disparaitre le volet.Idée : Ajouter un raccourci clavier pour le switch nav&lt;&gt;edition pour ne plus à avoir à cliquer sur CTA ni quitter l'élément avec la sourie from fabriceGraphic editor current limitation: Not possible to apply changes on a sub-menu that displays when clicked: To display the menu, one need to be in navigation mode and clic on the menu; and then, when switching to editing mode, the menu is not displayed anymore.Example on this site : https://www.somfy-group.com/fr-fr/Idea for improvement: Switch from navigation mode to editing mode through a keyboard shortcuts that freezees what's currently displayed on the page",Complete,,Roadmap
Be able to select an action based on a custom data value,Be able to select an action based on a custom data value.Exemple:popin_closed = trueshow the small badge,Open,,Roadmap
JS script code section bigger,"Now that the experiments code editor is looking great, it would be nice to be able to hide the left panel so the JS script will be wider and have more space.",Open,,Roadmap
Click tracking goal creation in GE2,"Recap: Click tracking: Request a CSS selector only when creating a click tracking goal This user story include 3 Insights of consultant team: -enhancement of selector CSS -give option to select wich URL will be include in the retention rate -Hide the gray screen when the website is not allowed to accept Iframe Need 1: When creating a click tracking goal, ask if you want to create : With a CSS selector With a selection of an element from an ""example"" page Remember that the CSS selector concerns the whole site (and not just the page displayed) Need 2:In some cases, a client may want a click tracking configuration from a particular page/type of page.Give the visitor the possibility to determine the URL(s) for which conversion is to be included (and only those URLs):Exact URLURL containsREGEXP URL Need 3: Do not display a grey screen page when the site does not allow iframe. I'd like to create a click tracking via the Back-office (without using the graphic editor) on an element that does not have the same selector on mobile &amp; desktop.Impossible to select the element in the mobile version after having selected the element on desktop. Hello product team!Could we please include again the tracking feature within the new graphical editor, please? Clients are getting annoyed...and could even churn for that reason :/(many clients are asking for it: rossel, libération foussier, etc.)Thanks! Pain Point: In the old editor, it was possible to create clickgoals directly in the graphical editor. The graphical editor in the Goal section doesn't have all the functions and offers a small screen in the overlay to work graphically in a meaningful way.As a workaround I have to find my selector from the browser console and copy it into the Goal overlay. Everything else rarely works well. This process typically happens several times because trial and error is necessary. Solution: bring back the goal creation function to the new GE",Complete,,Roadmap
Traffic reallocation option on Code Editor,"# Problem/Context ## **Description** As a developer, I want to do be able to use the traffic reallocation option directly from the Code Editor. - **Existing workaround:** Yes - **Workaround Traffic reallocation is available on the [Graphic Editor](https://help.kameleoon.com/set-up-and-launch-classic-ab-experiment/#6). ## **Project justification** - **Project type:** Requested capability - **Justification:** See insights # Solution - **Product package:** A/B Testing - Developer Editor - **Product scope:** Code Editor page (example : [https://app.kameleoon.com/experiments/codeEditor/**[id]](https://app.kameleoon.com/experiments/codeEditor/**%5Bid%5D)** ) - **User roles**: All - **Design:** Explain with bullet points what your solution consists in (make it synthetic) - In Code Editor page, in the **Traffic allocation** pop-up, we will add the traffic reallocation option, just like it is in the Graphic Editor - ![](https://pb-files.s3.amazonaws.com/production/attachments/f7925a642697f7431a961c93581cc5ce61d7621d4e270edc15971a6de0457a61/image.png) # **Measuring Success** - **Goal 1:** Exploring the reallocation option on the Code Editor - **Success metric:** Number of clicks on the *Traffic reallocation* button - **Goal 2:** Use of Traffic reallocation on code-based experiments - **Success metric:** Number of code-based experiments using the traffic reallocation option --- #",Closed,Squad Dev Tools,Roadmap
VS Code Extension Version 3+,"New version of the VS Code extension, including the following features: - Automatic creation of the file architecture - Create an experiment and deploy it - Create a variation - Create a segment - Create a goal - Create a custom data VS Code Extension - Evolution + Experiment creation: # Problem/Context ## **Description** - New VS Code Extension with more capabilities - This VS Code Extension is easier to use than the previous one - Merging the old version of the VS Code Extension with the new one, in order to have all the current features in the new extension ## Workaround No ## **Project justification** **Project type** - Improvement to existing workflow **Justification** Having this new version of the VS Code Extension, we will allow our users to interact more with their Experiments and Personalization. # Solution **Package** A/B Testing / Personalization **Scope** VS Code Extension **User roles** Technical **Design** - # **Measuring Success** No indicators can be implemented for now. --- # Attached documents **Redmine ticket**: mandatory (paste link) VS Code Extension - Goal creation: # Problem/Context ## **Description** As a developer, I want to be able to use the VS Code extension to create a goal. ## Workaround Yes, by using the app. ## **Project justification** **Project type** - Requested capability **Justification** *Requested by our teams.* # Solution **Package** A/B Testing **Scope** VS Code extension **User roles** All **Design** No design. # **Measuring Success** *To be defined.* --- # Attached documents **Figma file**: optional (paste link) **Spec file**: optional (paste link) **Redmine ticket**: VS Code Extension - Custom Data creation: # Problem/Context ## **Description** As a developer, I want to be able to use the VS Code extension to create a custom data. ## Workaround Yes, by using the app. ## **Project justification** **Project type** - Requested capability **Justification** *Requested by our teams.* # Solution **Package** A/B Testing **Scope** VS Code extension **User roles** All **Design** No design. # **Measuring Success** *To be defined.* --- # Attached documents **Figma file**: optional (paste link) **Spec file**: optional (paste link) **Redmine ticket**: VS Code Extension - Variation creation: # Problem/Context ## **Description** As a developer, I want to be able to use the VS Code extension to create a variation. ## Workaround Yes, by using the app. ## **Project justification** **Project type** - Requested capability **Justification** *Requested by our teams.* # Solution **Package** A/B Testing **Scope** VS Code extension **User roles** All **Design** No design. # **Measuring Success** *To be defined.* --- # Attached documents **Figma file**: optional (paste link) **Spec file**: optional (paste link) **Redmine ticket**: VS Code Extension - Segment creation: # Problem/Context ## **Description** As a developer, I want to be able to use the VS Code extension to create a segment. ## Workaround Yes, by using the app. ## **Project justification** **Project type** - Requested capability **Justification** *Requested by our teams.* # Solution **Package** A/B Testing **Scope** VS Code extension **User roles** All **Design** No design. # **Measuring Success** *To be defined.* --- # Attached documents **Figma file**: optional (paste link) **Spec file**: optional (paste link) **Redmine ticket**: Automation API - Associate a Variation to an Experiment: VS Code Extension - Import one experiment command: # Problem/Context ## **Description** As a developer using the VS Code extension, I would like to import only one experiment of my choice. ## Workaround Yes, by using the ""Import all"" command. ## **Project justification** **Project type** - Requested capability **Justification** The ""import all"" command is too heavy. # Solution **Package** - **Scope** VS Code Extension **User roles** - **Design** - --- # Attached documents **Redmine ticket**: VS Code Extension - Import one personalization command: # Problem/Context ## **Description** As a developer using the VS Code extension, I would like to import only one personalization of my choice. ## Workaround Yes, by using the ""Import all"" command. ## **Project justification** **Project type** - Requested capability **Justification** The ""import all"" command is too heavy. # Solution **Package** - **Scope** VS Code Extension **User roles** - **Design** - --- # Attached documents **Redmine ticket**:[ ](https://project.kameleoon.net/issues/17653) VS Code Extension - Add a refresh button in the Kameleoon Campaigns view: # Problem/Context ## **Description** Add a button to refresh the **Kameleoon Campaigns** view. [**https://code.visualstudio.com/api/ux-guidelines/views#view-actions**](https://code.visualstudio.com/api/ux-guidelines/views#view-actions) ## Workaround No ## **Project justification** **Project type** - New product concept or workflow **Justification** *-* # Solution **Package** A/B Testing / Personalization / Full stack **Scope** VS Code extension **User roles** All **Design** No # **Measuring Success** *-* --- # Attached documents **Figma file**: optional (paste link) **Spec file**: optional (paste link) **Redmine ticket**:",Complete,Squad Dev Tools,Roadmap
Holdout group for A/B Testing,"## Problem\/Context As a data analyst, I would like to measure the long-term impact of Kameleoon experiments always based on the same segment of excluded visitor. We currently already get this feature on our personalization module \(we call it ""control group"" and allow users to define a percentage of excluded visitors from the configuration section of each project\), but not for our A\/B testing one. - **Existing workaround:** Not for the while - starting from Q4 22, yes - **Workaround Starting from Q4 22, yes, via Kameleoon Segment **Project justification:** - **Project type:** Requested capability - **Justification:** - Feature requested by some prospects. On 8th of July 22, requested by MongoDB - Deal lost \(Pandora, US customer\). One of the reason was the lack of reporting capabilities including Holdout\).",Open,Squad Interfaces,Roadmap
Package server side - urgent US,"## What needs to be done? 1. For customers who subscribed to all our packages, A/B + Fullstack (FME), from the new ""Projects"" page, on click on ""Add project"": - project type field appears. We need first to rename the different options displayed in the dropdown. - we need to add a new option, in third position, called ""Site: All types of campaigns"". The goal of this option is to allow our customers who do both client side and SDK campaigns to have a fully customized javascript snippet suited to their needs (which was not the case with previous option Site SDK) - then, if this new option is selected, their is a specific installation process. The detailed specification related to these three points is avalaible on Figma, here: Note that the installation process doesn't change for already existing options (that are just renamed) 2. For customers who only get our fullstack (FME) package, from the new ""Projects"" page, on click on ""Add project"": - project type field appears (no change here) - just two options need to appear in the dropdown: ""Site: SDK and hybrid campaigns"" and ""Mobile app (SDK campaigns)"". In other words, the 2 other options displayed in this same dropdown in case 1 need to be removed. The behaviour when clicking on these options remains unchanged. 3. For all packages, when creating experiments, adapt the ""project list"" to make it coherent with the type of campaign: - from the experiment dashboard, when clicking on ""New experiment"" CTA, we first need to choose a type of campaign: graphic editor, or JS/CSS, SDK or hybrid - then, on the next popin, user needs to choose a project - in this list, we should only display the projects that are compatible with the chosen campaign type. Please refer to this table where I have summarized the expected behaviour (go the the second tab, called ""By experiment type"") : 4. Once all the points mentioned above are done, we will need to do a Database update for all our existing customers who get all our packages: A/B and fullstack (FME). For them, we will need to consider that all of their projects type are configured on the new option ""Site: All types of campaigns"" ## Attached document: - A table with a complete summary of what is expected in each package to make it clear : - Figma link with specification of this new option: - Translation file (work still in progress):",Complete,Squad Interfaces,Roadmap
Switch a server-side test into a hybrid one,"Ability to switch a server-side test into a hybrid oneBe able to switch easily a server-side test into a hybrid test. Technical teams are often the one who create SS tests and the marketing team who want to add additional tracking, etc. It would make sense to be able to do that by a simple click instead of deleting a SS test and create a new hybrid test :)",Open,Squad Interfaces,Roadmap
Convert last visit Elasticsearch use cases to ClickHouse,"Enable users to perform Convert last visit Elasticsearch use cases to ClickHouse, improving data management and operational efficiency.",Complete,Squad Data,Roadmap
Experimentation Roadmap (Gantt roadmap),"# Problem\/Context ## **Description** As a Kameleoon consultant, I want to know what is the roadmap for a customer, the state for its campaigns \(past, present and future\). Because, **customers don't share their campaign roadmap**, so it can be useful to have a **visualization of their campaigns in a timeline**. It should be in a **Gantt chart**. ## Workaround Yes, by looking at the campaigns in the dashboard, one by one. ## **Project justification** **Project type** - Requested capability - Operational improvement **Justification** Requested by our consultants, improving our operational knowledge. # Solution **Package** NA **Scope** Back-office Admin **User roles** Kameleoon Back-office Admin users **Design** Gantt diagram representing the campaigns in their different states. # **Measuring Success** NA --- # Attached documents **Figma file**: optional \(paste link\) **Spec file**: optional \(paste link\) **Redmine ticket**: - \[SPIKE\] Experimentation Roadmap \(Gantt roadmap\) Automated roadmap within Kameleoon platform It would be cool for clients who don't really share their roadmap with us, to have something automatically generated within Kameleoon to have visibility on how many tests were launched by a client each month (similar to a Gantt chart?), to also observe very quickly business seasonality, different colors if tests is still live, or paused (little note or arrow besides the test name if primary goal is improved, etc.) and we could also imagine a backlog list automatically generated based in the ""drafted"" tests. The idea of this roadmap would be high level, with very simple and key information. would be great ! currently we have an excel file with a roadmap which has to be created manually. This would be a great addition to improve communication with our stakeholders Requested by many clients and I'm sure people that are not using anything would start using it In the future program management, the client would like to be able to add custom steps not only ""planned"" ""new"" ""online"" ""done"", but also some step validation ""To be QA BY XX"" ""To be validated by YY""",Planned,Squad Dev Tools,Roadmap
Breakdowns/Filters: Allow labels for CD to be displayed,"## **Feature short Describe what the feature does. Structure this as: [Feature] allows [target persona] to [accomplish a task] by [capability / the how of the feature]. ## Problem What problem are we trying to solve with this feature? Or, what is the opportunity we are addressing? Example: ""As a developer, when I want to do ..., I get the following problems."" **Workaround:** - **Existing workaround:** Yes \/ No - **Workaround If there is a workaround, explain how we can proceed to solve the problem today ## Solution **Key benefits** : What value does this feature bring to the user? Answer the question, What are the benefits for the end user? as if you were talking to Customer Success. example: * benefit 1 * benefit 2 **Use Cases:** Share use cases where this feature would help our users. Use the Jobs To Be Done framework to illustrate our user's motivation and behaviour. Structure this as: When the user [situation], they want to [motivation], so they can [expected outcome]. ** Product design:** - **Product package:** Web Experimentation \/ Full Stack Experimentation \/ Feature Management \/ AI-driven Personalization *\(only keep the right answers\)* - **Product scope:** Product section and pages that will evolve \(if needed, define sections\/pages that will be out of scope\) - **Target Persona**: Which one of our target persona is going to benefit from this feature? \(Marketer \/ Developer \/ Product Manager\) - **Main updates:** In bullets, concisely describe what your solution consists of: - In page X, we add ... - On click, ... - Optionally, paste images of the solution here \(or paste Figma link\) ## **Measuring Success** - **Goal 1:** indicate the goal of this topic - **Success metric:** indicate the key indicator of success that will measure the achievement of goal 1 Copy and paste previous paragraph for each goal attached to this topic. Report to PDB Template - Slide 13 for examples --- ##",Open,Squad Data,Roadmap
Automation API: Embbed all the indicators currently displayed on the RP,"Currently the Results endpoint for the Automation API returns conversion, converted visit, revenue, and converted visitor counts for the variation/goal. It would be great if the ""reliablity"" or ""statistical significance"" information was included that is available currently on the results page.",Open,Squad Data,Roadmap
Shopify Integration and updates,"# Problem\/Context ## **Description** Our current **Shopify Plus** integration needs to be updated. We have several objectives : - Reuse the current code of the Shopify Plus integration, understand and update it - Fix existing bugs - Support multiple theme configuration. This will allow our users to use Kameleoon in all the themes that they are using on their website. ## Source Code Source code : ## Documentation This is how our users can currently use the Shopify Plus integration: ## Our app in the store Here's the app page in the shopify app store: ## The Shopify Partners dashboard Ask Yassin Hassan to get access to the partner dashboard. ## Workaround No ## **Project justification** **Project type** - Requested capability - Improvement to existing workflow --- # Attached documents **Figma file**: optional \(paste link\) **Spec file**: optional \(paste link\) **Redmine ticket**:",Complete,Squad Dev Tools,Roadmap
Google Analytics 4 (GA4) Audiences Integration,"## **Feature short Describe what the feature does. Thanks to this integration, our customers will be able to use their GA4 Audiences as a Kameleoon custom data, and then target visitors based on their related GA4 Audiences they belong to. ## Problem What problem are we trying to solve with this feature? Or, what is the opportunity we are addressing? Here, we want to allow our customers to target their visitors based on a GA4 Audience. **Workaround:** - **Existing workaround:** No - **Workaround - ## Solution **Key benefits** : What value does this feature bring to the user? - A customer can use a GA4 Audience that he thinks is relevant enough to be targeted by a Kameleoon campaign. - A customer can enrich the data collected for a visitor by attaching the Audience name to it. **Use Cases:** - IDK, ask prospects :\) ** Product design:** - **Product package:** Web Experimentation - **Product scope:** Custom data - **Target Persona**: Marketer \/ PM - **Main updates:** NA ## **Measuring Success** NA --- ##",Complete,Squad Dev Tools,Roadmap
Too much conditions for one segment (more than 100)- alert the user for new and exisiting segments,We are exploring the addition of 'Too much conditions for one segment (more than 100)- alert the user for new and exisiting segments' to our roadmap. This initiative aims to address specific user needs and expand the platform's core capabilities.,Open,Squad Perso,Roadmap
Product API,"# Problem/Context ## **Description** This module is an entry point to interact with your product catalog. For instance, it can be used to register a product view or purchase, add a product to the cart, obtain a set of automatic product recommendations, or obtain statistics about a given product (how many times it was bought or viewed in the last hour or day). ## Workaround No ## **Project justification** **Project type** - New product concept or workflow **Justification** *-* # Solution **Package** A/B Testing / Personalization / Full stack **Scope** Activation API **User roles** - **Design** No design --- # Attached documents **Redmine ticket**: - -",Complete,Squad Dev Tools,Roadmap
Drag and drop templates,"## Problem/Context As a user, I would like to be able to set the element position with my mouse on the segment builder. - **Existing workaround:** No **Project justification:** - **Project type:** Improvement to existing workflow ## Solution - **Product package:** A/B Testing / Personalization - **Product scope:** Widget editor - **User roles**: Roles Production and technical - **Design:** For all the new created widgets, on the template selection pop-in of the widget editor, there will be a checkbox dedicated to display the template that can be used with this feature. If one of these templates is chosen, user will be able to : - Set the element position with their mouse - Access and modify the element size, and their exact position on a specific area ## **Measuring Success** - **Goal 1:** Enhance and simplify the widget design - **Success metric: NPS** --- ##",Complete,Squad Perso,Roadmap
VS Code Extension Version 4+ (File architecture independence),# Problem\/Context ## **Description** We would like the VS Code extension to be independent of the file naming conventions. This will allow our teams to work with external partners like Optiphenix. ## Workaround No ## **Project justification** **Project type** - Requested capability **Justification** Needed by Kameleoon # Solution **Package** A\/B Testing \/ Personalization \/ Full stack *\(only keep the right answer\)* **Scope** VS Code extension **User roles** - **Design** - # **Measuring Success** *-* --- # Attached documents **Figma file**: optional \(paste link\) **Spec file**: **Redmine ticket**: VS Code Extension - Migration of gulp-tasks to VS Code extention:,Complete,Squad Dev Tools,Roadmap
GraphQL API - Public Release,"# Problem\/Context ## **Description** This ticket is about making the GraphQL API available for everyone \(Kameleoon teams and customers\). Related tickets : - That includes the following tasks: - Build a documentation for the GraphQL API - Make sure there's no back holes \(like enabling FF without proper permission for your account\) - Make sure user access permission is property configured within GraphQL - Add proper weight limits \(Denis is working on this task\). Important points : 1. It would be great to have a better quality documentation than the REST API. In REST API there were lots of errors in documentation, fields named badly also \(poor design\). Customers complained about this. 1. It has to be done without Jean-Noël's involvement. 1. We need to generate the documentation from the source code. 1. As part of that project, [\@Yassin Hassan](https://kameleoon.slack.com/team/U034N93B9RV) should change the documentation engine. ## Workaround Yes, the Automation API. ## **Project justification** **Project type** - New product concept or workflow **Justification** Because we often have bugs in the REST API that are already fixed in GraphQL as GraphQL API is used by most of our internal services. # Solution **Package** A\/B Testing \/ Personalization \/ Full stack **Scope** API **User roles** - **Design** - # **Measuring Success** *I don't know.* --- # Attached documents **Redmine ticket**:",Open,Squad Dev Tools,Roadmap
Code Editor Pop Out,"# Problem/Context ## **Description** As a user of the Code Editor, I would like to have my code editor in its own window. This way, the code editor will be wider, without header and without the left navigation menu. This window will be synchronized with the ""main"" window. It is useful when coding with several screens. Example: Connect to the product account ([product.kameleoon@gmail.com](mailto:product.kameleoon@gmail.com)) and put this in the console: window.open(""https://back-office-redesign.kameleoon.com/abTest/codeEditor/168506"", ""mozillaWindow"", ""popup""); ## Workaround Yes, simply open the code editor as usual. ## **Project justification** **Project type** - New product concept or workflow **Justification** Have a wider view of my code. # Solution **Package** A/B Testing **Scope** Code editor **User roles** - **Design** Explain with bullet points what your solution consists in (make it synthetic) In the code editor, we add a button to make the code part pop-out # **Measuring Success** *To be defined.* --- # Attached documents **Figma file**: optional (paste link) **Spec file**: optional (paste link) **Redmine ticket**: mandatory (paste link) I tend to have Kameleoon running on my portrait mode screen since during test development I'm 99% of the time just using it to paste in and save new code from another IDE. In this screen orientation the navigation takes up a lot of space. If I was able to see the code on most of the screen instead of less than half, I might actually be able to do code edits right in the Kameleoon interface itself. Would be good to have this More comfort while coding within the code editor",Open,Squad Dev Tools,Roadmap
Zeotap Integration,"To be defined Kleinanzeigen, a new big DACH client, wants this feature this year. Zeotap will be used as CDP for us and an integration with Kameleoon provides valuable options to a) enrich Zeotap audiences with information from Kameleoon and b) use Zeotap audiences for targeting purposes This is a critical integration for the biggest German client (Kleinanzeigen/Adevinta).They think, we are currently already ""working on it"".",Open,Squad Dev Tools,Roadmap
Engine last rebuild date in app,"# Problem\/Context ## **Description** When users are doing changes in production, a request is sent to start rebuilding the kameleoon.js script, to update the CDN with the last version of kameleoon.js. The problem is that users can't see anything from this process. They don't know if the process started or if script has finished rebuilding. So the goal here is to provide the user more information like the ""last rebuild done"" so they will know if their script is updated. We are now displaying the last rebuild date in the project page. ![](https://pb-files.s3.amazonaws.com/production/attachments/4efbf77c0b5f4f35cf30eb56a76087be63320bf4f1ec7c74b80275d39e9b8c9f/image.png) ## Workaround No. ## **Project justification** **Project type** - Requested capability **Justification** I think customers are complaining about this, or at least it can help our consultants in providing a better support to our customers. # Solution **Package** A\/B Testing \/ Personalization **Scope** To be defined **User roles** All **Design** To be defined # **Measuring Success** To be defined --- # Attached documents **Figma file**: optional \(paste link\) **Spec file**: optional \(paste link\) **Redmine ticket**: Engine - Sending queue messages: For the engine part, we have two options: - Option 1 : The rebuild is successful \(we have a success status\), then we send a message in the queue \( queue-kameleoon-js-file-ms \) containing the sitecode. This is what we are currently doing : we send a message \( through queue-kameleoon-js-file-ms \) to notify the CDN to purge the cache. This action is triggered when the rebuild is successful. - Option 2 : The rebuild respond with an OK\/KO status, then the engine will create a new queue \(like queue-kameleoon-rebuild-status \) and send an object containing the sitecode and the status. This is what we can do if we would like to send a status with the sitecode, so this queue will be triggered whether the rebuild is successful or not \(compare to the queue-kameleoon-js-file-ms queue that is triggered only when the rebuild is successful, this is why there's no status in it\). Backend - Saving queue objects in the database: On the backend side, we wait for the queue objects, and save them using the sitecode associated with the data as an array containing the date \(or the status in the case of option 2\). Done the same time as ADMIN Back-office. [ ](https://project.kameleoon.net/issues/18240) App - Changing the GraphQL query and displaying the data: On the app, we need to add extra field in the existing graphql query and display the data on the page. [ ](https://project.kameleoon.net/issues/18241)",Complete,Squad Dev Tools,Roadmap
Endpoint bridge - Kameleoon pushing data through a customer's endpoint,"# Problem/Context ## **Description** The idea is to allow the customer to provide an endpoint (it can be in the integrations page, for example) that Kameleoon will use to push data continuously. So the customers won't have to ask us to do it, they will just do it by themselves providing their endpoint in the app (Back-office). ## Workaround No, except setting everything manually, customer by customer. ## **Project justification** **Project type** - Requested capability **Justification** We had the discussion with JusBrasil, and this can be a very requested feature in the future, considering the use of server side experiments. # Solution **Package** A/B Testing **Scope** Integration page **User roles** All **Design** To be defined # **Measuring Success** To be defined --- # Attached documents **Figma file**: optional (paste link) **Spec file**: optional (paste link) **Redmine ticket**: mandatory (paste link) Many API need a proxy to be used from server to server.Most of the time it requires a development",Open,Squad Dev Tools,Roadmap
Enhancements to the Audiences Explorer export function,"Audiences Excel exports: ## Problem/Context As a marketer, when exporting data on Audiences, I want to have the freedom to perform deeper custom analyses I choose. To do that, PDF export is not adapted \> I need Excel exports. - **Existing workaround:** Yes - **Workaround Copy and paste the data from PDF export, or type them manually from the platform to an Excel document (but it's not convenient at all). **Project justification:** - **Project type:** Requested capability - **Justification:** This is a customer request (from LIDL namely) ## Solution - **Product package:** Personalization - **Product scope:** Audiences dashboard, Audiences segments detailed pages - **User roles**: Marketing - **Design:** - Add a new action in Audiences page to enable Excel exports, in the page actions dropdown - Excel exports with all the relevant data ## **Measuring Success** - **Goal 1:** use of the feature - **Success metric:** number of users who use the Excel exports + ratio vs the number of users that have installed Audiences --- ##",In Progress,Squad Data,Roadmap
Live streaming/debugging,ça serait pratique si on avait un log des hits envoyés vers les intés,Open,Squad Dev Tools,Roadmap
Audiences - Share URL enhancements,We are exploring the addition of 'Audiences - Share URL enhancements' to our roadmap. This initiative aims to address specific user needs and expand the platform's core capabilities.,Complete,Squad Data,Roadmap
Major widgets enhancements,We are exploring the addition of 'Major widgets enhancements' to our roadmap. This initiative aims to address specific user needs and expand the platform's core capabilities.,Complete,Squad Perso,Roadmap
Hightouch Integration,"# Problem/Context ## **Description** Describe the problem you are trying to solve. Ex: ""As a developer, when I want to do ..., I get the following problems."" ## Workaround No ## **Project justification** **Project type** - Requested capability **Justification** Requested by New Relic # Solution **Package** A/B Testing / Personalization / Full stack *(only keep the right answer)* **Scope** Product section and pages that will evolve (on the contrary, you can specify what is out of scope) **User roles** Roles (admin / super admin / marketing / production / technical / all) that will benefit from this project **Design** Explain with bullet points what your solution consists in (make it synthetic) In page X, we add ... On click, ... Optionally, paste images of the solution here (or paste Figma link) --- # Attached documents **Figma file**: optional (paste link) **Spec file**: optional (paste link) **Redmine ticket**: mandatory (paste link)",Complete,Squad Dev Tools,Roadmap
Clarity Integration,"# Problem\/Context ## **Description** We have a prospect that don't want to use Hotjar, we had to propose an alternative. Clarity could be the right alternative to them. So, we might need to build an integration with it. ## Workaround Yes, maybe by using custom analytics. ## **Project justification** **Project type** - Requested capability **Justification** For prospects AB Tasty has a partnership with Microsoft # Solution **Package** A\/B Testing \/ Personalization \/ Full stack **Scope** integrations **User roles** - **Design** - --- # Attached documents **Figma file**: optional \(paste link\) **Spec file**: optional \(paste link\) **Redmine ticket**:",Complete,Squad Dev Tools,Roadmap
POEditor migration,[https:\/\/project.kameleoon.net\/issues\/18156 ](https://project.kameleoon.net/issues/18156)Migration old pages from POEditor to Polyglot localization service. Impacted pages: legacy Back-office pages and editor pages,Complete,Squad Data,Roadmap
Forced SDK Decision method for testing and debugging,"**Overview:** The Forced SDK Decision feature empowers developers to test and debug various application flows by overriding standard variation assignment. It will allow developers to force specific users into predetermined variations, helping with experiment setup and debugging processes without using the Kameleoon app. **Key Benefits:** - **Controlled Testing:** Precisely manage which variation users experience, ideal for troubleshooting and validating experiments. - **Enhanced Debugging:** Simplify debugging by forcing decisions at the SDK level, allowing quick identification of potential issues. - **Customizable Flow:** Modify or remove forced decisions as needed, ensuring flexibility during testing. **Use Cases:** - Validating experiment setup before full rollout. - Debugging user flows in development or production environments. - Isolating specific variations for testing with specific user groups. Possibility to Q/A feature flags by forcing the display of a variation- Using a command in the console- Through the Kameleoon extension It will help us immensely in the QA process of tests Te easy verify the different versions, without clearing cookies, pausing the test, or changing in the experiment When we develop new functionality, we often have requirements to ""hide"" new functionality behind an A/B test. This makes it hard to test new functionality since we may get the ""staus quo"" version when testing. Thus, we can't see if the new functionality works. To simplify testing of A/B test during stageing We neee to be able to do QA on feature flags Developers can have direct control over which variations are shown to which users, and can expect a more streamlined way to validate your setup and configurations in real-time. makes it easier to see the outcome of an Ab test would help us a lot at various clients especially for our developers inconvenient to use the kameleoon site to do this We are currently working with multiple environments and have a lot of A/B tests running at the same time. Often tests overlap and we need to force a variation of one test in order to test something else. We need this to showcase to our stakeholders when we do major changes that they might become aware of from our customers, as the tests can potentially affect our customer experience significantly negatively. Also for our quality assurance, it eases the work significantly as we are ramping up experimentation significantly. Q/A-testing of A/B-test would be much easier to perform So that we can more easily present variations of an A/B test to our stakeholders. Our cro expert needs it For QA purposes",Complete,Squad FM&E,Roadmap
Exclusive Targeting conditions,"**Targeted Feature Flags:** Include or exclude visitors already targeted by another feature flag - **Targeted Web Experiment:** Include or exclude visitors already targeted by a web experiment. - **Exclusive Feature Flag:** Includes only the users who are not already included in any active feature flag, web experiment, or both. - **App version:** Target users based on the version of their mobile app.",Complete,Squad FM&E,Roadmap
Collective actions on Dashboard pages,"## Problem\/Context As a Back-office user, I would like to make a multiple selection of experiments or personalizations , in order to apply actions to all elements at the same time *Improve the select all behaviour available on our experiments or personalizations pages. Currently, only the elements displayed in frontend are selected. The enhancement will enable to select all elements from backend \/ in database. Finally, users will save time by applying an action to multiple items at once.* List of actions: manage tags, export, archive, delete -------- - **Existing workaround:** Yes - **Workaround You can select all elements displayed on the front \(around 20\), and repeat the action until all elements selected **Project justification:** - **Project type:** Requested capability \(existing customers or prospects\) - **Justification:** 2 insights one of which was critical request from 2021 in productboard > Selecting multiple Perso and A\/B test to perform group actions:Pause \/ Put online \/ Stopped \/ Delete \/ tag A select all button when I have a filterOne click to perform a lot of actions ## Solution - **Product package:** Full stack - **Product scope:** On the Back-office *experiments* dashboard , On the Back-office *personalizations* dashboard - **User roles**: All - **Design:** Steps of the solution - We can access on *experiments* dashboard or *personalizations* dashboard - On the right side of each element, there is a 3 dots button - On click, we have access to a checkbox and several options - We can do one of the actions, on all experiments\/*personalizations* selected \( manage tags, export, archive, delete\) - We can make the selection: individually, for several items, or for all items \(not only in the front\) ## **Measuring Success** - **Goal 1:** satisfaction\/ allows user to select all items as indicated on the actions select all - **Success metric:** Satisfaction of customers with this feature --- ##",Complete,Squad Interfaces,Roadmap
New KPI for Revenue per Visit/Visitor,"## Problem\/Context Analyst users heavily rely on the Revenue per visit \/ visitor to measure the success of a campaign. The current problem is that this KPI isn't available in the results pages, so they have to perform their own calculation - but it's not convenient and makes them lose time. - **Existing workaround:** Yes - **Workaround Use the Revenue and the Number of visits \/ visitors to perform the calculation on your own **Project justification:** - **Project type:** Requested capability - **Justification:** Recurring requests from consultants and customers ## Solution - **Product package:** A\/B Testing \/ Personalization - **Product scope:** Experiments and Personalizations reporting pages - **User roles**: Roles \(admin \/ super admin \/ marketing \/ production \/ technical \/ all\) that will benefit from this project - **Design:** - In Experiments and Personalizations reporting pages, on goals blocks \(each time a goal contains a Revenue attribute\), add a column ""Revenue per visit"" \(or ""Revenue per visitor"", depending on the data view the user chose at the top of the page\). - Calculation is the following: Revenue \/ Number of visits \(or Revenue \/ Number of visitors\) ## **Measuring Success** - **Impacted input metric:** - Number of KPIs used within a live campaign --- ##",Complete,Squad Data,Roadmap
Goals API - processConversion enhancements,"on a pas mal de clients maintenant qui utilisent le processConversion(id, revenue) pour convertir un goal qui n'est pas un revenu, comme le nombre de produits achetés par exemple : processConversion(id, nombreArticle)du coup dans la page résultat on aura a 100$ dans la colonne revenu alors que c'est 100 articles achetésest ce que une évolution est possible ou déjà prise en compte ? soit en back dans le processConversion ou en front sur la page résultat",Under Review,Squad Data,Roadmap
Login with Google button,"# Problem\/Context ## **Description** Use your Google account to log in. ## Workaround Yes, username \+ password ## **Project justification** **Project type** - Requested capability **Justification** *-* # Solution **Package** A\/B Testing \/ Personalization \/ Full stack **Scope** Log in page **User roles** All **Design** You click on the ""Continue with Google"" button, if a Kameleoon account matches your Google email address, you're logged in. # **Measuring Success** *-* --- # Attached documents **Figma file**: [https:\/\/www.figma.com\/file\/7fEKk9BL3f12ciubAYNpQS\/US---Google-Button?node-id=71%3A1497](https://www.figma.com/file/7fEKk9BL3f12ciubAYNpQS/US---Google-Button?node-id=71%25253A1497) **Spec file**: optional \(paste link\) **Redmine ticket**:",Complete,Squad Dev Tools,Roadmap
Updating the Amplitude integration to the new SDK,"Provide seamless integration capabilities for 'Updating the Amplitude integration to the new SDK', allowing users to synchronize data and streamline workflows.",Complete,Squad Dev Tools,Roadmap
Enrich features of our Product API,"Provide seamless integration capabilities for 'Enrich features of our Product API', allowing users to synchronize data and streamline workflows.",Under Review,Squad Dev Tools,Roadmap
Results page - Make URLs in Tags and Description clickable,We are exploring the addition of 'Results page - Make URLs in Tags and Description clickable' to our roadmap. This initiative aims to address specific user needs and expand the platform's core capabilities.,Planned,Squad Data,Roadmap
Export global indicators on all campaigns' overall performance,"Hello The product Team, I have a client that want to create weekly, monthly, 6-month and 1-year reports on the tests launched during these periods. The main objective being to realize the performance of the tests through ""simple"" dashboards which would allow to compare conversions in current week vs week S-1, current month vs month m-1 ... Currently we go through pivot tables but which require exporting via the KAM results page. Copy / paste the data into another file with all the periods and then do the analysis.What is needed is to give the client the possibility of making an export by selecting several tests, by splitting by week, month etc. and then to be able to make the template in ""pivot tables"" mode or a bit like on GA and that the data is updated if the customer wishes a daily export for example.If you want I can show you an example of my client files. It's an important request and if you can help me to gain time it would be wonderful. Do not hesitate to slack me if you want talk face-to-face on the subject.",Open,Squad Data,Roadmap
Installation page > wording enhancements for cross domain,"Enhance the wording of the cross domain option that could be misleading. ![](https://pb-files.s3.amazonaws.com/production/attachments/26750035ab47629205f478425a33ea6050484810ee8911bf19f57970b0ea5cb6/image.png) ![](https://files.slack.com/files-pri/T0392603X-F045DM80C0M/screenshot_2022-10-06_at_15.11.43.png) Indeed, users will always have the temptation to choose ""Yes"" \(see the details sent by Aurélie Pépin in the Insights section\) Un petit message pour vous faire un retour sur la page de setup dun projet. Dites moi si je dois adresser mon message à qqun dautre dailleurs !Je trouve que la formulation de la question porte à confusion. Car même si les clients nont indiqué quun seul domaine dans la question précédente, je pense quils vont qd même répondre oui à la question suivante. Du coup, ça ajoute automatiquement liframe dans la config alors que cela nest pas forcément nécessaire.Je sais quil y a une release prévu sur la page projet donc ce sujet est peut-être déjà pris en compte. Jai cherché avant de vous écrire (pour éviter de vous faire un feedback non pertinent) mais jai pas réussi à trouver dinfo Feedback remonté par Aurélie sur Slack à Fabien le 06/10",Open,,Roadmap
Activity Log for Feature Flags,"## Feature Summary **Activity Logs** will effectively maintain a track of all Kameleoon user activities pertaining to Feature Flags that happened within a customer's account. Users' activity will be logged automatically for any **creation**, **toggling**, **deletion**, or **editing** actions performed inside a feature flag, as well as show the status of the rule that was changed. --- ## Problem - As a PM or Tech lead, when I want to see what changes were made within a feature flag, there is currently no way. - **Workaround:** None ## Solution Benefits 1. **Keep track of changes:** Logs help leave a historical trail of all changes made to a flag's configuration. In high-stakes environments, logs are critical to be able to trace your steps back for debugging, potential rollbacks or identifying incorrect targeting conditions. 1. **Transparent workflow management:** When experimentation, feature flags or delivery management have several stakeholders involved, not having a clear way to uphold accountability for actions can lead to problems and uncomfortable situations. Logging ensures each action performed on Kameleoon can be linked back to individual users and thus ensure sanctity of daily operations 1. **Monitoring & Compliance:** Given the substantial overlap of DevOps with feature flagging, logs help find needles in a haystack, and subsequently make the software delivery cycle more secure and compliant 1. **Tech. Debt Management:** A major challenge of working with feature flagging is the tech debt that accumulates over time. Logs also help weed out flags that have become obsolete or orphaned. ![](https://pb-files.s3.amazonaws.com/production/attachments/65e172ac15722631480c4d95145f78af3286712c2398c13a0e166b526bd10904/image.png) ** Product design:** - **Product package:** Feature Management and Experiment - **Product scope:** Rollout Planner - **Target Persona**: PM, Developer - **Main updates:** An additional menu item under the **Reporting** section, with a similar activity log as the main platform \(\+ filters adapted to the reported changes\) ## **Measuring Success** - **Goal 1:** Drive more value for larger teams interested in this feature - **Success metric:** Feature adoption --- ##",Complete,Squad FM&E,Roadmap
Automatic Rollbacks,"## **Feature short This feature will allow users of FME to turn off a feature automatically if predefined KPI thresholds are met. The user will be able to choose the KPIs that will act as triggers for the rollback, as well as the values at which the feature should turn off. The user can also choose the minimum number of visitors evaluated or time elapsed before the rollback condition takes effect, as well as the option to notify themselves or others if a rollback occurs. ## Problem - As a PM, dev or analyst, when I want to proactively turn off a poorly performing feature with minimal monitoring, theres no way to set and forget. - Even Progressive delivery rules, despite their slow ramp-up, still need to be monitored manually. - Implementing automatic feature rollbacks can be complex and time-consuming, requiring significant effort to set up and maintain - I dont have control over critical mass of customers to have been exposed before my guardrail takes action \(to ensure the rollback is not a false positive\) - I have to configure alerts from the results page and can only do so for experiments at the moment - and the entire process is very disjoint from the creation step. **Workaround:** - **Existing workaround:** Partially - **Workaround Only for Feature Experiments Using the results page of experiments to create manual alerts for specific KPIs. ## Solution **Key benefits**: 1. **Saves time and effort:** Automatic feature rollbacks save developers time and effort by automatically rolling back features that are causing issues or bugs, rather than having to manually identify and revert them. 1. **Reduces downtime:** By quickly detecting and rolling back problematic features, automatic feature rollbacks can help reduce system downtime and minimize the impact on end-users. 1. **Improves stability:** By automatically detecting and rolling back problematic features, the overall stability of the system can be improved, reducing the likelihood of future issues. ** Product design:** - **Product package:** Feature Management - **Product scope:** Inside rule configuration overlay - **Target Persona**: All - **Main updates:** - Additional step when creating or editing a rule. - User selects parameters for triggering rollback and the minimum thresholds. ![](https://pb-files.s3.amazonaws.com/production/attachments/6d814765e3f1aaef1f4cf71292df26958e3e326bf6d4317e2381bb4197b91ba9/image.png) ## **Measuring Success** - **Goal 1:** Feature adoption - **Success metric:** No. of rollbacks configured --- ##",Complete,Squad FM&E,Roadmap
Bayesian feature wording improvements,We are exploring the addition of 'Bayesian feature wording improvements' to our roadmap. This initiative aims to address specific user needs and expand the platform's core capabilities.,Complete,Squad Data,Roadmap
Heap Cohorts Integration,How to pull segments from Heap Analytics,In Progress,Squad Dev Tools,Roadmap
Cross campaign analysis,"The Cross campaign analysis feature allows users to filter/breakdown the data on the result page by ""Campaign"", to analyze the impact of a campaign on another. ## Problem What problem are we trying to solve with this feature? Or, what is the opportunity we are addressing? When analyzing the results of a campaign, a user is not currently able to know the effects of a campaign on another, which would bring a lot of insights as a visitor might have been subject to multiple campaigns, affecting his behavior. It will give more transparency to data analysis on Kameleoon. **Workaround:** - **Existing workaround:** No ## Solution **Key benefits** : What value does this feature bring to the user? -Allow deeper analysis -Knowing if a visitor has seen multiple campaigns and not only the one of the result page the user is on -Knowing what impact the combination of multiple campaigns might have had on visitors **Use Cases:** Share use cases where this feature would help our users. I have 3 campaigns running on my website, and I don't understand why my results seem off. I will breakdown my results by campaign to check if it might be the combination of my campaigns that have a certain effect on visitors, as it could just be one of my campaign that is bringing the others down. I can breakdown and filter by campaign but also by a specific variation of a campaign. ** Product design:** - **Product package:** Web Experimentation \/ Full Stack Experimentation \/ Feature Management \/ AI-driven Personalization - **Product scope:** Experiments and Personalizations Result pages - **Target Persona**: Marketer \/ Product Manager - **Main updates:** - On the result page of a campaign, I click on breakdown\/filter and select ""campaign"" - I choose which perso\/experiment or variation I want to filter\/breakdown on and validate - Filter : The filter will be applied and appear in ""Filter by"", and the results will be filtered by the chosen campaigns. - Breakdown : The breakdown will be applied and the details of every variation will appear ## **Measuring Success** - **Goal 1:** More depth - **Success metric:** The number of times this filter\/breakdown is used on result pages. --- ##",Complete,Squad Data,Roadmap
Raw visit/visitor export,"## **Feature short Describe what the feature does. Raw visit/visitor export allows every user to get the raw data of an experiment by adding the option to export the data ""raw"" in the ""export"" menu in the ""Actions"" dropdown, on the result page. ## Problem What problem are we trying to solve with this feature? Or, what is the opportunity we are addressing? As a user, I can't currently get the data Kameleoon is collecting in order to display the result page, and can only get the data showing on the result page. I would like to get the raw data of an experiment when I'm on a result page, to be able to analyze it with my own tools for example. **Workaround:** - **Existing workaround:** Yes - **Workaround : Users can specifically ask Kameleoon to access the raw data of an experiment, and we can provide them such data, because we do have it, we just didn't make it available to everyone easily yet. ## Solution **Key benefits** : What value does this feature bring to the user? -It brings more transparency to the users, as they can see the data we are getting on their website before we transform it and display it on the result page. -It will give more flexibility to users as they will be able to manipulate the data on their end, and they might want insights we don't currently offer on the result page. **Use Cases:** Share use cases where this feature would help our users. When user wants to analyze data of an experiment run on their website, as they love Kameleoon experiments but rather experiment with their data themselves, they will be able to get this data and do whatever they want with it. ** Product design:** - **Product package:** Web Experimentation \/ Full Stack Experimentation \/ Feature Management \/ AI-driven Personalization - **Product scope:** Product section and pages that will evolve \(if needed, define sections\/pages that will be out of scope\) - **Target Persona**: Which one of our target persona is going to benefit from this feature? \(Marketer \/ Developer \/ Product Manager\) - **Main updates:** - In the result page \>\> in the actions dropdown \>\> in the export section - There will be a new field, above all the others, called "" type of export"", with 2 options : raw \(new\) or aggregated data \(what we currently offer\) - If aggregated is selected, nothing changes, it stays the same as it is now - If raw is selected, we remove the last 2 fields \(""include"" , and ""view by goal""\) and add a new field called ""email address"", where the default email will be the account one, but the user can edit this field and type his own mail if it's not the same \( as many users can use the same account \) - User validates and receives, when it's ready, either the file with the format he selected, or a link to download the file \( we're not sure yet about what's the best\) - We have not decided of a time\/size limit yet, but we might add one if needed. ## **Measuring Success** - **Goal 1:** The goal of this topic is to add more transparency and flexibility in the analysis capacity we offer to our customers - **Success metric:** The key metric indicator will be the number of raw exports done across our customers' accounts --- ##",Complete,Squad Data,Roadmap
Bot Filtering for Full Stack Experimentation,"Websites today are commonly visited by **bots** and **spiders** which skew event tracking and conversion data by posing as actual human visitors. Experiment results can lose their value if numbers get inflated due to bot visits, which is why Kameleoon provides an easy solution for Full Stack customers to filter out bots with known [user agents](https://en.wikipedia.org/wiki/User_agent) that are listed on the actively maintained [**IAB\/ABC**](https://www.iab.com/guidelines/iab-abc-international-spiders-bots-list/) database. > *The IAB has enlisted The Alliance for Audited Media to perform evaluation and management services associated with maintaining and publishing the industry Spider and Robot list, the use of which is required for compliance to the IABs Client Side Counting \(CSC\) Measurement Guidelines for double pass filtering.* When tracking events with an SDK, Full Stack customers will need to simply pass their visitors' *user agent* attribute along with the other information for the bot to automatically be filtered.",Complete,Squad FM&E,Roadmap
Custom Attribution window by campaign,"Ability to define a custom attribution window by campaign Custom attribution window:Would it be able to choose it per test, and not per site? (request from FDJ :)Thanks! Depending on the website area we're testing in, users behave differently. For tests in page areas for low-involvement products, attribution window should be lower than for high-involvement products. Also, the option to differentiate between mobile and desktiop could be helpful for some tests.",Open,Squad Data,Roadmap
Enhance new request feature button,"New feature request option:Would it be possible to make the ""+"" button more visible after clicking on ""request new feature""? Its not easy to see because of the color, that often gets similar with the background (I can show you if need be ;))",Open,Squad Interfaces,Roadmap
Use the graphic editor with no code to change an image on a shopify based website.,Use the graphic editor with no code to change an image on a shopify based website. Currently on shopify you need to use one image for each screen size so it is impossible to use the graphic editor to change one image you need to use CSSWhen the customer doesn't have CSS knowledge a simple change becomes difficult to make Our US clients are using Shopify so this is something we should allow them to do easily,Complete,,Roadmap
Excluded IP from a entire site code,"For customer, possibility to exclude IP (Withelist) from a entire sitecode. Currently client can exclude IP from an AB or Perso in targetting with specific criteria existing. But he can't exclude one or several IP(s) from all experiences at the same time. Option is only possible in back-office admin Kameleoon and could be activate by TAM, CSM etc...",Open,,Roadmap
Responsive image support (picture) for visual editor (on the App),"Add responsive image support (picture) for visual code editor:customer pixum:https://kameleoon.freshdesk.com/a/tickets/4784img src,srcset and picture",Open,,Roadmap
code ability to load jQuery on the client site,"Code editor : Add the ability to load jQuery on the client site using a checkbox, so the client can use jQuery without worrying about waiting for jQuery to load as it is loaded by Kameleoon.Not sure if this is nice to have or not as clients didn't ask for it.This is an ""AB tasty"" feature.",Open,,Roadmap
Host images,"Host images : Add the ability to host an image and get its URL from the ""configure"" menu or code editor/personnalisation.This would help developers to do it without having to go through the graphic editor",Open,,Roadmap
sticky footer,https://docs.google.com/presentation/d/1aYtOc9zkqXbFefrdSVHA8tve__gh_iot/edit?usp=sharing&amp;ouid=105060729385659832879&amp;rtpof=true&amp;sd=true,Open,,Roadmap
New Graphic Editor,"Migrate and redesign the current WYSIWYG editor, to enhance the user experience Option to add another page to the test: Graphic editor - Change ""Paragraph"" wording: New editor: enhance hover mode: It is overdue and should really be done ASAP :D In the graphical editor, I want be able to:Add an HTML element (with no CSS style on it besides the one I add myself)Actual workaround -&gt; if I add a paragraph and use the source:-the source should be shown in HTML syntax-I cannot select all with the keyboard-I cannot right click in the source. Would love a responsive view !!! Indispensable pour pouvoir faire des modification sur mobile. Faire en sorte que les modifications faites sur desktop ne se répercutent par forcément sur le mobile. Parfois cela casse les pages quand une même modification est faite en simultané sur plusieurs devices. Avoir un éditeur indépendant sur chaque device. Hello Orange coming from Optimize would like to run ""multipages"" tests &gt; it means select the page on which they will apply some modifications and then select another page to apply other modifications. Possibility to change device in the graphic editor without opening the inspector. Would be ver helpful if the screensize could still be ""normal"" while making unique changing on the mobile stylesheet. The same goes for when debugging the experiment (simulating)In my opinion I would almost rate this as ""critical"". It doesn't make sense to have to open the inspector and work on a desktop with 500px of workspace when it could have easily been something like this instead: https://www.dropbox.com/scl/fi/s5z6vrikhsffxa0jvpi8k/Kameleoon_mobile_view_graphic_editor.png?rlkey=mx9eebkridymu4lno31q5mplw&amp;dl=0 Graphic editor : switch from editing mode to navigation mode without clic. For some use cases, it is impossible to edit an element that appears on clic cause to make the element appear, we need to go to navigation mode, and then, when moving back to editing mode, the element disappears;Example on axa.behttps://www.loom.com/share/27677b9776af4897a0fb7b6c6a388d2f We've been having some challenges with the graphic editor, so having a new one looks very promising This is most def needed. Mobile changes has been very difficult, the same with some overlapping elements that would help a lot. creating tests for mobile devices is a real pain at the moment. The Graphic Editor should be accessible like popular graphic-based website designers like Elementor or Divi as many of those who did not learn how to code came to Web Experimentations through a more diverse backrground like Marketing and played around with those tools. A better drag and drop Editor with the chance of adding some elements (include several such as Dividers, Carousels, Accordions etc) can help immensly empower the less code-verse teams giving them agency and speed. :) It's very complicated/not possible to make edits on a web page in the graphic editor, to move elements around and resize containers and elements. There is no simple way to edit mobile/tablet/desktop views in the editor and it's just all around inefficient the way it is today. Currently there are some UX issues that prevent a smooth editing workflow. Very important as long as it has multivatiant integration The option for Multi-pages tests. As we tests things on multiple pages it would be great to have the option to add another page to the test similar to the way Adobe Target + Optimizely do it. At the moment its very difficult and not clear For paragraph insertion, change the wording ""paragraph"" to ""Text/html Change the way ""HOVER"" can be modified in the graphics editor.It's not intuitive at all to switch back to Navigation Mode for CTRL + click to make hover modification. Can't we make this change by staying in Edition Mode and CTRL + click (for example like old editor) ?",Complete,Squad Interfaces,Roadmap
"""HTML code"" option in text elements","Addition of a new ""Code"" option for all text elements. This option will allow users to: - view the HTML code of the text field - edit the HTML code Presets --&gt; do you have in mind to add a section where one can upload something like a present so all the elements are automatically styled the way they should be according to the website?- Will it take the fonts in preview mode once I use it on a already onbaorded website instead of demo-environment?- Why is it impossible to add CSS on a group-element?- If I put an action e.g. ""go to URL"" on the banner element then the cursor must be pointer to indicate something clickable- It seems like WEBP-files are not accepted as images- Negative values for padding/ margin are not possible- unordered list is missing -&gt; might be interesting for generating some kind of menu like the screenshot attached- HTML-element seems missing- Did you had some thoughts about integrating ""breakpoints"" regardless the device type? Amazing to have this feature it will help wanna be developers It is a major feature/option for us as well to use HTML within the widget editor - either via text elements as described (so that they are able to interpret HTML code); or even via a new HTML element. This would be a great Feature to have even more flexibility. Hi Fabien, thanks, that's great! I've seen that a new HTML element was added - but within text elements for me HTML is still not working and tags will be displayed as regular text.",Complete,Squad Perso,Roadmap
Customize images depending on device,Possibility to have different images (background images) für device types:mobile / tablet / desktop,Open,,Roadmap
Edit z-index property for better widget integration in-page,"Add possibility to have a z-index 1 on this element selector:.widget_4633_786258 .popup_wrapper_sbaa49rqm {z-index:1!important;} In the widget editor, show what is the z-index of my element in the left panel and be able to adjust it manually if needed. Also explain on hover what the number shown correspond to. It would be great to have in page templates added to the editor. Currently, we only have pop ups or banners that are meant to be placed over the page and come with a z-index at 9999.",Open,,Roadmap
React + React Native → SDK Merge,"As React development services grow in demand and increasing organizations considering software solutions that are crafted from the framework, Kameleoon feels it is a great time for Full Stack customers to leverage the code sharing capabilities of React with React Native. Some of the benefits of making the change, range from: - Easier maintenance and support provided to customers - Less code overall thanks to the reusability of code - Debugging and maintenance - Bugs need only be discovered once. and get fixed for all platforms",Complete,Squad FM&E,Roadmap
Websites colors more visible,"It would be great to be able to choose the color of the project (for example some RED for caisse epargne website) and some blue variant for Banque populaire.In the dashboard I will be able to identify the websites betters.It would be great if the ""liseret de couleur"" was a little bit bigger in the dashboard (or even a background color that changes for each perso/xp).+1 for this request by Pauline and her client",Open,Squad Interfaces,Roadmap
Reassure the user on the kameleoon script update process,"We want to give more suitable informations to the user on script installation progress & rebuild status Design: -If possible give more suitable informations on installation status -On the specific project page: In addition of the status of installation of the script kameleoon , add kameleoon.js last rebuild date -Having a status when it is installed and when it is rebuilded -Format: status, date, hour \(or X minutes ago\) Pain point: User want to be reassure on their script installation process, because the status ""installed script"" is not reliable Engine rebuild notifications - App - Changing the GraphQL query and displaying the dataOn the app, we need to add extra field in the existing graphql query and display the data on the page.",Open,Squad Interfaces,Roadmap
Performance Center,"# Problem\/Context ## **Description** AB Tasty released a ""Campaign [Performance Center](https://abtasty.zendesk.com/hc/en-us/articles/6422595488156-October-2022-Release-Notes-)"" and I think it would be a good idea if we have a similar \(but way better\) Performance Center. ## Workaround No ## **Project justification** **Project type** - Requested capability - New product concept or workflow **Justification** Very useful to help our customer optimize their script. We had this problem with Fnac\/Darty as they were complaining about the information they had in the Chrome extension. # Solution **Package** A\/B Testing \/ Personalization **Scope** To be defined, maybe the project page. **User roles** Technical **Design** To be defined # **Measuring Success** *-* --- # Attached documents **Figma file**: optional \(paste link\) **Spec file**: optional \(paste link\) **Redmine ticket**: mandatory \(paste link\)",Open,Squad Dev Tools,Roadmap
Integration Page Redesign,"# Problem\/Context ## **Description** Redesigning the integration page, to make it better :\) ## Workaround Yes Lack of informations ## **Project justification** **Project type** - Improvement to existing workflow **Justification** *-* # Solution **Package** - **Scope** Integration page **User roles** All **Design** To be done # **Measuring Success** *-* --- # Attached documents **Figma file**: optional \(paste link\) **Spec file**: optional \(paste link\) **Redmine ticket**: - Integration Page Redesign Proper integration page for each integrations with relevant informations: Today users don't have much informations about the integration on the integrations page. Users have to go to the documentation website and search for the proper doc they are looking for. It would be easier for them to have it directly in the integration page: - Documentation link: mandatory - Specific usecases \(""you will be able to: send data etc.""\) : Adding usecase to each integration will help user understand the usage and benefits of the integrations. All analytics tool offer usecase to understand the purpose of the integration. - Processing time : Users often ask for processing time when sending and receiving datas from third party tools. This can impact their experiment set up. Catalog of integrations separating source & destination integrations: Today we show all the tools we integrate with but we don't show all the integrations: only JS tracker, event dispatcher & DWH integrations. We don't show cohort & goals integrations. When activating an integration, users have to click on the tools to have more informations on what integrations it offers. By showing a listing of tools organise divided by integration type \(source\/destination\) we offer users a clear overview of all the integrations possibilities in Kameleoon and users can access easily to their specific needs. AB tasty do it like this \+ all of analytics tools offer a catalog overview of source & destination integrations. Integrations by project: Today we don't offer a proper view of integrations for a specific project. We have to select a project everytime we want to edit, add or remove an integration. We want to enable to select a project and offer integrations experience for the selected project for activating, editing, and removing an integration. This will allow user to select only one time the project they want to manage and have an smoother experience. Enable integration requests: On the integrations page we don't have any possibility to submit a new integration request. It would be beneficial to add it so we have more insights from users about their integrations needs Proper integration page setup for each integration (when input needed): Show integrations activated: Today on the integrations page we can see all tools status ON and OFF when the tool has at least 1 integration type activated for at least 1 project. We want to offer a clear view of integrations activated by project. This will allow user to easily access & manage their integration. See if integration is set up or not setup yet or not. Filter integrations catalog: Integrations possibilities can change according to client's kameloon setup: Kameleoon JS Snippet or Kameleoon SDK. Clients with Kameloon JS Snippet can't send Kameleeoon server side event for exemple, but they can send Kameleoon conversion events whereas clients with kameleoon SDK can't. By filtering integration according to client setup, users will easily understand what integration are available for them. More filters: - type of integration",Open,Squad Dev Tools,Roadmap
Fastly Module,Research this topic beforehand to be comfortable with co-implementation if and when needed.,Complete,Squad FM&E,Roadmap
v2 Compatible SDKs,Making all our SDKs compatible with the new v2 Rollout rules. This is a gradual process dedicatedly requiring 2-3 days per SDK. GA can be once these SDKs are ready: 1. iOS \(Ready\) 1. .NET 1. Ruby 1. Python 1. Node js 1. PHP Node js: iOS (Swift): .NET (C#): Ruby: Python: PHP: Ruby: Go: Javascript:,Complete,Squad FM&E,Roadmap
Ruby Update (Exclusive XP + other features),Decided on priority level assigned to Ruby: **High**. Current request is to implement Exclusive XPs but other features should also be updated.,Complete,Squad FM&E,Roadmap
Migration of SDK API → Microservice,"Provide seamless integration capabilities for 'Migration of SDK API → Microservice', allowing users to synchronize data and streamline workflows.",Planned,Squad FM&E,Roadmap
REST API for v2,Fixes for v2 readiness,Complete,Squad FM&E,Roadmap
Sandbox Environment,Discuss with Jean-Baptiste,Planned,Squad FM&E,Roadmap
"Browser filter and breakdown / ""Others"" improvement","Result page : find a solution to analyze. browser ""OTHERS""Currently it is not known, what is included in OTHERS. A help icon or message would be good, or a solution to get all browsers.Currently it is also not possible to exclude all browsers OR include. OTHERS in Filter on result page. Please add Others to Filter or show the results of all browsers like egde, chrome,... are excluded. Result page: browser breakdown shows a lot of unknown breakdown, especially in fashion and modern brands, the companies, do instragram and facebook campaigns. The users use Facebook browser or Instagram Browser. In that case, we don't recognize the useragents browser (in app) Here a list of useragents from facebook and instagram browsers: https://github.com/DamonOehlman/detect-browser/issues/56 We should decrease the number of ""unknown"" Others in browsers. Maybe be able to get in details if there is a high number.",Open,Squad Data,Roadmap
Campaigns anomalies alerts on dashboards,"We can look into similar back-end work for this insight we got for the Data Squad : If customer starting an Experiment, there could be issues that no traffic will come into this experiment.There should be some possible alerts: - No traffic in Experiment since beginning =&gt; message after x hours (e.g.2) - Goal Conversion Rate/absolute huge dropping to 0 or nearly zeroShow a message in Dashboard to Check this experiment or the option to send a alert to a specific person (customer) or a team/consultant in Kameleoon (internally)",Open,,Roadmap
On-demand credential creation,# Problem\/Context ## **Description** Instead of creating credentials for each user. We would like to create the credentials only when the user is asking for it. ## Workaround No ## **Project justification** **Project type** - Operational improvement - Risk mitigation **Justification** Because it reduces the risk of having your credentials stolen if they do not exit and also good for us to make the user account creation lighter. # Solution **Package** All **Scope** NA **User roles** All **Design** NA # **Measuring Success** *NA* --- # Attached documents **Figma file**: optional \(paste link\) **Spec file**: optional \(paste link\) **Redmine ticket**:,Complete,Squad Dev Tools,Roadmap
MAB Improvement,"--\> Add timeline events for auto-optimized job --\> Rework MAB logic \(decrease reference traffic \!\!\) Customized time interval for the MAB option:Pain Point: - there is a global time interval of 8h- As a client with low traffic, I don't always achieve the 100 visits and 20 conversions in the winning variant (perhaps I would have needed 11 hours). In such cases, no adjustment happens. =&gt; my opportunity costs increase- As a high-traffic client, I reach the 100 visits and 20 conversions in the winning variant much faster than in 8 hours (e.g. in 1 hour). In such cases, the adjustment still only happens every 8 hours. =&gt; my opportunity costs increase- As a client with a content business model, I have a lot of traffic, no time for long test periods (because the articles quickly lose their relevance) and want to test teasers or headlines with a primary click target. The 100 visits and 20 conversions in the winning variant are achieved much faster than in 8 hours (e.g. in 0.1 hours). In such cases, the adjustment still only happens every 8 hours. =&gt; my opportunity costs increaseSolution:- Individual client setting: I can set a time interval for my account that applies to all projects and experiments.- Project individual setting: I can set a time interval for my projects that applies to all experiments in the respective project. (see Perso control group)- Experiment individual setting: I can set a time interval for my experiments that only applies to the individual experiment. (see MBA option itself)",Planned,Squad Data,Roadmap
Move our Zapier integration out of beta,"# Problem\/Context ## **Description** From Zapier email : - [Create and publish 2 Zap templates](https://t.sidekickopen84.com/Ctc/5F+23284/d2tYsy04/JkM2-6q7W6N1vHY6lZ3lfVkm4712JtHWjW3gWN7f2xZmQjW88Y7dR8QM_N0W3SBV8r8lT99mW3F90mY3w_X_KW6sMqym4FfBLlW2h8Qsw7LYsWkN91pTyF__gcRW1rXDW35DGWClW7NrwJY7RXWKnVHnys53PTK9jW1mF0-J7qZ_BBW6Rp2Mg2m7P-pN8Wq1YwLMJ9MW29psV_4DBnXRW7NjpHZ6ZRJMGV4Yp3C1hgg95W5zHptY279Z50N2VlWVgCRt6hW6YVkK66XD2KFW7GG3XL5HQgswV6Bs1j4zkbdvf6GPb8804) \(10 minutes to complete\) - [Embed Zapier into your product](https://t.sidekickopen84.com/Ctc/5F+23284/d2tYsy04/Jks2-6q7W69sMD-6lZ3m5W1r7ZYk8y__5ZW1WVY5q15SFs5W73wFqs6RBlJZW37dxtG6ZCBnjW6vPDF36RRzhMW4Gcpv12DsSDPW8Py7167HXPKdW7GKXGt8JKxZzVyFtSj4HXKPQN1t1BT5SDHXYW99DFZn6sPfD2W5rSqhV6QTV1ZN1_LfKBGh5NTN1msjgFsBmWkW3wKNh82zWTJSW1qdkYZ1HxBwCN3GwGWS2v4JyW6qN4Zr7cRD_BW1SLnSJ10Td6wN98n1GxK1VLVf8Ql95g04) \(15 minutes to complete\) - Once youve embedded, [let us know here](https://t.sidekickopen84.com/Ctc/5F+23284/d2tYsy04/Jk82-6q7W5BW0B06lZ3q1W8s6wcQ8gf9WmW7Qs17B1TZ3-pW1lk4348BFZv9V_zL6g5c4jjDW9fqkBd7xNprJW9886ml7sTlY4W4l99Px45JG6vW8SXdwW6jvSRYW7pF7q558ZLS7W3--Gkw83PR9LW86y8fT1TtDjbW6zTzdq6RkxLYVwXsRC5Cgf_YW9llys-4nd70SW6TntS76WYnSCW7KkR446nbKbCW1MHfWK3TwrJWW1zNjRx93SPnSd5GpsH04) \(2 minutes to complete\) ## Workaround No ## **Project justification** **Project type** - Improvement to existing workflow **Justification** Improving the current Zapier integration. # Solution **Package** All **Scope** Zapier integration \(partner portal\) **User roles** - **Design** - # **Measuring Success** *-* --- # Attached documents **Figma file**: optional \(paste link\) **Spec file**: optional \(paste link\) **Redmine ticket**: Embed Zapier - Full Zapier Experience: Embed Zapier - Partner API:",Complete,Squad Dev Tools,Roadmap
Mobile / responsive editor & other enhancements LOT 2,"## Problem\/Context As a user of the graphical editor, when using it on a mobile device, I don't have full access to all the elements of the graphical editor ![](https://pb-files.s3.amazonaws.com/production/attachments/c7722ddbc38c626538d8c949e3adcaecb4d79ac55ab06fec76a88f2bce687e47/Capture_d_ecran_2022-10-18_a_12.45.31.png) - **Existing workaround:** No **Project justification:** - **Project type:** Improvement to existing workflow - **Justification:** We can lose a major client if the graphic editor is not responsive ## Solution - **Product package:** A\/B Testing - **Product scope:** - Graphic editor, burger icon Graphic editor, history panel Graphic editor, CSS selector panel Graphic editor, édition panel Graphic editor, header Graphic editor, popin Graphic editor, loading screen - Product section and pages that will evolve \(on the contrary, you can specify what is out of scope\): On the app, we want to create a dedicated section on the app for finalization menu - **User roles**: all - **Design:** Explain with bullet points what your solution consist in \(make it synthetic\) - For loading screen and popin : we want to make them responsive - The header: - The header is responsive - Creation of a drop down system to have access to variations, original version and variations cta \(to have access to those information on the vertical way and use space on the header for other CTAs\) - Creation of a drop down button for edition mode and simulation at the right side of the header - Replacement the drop-down finalize by next button that give access to a dedicate finalize menu on the app - The edition panel: - Rework of the panel reduction system - Adaptation the panel size - The CSS selector panel: - Creation of a default emplacement for the panel - Adaptation the panel size - The history panel - Creation of a default emplacement for the panel - Adaptation the panel size - The burger icon: - Adaptation of element of the burger icon - Delation of elements non useful for graphic editor use ## **Measuring Success** - **Goal 1:** Engagement - **Success metric:** Nb of use of the graphic editor on a screen size \/ month - **Goal 2:** Satisfaction - **Success metric:** NPS of graphic editor users --- ##",In Progress,Squad Interfaces,Roadmap
Mobile / responsive editor & other enhancements LOT 3,"## Problem\/Context As a user of the graphical editor, when using it on a mobile device, I don't have full access to all the elements of the graphical editor ![](https://pb-files.s3.amazonaws.com/production/attachments/c7722ddbc38c626538d8c949e3adcaecb4d79ac55ab06fec76a88f2bce687e47/Capture_d_ecran_2022-10-18_a_12.45.31.png) - **Existing workaround:** No **Project justification:** - **Project type:** Improvement to existing workflow - **Justification:** We can lose a major client if the graphic editor is not responsive ## Solution - **Product package:** A\/B Testing - **Product scope:** - Graphic editor, burger icon Graphic editor, history panel Graphic editor, CSS selector panel Graphic editor, édition panel Graphic editor, header Graphic editor, popin Graphic editor, loading screen - Product section and pages that will evolve \(on the contrary, you can specify what is out of scope\): On the app, we want to create a dedicated section on the app for finalization menu - **User roles**: all - **Design:** Explain with bullet points what your solution consist in \(make it synthetic\) - For loading screen and popin : we want to make them responsive - The header: - The header is responsive - Creation of a drop down system to have access to variations, original version and variations cta \(to have access to those information on the vertical way and use space on the header for other CTAs\) - Creation of a drop down button for edition mode and simulation at the right side of the header - Replacement the drop-down finalize by next button that give access to a dedicate finalize menu on the app - The edition panel: - Rework of the panel reduction system - Adaptation the panel size - The CSS selector panel: - Creation of a default emplacement for the panel - Adaptation the panel size - The history panel - Creation of a default emplacement for the panel - Adaptation the panel size - The burger icon: - Adaptation of element of the burger icon - Delation of elements non useful for graphic editor use ## **Measuring Success** - **Goal 1:** Engagement - **Success metric:** Nb of use of the graphic editor on a screen size \/ month - **Goal 2:** Satisfaction - **Success metric:** NPS of graphic editor users --- ##",In Progress,Squad Interfaces,Roadmap
Piano Integration,"# Problem\/Context ## **Description** Piano is the new AT Internet, I've been told. So we need to prepare an integration with Piano. ## Workaround Yes, using custom integration. ## **Project justification** **Project type** - Requested capability **Justification** For example, we have OVH that can use it. # Solution **Package** A\/B Testing \/ Personalization **Scope** Integration page and other page where you have to pick a tracking tool. **User roles** All **Design** - # **Measuring Success** *In database.* --- # Attached documents **Figma file**: optional \(paste link\) **Spec file**: optional \(paste link\) **Redmine ticket**:",Complete,Squad Dev Tools,Roadmap
GA4 - Being able to choose between gtag and GTM,"# Problem\/Context ## **Description** We would like to update the integration, so users can choose whether to use gtag or GTM. ## Workaround Yes, by changing the code I guess. ## **Project justification** **Project type** - Requested capability **Justification** Requested by Christoph Ernst for customers. # Solution **Package** A\/B Testing \/ Personalization **Scope** - **User roles** - **Design** - # **Measuring Success** - --- # Attached documents **Figma file**: optional \(paste link\) **Spec file**: optional \(paste link\) **Redmine ticket**:",Closed,Squad Dev Tools,Roadmap
Chrome Extension 3.7.0 (Badge Counters and “Highlight all” button),"# Release Note ## Redmine tickets Chrome Extension - Badge Counters: # Problem\/Context ## **Description** Adding new counters to know how many items we have in a dashboard. ## Workaround No ## **Project justification** - Requested capability **Justification** - # Solution **Package** - **Scope** Chrome extension **User roles** - **Design** - # **Measuring Success** NA --- # Attached documents **Figma file**: optional \(paste link\) **Spec file**: optional \(paste link\) **Redmine ticket**: [ ](https://project.kameleoon.net/issues/19007) Chrome Extension - Show/hide all elements button: # Problem\/Context ## **Description** in the Elements section, we would like to add a new button to show\/hide all the elements in the page. ## Workaround Yes, click on the highlight buttons one by one. ## **Project justification** **Project type** - Requested capability **Justification** - # Solution **Package** - **Scope** Chrome Extension **User roles** - **Design** - # **Measuring Success** *Mixpanel tracking implemented* --- # Attached documents **Figma file**: optional \(paste link\) **Spec file**: optional \(paste link\) **Redmine ticket**:",Complete,Squad Dev Tools,Roadmap
Shopify Integration - Update the snippet to support all currencies,"# Problem\/Context ## **Description** The script created by the Kameleoon Shopify app was not compatible with certain currency formats, which resulted in a bug in the JS script. ## Workaround Yes, changing the code manually ## **Project justification** **Project type** - Requested capability **Justification** - # Solution **Package** - **Scope** Kameleoon Shopify App **User roles** - **Design** - # **Measuring Success** *-* --- # Attached documents **Figma file**: optional \(paste link\) **Spec file**: optional \(paste link\) **Redmine ticket**:",Complete,Squad Dev Tools,Roadmap
Grails : Clean up perso creation page,Linked to this ticket: [](https://project.kameleoon.net/issues/19024),Complete,Squad Perso,Roadmap
Widget editor enhancements,"Ability to select an element ""out of the screen"" on a device - Various bug fixes linked to the positioning of element \(in % or pixels \/\/ alignement option that don't work on some devices\)",Complete,Squad Perso,Roadmap
Hide an element for specific devices,"**Problem For each element of the widget, we get a ""Hide"" action allowing the user to make the element disappear from preview zone. Yet, when used, this action is common to all devices, and it impossible to only hide an element for a specific device. This feature makes sense, especially for mobile \(as we have less space, and our users will naturally tend to get rid of some elements on mobile\). With this feature, we will allow users to choose on which device they want to hide an element. **Linked ticket:**",Complete,Squad Perso,Roadmap
The Matomo integration,"# Problem\/Context ## **Description** Update the integration because we are currently using deprecated methods. Doc talking about the plugin : Talking about the plugin too : ## Workaround Yes, using custom analytics. ## **Project justification** **Project type** - Maintenance **Justification** - # Solution **Package** - **Scope** - **User roles** - **Design** - # **Measuring Success** *-* --- # Attached documents **Figma file**: optional \(paste link\) **Spec file**: optional \(paste link\) **Redmine ticket**:",Open,Squad Dev Tools,Roadmap
Piwik PRO Integration,"# Problem\/Context ## **Description** : ## Workaround Yes, we currently have Piwik Pro custom integration available from the open source analytics library. ## **Project justification** **Project type** - Requested capability **Justification** ""*We are currently in the pitch at ADAC \(biggest automobile club in Germany\). They have Piwik Pro as primary analytics system.*"" # Solution **Package** - **Scope** integration Page **User roles** All **Design** Same as Matomo except for the logo and name # **Measuring Success** *-* --- # Attached documents **Figma file**: optional \(paste link\) **Spec file**: optional \(paste link\) **Redmine ticket**: The customer's wish is to have a direct interface to Piwik PRO (CDP) in order to be able to use the audiences for personalization.",Open,Squad Dev Tools,Roadmap
Variations - Choose colors,"Deliberate Allocation of Colors For VariationsCurrently, the allocation of colors per variation is automatic (result page, traffic allocation etc.). In some cases, two or more variations get the same color, which is pretty inconvenient when looking at graphs etc.This could be remedied by making the colors choosable.",Open,Squad Interfaces,Roadmap
Ease feature request process,"Today, to access the feature request feature in the Back-office, the path is :1.help &gt; 2.need help &gt; 3.feature requestMost customers will not go through step 2. to make a feature request (not intuitive to go to ""need help"" when we want to submit an idea)A great idea would be to move the feature request one step upper in the flow :1.help &gt; 2. feature request",Open,Squad Interfaces,Roadmap
Archive feature for goals,"To much on Goal page, how can old goals with old links experiments moved from Dashboard?E.g. Build an archive for goals or a general filter:ONLINE Campagns / Paused Campaigns / None Campagins linked Archive goalsAdd an option to archive old goals so we can clean the dashboard.",Planned,Squad Interfaces,Roadmap
Mobile / responsive editor & other enhancements LOT 1,"## Problem\/Context As a user of the graphical editor, when using it on a mobile device, I don't have full access to all the elements of the graphical editor ![](https://pb-files.s3.amazonaws.com/production/attachments/c7722ddbc38c626538d8c949e3adcaecb4d79ac55ab06fec76a88f2bce687e47/Capture_d_ecran_2022-10-18_a_12.45.31.png) - **Existing workaround:** No **Project justification:** - **Project type:** Improvement to existing workflow - **Justification:** We can lose a major client if the graphic editor is not responsive ## Solution - **Product package:** A\/B Testing - **Product scope:** - Graphic editor, burger icon Graphic editor, history panel Graphic editor, CSS selector panel Graphic editor, édition panel Graphic editor, header Graphic editor, popin Graphic editor, loading screen - Product section and pages that will evolve \(on the contrary, you can specify what is out of scope\): On the app, we want to create a dedicated section on the app for finalization menu - **User roles**: all - **Design:** Explain with bullet points what your solution consist in \(make it synthetic\) - For loading screen and popin : we want to make them responsive - The header: - The header is responsive - Creation of a drop down system to have access to variations, original version and variations cta \(to have access to those information on the vertical way and use space on the header for other CTAs\) - Creation of a drop down button for edition mode and simulation at the right side of the header - Replacement the drop-down finalize by next button that give access to a dedicate finalize menu on the app - The edition panel: - Rework of the panel reduction system - Adaptation the panel size - The CSS selector panel: - Creation of a default emplacement for the panel - Adaptation the panel size - The history panel - Creation of a default emplacement for the panel - Adaptation the panel size - The burger icon: - Adaptation of element of the burger icon - Delation of elements non useful for graphic editor use ## **Measuring Success** - **Goal 1:** Engagement - **Success metric:** Nb of use of the graphic editor on a screen size \/ month - **Goal 2:** Satisfaction - **Success metric:** NPS of graphic editor users --- ##",In Progress,Squad Interfaces,Roadmap
Trello Integration from Zapier,# Problem\/Context ## **Description** Integration with Trello using Zapier. ## Workaround No ## **Project justification** **Project type** - New product concept or workflow **Justification** ??????? # Solution **Package** A\/B Testing \/ Personalization **Scope** Zapier Zap templates **User roles** All **Design** NA # **Measuring Success** *NA* --- # Attached documents **Figma file**: optional \(paste link\) **Spec file**: optional \(paste link\) **Redmine ticket**: mandatory \(paste link\),Open,Squad Dev Tools,Roadmap
Experiment finalization flow redesign,"## **Feature short Describe what the feature does. The new finalization and configuration flow will enable all users to enjoy a user-friendlier process to parameter their campaigns, first on the graphic & MVT experiments and in the future, for developer experiments and personalizations. ## Problem What problem are we trying to solve with this feature? Or, what is the opportunity we are addressing? As a marketer or a developer, I want the experiment configuration flow to be as user-friendly and clear as possible: I need a clear vision of what I already configured. It also needs to be easily accessible. I would also benefit from having the same configuration flow structure for all modules of the platform, to be able to keep my reflexes at all time. This US is also the opportunity to relocate the graphic experiment finalization flow in the app (vs the editor interface), which is aligned to our future's vision of this tool which will all be in the app too. **Workaround:** - **Existing workaround:** Yes - **Workaround The future finalization and configuration flow does the exact same as the current one \(overall, no new feature is in the new flow\) - it will just be way more user-friendly. ## Solution **Key benefits** : What value does this feature bring to the user? Enjoy a clearer and user-friendlier interface for campaign finalization and configuration. Enhanced performance through the relocation of the configuration flow on the app side. * In the long-term, all modules (all experiments interfaces and personalization configuration too) will enjoy the same structure and users will thus be able to keep their habits and configure their campaigns more easily and efficiently. ** Product design:** - **Product package:** Web Experimentation for now - **Product scope:** Experiment finalization flow will be removed from current graphic editor interface - it will be relocated within the app, in a new page - **Target Persona**: Marketer - **Main updates:** - On the graphic editor, we are removing all configurations steps for experiments - On click on Finalize on the Graphic editor, or Edit on the AB dashboard, we will land on a brand new page on the app with the whole configuration\/finalization flow available ## **Measuring Success** - **Goal 1:** user satisfaction with the new flow - **Success metric:** rate \/5 --- ##",Complete,Squad Interfaces,Roadmap
Product reco migration,"Execute the 'Product reco migration' to ensure system stability, performance improvements, and access to new architecture.",Complete,Squad Perso,Roadmap
Google Analytics - Compliance with the GDPR,Add a dedicated page in the help doc to explain users how to set up the datalayer \+ proxy. \(how to push events in a datalayer when an experiment is triggered\) Michelin is going to build a POC with Sirdata \( \).,Open,Squad Dev Tools,Roadmap
Widgets accessibility compliance,We are exploring the addition of 'Widgets accessibility compliance' to our roadmap. This initiative aims to address specific user needs and expand the platform's core capabilities.,Complete,Squad Perso,Roadmap
Updating GA4  + help documentation,"## **Feature short Describe what the feature does. The user will be able to choose between Google Tag \(gtag.js\) or Google Tag Manager as the method to be used for the GA4 Integration. ## Problem What problem are we trying to solve with this feature? Or, what is the opportunity we are addressing? Currently, the code uses a detection mechanism that decide whether to use one method or the other. But some customers would like to be able to choose the method. **Workaround:** - **Existing workaround:** Yes - **Workaround Custom analytics ## Solution **Key benefits** : What value does this feature bring to the user? - The user can choose the method he prefers. **Use Cases:** Share use cases where this feature would help our users. - Customers that are using Google Tag Manager can send events throught the dataLayer and receive events in GA4. - Customer that are using GA4 can use the GA4 events. ** Product design:** - **Product package:** Web Experimentation - **Product scope:** Integration page \/ Engine - **Target Persona**: Marketers - **Main updates:** New form allowing to choose a method. ## **Measuring Success** NA --- ##",Complete,Squad Dev Tools,Roadmap
Auto save draft widgets,"**Problem:** Currently, for widgets, we need to click on the ""Save"" button to save the widget, whatever the status of the widget is. The problem is that users currently have a high chance to lose all their work if they forget to click on this CTA **Solution:** - if the widget is draft \(= not activated\), auto save the widget. An indication ""Saved"" should be added - if the widget is activated and used in a campaign \(whatever its status\), add an ""Update"" or ""Save changes"" button. - In case the user leaves the widget editor without saving his\/her changes, we should display a confirmation pop-in allowing the user to save the changes or not. - In case there is a connection problem, we should add an indication ""connection lost"" Widget Editor Auto save feature. Having a warning when you're not connected anymore while editing. I had a few times issues where I was ""timed-out"" and did not know about it.",Under Review,Squad Perso,Roadmap
History panel with edited elements,"**Problem:** Today, it is impossible to know what has been added \/ updated on the widget, by who and when. **Solution:** Add an ""History"" section, with the list of all events like on our current A\/B graphic editor. In the widget editor, see an history of edits by elements, attributes and devices. (text change size etc..)Like on the graphical editor",Open,,Roadmap
Better inform users how the edition on different devices works,"**Problem:** Currently, when editing an element, it is not clear when the property is applied on other devices because the behaviour is different between desktop and other devices. Please report to Emmanuel's insight for more information about that problem. **Solution:** Better inform the user, via specific pop-in or onboarding tour. In the widget Editor, explain that:if you change an element in desktop it will change the property on all devices (at first)But if you make a modification on mobile or tablet, then anything related to that property that you change on desktop will not be changed after a modification.-&gt; Maybe add a message warning and a ""do not show again"" tick box -&gt; when modifying an element in mobile or tablet you will not be able to inherit from desktop.",Complete,,Roadmap
API connections / webservices,Be able to create API connections / webservice with additional services running on Kameleoon's private serverEnter bearer tokens for AUTH in POST for the widget editor,Open,,Roadmap
Countdown widget: be able to move the legend,"**Problem:** For the while, on the countdown widget, it is impossible to move the words ""days"", ""hours"", ""minutes"", ""seconds"" with the mouse. We can only add a padding. **Solution:** Allow the users to move these texts. In the countdown banner, it would be great to be able to move the days / months / hours / minute Wording.Groupe ERAM",Open,,Roadmap
Custom Environment Mgmt,"## **Feature short Today, the customer's connected \(production, development, staging\) environments for each project are restricted to exactly 3. We want to introduce a new way to make environments completely customisable. ## Problem - As a developer - I can't edit my environments at all if I want to use additional ones for my project. - I have to create an additional project and use that for any additional internal environments if I want to connect more than 3 to my main project. - Even then - I still can't rename them even if all 3 environments \(including Production\) are just internal\/QA environments. **Workaround:** - **Existing workaround:** Yes - **Workaround Create an additional project \(as many times as needed\) to match needs for internal environments. Change has to be made at the project level. ## Solution **Key benefits** : This feature will offer a customization option for FF environments to be able to flexibly map the customer's infrastructure setup to our tool. **Use Cases:** Environments should be **global **to the project\! Creating, modifying or deleting an environment on the FF level \(in Rollout Planner\) will impact all FFs of the same project. User should be able to: - Be able to rename environments - Be able to add additional environments - Be able to remove environments - Be able to change environment key \(More long term if not feasible\) ***Any of these changes will impact all other FFs as well within the same project. *** ** Product design:** - **Product package:** Feature Experimentation - **Product scope:** Rollout Planner - **Target Persona**: Developer \/ Product Manager - **Main updates:** In bullets, concisely describe what your solution consists of: - A small CTA to edit environments, followed by a popup that allows modifying according to the above use cases ![](https://pb-files.s3.amazonaws.com/production/attachments/c53b2079c1245c37b13c7a85f46ef5b7e7b5dbf28395affa71c9d2c3dc56a5a5/image.png) ## **Measuring Success** - **Success metric:** Feature adoption based on above use cases --- ##",Complete,Squad FM&E,Roadmap
Trial Plan Readiness,Allow users to self-sign up their org for a **free** trial plan. Limit usage to 2 weeks and a maximum of 5 seats per account.,Complete,Squad FM&E,Roadmap
Feature Experiments - Standalone dashboard,"## **Feature short This standalone dashboard allows whoever is running feature experiments or analysing their results to easily view a list of all feature experiment rules in a given feature flag and click on them to access the results page for it. ## Problem As a PM, when I want to view the results of a feature experiment I've created, it's not apparent where to navigate to. **Workaround:** - **Existing workaround:** Yes - **Workaround Alternatively, individual reporting pages for a feature experiment can also be accessed using the **** menu inside the rule card once it is added to the queue as shown below. ![](https://lh5.googleusercontent.com/KZVUJoSq7r3bHBIsz7kZ_OxBY8a_JX8VaebWfYFtKoBw-jhBX6SNRkpjMKee3Q0zrx6vMFqqtdc428w8aL5LURlbdiJvB4S1SAnsFjIz8mHV3xgnAVEsAfCMBb_7mV8ddVTFkhnxPvhts967B90blZ8) ## Solution **Key benefits** : - Dedicated ""Reporting"" section to be added in the menu for future releases such as Activity Logs, Integrations \(Hybrid\), etc. ** Product design:** - **Product package:** Feature Management - **Product scope:** Rollout Planner - **Target Persona**: Product Manager, Analyst - **Main updates:** - Once you have created at least one feature experiment, navigate to the **Reporting** section on the left menu and at the bottom, click on **Results** ![](https://lh6.googleusercontent.com/LbF-e00RCOtv4uOB93_J48WxrqKa1G3xWCyhvpDaUjGTX-SQ_2suKCcYalHVdf67q5sDt-zBZ28UpzhiA5YCOHWTHB2OTIPLVzxEu2SquYB_z7Rw8riayawLbtUJUg9Bnr8AeNWBHbogvtjLL0n6zsw) - Once here, simply click on the feature experiment whose results you wish to analyze and you will be taken to the in-depth reporting page for this test. ![](https://lh6.googleusercontent.com/X9-r0AGvFjRVfAPQ7t4ueZukypq2inhgunHjX8ZCSAPbpP7AxcPUlTW-Dx2TeknbM1YhCA8JiDtbtBjpmRXzkIcyELRqYIZDYgyRVWWwGxIT-3VgzdLBLi7Fjgwk6q_CKB1_GK5Za4mNuz-iyD9rQAc) ## **Measuring Success** - **Goal 1:** Drive more users to click into this menu item - **Success metric:** How many people access FXP results via this page --- ##",Complete,Squad FM&E,Roadmap
Wizaly Integration,"# Problem\/Context ## **Description** Use Wizaly as a tracking tool I guess. ## Workaround Maybe with a custom analytics ? ## **Project justification** **Project type** - Requested capability **Justification** Requested by Speedway and Conforama # Solution **Package** A\/B Testing \/ Personalization **Scope** - Integration page - Result page - Code editor - Graphic editor **User roles** All **Design** To be defined # **Measuring Success** *-* --- # Attached documents **Figma file**: optional \(paste link\) **Spec file**: optional \(paste link\) **Redmine ticket**: mandatory \(paste link\) Hola, We have already two clients using Wizaly : Speedway and Conforama=&gt; https://www.wizaly.com/Will it be possible to create a bridge to use the data on this tool ?Thanks a lot",Open,Squad Dev Tools,Roadmap
Filters - Exclusion management,It will be great if we could filter by excluding a tag. For example to be able to display all the experiments that do NOT have the technical tag. Add a option to filter the campaigns by excluding a tag -&gt; for example I would like to see all campaigns that are not technical.,Open,Squad Interfaces,Roadmap
Translations and wordings fixes - EN first,Resolve the issue regarding 'Translations and wordings fixes - EN first' to ensure a stable and bug-free user experience.,Open,Squad Interfaces,Roadmap
Checkbox for beta rollouts volunteers,"This feature purpose is to ease the process of suggesting to our users to be our early-adopters: for instance, a checkbox would be added in the configuration of the account \(User page\) If checked, the user's email is automatically added to an early adopters list and sent for FF for early release of features",Closed,Squad Interfaces,Roadmap
Owner column for campaigns,We are exploring the addition of 'Owner column for campaigns' to our roadmap. This initiative aims to address specific user needs and expand the platform's core capabilities.,Open,Squad Interfaces,Roadmap
June Integration,"# Problem\/Context ## **Description** Being able to use June a tracking tool \(send track data to June\). [June](https://www.june.so/) is the only product analytics tool that gives you auto-generated reports focused on companies. June SDK is quite similar to Segment.io. Technical doc to help implement this feature: ## Workaround Yes, custom analytics ## **Project justification** **Project type** - Requested capability **Justification** Good for US market # Solution **Package** A\/B Testing \/ Personalization **Scope** - Integration page - Code editor - Graphic editor - Result page **User roles** All **Design** - # **Measuring Success** **-** --- # Attached documents **Figma file**: optional \(paste link\) **Spec file**: optional \(paste link\) **Redmine ticket**:",Complete,Squad Dev Tools,Roadmap
Edge CDN Kits,"## **Feature summary:** An Edge CDN is cloud technology that specializes in static site hosting and serverless functions. It provides developers with a seamless way to deploy and scale their websites, web applications, and APIs. They focus on simplifying the deployment process and optimising the performance of web projects - ensuring fast loading times and efficient delivery to end users. --- ## Solution benefits What value does this feature bring to the user? - **Improved website performance:** Edge CDN technologies distribute content closer to end users, reducing latency and improving website loading speeds. This results in a better user experience and higher engagement levels. - **Reduced bandwidth costs:** By caching content at edge server locations, edge CDNs help offload traffic from origin servers, reducing the bandwidth consumption and associated costs. - **Enhanced scalability:** Edge CDNs offer scalable infrastructure that can handle high volumes of traffic without impacting performance. This enables websites to accommodate sudden spikes in user activity or handle increased demand during peak periods. - **Increased global reach:** With edge server locations distributed across the globe, edge CDNs can deliver content to users regardless of their geographical location. This improves website accessibility and ensures consistent performance for users worldwide. - **Improved reliability and resilience:** Edge CDNs use a distributed network of servers, reducing the risk of single points of failure. If one edge server goes down, requests can be automatically rerouted to the nearest available server, ensuring continuous content delivery. - **Flexibility and agility:** Edge CDNs provide flexibility in managing and delivering content. They support dynamic content updates, enable A\/B testing, FF usage, and facilitate quick deployment of changes, allowing product teams to respond rapidly to user demands and market trends. ## ** Product design:** - **Product package:** Web Experimentation \/ Full Stack Experimentation \/ Feature Management - **Product scope:** Developers Vercel: Cloudfront: Close to Fastly. Already integrated by severals competitors: Paired with tools like Statsig, HappyKit, Split, and other experimentation partners, Edge Config can drastically improve performance and load experience. By integrating these tools with Edge Config, their data gets pushed to the edge when it's changed. When a user visits your site, no extra network requests are needed to retrieve the config data. What's more, since the data is globally distributed, latency for the initial read is reduced. Compute before the cacheWhen compute happens instantly, routing decisions can be made before the cache. Making A/B testing and feature flagging possible without added third-party scripts or client-side JavaScript. https://vercel.com/blog/edge-config-public-beta we're improving around website performance, so A/B testing will need it too -",Complete,Squad Dev Tools,Roadmap
A specific submenu on click on Kameleoon logo,"**Problem:** Today, when we click on the Kameleoon logo displayed at the top left of the widget editor, we leave the Widget Editor and it doesn't save what has been done. **Solution:** 1. Implement Auto save feature which is a different feature \(to avoid loosing work\) 1. On click on the logo, display a sub-menu to allow the user to choose the page of the APP that he wants to load \(experiments, perso, segments, goals ...\) Description Avoir une popin de confirmation en cas de départ et click sur le logo Kameleoon en haut à gauche",Open,,Roadmap
Being able to duplicate projects,"## **Feature short This feature allows users to easily create exact copies of existing projects, streamlining workflows and ensuring consistency. By duplicating projects, users save time on setup, maintain uniform configurations across similar projects, and reduce the risk of manual errors. This feature enhances efficiency and flexibility, making project management more straightforward and reliable. Duplicating a project copies the setup and configuration but does not include goals, experiments, personalizations, custom data, segments, or feature flags. --- ##",Complete,Squad Interfaces,Roadmap
Amplitude Cohorts,# Problem\/Context ## **Description** Exporting cohorts from Amplitude to Kameleoon. ## Workaround No ## **Project justification** **Project type** - Requested capability **Justification** Request from Amplitude Product team \(they also use Productboard\) ![](https://pb-files.s3.amazonaws.com/production/attachments/fe7b7e79fd873b6d7b5525bcb93f36b3c86095c2413019763e40dadbbc1b6884/image.png) \+ Request from Square. \+ Request from Pvolve \+ Request from Daily Kos # Solution **Package** A\/B Testing \/ Personalization \/ Full stack **Scope** NA **User roles** All **Design** NA # **Measuring Success** *NA* --- # Attached documents **Figma file**: optional \(paste link\) **Spec file**: optional \(paste link\) **Redmine ticket**: - Amplitude Cohort Integration on K8s,Complete,Squad Dev Tools,Roadmap
Audiences global KPIs available to all customers,"## **Feature short This feature will allow every user to see the top part of the Audiences page, so the KPIs, even if they don't upgrade to Audiences. ## Problem Users are currently missing out on those interesting KPIs that could be a motivation to keep using Kameleoon and to upgrade to Audiences. **Workaround:** - **Existing workaround:** No ## Solution **Key benefits** : What value does this feature bring to the user? * Making these KPIs available to everyone, with minimal setup : it will show them great insights on their global usage of Kameleoon, including how much money they earned thanks to Kameleoon. * It will advertise the Audiences page, as users have a reason to go there, and might be tempted to upgrade. **Use Cases:** Share use cases where this feature would help our users. If our customers at Lidl (suppposing they don't yet have Audiences) are wondering if they should keep using Kameleoon or if it didn't bring any value to their website, they might want to know how much money they have earned thanks to us. On this page, thanks to those KPIs they've never seen before, they will se that Kameleoon has earned them millions of euros. They will also see the potential earnings they could have earned if they made a better use out of Kameleoon. Lidl would never want to cancel their subscription to Kameleoon now. ** Product design:** - **Product package:** Audiences - **Product scope:** Audiences page - **Target Persona**: Marketers - **Figma link to the specs :** [https:\/\/www.figma.com\/file\/BNia1s3x0eCZv0fgyZVviG\/%2319311-Audiences-global-KPIs-access-to-all-customers?type=design&node-id=902-25446&mode=design&t=UivxDacNL2rarg1i-0](https://www.figma.com/file/BNia1s3x0eCZv0fgyZVviG/%2319311-Audiences-global-KPIs-access-to-all-customers?type=design&node-id=902-25446&mode=design&t=UivxDacNL2rarg1i-0) ## **Measuring Success** - **Goal 1:** User retention and churn reduction - **Goal 2:** Increasing the number of experiments user create - **Goal 2:** Increasing the numbers of subscription to Audiences - **Success metric:** - number of non-Audiences subscribers that set up a website in Audiences to see the KPIs - number of users that subscribe to Audiences --- ##",Complete,Squad Data,Roadmap
Chrome Extension - New Authentication Flow,"# Problem\/Context ## **Description** The current authentication flow is not very good. We would like to same something better, using id \+ password in a pop-up \(similar to what Optimizely does\). ## Workaround Yes, current flow. ## **Project justification** **Project type** - Improvement to existing workflow **Justification** The current authentication flow is not very good. We would like to same something better, using id \+ password in a pop-up \(similar to what Optimizely does\). # Solution **Package** A\/B Testing \/ Personalization \/ Full stack **Scope** All **User roles** All **Design** NA # **Measuring Success** Mixpanel tracking plan --- # Attached documents **Figma file**: optional \(paste link\) **Spec file**: optional \(paste link\) **Redmine ticket**:",Complete,Squad Dev Tools,Roadmap
Segment Reverse ETL Integration,# Problem\/Context ## **Description** To be defined ## Workaround No ## **Project justification** **Project type** - New product concept or workflow **Justification** Just because :\) # Solution **Package** A\/B Testing \/ Personalization \/ Full stack **Scope** To be defined **User roles** All **Design** To be defined # **Measuring Success** - --- # Attached documents **Figma file**: optional \(paste link\) **Spec file**: optional \(paste link\) **Redmine ticket**: mandatory \(paste link\),Open,Squad Dev Tools,Roadmap
Assign a widget to a variation from Code Editor,# Problem\/Context ## **Description** Being able to assign a widget to an experiment's variation. ## Workaround No ? ## **Project justification** **Project type** *Pick one :* - Requested capability - New product concept or workflow - Improvement to existing workflow - Operational improvement - Risk mitigation \(*refer to*[ *PDB Template - slide 9*](https://docs.google.com/presentation/d/1vr1Nmw2Hh6upHZq504j3R9KNo2jbRW2PoSYnXKcSA-Q/edit#slide=id.g10a92e05449_0_0)*\)* **Justification** concrete indicators \/ reasons why we need to work on this project *\(refer to*[ *PDB Template - slide 9*](https://docs.google.com/presentation/d/1vr1Nmw2Hh6upHZq504j3R9KNo2jbRW2PoSYnXKcSA-Q/edit#slide=id.g10a92e05449_0_0)*\)* # Solution **Package** A\/B Testing \/ Personalization **Scope** Code editor **User roles** All **Design** To be defined # **Measuring Success** *-* --- # Attached documents **Figma file**: optional \(paste link\) **Spec file**: optional \(paste link\) **Redmine ticket**: mandatory \(paste link\) Being able to assign an already generated widget to a test variation without the need to open the WYSIWYG-Editor.Especially when one wants to test PR-widgets it highly annoying.,Open,Squad Dev Tools,Roadmap
Real-time Synchronization of Visits,# Problem\/Context ## **Description** Real-time sync of visits is an option at extra cost that can be activated from the Administration Back-office. It allows user to see their visits faster. ## Workaround No. ## **Project justification** **Project type** - New product concept or workflow **Justification** - # Solution **Package** A\/B Testing \/ Personalization **Scope** - **User roles** All **Design** - # **Measuring Success** *-* --- # Attached documents **Figma file**: optional \(paste link\) **Spec file**: optional \(paste link\) **Redmine ticket**:,Complete,Squad Dev Tools,Roadmap
Chrome Extension - Cookie Authentication Flow,"# Problem\/Context ## **Description** Reusing the kameleoon cookie to log in to the Chrome Extension ## Workaround Yes, normal flow ## **Project justification** **Project type** - New product concept or workflow **Justification** Cool feature that is a smart way to save our user time to log in. # Solution **Package** A\/B Testing \/ Personalization **Scope** Chrome extension **User roles** All **Design** - # **Measuring Success** *-* --- # Attached documents **Figma file**: optional \(paste link\) **Spec file**: optional \(paste link\) **Redmine ticket**:",Complete,"Squad Dev Tools, Tribe developers",Roadmap
User rights global rework,"Old inspiration: [Embedded content](https://www.figma.com/embed?embed_host=share&url=https%3A%2F%2Fwww.figma.com%2Ffile%2FIhokijqpF67uKB9kySOo1mxz%2FUS-13240---Users-%2526-Rights---Long-term-vision%3Fnode-id%3D1881-0%26t%3D0PSAWK6fYpfDYc1G-0) interesting if you have multiple accounts for agency Adding one Mail Adress/person to different customer accounts The customer would like to have different and more precise rights for their users. Example: View only Need approval from someone before launching Not being able to edit other user's experiments Being able to edit certain page of the website but not all Feature Request : La Dépêche Groupe""Les utilisateurs qui n'ont pas les droits pour publier des campagnes n'ont pas non plus les droits pour les arrêter"" Ils aimeraient que l'on puisse choisir les actions plus en détails dans les droits des utilisateurs. Aujourd'hui problématique pour eux car certains sont obligés de passer par des intermédiaires qui eux ont les droits pour pouvoir arrêter les campagnes.",Planned,,Roadmap
New onboarding user flow for Marketers,We are exploring the addition of 'New onboarding user flow for Marketers' to our roadmap. This initiative aims to address specific user needs and expand the platform's core capabilities.,Complete,,Roadmap
Kameleoon new UI,"Align the product design \(colors, overall feel\) with the new Marketing guidelines, to make the solution more enterprise-ready Solutions accessibility improvements: Goal: reach level A Configurable columns on FF, Goals, Segments, Custom data dashboards: ## Problem\/Context - As I user I would to have access to a customizable view of my dashboard in the Back-office client so I can have access only to sections that interesting me - **Existing workaround:** Yes - **Workaround The client can consult sections is interesting in manually **Project justification:** - **Project type:** to fill in *\(refer to PDB Template - slide 9\)* - **Justification:** Requested capability on existing customers ## Solution - **Product package:** Full stack - **Product scope:** The operation is the same on all pages \(A\/B tests, Perso, Segments, Goals, Websites\). - **User roles**: all - **Design:** For one dashboard - Fist on the right sidebar next to filter a tab will be present: columns . With this new functionality Columns, users can customize their dashboards : they can choose which columns they want to display. ![](https://pb-files.s3.amazonaws.com/production/attachments/ddf16368ce7bdfb49a77eea904f39134f481a0e3dbe5da1684f8c8d3d930f164/Capture_d_ecran_2022-07-25_a_17.26.56.png) To custom the view by default, there will be a wheel icon to acces to parameter ![](https://pb-files.s3.amazonaws.com/production/attachments/c4d6c59312081b4cf40bc3674063b233efdbf62b88625e227f0a8679f9699b62/Capture_d_ecran_2022-07-25_a_17.28.09.png) - There will be elements displayed by default: - Name - Type - Status - Modified - Tag - and elements not displayed by default - Author - Created - Website\/project - Main goal - Online - Results exploitability With a checkbox system, user can select element he want to be displayed or not ![](https://pb-files.s3.amazonaws.com/production/attachments/2ba3a0ae90ba55c7e6f11845dd3657f65f1ee7e951e4488a5b129ec55f5231bb/Capture_d_ecran_2022-07-25_a_17.31.43.png) ## **Measuring Success** - **Goal 1:** Retenion: adress critical user pain points - **Success metric:** Allow user to easily customize their dashboard view. - **Success metric:** Save user time with adapted view they can use to have access to only relevant informations - **Goal 2:** Satisfaction - **Success metric:** Save user time with adapted view they can use to have access to only relevant informations --- ##",Complete,,Roadmap
Free trial adaptation on account creation,We are exploring the addition of 'Free trial adaptation on account creation' to our roadmap. This initiative aims to address specific user needs and expand the platform's core capabilities.,Planned,,Roadmap
Project dashboard redesign,"## **Feature short Describe what the feature does. Project dashboard redesign and migration allows all users to easily find the projects they're looking for on the dashboard, and find all necessary information about them in an eyeblink. ## Problem What problem are we trying to solve with this feature? Or, what is the opportunity we are addressing? As a marketer, I want to find a project and information about it as quickly and conveniently as possible, by keeping the same reflexes I already have on other dashboards. **Workaround:** - **Existing workaround:** Yes - **Workaround The projects dashboard already exists - but its design is the old one \(it's unlike the other, newer app pages\) and is thus not optimized. Besides, the technical architecture is old as well - we need to reduce the tech debt. ## Solution **Key benefits** : What value does this feature bring to the user? The user will keep the habits he acquired on other dashboards - it will make it easier for him to move around the projects dashboard. Additional features will also be added (see the status of a project in an eyeblink, ability to add tags, enriched filters located in a filters sidebar) **Use Cases:** Share use cases where this feature would help our users. When the user wants to check or modify something on a project, they want to find it as quickly and easily as possible, so they can access the dedicated project page. ** Product design:** - **Product package:** Web Experimentation \/ Full Stack Experimentation \/ Feature Management \/ AI-driven Personalization - **Product scope:** Projects dashboard - **Target Persona**: Marketer \/ Developer \/ Product Manager - **Main updates:** In bullets, concisely describe what your solution consists of: - Projects dashboard will evolve following the current design we have on migrated app pages - thus, users will keep the habits they acquired on other pages: - each project will have 1 dedicated card - columns will help the user directly see the status of his page - ability to add tags to find projects more conveniently - addition of a filters sidebar - enriched filters ## **Measuring Success** - **Goal 1:** indicate the goal of this topic - **Success metric:** indicate the key indicator of success that will measure the achievement of goal 1 Copy and paste previous paragraph for each goal attached to this topic. Report to PDB Template - Slide 13 for examples --- ##",Open,,Roadmap
Kameleoon Application file (kameleoon.js) splitting,"# Problem\/Context ## **Description** Instead of loading everything inside kameloon.js, we will have two different part : kameleoon.js and the configuration part loading later. ## Workaround No ## **Project justification** **Project type** - Requested capability **Justification** requested by Fnac # Solution **Package** A\/B Testing \/ Personalization **Scope** Admin Back-office **User roles** - **Design** - # **Measuring Success** *-* --- # Attached documents **Figma file**: optional \(paste link\) **Spec file**: optional \(paste link\) **Redmine ticket**:",Complete,Squad Dev Tools,Roadmap
Email only (Deleting the username field and keep only email),"# Problem\/Context ## **Description** Clean up to delete username field and keep only email ## Workaround No ## **Project justification** **Project type** - Operational improvement **Justification** less code, more reliable, more stable # Solution **Package** all **Scope** login page **User roles** all **Design** - --- # Attached documents **Figma file**: optional \(paste link\) **Spec file**: optional \(paste link\) **Redmine ticket**:",Complete,Squad Dev Tools,Roadmap
Multi-Armed Bandit Experiments,"## Feature Summary The goal of this feature is to introduce a **Multi-Armed Bandit** for traffic allocation in Feature Experiment's variation split. The MAB will optimize the distribution of user traffic among different feature variations, allowing for efficient and automated decision-making during A\/B testing and experimentation. --- ## Problem - As a user, I face: - **Inefficient Traffic Allocation:** Challenges in determining the optimal allocation of user traffic among multiple feature variations during A\/B testing. Manual allocation methods may result in suboptimal decisions and wasted opportunities. - **Missed Opportunities:** Manual allocation, especially over several ongoing experiments may fail to leverage real-time feedback from ongoing experiments, leading to missed opportunities to quickly identify and promote high-performing variations. - **Resource Drain:** Manual management of traffic allocation requires significant time and effort from me and my team, diverting their focus away from core tasks and slowing down the experimentation process. - **Workaround:** None, manual intervention is a must. ## Solution Benefits 1. **Optimized Traffic Allocation:** Intelligently adjusts the distribution of user traffic among different feature variations based on real-time feedback. It dynamically balances exploration \(trying out new variations\) and exploitation \(promoting successful variations\), leading to better overall performance and quicker identification of winning variations. 1. **Quick Insights and Iteration:** Users can gain actionable insights more rapidly, allowing users to iterate and improve their products faster. 1. **Resource Efficiency:** Eliminates the need for manual management, saving users time and effort. Users can focus on strategic decision-making and experiment analysis rather than manual allocation. ![](https://pb-files.s3.amazonaws.com/production/attachments/64ecaa5e8e1753c337fe0c639ccb05ccba2251d9d76e75d1b7b2877cb1fafd6a/image.png) ![](https://pb-files.s3.amazonaws.com/production/attachments/bd0f1c481e68fd13803977e89a4126be9d7b16f69caa3b5a7fe5b642f793efb6/image.png) ** Product design:** - **Product package:** Feature Management and Experiment - **Product scope:** Rollout Planner - **Target Persona**: PM - **Main updates:** A simple toggle in the experiment variation split selection. ## **Measuring Success** - **Goal 1:** Improved conversion metrics - **Success metric:** Feature adoption, user feedback --- ##",Complete,,Roadmap
Open Source Analytics Library,# Problem\/Context ## **Description** Being able to pick a custom analytics to edit instead of copy pasting code from github. This will allow us to do more integrations that are not native and avoid a lot of problems. It's a good way to present non-native integration to our customers. From this : To this : Using this api : ## Workaround No. ## **Project justification** **Project type** - New product concept or workflow **Justification** - # Solution **Package** A\/B Testing \/ Personalization **Scope** Integration page **User roles** All **Design** ![](https://lh7-rt.googleusercontent.com/slidesz/AGV_vUcx9aKy8UExr4HFrtLMAITI4ZH85J2-Sxz7RExZmrgFSJfSpUmGtCTDbW5mpVxEA_IxGqTLAviF-iFCIDf2IE6fl_RkMKhh8Ku_58P2d4HuStRRCf-hK3lkaqT2a8OUYsAA_4a6KfejeylBaMTDR1pV3SC99ho=s2048?key=1hKlnRJdg43EWGeEy2vyTQ) # **Measuring Success** *-* --- # Attached documents **Figma file**: optional \(paste link\) **Spec file**: optional \(paste link\) **Redmine ticket**: - Custom Analytics Library,Complete,Squad Dev Tools,Roadmap
Widget editor April 23 Enhancements,"Set a dynamic custom data value based on users inputs: Add NPS template: Smart guides (canvas): ## **Feature short Smart Guides will allow users to easily and accurately align and reposition elements both vertically and horizontally while editing a widget. **Good to know for Kameleoon:** this feature is also interesting to show in pre-sales, it corresponds to an advanced feature of a complete suite dedicated to design ## Problem Designing a widget can be complex and very time consuming when we need a pixel perfect design. In particular, when users are editing a widget, they need an easy way to perfectly align and position elements both vertically and horizontally. **Workaround:** - **Existing workaround:** Yes - **Workaround For a pixel perfect design, users now need to calculate the exact position of their element, and adjust it in the left configuration panel ## Solution **Key benefits** : 1. Improved accuracy: The smart guides make it easier for users to perfectly align and center elements on their widget, resulting in a more precise and professional-looking design. 1. Increased efficiency: With the help of the smart guides, users can quickly and easily position elements in the exact spot they need, reducing the time and effort required for manual adjustments. 1. Consistency: By using the smart guides, users can ensure that all elements on their widget are consistently positioned, leading to a more cohesive and polished overall design. **Use Cases:** - As a user, I want to be able to center my image with ease so that I can get pixel perfect design results. - - As a user, I want to create a form, with different fields. I want to have all my fields aligned, with the exact same distance between each field, in order to make it professional. ** Product design:** - **Product package:** AI-driven Personalization - **Product scope:** Widget Editor - **Target Persona**: Marketer - **Main updates:** - Addition of horizontal and vertical lines on the Widget Editor - Addition of distances between elements on the Widget Editor ![](https://pb-files.s3.amazonaws.com/production/attachments/4cc7313042416432b79aa6592cc15fab7cd1548dd1e5d1d3bef9cb310c23556f/image.gif) ## **Measuring Success** - **Goal 1:** More user satisfaction - **Success metric:** it will be difficult to track the success of this feature on Mixpanel, but we will explore it during user interviews. --- ##",Open,Squad Perso,Roadmap
Specific URLs for dashboards,"## Problem\/Context When using filters or views on a dashboard \(for instance the Experiments dashboard\), the user can't navigate smoothly between several views of his page, nor share the page with his colleagues: if the user applies a filter or selects a view, the App URL stays the exact same. This current system doesn't enable easy navigation or collaboration. Instead, updating the URL each time a filter is applied will enable each dashboard configuration to have a specific address. - **Existing workaround:** No **Project justification:** - **Project type:** Requested capability - **Justification:** highly requested by our key customer BPCE ## Solution - **Product package:** A\/B Testing \/ Personalization \/ Full stack - **Product scope:** Experiment dashboard, Personalization dashboard, FF dashboard, segments and goals dashboards - **User roles**: All - **Design:** only on the browser URL field - URL is updated for each applied filter. --- ##",Complete,,Roadmap
Key results KPIs in Dashboards,"In the experiments dashboards, by hovering on an experiment, we can display a popup preview of the setup (traffic allocation, targeting, goals, etc....) For experiments that have results, it would be super great to add in this popup the results on the primary KPI with statistical significance so we can see right from the dashboards the results instead of needing to access the detailed result page It'd be great to have quick access to results data from the experiments page : have info in the on hover on the i or being able to apply filters according to the test results (significativity, nb of visits exposed etc) important",Complete,,Roadmap
VSCE - v4.1.0,"The details are in the subfeatures, or you can read the Portal Card. VSCE - Mixpanel tracking: # Problem\/Context ## **Description** Adding mixpanel tracking in the VSCE ## Workaround No ## **Project justification** **Project type** - Operational improvement **Justification** *-* # Solution NA # **Measuring Success** *NA* --- # Attached documents **Figma file**: optional \(paste link\) **Spec file**: optional \(paste link\) **Redmine ticket**: VSCE - Feature Flag View: ## **Feature short Describe what the feature does. The Feature Flag view of our Kameleoon VSCE allows developers to see the list of all the feature flags directly from VS Code by using the dedicated view in the side panel. ## Problem What problem are we trying to solve with this feature? Or, what is the opportunity we are addressing? As a developer, when I want to do see the feature flags, I have to go to the Kameleoon app. **Workaround:** - **Existing workaround:** Yes - **Workaround from the app ## Solution **Key benefits** : What value does this feature bring to the user? A view of all the feature flags in the VSCE. **Use Cases:** Share use cases where this feature would help our users. Developers want to code in full autonomy without going back and forth and withcing windows. Providing the list of all the feature flags is a more compliant way to keep an eye on the feature that are on or off and to implement them in the right environment with the right ID. ** Product design:** - **Product package:** Feature Management - **Product scope:** VSCE - **Target Persona**: Developer - **Main updates:** Adding a new view in the VSCE ## **Measuring Success** NA --- ##",Complete,Squad Dev Tools,Roadmap
Exclude filter in audience,"Enable users to perform Exclude filter in audience, improving data management and operational efficiency.",Open,,Roadmap
FM&E Free Trial,"## **Feature short We need to work on implementing a new feature allowing any potential Feature Flag user to create their own account on their own. An account created by this process will be considered ""free trial"" and will be subject to the following limitations: - Up to 10 user accounts - Access only to the Feature Flag package - 30-day free trial before account is blocked ## Problem We would like our users to be able to create their own account by themselves. Currently, our CSM are taking care of the account creation. We would like to scale and provide this feature to a wider audience to promote our FM&E solution. **Workaround:** - **Existing workaround:** No ## Solution **Key benefits** : - Ability to sign up to the FM&E offer with a 30-day free trial **Use Cases:** - Try FM&E for free - Allow prospects to discover FM&E on their own ** Product design:** - **Product package:** Feature Management - **Product scope:** - new page called register - admin Back-office - Kameleoon app menu - team page - **Target Persona**: - - **Main updates:** Too long to be described --- ##",Complete,Squad Dev Tools,Roadmap
User Account Limit in Admin BO,"## **Feature short Describe what the feature does. The Developer Tools squad must work on setting up a new option in the Administration Back-Office. This new option will limit account creation to a maximum of a specific number of user accounts if it is activated on a customer account. Therefore, this specific maximum number of user accounts can be defined in the Administration Back-Office, per customer. --- ##",Complete,Squad Dev Tools,Roadmap
Migration to the new data API endpoints,"## **Feature short This is just a migration to the new endpoints. Purely internal, no added value. --- ##",Complete,Squad Dev Tools,Roadmap
Users page - User last login information,Be able to see the last login in the team pageand be able to sort and filter by last logged in in the team pageA way of cleanup unused accountRequested by BPCE,Under Review,,Roadmap
New status actions from the dashboard,Pouvoir planifier depuis le dashboardAjouter une date d'arrêt après lancement Modifier une date de débutTout ça depuis le dashboardGroupe Eram,Open,,Roadmap
Pause / Resume Rules,"## **Feature short Allow users to pause any rule and resume it whenever they want. ## Problem As a PM or Tech lead, when I want to pause an ongoing feature experiment or a delivery rule, I cant ONLY pause the experiment without interrupting my rollout\/testing cycle. I can either delete the rule and create another one later, which invalidates findings, or add an end-date to schedule it to turn off. Or, I turn off my feature flag from the toggle, which pauses the rule but also all delivery rules and experiments for the FF. **Workaround:** - **Existing workaround:** Not really ## Solution **Key benefits** : - Pause\/Resume button inside each card's menu ![](https://pb-files.s3.amazonaws.com/production/attachments/1eb810c865a5bffa671671420c0a63829461af0f8d6eab5d53529ef2fa9f7587/image.png) ![](https://pb-files.s3.amazonaws.com/production/attachments/54b211b4fbfaf4724f2852242f45eaf21dd005f4200ff8ca8aef3c67d7797995/image.png) - Rule card also changes appearance and shows paused status. ![](https://pb-files.s3.amazonaws.com/production/attachments/4e6b341ab03e0bf54b0ff27a1d776715e50e1d3a041484362f0799103cc06b91/image.png) - Paused rules are simple ignored at runtime. ** Product design:** - **Product package:** Feature Management and Experiment - **Product scope:** Rollout Planner - **Target Persona**: PM, Developer - **Main updates:** ## **Measuring Success** - **Goal 1:** Drive more users to use this feature - **Success metric:** Feature adoption --- ##",Complete,,Roadmap
Rule Naming,"## **Feature short Allow rules to be named, to increase customisability of rollout rules. ## Problem As a PM or Tech lead, when I have several rules, it is hard to identify what each rule does since all rules of the same type have the same name. Also, when looking at my experiments dashboard list, all experiments have the same name ""Experiment"". It can be hard to discern between them. **Workaround:** - **Existing workaround:** None. ## Solution **Key benefits** : - Add rule naming with duplication validation applied. Rule name is also reflected in the rule queue. ![](https://pb-files.s3.amazonaws.com/production/attachments/3611ecb9f5d65bf5c62945df00d602f00101a9eb0b3d70a1b99f3f31802c7eae/image.png) ** Product design:** - **Product package:** Feature Management and Experiment - **Product scope:** Rollout Planner - **Target Persona**: PM, Developer - **Main updates:** Additional field added in the rule config screen on the right side. ## **Measuring Success** - **Goal 1:** N\/A - **Success metric:** Feature adoption --- ##",Complete,,Roadmap
Segment builder - Migration to REST API,"Provide seamless integration capabilities for 'Segment builder - Migration to REST API', allowing users to synchronize data and streamline workflows.",Complete,Squad Perso,Roadmap
Premium Widget offer,"Translations : define texts for different languages: This feature could be a nice USP. Device synchronization on Widget Editor: Device synchronization allows marketers to define a ""master device"" for each element and choose how the element's settings should be synchronized between the master and the other devices by selecting the synchronization rule for all ""slave"" devices. Image editor (including crop): Progress bar element: ## **Feature short Describe what the feature does. Allow our customers to add progress in their widgets, with the ability to choose a specific rule to calculate the progression rate. ## Problem What problem are we trying to solve with this feature? Or, what is the opportunity we are addressing? As a marketer, I want to be able to cover different use cases: * Clearly indicate the user ""how far"" s.he is from achieving a goal. example: what is the remaining amount to be added to the cart in order to benefit from a discount or a specific offer * Better indicate the completion rate when the user is requested to accomplish multiple steps. * Create an ""urgency feeling"" displaying a progress bar. Note that this feature is proposed by our competitor A\/B Tasty \(see image below\). ![](https://pb-files.s3.amazonaws.com/production/attachments/c178dbbf557a1b5a31b6b7b21ae7097856a08624e6d823ed5b9bb8aee46c2dd9/image.png) **Workaround:** - **Existing workaround:** Yes \(partially\) - **Workaround Users need to add countdown element, and then hide all the elements of the countdown \(except the countdown\). But it partially covers the user needs since it is only based on the time. ## Solution **Key benefits** : What value does this feature bring to the user? Cover more personalization use cases, to better encourage users to perform a specific action, or to better guide them. ** Product design:** - **Product package:** AI-driven Personalization - **Product scope:** Widget editor - **Target Persona**: Marketer **Main updates:** - Addition of a new ""Progress bar"" element - Default value: Ability to manually define a default value for the progress bar on each screen - Events: ability to manually set the % of the bar with events \(for example if the user does this in the widget, then the % changes to Y\) - Dynamic value: ability to assign an automatic progress value based on a custom data. We would then ask for three fields: - the name of the Custom Data (it must be a numerical Custom Data) - what value the 0% corresponds to (0 by default) - what value corresponds to 100% (default is 0) - Dynamic value, based on time \(like today with the countdown element, when we hide all elements except progress bar\) --- WILL BE FILLED LATER ## **Measuring Success** - **Goal 1:** indicate the goal of this topic - **Success metric:** indicate the key indicator of success that will measure the achievement of goal 1 Copy and paste previous paragraph for each goal attached to this topic. Report to PDB Template - Slide 13 for examples --- ##",Complete,Squad Perso,Roadmap
Theme Builder,"This feature is aimed at Entreprise Customers. It will allow admins to create a design system for the widget editor: - definition of typography: choice of fonts and font styles for all the text elements - definition of a color set - definition of preset components Then, when regular users will create their widgets, they will be able: - for their text elements, to choose the typography type of each element \(h1, h2, ... or normal\) - for colors, to have shortcuts to the design system palette - for elements, a new section ""preset elements"" will appear, with the library of all preset components Admins should also have the option to force regular users to only use elements coming from the design system. I need to elevate the use of Kameleoon to some other users, with a no code solution, so it would be of great use ! Super useful to avoid ""christmas tree"" websites :) The customer would like the ability to copy one screen from a widget to another. Example: Widget A has 3 screens ( Welcome / Input / Thank you) Widget B has 2 screens (Promo / Thank you) &gt;&gt; It would be great to copy the Thank You screen from Widget A and paste it on Widget B; so we don't have to do it all over again. Requested by Orange To design CI-Tests. As more and more non designers in our company can build widgets, it's extremely important that we implement our design system, so that we only test things we actually want to buid. Preferably we would like to export our Figma library client of mine wants to be BETA client Be able to customize the color palette associated with the site in the graphic editor by adding, modifying or deleting colors. On the widget studio, being able to upload font policy and the set of colors from the company (once) and then being able to use it on all widgets.This question is very often asked during presales calls and is mandatory for using AI widget (without the color set of the company, the feature is not usable) I confirm this is very often asked during demos AB tasty doc : https://support.abtasty.com/hc/en-us/articles/8443041270812-How-to-declare-your-Widget-Theme very very important, especially for AI widget Apply an existing font to all the widgets or to a single widget would be nice. For example, defining Montserrat as the default font would be great. It would allow that all existing text on widgets have this font or when creating a new text element the font is automatically applied to it.Paris Fashion Shops would like to have this feature. We want to be able to upload our Corporate Font Families so we can easier build our projects. Would help a lot when creating widgets. Usually all widgets will consist of the same CSS according to the brand guidelines. So to not have a template that takes this into account for each new widget created seems like forcing the editor to do a lot of unnecessary work",In Progress,,Roadmap
Limit to 100 responses per month in Free plan,We are exploring the addition of 'Limit to 100 responses per month in Free plan' to our roadmap. This initiative aims to address specific user needs and expand the platform's core capabilities.,Closed,Squad Perso,Roadmap
Date element - Add date formats,All the dates are displayed like this in the widget editor : dd\/mm\/yyyy ![](https://pb-files.s3.amazonaws.com/production/attachments/0376dd38448a4842dd12ecde9eaeafa4a665866a96b8eab6ef5420dba53b0463/image.png) We should allow the user to choose the date format. It is important for US customers for example.,Under Review,Squad Perso,Roadmap
Enhance overlay of planned personalizations,"**Problem:** In case a user planned a personalization, its status switches to ""planned"" which is normal. Yet, we have no clear indication on the Personalization dashboard at which date the personalization will be launched online. Thus, in order to get this information, the user is forced to open the Personalization Creation Page and look how the scheduling is defined in the ""advanced settings"" option \(which is quite time consuming\) **What should be done?** For all planned personalization, when ""scheduling"" is defined, in the overlay that is displayed on hover over the ""information"" icon, in ""Key dates"" section, add a line : ""Next scheduled release date"", with the date & time of the beginning of the next schedule. This information should only be added while the personalization gets the ""planned"" status. Note that this feature also makes sense for Experiment squad \(see with Interface squad\). *This problem was discussed on slack and visio with Cernst on 20\/03\/2023*",Open,Squad Perso,Roadmap
Sequential testing,"## **Feature short Describe what the feature does. Sequential Testing allows users to continuously monitor the performance of different variations in an A/B test and make informed decisions as soon as statistically significant results are achieved, without the need to wait for a fixed sample size to be reached. ## Problem What problem are we trying to solve with this feature? Or, what is the opportunity we are addressing? Traditional A/B testing methods often require a predetermined sample size and fixed testing duration, which can lead to inefficiencies and delayed decision-making. In many cases, users are left waiting for extended periods before they can confidently choose a winning variation or halt underperforming ones. This approach is suboptimal in scenarios where quick decisions are essential, such as optimizing conversion rates, user engagement, or revenue generation. Sequential Testing aims to address these limitations and provide a more flexible and efficient testing framework. **Workaround:** - **Existing workaround:** Yes - **Workaround : Users can manually check his experiment's results on all the existing segments to see the test's result on each. ## Solution **Key benefits** : What value does this feature bring to the user? -Faster Decision-Making: Sequential Testing enables users to make decisions as soon as statistically significant differences between variations emerge, reducing the time required to reach conclusive results. -Resource Efficiency: Users can optimize their testing resources by stopping underperforming variations early and reallocating traffic to more promising ones, leading to cost savings and better allocation of resources. -Improved User Experience: By quickly identifying and implementing winning variations, organizations can enhance user experience, drive better engagement, and ultimately improve key performance metrics. -Adaptive Testing: The feature adapts to the actual behavior of users, ensuring that if a significant difference exists, it will be detected with high probability while minimizing the risk of making incorrect decisions due to random fluctuations. **Use Cases:** Share use cases where this feature would help our users. This feature can be used for each AB test. ** Product design:** - **Product package:** All packages. - **Product scope:** Result page. - **Target Persona**: Marketer \/ Product Manager - **Main updates:** - Addition of a toggle to choose between sequential or classic approach. ## **Measuring Success** - **Goal 1:** The goal is to align with our competitors who offer this feature. - **Success metric:** Number of customer running a sequential experiment. --- ##",Complete,,Roadmap
Global KPI detail,Provide detail per experiment of each experiment contribution to the global ROI. As well as improve the selection rules for an experiment \/ perso to be included in the computations.,Open,,Roadmap
Dynamic links in Widgets,"## **Feature short Allow customers to use variables inside their URLs \(for button and links elements\) using custom data: ***\{\{customerValue\}\}*** ## Problem Today, all the URLs a user can define on the Widget editor \(in buttons or link elements\) are static. Thus, it is for the while not possible to redirect users to a ""dynamic"" URL, composed of a parameter that can be specific to the user. **Workaround:** - **Existing workaround:** No, without coding ## Solution **Key benefits** : Allow deeper personalization and better user tracking by allowing to pass variables in the URL. **Use Cases:** - As a marketer, I want to redirect the user to a really specific and customized page. - As a marketer, I need to track the actions of each individual users exposed to the personalization ** Product design:** - **Product package:** AI-driven Personalization - **Product scope:** Widget editor - **Target Persona**: Marketer - **Main updates:** In bullets, concisely describe what your solution consists of: - Link element : in section URL, addition of a ""custom data option"" \(same design as for the text block, with a unique icon in the top bar\) - Events section \> Add action \> URL \> Go to URL \> URL field : transform URL field, with the exact same change as above. ------------------ Will be filled later ---------------------------------- ## **Measuring Success** - **Goal 1:** indicate the goal of this topic - **Success metric:** indicate the key indicator of success that will measure the achievement of goal 1 Copy and paste previous paragraph for each goal attached to this topic. Report to PDB Template - Slide 13 for examples --- ##",Complete,,Roadmap
Funnel management,"Ability for users to define funnels \(either during campaign configuration, or on results page\)",Open,,Roadmap
Limit the number of events in the Pro plan,Limit the number of events a user can add to a widget in the free plan. The goal is to encourage users who have an advanced use of the widget editor to subscribe to our premium plan. The number of events available in the free plan should be determined based on current use of the Event Part \(with Mixpanel\).,Complete,Squad Perso,Roadmap
Real time events logs,"--\> Check what Sebastien has done --\> Check what statsig does --\> What is the use case ? --\> Build a page Currently released as Bonjour, Pour suivre plus facilement si notre test se fonctionne correctement dès le début du lancement sans attendre les 40 minutes de remontée de résultat. Est-ce qu'on pourrait avoir un outil qui remonte en temps réel les hits déclenchés sur le test par exemple les pages vues, quand un objectif est déclenché, la variation du visiteur, l'appareil etc...",Closed,,Roadmap
Experiment creation flow specification,--\> Specify which information are needed to add in experiment creation flow to unlock sequential testing and more,In Progress,,Roadmap
Collective actions in the widget editor,"**Summary:** Allow users to apply a same action to several elements or edit several elements at the same time. **User Story** As a user, I want to be able to select several elements of a widget and perform an action \(for instance: delete, hide...\) or edit the same property \(for instance: position, size, alignment...\) on all of them. This will be time saving. **Use Case** Users will use this feature to select several elements of a widget. They will be able to apply any action from a given list to all the elements selected. They will also be able to edit some properties that all selected elements have. For example, they will be able to resize or change the position of all selected elements. If users select several text elements, they will be able to edit the font-size of all texts. **Requirements** - Users should be able to select several elements. - Users should be able to select an action to apply to all elements at the same time. - Actions should apply to all elements when users validate - Users should be able to edit properties that all elements have - Users should be able to edit properties that all selected elements share - Changes should apply to all element when users validate Allow collective actions in the widget editor SummaryAllow users to apply a same action to several elements or edit several elements at the same time.User StoryAs a user, I want to be able to select several elements of a widget and perform an action (for instance: delete, hide...) or edit the same property (for instance: position, size, alignment...) on all of them. This will be time saving.Use CaseUsers will use this feature to select several elements of a widget. They will be able to apply any action from a given list to all the elements selected. They will also be able to edit some properties that all selected elements have. For example, they will be able to resize or change the position of all selected elements. If users select several text elements, they will be able to edit the font-size of all texts.Requirements- Users should be able to select several elements.- Users should be able to select an action to apply to all elements at the same time.- Actions should apply to all elements when users validate- Users should be able to edit properties that all elements have- Users should be able to edit properties that all selected elements share- Changes should apply to all element when users validate",Open,Squad Perso,Roadmap
Automatic widget translation in any language,"For the launch of our Widget Premium plan users will be able to manually translate all the texts displayed in their widget in any language. the ""automatic translation"" feature, that will be added after the launch of the Premium plan, will extend this capability: from the ""translation"" section, users will just have to click on the button ""Automatic translations"" to entirely translate all the widget texts in the desired languages in one click. Need ! Highly expected Request by the following prospects: Triumph Alpha Industries Paulmann --&gt; were using DY and will switch to Kameleoon - they stated that DY already has this capability Lampenwelt Jack Wolfkin very useful for customers who have environments in all languages and when all is managed from France. Exemple Yves Rocher, it saves time and avoids potential translation errors. super nice for international websites",Complete,Squad Perso,Roadmap
AI Content Assistant,"Harness the power of AI with our new content assistant, made to help you write all your widgets texts. Take the content you have created and use Content Assistant to rewrite, summarize, expand it or change tone of your text.",Complete,Squad Perso,Roadmap
Global goal tracking for FF,"## **Feature short This feature will allow users of FME to track some global KPIs for their feature for delivery rules in addition to experiment rules now. Overall, tracking product KPIs and key metrics is essential for successful product development and can help teams make informed decisions, improve the user experience, and drive business growth. ## Problem 1. **Lack of direction:** Without clear KPIs and metrics, product teams may struggle to prioritize features and make informed decisions about how to allocate resources. 1. **Inefficient use of resources:** Without data-driven insights, teams may waste time and resources building features that don't resonate with users or contribute to the product's overall success. 1. **Missed opportunities:** Without tracking KPIs and metrics, teams may miss out on opportunities to optimize the product and improve the user experience, potentially leading to churn or lost revenue. 1. **No definition of success:** Teams may become demotivated if they don't have clear benchmarks for success or feel like their work isn't making a meaningful impact on the product. **Workaround:** - **Existing workaround:** Yes - **Workaround Use Feature Experiments to track goals and use them as a measure for targeted delivery to the same segment \(with the same variation\). ## Solution **Key benefits**: 1. **Improved decision-making:** By monitoring KPIs and metrics, teams can better understand how users are engaging with the product, and use this data to inform future feature releases and improvements. 1. **Increased accountability:** Tracking KPIs and metrics can help team members stay accountable for their work, as it provides a clear benchmark for success. 1. **Faster iteration:** With data-driven insights, teams can quickly iterate and make changes to the product based on user feedback and behavior. 1. **Better user experience:** By tracking key metrics, teams can identify pain points in the user journey and make targeted improvements to enhance the overall user experience. 1. **Increased revenue:** Tracking KPIs such as conversion rates, average revenue per user, and customer lifetime value can help teams identify opportunities to increase revenue and drive business growth. ** Product design:** - **Product package:** Feature Management - **Product scope:** Inside rule configuration overlay - **Target Persona**: All - **Main updates:** - Additional page in the ***Set up*** menu ""Goals"" ![](https://pb-files.s3.amazonaws.com/production/attachments/570e363a556b47a0492d36fd6eb2dd162c21983f5f28fbb86ed51feeb75cdf60/image.png) ![](https://pb-files.s3.amazonaws.com/production/attachments/6a2577a17a51a4e6aa3221859bc854a63597cd88d268a9c3d8fc396abc8a9e4e/image.png) ## **Measuring Success** - **Goal 1:** Feature adoption - **Success metric:** No. of rollbacks configured --- ##",Complete,Squad FM&E,Roadmap
Multiple steps form,Ability to create a unique form divided into different steps \(on per screen\),Open,Squad Perso,Roadmap
Eyedropper in color picker panel,"Addition of the ""eydropper"" action in our color picker panel",Complete,,Roadmap
VSCE v4.2,"VSCE - Widget deployment: # Problem\/Context ## **Description** Being able to use the VS Code extension to deploy a widget ## Workaround idk ## **Project justification** **Project type** - Requested capability **Justification** Requested by Christoph Ernst # Solution **Package** Personalization **Scope** VSCE **User roles** - **Design** - # **Measuring Success** *-* --- # Attached documents **Figma file**: optional \(paste link\) **Spec file**: optional \(paste link\) **Redmine ticket**: VSCE - Generate a simulation link: # Problem\/Context ## **Description** Get the simulation link directly from the VS Code extension ## Workaround Yes, in app ## **Project justification** **Project type** - Requested capability **Justification** Requested by Juliette François # Solution **Package** A\/B Testing \/ Personalization **Scope** VSCE **User roles** - **Design** - # **Measuring Success** *-* --- # Attached documents **Figma file**: optional \(paste link\) **Spec file**: optional \(paste link\) **Redmine ticket**: VSCE - Switch button for Feature Flag:",Complete,Squad Dev Tools,Roadmap
"VSCE - Errors, warnings and infos","Resolve the issue regarding 'VSCE - Errors, warnings and infos' to ensure a stable and bug-free user experience.",Complete,Squad Dev Tools,Roadmap
Copy link to custom dashboard URLs,"## **Feature short Describe what the feature does. This button at the top of the dashboards will enable all users to easily copy and share a given version of their dashboards (with the applied filters, views and/or search terms). ## Problem What problem are we trying to solve with this feature? Or, what is the opportunity we are addressing? As a marketer, when I want to share a given version of my dashboard, it's not easy to do so because I don't have any parameter in my URL to custom it based on filters/search parameters. **Workaround:** - **Existing workaround:** No ## Solution **Key benefits** : What value does this feature bring to the user? Gain time Easy collaboration between users ** Product design:** - **Product package:** Web Experimentation \/ Full Stack Experimentation \/ Feature Management - **Product scope:** Experiments, Personalizations, FF, Segments, Goals, Widgets dashboards for now \(and then, when next dashboards will be migrated, they will also be impacted\) - **Target Persona**: Marketer - **Main updates:** In bullets, concisely describe what your solution consists of: - Custom dashboards URLs, with parameters, depending on the activated filters \/ views \/ search terms in the user browser's navigation bar \(already in production\) - A link at the top of each dashboard, on click on which the URL will be copied into the clipboard - Ability to share views through a secondary action added in the Views sidebar ## **Measuring Success** - **Goal 1:** Usage of the feature - **Success metric:** Nb of clicks on the link, on each dashboard --- ##",Complete,,Roadmap
Clickhouse DM improvements,We are exploring the addition of 'Clickhouse DM improvements' to our roadmap. This initiative aims to address specific user needs and expand the platform's core capabilities.,Open,,Roadmap
SDK Filter / Breakdown,Add a new filtering and breakdown capability. Be able to filter visits\/visitors which have add at least one event sent by an SDK. Be able to breakdown campaigns results according to which SDK was used to send events for a visit \/ visitor. As well as which version of the SDK was used.,Complete,,Roadmap
Widget Summer Release,"Click-to-copy button element: Automatic saving enhancements for draft widgets: ## **Feature short Describe what the feature does. Structure this as: [Feature] allows [target persona] to [accomplish a task] by [capability / the how of the feature]. ## Problem What problem are we trying to solve with this feature? Or, what is the opportunity we are addressing? Example: ""As a developer, when I want to do ..., I get the following problems."" **Workaround:** - **Existing workaround:** Yes \/ No - **Workaround If there is a workaround, explain how we can proceed to solve the problem today ## Solution **Key benefits** : What value does this feature bring to the user? Answer the question, What are the benefits for the end user? as if you were talking to Customer Success. example: * benefit 1 * benefit 2 **Use Cases:** Share use cases where this feature would help our users. Use the Jobs To Be Done framework to illustrate our user's motivation and behaviour. Structure this as: When the user [situation], they want to [motivation], so they can [expected outcome]. ** Product design:** - **Product package:** Web Experimentation \/ Full Stack Experimentation \/ Feature Management \/ AI-driven Personalization *\(only keep the right answers\)* - **Product scope:** Product section and pages that will evolve \(if needed, define sections\/pages that will be out of scope\) - **Target Persona**: Which one of our target persona is going to benefit from this feature? \(Marketer \/ Developer \/ Product Manager\) - **Main updates:** In bullets, concisely describe what your solution consists of: - In page X, we add ... - On click, ... - Optionally, paste images of the solution here \(or paste Figma link\) ## **Measuring Success** - **Goal 1:** indicate the goal of this topic - **Success metric:** indicate the key indicator of success that will measure the achievement of goal 1 Copy and paste previous paragraph for each goal attached to this topic. Report to PDB Template - Slide 13 for examples --- ##",Complete,Squad Perso,Roadmap
[TechDebt] Polyglot refactoring,We are exploring the addition of '[TechDebt] Polyglot refactoring' to our roadmap. This initiative aims to address specific user needs and expand the platform's core capabilities.,In Progress,,Roadmap
[TechDebt] Audience Table Migration,"Execute the '[TechDebt] Audience Table Migration' to ensure system stability, performance improvements, and access to new architecture.",In Progress,,Roadmap
mParticle Integration,"## **Feature short Describe what the feature does. This integration will send exposure events to mParticle. ## Problem What problem are we trying to solve with this feature? Or, what is the opportunity we are addressing? mParticle users would like to analyze their Kameleoon campaign from mParticle. **Workaround:** - **Existing workaround:** Yes - **Workaround A custom analytics can do the job. ## Solution **Key benefits** : What value does this feature bring to the user? - Native integration that allows the user to receive mParticle events when a visitor is targeted by a Kameleoon Experiment or Personalization. **Use Cases:** Share use cases where this feature would help our users. - You are using mParticle, and you would like to track your Kameleoon campaigns using mParticle events. ** Product design:** - **Product package:** Web Experimentation - **Product scope:** Integration page, Result page, Code Editor, Graphic Editor, Personalization builder - **Target Persona**: Marketer \/ PM - **Main updates:** Typical analytics integration ## **Measuring Success** NA --- ##",Complete,Squad Dev Tools,Roadmap
BigQuery Integration,"## **Feature short BiqQuery users will be able to use their data stored in BigQuery as a targeting condition. ## Problem BigQuery customers were not able to reuse the data they collected about their users in their Kameleoon campaigns. **Workaround:** - **Existing workaround:** Yes - **Workaround The customer had to build their own webservice to enrich data using the Data API, but it's a lot of work and it has never been a single customer doing this. ## Solution **Key benefits** : Regular benefits of data enrichment \+ the benefits of connecting to a datawarehouse. **Use Cases:** - Targeting visitor based on data stored in BigQuery ** Product design:** - **Product package:** Web Experimentation - **Product scope:** Integration page, segment builder, custom data - **Target Persona**: All - **Main updates:** [Embedded content](https://www.figma.com/embed?embed_host=share&url=https%3A%2F%2Fwww.figma.com%2Ffile%2FbVzNjJMcOF2y0xmn75idos%2FUS---BigQuery-Integration%3Ftype%3Ddesign%26node-id%3D5%253A3%26mode%3Ddesign%26t%3D8yrAW6ca13oaUwBb-1) ## **Measuring Success** NA --- ##",Complete,Squad Dev Tools,Roadmap
Integrations Migration to K8s,"## **Feature short The goal here is to migrate our bridges hosted on CS-01 to K8s. ## Problem CS-01 is not scalable, a lot of problems happened in production. **Workaround:** - **Existing workaround:** NO ## **Measuring Success** K8s monitoring system. --- ##",In Progress,Squad Dev Tools,Roadmap
Zuko Integration,## **Feature short Sending track events to Zuko. ## Problem Zuko's users couldn't track the impact of experiments on forms. **Workaround:** - **Existing workaround:** Yes - **Workaround custom analytics ## Solution **Key benefits** : Tracking campaign impact on form conversion. **Use Cases:** Use Zuko forms combined with Kameleoon campaigns and track both. ** Product design:** - **Product package:** Web Experimentation - **Product scope:** app - **Target Persona**: PM - **Main updates:** - ## **Measuring Success** NA --- ##,Complete,Squad Dev Tools,Roadmap
Audience Mapping in GA4,"## **Feature short We are going to change our existing integration \(yes, again\). Now, the gtag method will be based on [Google's guidelines](https://developers.google.com/analytics/devguides/collection/ga4/integration). ## Problem Google released a new article in which they explained a specific procedure we should follow to integrate with them: **Workaround:** - **Existing workaround:** No ## Solution **Key benefits** : Nothing except Audience are created automatically. They are also deleted automatically, which is not convenient for our users \(we will make this as optional\). **Use Cases:** - ** Product design:** - **Product package:** Web Experimentation - **Product scope:** Integrations page - **Target Persona**: Marketer and PMs - **Main updates:** Users will use their Google credentials so we can automatically create GA4 Audiences for them. ## **Measuring Success** NA --- ##",Complete,Squad Dev Tools,Roadmap
Activation link regeneration,"## **Feature short We will allow users to ask for another activation link when it is expired. ## Problem Currently, users are complaining about the fact that the link only has 24h of lifetime. Therefore, they only have 24 hours to activate their account. After that, they will be redirected to an error page. **Workaround:** - **Existing workaround:** Yes - **Workaround Asking a CSMs or the admin user to send another link or force activation from the Teams page. ## Solution **Key benefits** : What value does this feature bring to the user? - More independence to the users, because they won't have to ask somebody for another activation email. **Use Cases:** - A user that did not click on the activation link within the 24 hours will be able to ask for a new link and not get stuck. ** Product design:** - **Product package:** All - **Product scope:** Activation flow \(email \+ error page\) - **Target Persona**: All - **Main updates:** In bullets, concisely describe what your solution consists of: - In page the error page, we add a button, so the user can ask for another link \(received by email\) ## **Measuring Success** NA --- ##",Complete,Squad Dev Tools,Roadmap
BPCE Autopromotion enhancements,"**Problem** **Managing national campaigns is complex.** In detail, when launching the duplication of a national campaign, it is difficult to know : - On which establishments \(or sub-sites\) this campaign has been duplicated. - What is the status of this campaign \(coming from the national level\) for each sub-site? - Which campaigns on sub-sites are still synchronized with the national campaign? The goal of this User Story is to help BPCE managing all their campaigns.",Open,Squad Perso,Roadmap
SDK attribution window,Enable support for attribution window for SDK experiments.,Complete,,Roadmap
Shopify updates ( new checkout page),"## **Feature short We update our Shopify app to support the new format of checkout pages. ## Problem What problem are we trying to solve with this feature? Or, what is the opportunity we are addressing? Customer couldn't use our Shopify integration on the new format of the checkout page. **Workaround:** - **Existing workaround:** Yes - **Workaround Manually adding Kameleoon, I think. ## Solution **Key benefits** : What value does this feature bring to the user? - Use of the Shopify app for the last format version **Use Cases:** Share use cases where this feature would help our users. - Same as before = being able to use Kameleoon on the checkout page ** Product design:** - **Product package:** Web Experimentation \/ - **Product scope:** Shopify integration - **Target Persona**: All ## **Measuring Success** NA --- ##",Closed,Squad Dev Tools,Roadmap
Rename originale variation,"Request from client Lelynx.frI'd like to be able to rename the Original variation.The label ""Original"" does not make sense for the client and it would make it easier in reporting and analytics tool for him to be able to rename it.So far, the client is creating a new Original variation for each test.",Open,,Roadmap
New SDK Targeting Conditions for Feature Flags,"## Feature Summary We want to provide new targeting conditions for server-side testing, using data natively available in SDKs. The following conditions will be available for Feature Flags and \(SDK & Hybrid\) Experiments: 1. **Device type** \(condition already exists for other types of experiment: DEVICE_TYPE 1. **Browser** \(condition already exists for other types of experiment: BROWSER We also have the possibility to set the version optionally. In SDK, the data Browser will also accept version now. 1. **Page Title** \(condition already exists for other types of experiment : PAGE_TITLE 1. **Page URL** \(condition already exists for other types of experiment: PAGE_URL 1. **Referring website URL** \(condition already existing for other types of experiment: ORIGIN 1. **Goal converted** \(condition already exists for other types of experiment: CONVERSIONS 1. **SDK language** \(SDK_LANGUAGE\) \(with values: ANDROID, SWIFT, JAVA, CSHARP, NODEJS, PHP, RUBY, GO, FLUTTER, REACTJS\). Optionally, version will also be accepted, as with Browser condition 1. **Visitor code** \(VISITOR_CODE\) \(string as value, with EXACT, CONTAINS and REGULAR\_EXPRESSION as match types\) 1. New conditions **SDK language** and **Visitor code** will be added to the group *Technical*. ![](https://pb-files.s3.amazonaws.com/production/attachments/34e434d8aa43e631be883afc333c6cf73d42463b6e6fea1151c715f5fa14c400/image.png) --- ##",Complete,,Roadmap
Traffic Reallocation,"## Feature Summary The **traffic reallocation** feature aims to enhance the effectiveness of feature delivery and testing by allowing users to reallocate traffic between different variations in real-time. If used, Kameleoon will '*rebucket'* visitors from scratch and disregard which experience they were exposed to prior to reallocation. --- ## Problem - As a user, I face: - For whatever reason \(e.g testing\) if user wants to reset the bucketing of a rule, there is no way. For instance, if one or more variations are performing poorly and I want to re-bucket ONLY that variation's traffic - I can't do so. - **Workaround:** Delete the variation and create another ## Solution Benefits - Gives more freedom to re-bucket traffic without changing any other parameters of the rule. ![](https://pb-files.s3.amazonaws.com/production/attachments/97ad88b0f95cb58d7e0659fd63ead1c6b566e7f711330551ff267ee8951bb78f/image.png) ![](https://pb-files.s3.amazonaws.com/production/attachments/d468db8ee215a586ca0b1669b94f880e551f198cbe225858b042792026cab730/image.png) ** Product design:** - **Product package:** Feature Management and Experiment - **Product scope:** Rollout Planner - **Target Persona**: PM - **Main updates:** A CTA in the exposition config section of the rule overlay. ## **Measuring Success** - **Goal 1:** Improved conversion metrics - **Success metric:** Feature adoption, user feedback --- ##",Complete,,Roadmap
RBAC: User Permissions for FE,"Pains: 1. Risk Mitigation: Without the Four-Eyes Principle, there is a higher risk of introducing faulty or problematic features into production, leading to potential bugs, performance issues, or security vulnerabilities. 1. Lack of Accountability: When changes to feature flags are made by a single individual, it becomes difficult to trace back and assign responsibility in case of errors or negative outcomes. 1. Quality Assurance Challenges: In the absence of multiple reviewers, the likelihood of overlooking potential issues or gaps in feature flag configurations increases, resulting in lower overall software quality. 1. Compliance and Governance: Organizations operating in regulated industries or following strict compliance requirements may face difficulties in meeting audit and governance standards without a robust approval process in place. Gains: 1. Enhanced Security: By requiring the involvement of multiple authorized individuals, the Four-Eyes Principle adds an extra layer of security, reducing the risk of unauthorized or malicious changes to feature flags. 1. Improved Quality Control: Having multiple reviewers ensures that proposed changes undergo thorough scrutiny, catching errors, inconsistencies, or potential pitfalls early in the process, leading to higher-quality software deployments. 1. Shared Knowledge and Collaboration: The Four-Eyes Principle fosters collaboration and knowledge sharing among team members. Reviewers can provide valuable insights, suggestions, or alternative approaches to improve the feature flag configurations. 1. Transparent Decision-Making: With a clear approval workflow and audit trail, the decision-making process becomes transparent and accountable, enabling stakeholders to understand who reviewed and approved each change. 1. Compliance and Auditing: Organizations can meet regulatory and compliance requirements by having a controlled and documented approval process for feature flag changes, ensuring accountability and adherence to established guidelines. 1. Confidence in Deployments: By implementing the Four-Eyes Principle, users of the feature flag tool can gain confidence in their deployment process, knowing that changes are subject to thorough review and scrutiny, reducing the risk of negative impacts on end-users. 1. Error Detection and Prevention: Multiple sets of eyes can identify potential issues, such as conflicts with existing feature flags, incorrect configurations, or unintended consequences, minimizing the chances of introducing bugs or performance regressions. 1. Continuous Improvement: The feedback and suggestions provided by the reviewers during the approval process can lead to iterative improvements in feature flag configurations, resulting in a more optimized and stable software system over time. By embedding the Four-Eyes Principle into the workflow of a feature flag tool, users can benefit from increased security, improved quality control, collaborative decision-making, and better compliance with industry standards. This ultimately leads to more reliable software deployments and a smoother user experience.",Complete,Squad FM&E,Roadmap
Technical Debt Management,"## Feature Summary Technical debt management in feature flags refers to the process of identifying, tracking, and addressing technical debt associated with feature flags within your codebase. Over time, as new features are released and experiments conducted using feature flags, technical debt may accumulate within the codebase that becomes increasingly difficult to proactively cleanup. --- ## Problem As a user, I face: - **Accumulated Technical Debt:** Users face challenges in managing and reducing technical debt associated with feature flags and other instances of Kameleoon's SDK, leading to code complexity and maintenance issues. - **Time-Consuming Manual Efforts:** The current process for identifying and addressing tech debt requires extensive manual intervention, diverting resources from other critical tasks. - **Risk of Bugs and Errors:** Unresolved tech debt may lead to increased risks of bugs, errors, and performance issues in the application. - **Impact on Team Efficiency:** Dealing with tech debt hampers development team productivity, slowing down feature development and experimentation. - **Workaround:** Using filters with key dates to track flags not edited in a long time. Still pretty manual. ## Solution Benefits With this feature, I benefit from: - **Streamlined cleanup process:** The feature provides an simplified process to identify, track, and address tech debt related to feature flags, ensuring a cleaner and more maintainable codebase. - **Time and Resource Savings**: Users save valuable time and effort if stale flags are highlighted for them, clearing up bandwidth for feature improvements. - **Enhanced Code Quality:** The simple improvement helps developers improve the overall code quality, reducing the likelihood of bugs in the long-term and enhancing application performance. - **Faster Feature Development:** With reduced tech debt, development teams can accelerate forward with more peace of mind, and deliver new functionalities more efficiently. ## ** Product design:** - **Product package:** Feature Management and Experiment - **Product scope:** FME Dashboard - **Target Persona**: Developers - **Main updates:** Dashboard enhancements to highlight flags that may be stale.. ![](https://pb-files.s3.amazonaws.com/production/attachments/ca07e65981e10cdc66097697b5faab91a1c8451b1007d63a895388e8db82511b/image.png) ## **Measuring Success** - How many flags were deleted when marked as stale? - Measure the decrease in the total number of stale flags over a specific period. --- ##",Complete,Squad FM&E,Roadmap
Enhanced Activity Logs for Feature Experimentation,To be updated,Complete,,Roadmap
AI Opportunity detection,"## **Feature short Describe what the feature does. Opportunity detector is a new feature which will be enabled for our audience customers. When an audience customer will run a test, if the test is not ""winning"", we will look at the test's results filtered over each of his segments. An opportunity is a subsegment of the test's targeting segment with a relative size of at least 15% of the initial segment and with a reliable positive effect over the original. We will notify the user for each opportunity we find and propose the user to duplicate the experiment to validate the opportunity. ## Problem What problem are we trying to solve with this feature? Or, what is the opportunity we are addressing? We are trying to get the most out of an A/B test, as it can get frustrating to see an idea ""loose"" the test. If it turns out the experiment is actually winning on a subsegment, this can lead to personalization opportunities. **Workaround:** - **Existing workaround:** Yes - **Workaround : Users can manually check his experiment's results on all the existing segments to see the test's result on each. ## Solution **Key benefits** : What value does this feature bring to the user? - It brings a lot of value as we aim to get the most out of every idea which is tested and to not miss any opportunity to serve what is suiting the visitor best. **Use Cases:** Share use cases where this feature would help our users. Every time a test is inconclusive or is worsening a KPI. ** Product design:** - **Product package:** Packages with audience included. - **Product scope:** The opportunity research will take place in the experiments result pages. - **Target Persona**: Marketer \/ Product Manager - **Main updates:** - Addition of a loading icon to notify the user that we are searching for opportunities. - Addition of a pop-in if we find any opportunity. ## **Measuring Success** - **Goal 1:** The goal is to give more value to audience and to encourage our users to engage with audience more \/ create more audience segments. - **Success metric:** Number of customer subscribed to the audience package. Number of audience segment created. --- ##",Complete,,Roadmap
Outdated Rule State,Card in progress,Complete,,Roadmap
Search personalization,"## **Feature short Describe what the feature does. Search personalization allows Marketers to create an instant search results experience using Kameleoon Search and Product Recommendation algorithms. ## Problem What problem are we trying to solve with this feature? Or, what is the opportunity we are addressing? As a Marketer, I want to be able to provide the best search experience by delivering the best-matched products for each visitor. **Workaround:** - **Existing workaround:** No ## Solution **Key benefits** : What value does this feature bring to the user? * Kameleoon delivers best in class user experiences from lightning fast search speeds to intuitive category navigation. * Kameleoon boosts any search results with customized rules embedded in a drop-down search box. * Kameleoon enables users to discover products with powerful filtering functionality and pre-built faceting options. **Use Cases:** Share use cases where this feature would help our users. * Implementing a search popup with suggested products, brands, categories based on the search query entered by a visitor. * Personalising the search listing page with recommended product for the given search query. Ability to add filters / sorting options. ** Product design:** - **Product package:** Can be used with all Kameleoon package as a premium add-on \(similar to Product Recommendation\) - **Product scope:** app.products.kameleoon.com pages. - **Target Persona**: Marketer - **Main updates:** In bullets, concisely describe what your solution consists of: - Addition of pages on app.products.kameleoon.com that allows the end user to customize the search capabilities of Kameleoon. ![](https://pb-files.s3.amazonaws.com/production/attachments/316bf64619531c70b5611ddd94b2a44b6e35a0bbe99fafdbf3543951fb75e673/image.png) ![](https://pb-files.s3.amazonaws.com/production/attachments/2db2879db013a09186e02b40eb867309d59e72cee91dc2886c200e5087e4b024/image.png) ## **Measuring Success** - **Goal 1:** # customers who contracted with that offer - **Success metric:** # customers who contracted with that offer",Complete,,Roadmap
Insert a content inside a page/pages or associated with multiple instances of selector,"Rajouter un choix quand on ajoute un widget ""Dans le contenu de la page"" :----&gt; En remplacement de TOUS les éléments qui correspondent à :Et dans l'input dessous :--&gt; Pouvoir mettre un sélecteur CSS commun à plusieurs éléments qu'on veut modifier avec le même block du widget editor.Ou alors avoir la possibilité de rajouter plusieurs sélecteurs CSS comme pour les GOALS et insérer le code du widget editor à la place de plusieurs éléments sur la page(QuerySelectorAll --&gt; ForEach...?) Pouvoir sélectionner plusieurs éléments d'un coup dans le widget editor pour pouvoir leur apporter une même modification en une seule fois au lieu de devoir répéter la modification X fois (par exemple : remonter 10 éléments vers le haut). With the graphical editor, I would like be able to add an HTML/text element after each element identified by a CSS selector. For example, I want to add a link to a ""Size Selection Guide"" on each product card on a list page. Even if I select a selector with multiple element it will only be added to the first one. I could do it code or with CSS but I want an option like this: ""add this HTML element after each element that match the css selector"", not only the first one. or ""move and copy this element after each element that match the CSS selector"" Hi ! I want to insert a widget at different places on different pages in the same experience. For now, I have to do everything with code and do multiple if statements and regenerate the widget's code multiple times for the different places i want the widget. Tell mi if i'm not clear or if you want me to show you an example of test I did like that ! Ajout automatique de CTA créés avec le widget studio dans chaque carte d'une page liste. On ne peut pas le faire actuellement et on a souvent le usecase qui est demandé. Super usefull if you need to add reassuring messages on multiple spots in a page or in multiple page Would help us share the use of Kameleoon with other teams It seems important to me good",Planned,Squad Perso,Roadmap
Snowplow event dispatcher,We are exploring the addition of 'Snowplow event dispatcher' to our roadmap. This initiative aims to address specific user needs and expand the platform's core capabilities.,Complete,Squad Dev Tools,Roadmap
Segment Campaign Type,"Get a more consistent solution, where all types of segments will be available in Segment page",Complete,Squad Perso,Roadmap
Segment builder > CD: Auto-complete,Provide auto-complete capabilities to custom data in the segment builder for the at most 50 top values \(most present in visits\) in the last month,Complete,Squad Perso,Roadmap
Medallia Integration,"Track events and user cohorts, to segment feedback and retarget visitors Asked by a prospect in RFP : Integration with Medallia Digital Experience Analytics Documentation here : https://docs.medallia.com/en/digital-experience-analytics/product-documentation/connect/data-connectors/split-testing/generic-ab-testing#ariaid-title1 Existing software in the list of medallia: Adobe Target Monetate OpenText Optimost Optimizely Oracle Maxymiser Qubit Visual Website Optimizer Integration with Medallia DXA in order to be able to segment experiment results within their solution. Medallia is similar to Hotjar with heatmap functionality, user recordings etc. Would be a great feature to build user segments based on medallia feedbacks. We have standardized A/B testing in place. So far it is focused on behavioral target KPIs. With this integration we could add an A/B testing approach on NPS effects. Medallia is an awesome tool to collect customer feedback and especially analyze it. We use Medallia, ansd this would be usefull to be able to assign feedback and NPS scores to experiment in order to see if variants outperforms control when it comes to our feedback and NPS-scores",Open,Squad Dev Tools,Roadmap
Tealium updates - Compatibility with SPA,We are exploring the addition of 'Tealium updates - Compatibility with SPA' to our roadmap. This initiative aims to address specific user needs and expand the platform's core capabilities.,Open,Squad Dev Tools,Roadmap
API Credentials - One shot display,"API credentials creation : Improve security, don't store secrets in mysql database",Complete,Squad Dev Tools,Roadmap
Free trial FME option for current customers,We are exploring the addition of 'Free trial FME option for current customers' to our roadmap. This initiative aims to address specific user needs and expand the platform's core capabilities.,Complete,Squad Dev Tools,Roadmap
Enhanced Element Selection in Graphic Editor,"## **Feature short Describe what the feature does. This feature is an enhancement to our graphic editor, specifically designed to streamline the creation of experiments. With this update, you now have the ability to effortlessly select elements on Single Page Applications (SPAs) where HTML IDs are not available or when they are not reliable due to dynamic behavior. ## Problem What problem are we trying to solve with this feature? Or, what is the opportunity we are addressing? Previously, our graphic editor encountered difficulties in uniquely selecting elements on SPAs that lacked HTML IDs, making it challenging for users to apply layout changes effectively. **Workaround:** - **Existing workaround:** No ## Solution **Key benefits** : What value does this feature bring to the user? We have implemented a solution that empowers you to specify how to select an element on the page, even in the absence of HTML IDs. Now, you can leverage custom attributes, such as ""data-id,"" to uniquely identify elements and seamlessly incorporate them into your experiments. Key Features and Benefits: - Flexibility: Customers can indicate how to select elements on SPAs without relying on HTML IDs. - Custom Attribute Support: Utilize attributes like data-id to uniquely identify elements, enabling accurate selection for layout changes. - Streamlined Experiment Creation: With enhanced element selection, you can now effortlessly apply modifications within the graphic editor, simplifying the process of creating experiments on SPAs. ** Product design:** - **Product package:** Web Experimentation - **Product scope:** Project configuration page - **Target Persona**: Marketer - **Main updates:** In bullets, concisely describe what your solution consists of: - Navigate to the project configuration page. - Access the new element selection option, which has been added alongside our existing option ""Enable support for dynamic websites."" - Specify the desired method for selecting an element, such as using custom attributes like ""data-id."" ## **Measuring Success** - **Goal 1:** usage of the feature - **Success metric:** nb of times the feature is activated in the project's configuration pages --- ##",Complete,,Roadmap
LIMITATION - Be able to use the content of CD value / variables from data layer for display,"Today, we can display the content of a Custom Data is texts. this feature will move to the Elite plan. Existing widgets won't be impacted, only new ones will be \(including the duplication of an existing widget where this feature is used\)",Closed,Squad Perso,Roadmap
Deferred Experiment Loading,"## **Feature short This feature offers customers the flexibility to optimize their website's performance by deferring non-essential experiments until after the first page load. By intelligently managing experiment execution, customers can avoid potential delays and disruptions caused by resource-intensive tests. They can focus on delivering the best user experience by selectively loading experiments that are most impactful or require immediate attention. ## Problem Customers didn't need to load all the experiments. Some of their visitors were only navigating through a few pages, and loading all the experiments was not useful. **Workaround:** - **Existing workaround:** No ## Solution **Key benefits** : Faster loading time **Use Cases:** - Having a lighter Kameleoon script ** Product design:** - **Product package:** Web Experimentation - **Product scope:** Experiments - **Target Persona**: All - **Main updates:** In the engine ## **Measuring Success** NA --- ##",Complete,Squad Dev Tools,Roadmap
Contentful updates (Feature experimentation),"**Feature Short The updated Contentful integration enables customers to define the content of their feature experiment variations seamlessly within the Contentful environment. - Customers previously faced the challenge of having to write additional code to handle both the Contentful API and Kameleoon API in their projects. This update eliminates the need for manual code implementation, simplifying the process for customers and reducing complexity. - **Workaround:** No workaround was available prior to this feature update. - **Key Benefits:** - Simplifies the process for customers to define the content of feature experiment variations. - Saves time and effort by managing everything within Contentful. - Reduces complexity by eliminating the need for separate code implementation. - Streamlines the workflow and enhances usability for users of both Contentful and Kameleoon. - **Use Cases:** This feature applies to all customers using both Contentful and Kameleoon for feature experimentation. It enables them to efficiently manage and customize content for different variations within their experiments, supporting marketing campaigns, user experience optimization, and A\/B testing. - **Product Package:** Full Stack Experimentation. - **Product Scope:** The scope of this feature is the Contentful integration, specifically the Kameleoon app listed in Contentful's marketplace. - **Target Persona:** This feature primarily benefits developers, while also providing value to product managers and marketers, enabling seamless collaboration and effective execution of feature experiments. --- ##",Complete,Squad Dev Tools,Roadmap
Contentstack Integration,"Prospect ""Feefo"" Need a Contentstack integration to perform experiments with configuration performed in Contentstack. Examples from their Web Site: Optimize : https://www.contentstack.com/docs/developers/how-to-guides/implementing-ab-testing-for-contentstack-powered-websites-using-google-optimize/#set-up-a-b-testing-in-google-optimize Optimizely : https://www.contentstack.com/docs/developers/how-to-guides/a-b-testing-using-contentstack-and-optimizely/",Open,Squad Dev Tools,Roadmap
LogRocket Integration,We currently have LogRocket Custom integration available in the open source analytics library but we want to make it available natively on the integrations page. : [ https:\/\/docs.logrocket.com\/reference\/track](https://docs.logrocket.com/reference/track),Under Review,Squad Dev Tools,Roadmap
Prog. Delivery: Custom ramp-up,"## Feature Summary We offer today a customisable linear ramp-up for progressive delivery. Some customers may want to go one step further and opt to have a totally custom ramp-up with no exact pattern. ![](https://pb-files.s3.amazonaws.com/production/attachments/8158cb6ac5d56b9ac510c434edd2a75e0831dcc978fefb307cec8fba88f516b2/image.png) --- ## Problem As a user, I face: - The ramp-up offered today increases at a constant rate - I am unable to define custom steps - **Workaround:** Use a targeted delivery rule and manually increase the exposure after every step. ## Solution Benefits With this feature, I benefit from: - Totally customisable ramp-up - Add as many \(increase\) steps as I want ![](https://pb-files.s3.amazonaws.com/production/attachments/5606f04f190fb40aa955c366e2724949e09be07cfa765d0b2b344c93b077eaee/image.png) ## ** Product design:** - **Product package:** Feature Management and Experiment - **Product scope:** Progressive Delivery rule - **Target Persona**: PM & Developer - **Main updates:** Option to choose the type of ramp-up --- ##",Complete,Squad FM&E,Roadmap
Moengage Integration,"Provide seamless integration capabilities for 'Moengage Integration', allowing users to synchronize data and streamline workflows.",Open,Squad Dev Tools,Roadmap
Chrome Extension - Custom code injection,"**Feature Short The custom code injection feature allows users to inject custom JavaScript code directly from the Kameleoon Chrome extension. Users can access the ""Custom code injection"" page through the sidebar menu, input their code in a text area, and click the ""Inject code"" button to execute it. - This feature addresses the inconvenience of using multiple Chrome extensions or manual steps to inject custom code. It provides a more integrated solution for users to test and implement their custom JavaScript logic within the extension. - **Key Benefits:** - Convenient way to inject code directly from the extension. - Efficient tool for developers to test their custom code before deploying it. - **Workaround:** Before this feature, users had to rely on external Chrome extensions or copy-paste code into the browser console for code injection. - **Use Cases:** - Testing custom code before production deployment. - Injecting tags and tools like Google tags on websites. - Resolving execution bugs and troubleshooting custom code. - **Product Package:** Web Experimentation. - **Product Scope:** - Custom Code Injection Page: A dedicated page within the extension for users to manage their custom JavaScript code. - Sidebar Menu Link: A new link in the sidebar menu providing easy access to the ""Custom code injection"" page. - **Target Persona:** Developers primarily benefit from this feature, enabling them to streamline testing, iteration, and troubleshooting processes within the extension. --- ##",Complete,Squad Dev Tools,Roadmap
Raw export enhancement,Enable raw export support for personalization result page. Add ability to filter the raw export. It will take into account the filters applied in the result page. Add ability to export single valued custom data in raw export.,Complete,,Roadmap
Code Editor Redesign,"Our code editor is going to be modernized: the interface will be more user-friendly, the finalization process will be aligned with the one deployed at the end of 2023 for graphic experiments, and it will be enhanced with some handy features to improve developers' comfort. cool :) I really don't like the code editor redirect UI. If I don't put a javascript comment in the ""Variation"" code text box, there is 0 indication that this experiment is a redirect experiment. Or, if there is some indication in the interface, I don't see it. : - ) For the code editor, put a simulate button on the same page as the variation code. First of all, congratulations on the launch of the new UI. Theres one thing that bothers me a bit. Updating the code and simulating it takes too many steps. Could you please add a Simulate button on the code editor? This would help us a lot. Developers around the world will thank you. Thanks! In Kameleoon we differentiate ""edit variation"" and ""edit configuration"" with the setup process. I think this is not intuitive and makes things more complicated : Editing variations (with graphic or code editor) should not be a separate thing in terms of UI/UX but should instead be integrated to the setup process as the first step. It would be much more intuitive to integrate the access to code/graphic editor directly in the process instead of having a separate concept. Previously we were able to get the ID of the variation in the code editor as well as in the result page in the details of the variations. Now I can't find this info and it annoys customers (reported by Société Générale, OVH and Festo). Could you add this please :) The ""Save and exit"" button in the code editor is not always working. Not very cool. Roll back à l'ancienne version de l'éditeur de code demandée par Belambra et par PMU. Il ne peuvent plus prévisualiser et le fait de devoir simuler à chaque fois c'est un enfer pour eux When modifying a Code-based experiment, while in the Rename dialog box when trying to rename a variation, the button you need to click to save the change is labeled as ""Edit"" but I'm already in the editing process; this button should say ""Save"". My client Foussier wants to be able to trigger an experimentation only after DOM ready.It was possible before by opening the code editor and checking the DOM ready option, but now it is no longer possible.The client's site is in SPA, they often used the option. AI Subjects &amp; Experiment Requests Next AI Experiment Release: Request to mix URL analysis and document analysis to summarize the tone of voice. Tone of voice is critical as it forms the foundation for their text-generation solutions. Personalization &amp; AI Emotions: Interested in AI emotions as presented by La Redoute at Monaco. Find AB Tasty's presentation of AI emotions odd. Main goal: Kameleoon should create Segments and assign AB tests to those segments. Segments can be a mix of different personas (e.g., ""Future mother"" + ""Gift""). They dislike the term ""hyper-personalization"" but want AB tests adapted to particular segments or segment mixes. AI Opportunities: Hard to identify clear opportunities. Wish to have AI opportunities summarized in a centralized place. Other AI subjects: Natural Language Processing (NLP) is a key area for Kameleoon to improve on. Using Generative AI to review and create code; they believe Claude is the best solution. Other Subjects: Results Page: Switching from sequential to CUPED to MTC is confusing. Want a default view that provides relevant results first. Struggles with stability: sometimes the old results page doesn't load (not an issue on the new one). New results page presents too much information at first glance. Code Editor: Interested in the new code editor; if not GA in April, they should be included in the first wave of clients. Code areas are too small across most of the platform. Finalization Flow: Want the ability to minimize the JS condition in quick targeting (possibly with a chevron). Simulation: Thinks it takes too long to load. CTA is not intuitive; caused panic due to incorrect simulations. Want the ability to deactivate all other AB tests at once to test ONLY the current one. ROI &amp; Forecasting: Want a tool to generate segments with real revenue potential. Ideally, an algorithm that scans the website and generates segments automatically (without manual prompts). Like the idea of forecasting campaign contributions to the years revenue. ""How can I know the potential of a test over a full year for ALL my visitors?"" Use and like Asana for project management (Kanban views, filtering, etc.). Awaiting campaign management in Kameleoon. Appreciate highly configurable dashboards. Other Platform Considerations: Discussed data availability on the Home Page, including total profit, potential uplift, etc. For confort and productivity",Complete,Squad Dev Tools,Roadmap
DWH - Segment based on Data Ingestion Tasks,We are exploring the addition of 'DWH - Segment based on Data Ingestion Tasks' to our roadmap. This initiative aims to address specific user needs and expand the platform's core capabilities.,Under Review,Squad Dev Tools,Roadmap
"""Read-only"" mode for Autopromo on sub-sites","## Short When setting up autopromotion campaigns, National will have the option to enable a ""read-only"" mode for subsites, preventing them from making any changes to the campaign or the associated segment. ## How will it works in practice? **For national \(meta-site\)** - Before duplication, addition of a toggle ""Forbid subsites from modifying campaign content"" **For subsites:** - personalization creation page appears as usual \(including header with name, tags and segment\) - campaign ""content"" block is different: it cannot be edited, and is only visible in read-only mode - segment choice and edition is locked \(thus, segment is identical to the National one\) - all actions at the bottom are the same as today \(sites can put the campaign online at their own level\)",Complete,Squad Perso,Roadmap
Exclusive Widgets template for the National (Meta),"## Short Some ""Widgets templates"" will be exclusively available at the national level. Subsites can effortlessly inherit these widgets for national-level campaigns, but when they create their own campaigns on their subsites, these templates won't appear, ensuring they're reserved for national campaigns only. ## How will it works in practice? **For National:** - Addition of an ""Exclusive National template"" option \(in the widget template interface\) - Ability to select all widgets templates \(no change with current situation\) **For subsites:** - Subsites will inherit widgets template coming from the Nation \(when used in duplicated campaigns\) - But such widget templates will be completely invisible for subsites, which means that: - ""Exclusive National widget templates"" won't appear in the Widget Dashboard - Subsites won't be able to create a new campaign using an ""Exclusive national widget template"" - Duplication of a campaign using an ""exclusive nation widget template"" will be impossible.",Complete,,Roadmap
Enhancement of Autopromotion Duplication,"The mechanism for duplicating a national campaign to the subsites can take some time. It was not clear when the process was completed and whether any errors occurred during the duplication process. The goal of this feature is to enhance this mechanism. Now, a real-time progress bar shows the duplication progress, and when an error occurs, the user is immediately notified \(along with the names of the subsites where the error occurred\).",Complete,,Roadmap
Of BPCE daily export,"BPCE receives every day and every week a report of all created personalizations. In the export, you will now find a new column named 'Meta Personalization ID' for each personalization. This column will display the ID of the meta personalization originating from the national level, which triggered the automatic duplication on subsites. This addition provides better visibility and tracking of your personalizations across different levels of your campaigns.",Complete,,Roadmap
Integration Enablement As Default,"## **Feature short This feature will allow users to enable an integration and not having to enable it for each experiment \(during the ""Tracking and goals"" step\). ## Problem\/Context As a client, when I want to activate an integration for my campaigns, I have to activate them on each of my campaign and I sometimes forget to do so. ""Be able to associate the analysis tool with campaigns by default. Specify whether you want to add Content Square to all campaigns, for example, rather than having to add it to each campaign. Sometimes my customers forget and that's a drama"" - **Existing workaround:** No --- ##",Complete,Squad Dev Tools,Roadmap
Simulation Panel Redesign,"## **Feature short Replacing the simulation panel by the light extension or creating a new simulation panel from scratch. - Ability to easily copy & paste simulations link or parameters - Simplification of panel - \(Ability to simulate thanks to a flashcode\) ![](https://pb-files.s3.amazonaws.com/production/attachments/72150238afdc8f4a710b1b8092575522c026dd19f0b5210c2231b8133fe763ba/12A.jpg) ## Problem The current simulation panel is too old, not stable. **Workaround:** - **Existing workaround:** No --- ##",Open,Squad Dev Tools,Roadmap
Removal of irrelevant columns on Personalization Dashboard,Removal of some already existing columns on Personalization dashboard: - Targeting - Main goal - Creator - Project - Created - Type \(to be confirmed\) \/\/\/ Update 20 september 23 \/\/\/ This topic is canceled: BPCE decided to remove it since it will be possible to do it natively end march 24,Closed,Squad Perso,Roadmap
Addition of BPCE specific columns,"Addition of BPCE specific columns: - Location \(FR: ""emplacement""\) - Planning end date - Preview \(to be discussed\)",Under Review,Squad Perso,Roadmap
Snowplow multiple URLs (one for each FF env),"Calum : > Motorway demande une feature sur l'intégration Snowplow. Ils veulent pouvoir filer plusieurs URL collecteurs, une pour chaque environement FF. \(A l'heure actuelle, pour un sitecode on envoit tous les events au même collecteur\). > A implémenter ce serait disons 4 jours de boulot pour moi. Et dans l'UI il faudrait pouvoir faire des appariements Environnement \ URL \(je ne peux pas donner d'estimation de temps pour les parties App Back, Front\). > Ils veulent une réponse oui\/non, et si oui quand ? > Mon avis est que cette feature peut valoir le coup. Les utilisateurs Snowplow que j'ai vus pour l'instant ont tous un collecteurs différent par env \(debug, staging, production ...\). Vincent a également eu cette demande d'un autre prospect.",Open,Squad Dev Tools,Roadmap
AI Similar segment detection,"**Principle:** - As you create a new segment, our AI presents you with the closest segments among those you've already created. **Main benefit:** - Avoid overexposing your visitors by accident so that they won't end up in two similar segments - Save time by re-using already existing segments - In larger companies with multiple teams and a higher turnover, newer employees will benefit from the experience of their predecessors or colleagues in other departments. Clients who have been using Kameleoon for several years often have an unmanageable number of segments. It would be helpful to be warned when duplicates are created so that fewer new segments are created. helps by avoiding errors in the segments: if one correct segment is already existing, customer can use it and save time by checking and testing it. Nice to keep a clean dashboard A common issue for users is Back-office ""cluttering"", primarily involving segments and goals, but also experiments. It would be great to highlight to the user when creating a new segment that the one theyre trying to save already existsthis would prevent the problem of duplicating identical segments. The same applies to goals, though Im not sure if such a check is feasible.",Under Review,Squad Perso,Roadmap
FME Starter Plan,Starter plan for FME No feature experimentation allowed,Open,,Roadmap
Use airflow for scheduling,We are exploring the addition of 'Use airflow for scheduling' to our roadmap. This initiative aims to address specific user needs and expand the platform's core capabilities.,Open,,Roadmap
CH improvements,Use CH keeper to improve the stability,In Progress,,Roadmap
Display Feature flags in the Chrome Extension,## **Feature short We would like to display feature flags that are available in kameleoon.js in the chrome ext. ## **Measuring Success** Mixpanel events --- ##,Complete,Squad Dev Tools,Roadmap
Approval Workflows,Standalone workflows - ServiceNow Integration ServiceNow Integration:,Complete,,Roadmap
Experiment Duration Calculator,"would be great to be able to choose the output of this calculator : Duration, Minimal detectable effect (MDE), Traffic. conversion rate, confidence - Example 1 : Based on a specific traffic, and conversion rate, I want to know what is the MDE I can get in a month period &gt; Output = MDE - Example 2 : I want to know what is the minimal traffic required if I want to get results with a specific MDE in a max delay of 3 weeks (to know for example, on which page of my website I can launch or not tests) &gt; Output = Traffic - Example 3 : based on my traffic, within a month period, I want to know what is the minimal conversion rate required to get a specific MDE (to know which KPIs should use or not) &gt; Output = Conversion rate",Complete,,Roadmap
Developer Onboarding Revamp for SDKs,Masterplan Task: Progress and action plan: New Demo App + Github Sandbox Cloning: Code sample makes it easy for people understand.,In Progress,,Roadmap
Adoption workflow: FE x WS,"Multi-Positioning Screens Rendering (POC): The client wants to create a ""product tour"" to show new users how to find what they need on the website, and old ones how the website changed. To do that, they need a grey layer under the widget, but with the possibility to highlight icons.",Under Review,,Roadmap
Flag ownership + Dashboard update,The new view with the status of the FF don't take into account the filters applied. As an example in Fnac I only have 6 results for my search (on flag on the project fnac.com) but at the top of the page I still see 80 turned on flags . We are evolving our processes to start using Feature Flags and we will have more users coming soon as the strategy is evolving.,Planned,,Roadmap
New DS - UI Alignment,"Edit Page: [https:\/\/www.figma.com\/file\/XCeroJVNp3J9xOS5dP9eH3\/FF-In-Process?node-id=569%3A22858](https://www.figma.com/file/XCeroJVNp3J9xOS5dP9eH3/FF-In-Process?node-id=569%3A22858) [](https://www.figma.com/file/XCeroJVNp3J9xOS5dP9eH3/FF-In-Process?node-id=569%3A22858) Dashboard v2: ![](https://pb-files.s3.amazonaws.com/production/attachments/f86bbef66234178fa77f5c935180e5145f92571be95757c6a1b321897b6a0848/image.png) **Objective:** Redesign the dashboard to enhance rule-level information visibility, improve clarity via column separation, introduce a multi-layered rule view, and advanced time-based settings. **Key Goals:** - Improve information clarity by restructuring the rule view. - Introduce better navigation with ""collapse all\/expand all"" options. - Integrate ""holdouts"" and ""approvals"" into the settings tab with a clean layout. - Ensure consistency with existing dashboards and UI elements. Multi-save capabilities: Rule status indicator - rework to make 'Active' less misleading: Comments: Add an in-app message explaining that an active rule does not necessarily mean that it is live - we must always turn it on.",In Progress,,Roadmap
Code Editor Interface,"Improve the user experience with 'Code Editor Interface', making it more intuitive and efficient for users to configure their campaigns.",Planned,,Roadmap
New Roles & Permissions with more granularity,"Fnac regularly requests more advanced user rights management. For example, authorize only the feature flag or the experiment sections. Add a ""view only"" type of user: can view code / graphic editor (but can't add modification) can simulate an experiment can have access to the results dashboard can't create a project can't create an experiment can't create a widget can't add any user It would be really, really, really helpful. Feature Request : La Dépêche Groupe""Les utilisateurs qui n'ont pas les droits pour publier des campagnes n'ont pas non plus les droits pour les arrêter"" Ils aimeraient que l'on puisse choisir les actions plus en détails dans les droits des utilisateurs. Aujourd'hui problématique pour eux car certains sont obligés de passer par des intermédiaires qui eux ont les droits pour pouvoir arrêter les campagnes. One of our customers would like to add users with ""view rights"" only, so that they can access the dashboard and result page without being able to edit User placed a request for a user role, which is limited to only reporting reading, all other functions of changing the report / experiment setup / data set up should be switched off. In the case of DA Direkt, a user clicked on ""re-set the data"" and deleted all the experiment data.",Open,,Roadmap
Graphic editor v2 - Enhancements,"Improve the user experience with 'Graphic editor v2 - Enhancements', making it more intuitive and efficient for users to configure their campaigns.",Under Review,,Roadmap
Experiment Program Management,"Add a page Roadmap to Kameleoon like we have on our toolkit to hep customers have a single tool to manage their experimentation process. This tab could include- the list of the experiments (created on kameleoon but also the future ones)- the details (hypothesis) - short description - tags- status - priorization - key dates - key results- link to the result page Smaller clients are interested by this type of tool : Nature &amp; Découvertes, Dayuse, Monnaie de Paris, ... Possibility of having a dashboard, or retro planning within the platform where I can find all my active experimentations/personalization with planification + prioritization).(requested by vertbaudet, Kedge, etc. Client would like to have the addition of a visual project status overview feature within the Kameleoon Back Office. This feature would display the status of individual projects (e.g., experiments and personalizations) in a Gantt chart or similar visual format. The aim is to eliminate the need for external tools to plan and monitor project timelines and statuses, allowing users to manage everything directly within the Back Office.We can use the existing filter options (e.g., by date, status, team, or project type) to refine the displayed data in the chart. It would be user friendly to add the option to attach the files (links) to experiment (like brief, report, links to layouts etc). Clients wants to hold all links for a tasks in the Back-office AI Subjects &amp; Experiment Requests Next AI Experiment Release: Request to mix URL analysis and document analysis to summarize the tone of voice. Tone of voice is critical as it forms the foundation for their text-generation solutions. Personalization &amp; AI Emotions: Interested in AI emotions as presented by La Redoute at Monaco. Find AB Tasty's presentation of AI emotions odd. Main goal: Kameleoon should create Segments and assign AB tests to those segments. Segments can be a mix of different personas (e.g., ""Future mother"" + ""Gift""). They dislike the term ""hyper-personalization"" but want AB tests adapted to particular segments or segment mixes. AI Opportunities: Hard to identify clear opportunities. Wish to have AI opportunities summarized in a centralized place. Other AI subjects: Natural Language Processing (NLP) is a key area for Kameleoon to improve on. Using Generative AI to review and create code; they believe Claude is the best solution. Other Subjects: Results Page: Switching from sequential to CUPED to MTC is confusing. Want a default view that provides relevant results first. Struggles with stability: sometimes the old results page doesn't load (not an issue on the new one). New results page presents too much information at first glance. Code Editor: Interested in the new code editor; if not GA in April, they should be included in the first wave of clients. Code areas are too small across most of the platform. Finalization Flow: Want the ability to minimize the JS condition in quick targeting (possibly with a chevron). Simulation: Thinks it takes too long to load. CTA is not intuitive; caused panic due to incorrect simulations. Want the ability to deactivate all other AB tests at once to test ONLY the current one. ROI &amp; Forecasting: Want a tool to generate segments with real revenue potential. Ideally, an algorithm that scans the website and generates segments automatically (without manual prompts). Like the idea of forecasting campaign contributions to the years revenue. ""How can I know the potential of a test over a full year for ALL my visitors?"" Use and like Asana for project management (Kanban views, filtering, etc.). Awaiting campaign management in Kameleoon. Appreciate highly configurable dashboards. Other Platform Considerations: Discussed data availability on the Home Page, including total profit, potential uplift, etc.",Under Review,,Roadmap
Goal Metadata in CSV,"On par capabilities compared to competitors - Allow customers to have a ""Master goal"" that can get several conversions into one \(example : any clicks on a link on the homepage is a conversion\) - For these Master Goals, each conversion contains metadata indiciating which link was clicked ""ex: Putting a MasterGoal on the Menu, and each conversion contains the name of the submenu that was clicked\) - Allow customer to set custom properties for a goal - Allow customer to breakdown its test result using a goal property - Allow customer to export a goal's property \(raw\) - Encourage users to provide textual description for each goal - Add a specific custom property --\> guardrail - automatically attach all guardrail goals to each experiment - Enable \/ disable the revenue info on the goals if it is not a monetary goal Multiple currencies management: Be able to have a unique RP, with combined and converted data for all currencies (processconversion API): See Dynamic Yield and investigate the topic Add possibility to set goal as guardrail: Allow customer to tag \/ define some goals as guardrail metric \/ goal. The goals tagged as guardrail would be automatically included in all the test. Add tooltip to warn about multiple comparison ? \(look for lower p-values\) Set custom properties for a goal: Allow to breakdown with this goal's property: Allow customer to export a goal's property (raw): Encourage users to provide textual description for each goal: Goal option : Exit rate: Take it into account in the Merge Goal metric We should be able to sent additional informations related to the transaction / KPI conversion such as the Order ID, the payment type, number of product added to cart etc.So that we can breakdown the conversions (not visits) by those information. Sur la page de résultat, il faudrait ne pas afficher les infos de revenu à ""0"" sur des goals qui ne sont pas des goals de transaction avec du revenus.-&gt; Cacher par défaut avec une ""option"" à cocher pour les goals de transaction au moment du setup.Cela serait plus facile à comprendre pour les utilisateurs et éviterait les erreurs d'analyse. On the result page of an experiment, I would be interesting to have the possibility to use the breakdown on the URL on which the objective was triggered.In this scenario, the targeting of the experimentation is focused on product pages. If i have an objective of ""60% scroll on the page"", i'd like to be able to use breakdown on ""URL of visited pages while targeted"". Request from Vision Healthcare : be able to associate a custom data on a goal. For example : trigger add to cart + language of the current page. It's important to exclude these values when e-commerce activity is centered essentially on B2C and marginally on B2B.In our case, B2B brings in few orders, but with very high amounts (x10-x100) compared to the B2C average.We don't want professional orders to influence B2C behavior Associated metadata to the conversion goal : catégorie(s) achetée(s) Id transaction Ajout de métadonnées associées aux conversions. Par exemple pour ajouter un moyen de paiement, ou un nombre de produits aux paniers, ou une catégorie de produits sur un goal transaction.Autre exemple serait lors d'un clic sur menu d'avoir les détails par sous-menu grâce aux breakdowns sans avoir à créer un goal par sous menu. Cela ne fonctionne pas ajd même en utilisant des Custom Data.Demande critique, notamment pour :- Eminza- Dayuse- La Poste For some tests, i need a deep understanding of where my visitors clicked on my menu (a rebranding of the menu). As you can see, i had to create a huge amount of goal to have these information because I can associated a text to a goal. I need metadata to be added when I convert a goal for analytics purposes. Could we use the information from the dataLayer to trigger natively a access to a page type of goal. We can create easily a Custom Data that track the pageType for example so that would be great if you could without any code use this for a goal. Client: Coop NorgeClient email: joachim.furuseth@coop.noNeed: Breakdown by product categories (on a revenue goal). Not possible with custom data as clients could buy products from different categories.Verbatim (from the client): ""A lot of the times we do experiments that cover many different product categories, and some times (a lot of the times) we use ""Transaction"" as a global goal. In those cases it would be very interesting to see how the impact is for specific categories. The idea of having it as custom data so that we could break it down in the results based on it is alluring. But... That would be impossible since one transaction can include multiple products from multiple different product categories.Image as inspiration, but as I mentioned above that would not be difficult since a category follows the item(s) purchased in a transaction, while the transaction itself as a goal is session based/visitor based:-- Marie LemaireCustomer Success Manager SeniorTel. +33 6 76 78 26 58www.kameleoon.com1251 Ave. of the Americas10020 New York Ventilation des données Critical +++++++++ pour beaucoup beaucoup de clients surtout pour le feature ""Allow customer to set custom properties for a goal"". Je n'ai pas besoin de vous expliquer la débandade des Custom Data qu'on a eu récemment. Solocal, Fnac, Renault.... Je peux continuer à lister les clients Must-have in order to fully customize a goal conversion, and to add a very precise context important to breakdown conversions, instead of creating 15 goals for example for clicks on the menu elements, we create one goal and breakdown the conversions according to the elements clicked really usefull Creating several goals for the same type of conversions in a real use case is really time consuming Adding meta-data to conversion would allow for a better way to breakdown results and would avoid using custom data when it is not recommended as well as avoid creating too many goals Super useful for payment method for example or currency Kameleoon USP! And will definitely provide usage &amp; business agility to clients! I need this for campaigns ans data analysis especially for Acadomia and Petit bateau requests.. Clients and CSMs are asking for this. because Juliette asked me. Work around the issue with the Custom Data, allows for a better understanding of each KPI's configuration :) yeeeah Request from several customers Très important de résoudre le problème de Custom Data Very important for most clients Resolve custom data problems I have multiple clients who need this. asked several times by Eminza The analysis can be much more precise and refined using Custom Data values. I think it could be important for customer Request made by Eminza + Coop Norge + 123inkt They have revenue in multiple currency (and dirahm vs USD so the price is complicated to compare).They would like the ability to convert the goal with their currency and also with additional information like the plan converted or duration (monthly, weekly, yearly).Currently we coded multiple goals for this which is not super intuitive and we can only see one currency sign per account. Internal - Goal Creation Flow v2 Hello, Orange would like to be able to use their custom data to breakdown the results. I know the functionality is already available, but the results displayed are not usable. They would like to know what value was set at the exact moment of the conversion, and not the list of values that have been set during the whole visit. Allow customer to set custom properties for a goal is the primary improvement of this feature. This will allow me to have goals that have an indirect relationship. Eg. Bounce rate where a lower rate is better. That would be a game changer for the goals Once we have metadata on goals, Zoe would like to attach a specific ""score"" value to their ""health score"" goal which they track at every session (sometimes multiples times in the same session). They'd like to use this score's value as a goal. i.e : convert when health score's score is at 20 or above, below 50 etc Currently they're forced to set up one goal per value they'd like to measure which is very cumbersome and not flexible. Prospect Shutterstock wishes to poll ""improved"" goals from their Snowflake warehouse.Extra fields returned in the SQL command that defines the goal polling will be used as custom properties for the goal. The important thing that is required for this prospect is :Allow customer to breakdown its test result using a goal property AND COMBINATIONS of goal properties. It is critical update for a tender with one of RU customers (Sovcombank) We already have clients who urgently need this functionality. Specifically, Sovcombank needs to see a direct correlation between their goal completions and specific URLs of their pages. The sooner we implement this, the better, as it will significantly enhance the range of functionality and practicality in our reports It is critical for a future tender with Sovcom Request from LIDL:Each conversion should be given a date and time as a value. We could then set a filter in the back office to filter for conversion sequences. Example:Filter for visits/visitors who first triggered the conversion ""Click Feature XYZ"" and then placed an order.This allows us to analyse causalities between different conversions. Logics would also be great:Users who first triggered Conversion A AND/OR Conversion B and then Conversion C. Request from LIDL:In our Kameleoon API, we output a value indicating when the user was first targeted: --&gt; LIDL requested if it can be possible to provide a filter option for this information on our result page.In addition, it would also be nice if they could filter for users who fell into a particular experiment for the first time from a certain point in time. The customer wants a simpler and more comprehensive goal definition. Currently, different types of goals can be defined in the Back-office. The wish is to have more types of goals. Hello many customer often ask to set up time spent goals for specific pages.For example : 30sec on product pages. Currently the goal time spent is global to the visit so that would be nice to add a additional field to specify the fragment of url or if possible the value of a Custom Data page type. Thanks Our website is often programmatically rendered, meaning we cannot place unique identifiers on specific pages. Our tests are also often A/B split URL tests. And our goals are often clicks on the A/B pages using CSS selectors to narrow which clicks to track. Currently, we need to use custom javascript in Kameleoon to limit click tracking to specified URLs. I would like to request a way in the UI without using javascript to create a click goal that is restricted to specific URLs. Feedback from important POC Principal that is comparing us to AB tasty and struggling with goals creation Nice to have because UI friendly, specifically for goal related to code.However, not sure about performance impact... I will let the dev decide. An important prospect Principal is really needy for Goal-related code. Ju said Custom Properties for Goals and Goal-related code are the most requested This will be awsome! asap ! we are currently implementing the solution important This would help us a lot! We wouldn't have to create multiple goals for each experiment. Thanks We need it I would like to brakdown goal e.g. add to cart by product category, product type etc. Moncler has numerous countries and Currencies installed on one single site code.But as you know the figures in $ is not equal to or to ... It can go from 1 to 1000.I would be great to have a parameter in the processconversion API with the currency of the page so I could have correct number in the Revenue column in the result page of Kameleoon (in EUR for exemple).Exemple on how it work in GA : https://developers.google.com/analytics/devguides/collection/analyticsjs/ecommerce#multicurrency We would like to be able to change the currency please To get the right currency available that is relevant for us when looking at revenue Our webshop allows payment in different currencies. Without currency conversion within Kameleoon, values from non-EUR currencies are shown as """" and increase the value/conv &amp; revenue artificially. It would be even better if you could have a currency value at the goal level. I could create a goal to convert EURO and another goal to convert in USD.Currently, I can create a custom data to break down a revenue goal, but in the results page it will still show as the currency of the account and not the currency of the custom data I chose. The customer would like to have revenue goals in different currency on the same account. It is confusing to see the sign when we convert a goal in USD. We currently have a custom data, but it would be great to be able to push a currency on the goal.It will help in the analysis. They have revenue in multiple currency (and dirahm vs USD so the price is complicated to compare).They would like the ability to convert the goal with their currency and also with additional information like the plan converted or duration (monthly, weekly, yearly).Currently we coded multiple goals for this which is not super intuitive and we can only see one currency sign per account. Our business is multi currency and multi language. Having this feature would really support us when it comes to analysing the success of our results. We currently have to limit tests or accept less accurate results due to this feature not being present. My role is to manage the trading activity on-site for international territories. At the moment we are limited to what we can test in all areas apart from the UK. We run a multi-currency site and our international sites are our fasting growing areas and we want to utilise Kameleoon in these areas as much as possible. We have our product lines with mulitple currencies and looking at the revenue goal holistically right now is not easy. Critical for international clients Hi! I had a call with a prospect (automotive), and he asked if it was possible to track revenue within Kameleoon. Use case: The visitor has been exposed to Variation A and purchased a car in the car dealership. Answer 1: possible thanks to Data API + Attribution Window + Cross Device Reconciliation. Answer 2: Link a monetary value to a final form submission.In this scenario, can we give a specific status to a goal and update this status accordingly? Basically, we would assign a value to the form submission, but we are not sure the visitor will actually purchase a car, so the goal would be something like ""NEW."" If the visitor actually buys a car, we will update the goal to ""Confirmed."" Client: ATG (auction technology group)Client emails: joseluis@auctiontechnologygroup.com beckywong@auctiontechnologygroup.com Use case: they created a flag to target specific auctions using custom data (with the auction ID). They want to have results regarding these specific auctions, but when breaking down with the custom data, they don't have access to the specific auctions they targeted. Client needs: use Custom data with specific values to breakdown results -- Marie LemaireCustomer Success Manager SeniorTel. +33 6 76 78 26 58www.kameleoon.com1251 Ave. of the Americas10020 New York For some experiments, we need to have the exit rate of this page (thanks to a regex of the URL).This conversion can only be done once the session is over, if and only if the latest page seen in the session is this page. Some customers asks us to set up an exit rate (to measure the customer leaving the website and not only the landing page). The existing Retention rate is not enough for some customers. Often asked by our customers :) This goal is necessary to be able to measure the impact of the planned optimizations on the exit rate. often ask by customers to avoid confusion with the bounce rate it would be super useful we often need to create this type of goals Not to have to code it would be nice I'm often asked to include this in test reports, although might be difficult to implement on the Kameleoon side since visitors may later go to pages where tests aren't running. But if you could do it, especially since the kameleoon.js is always running in the background anyway, even in SPA situations, that'd be great! this is important need this must have",Complete,,Roadmap
Ratio metrics capabilities LOT 1,"Asked by Loblaws --\> Also includes reliability computation for said metric A metric is computed from one or more goal. We would like to have calculations in the results dashboard that outweigh an increase in conversions vs. a decrease in AOV (or vice versa). Is it possible to create goals derived from other goals? Here is an example of a goal we currently use:The conversion rate here is the [Number of converted visits]/[Number of visits] Like a funnel, I would now like to see what % of the [Number of converted visits] from this goal, go on to complete the next goal. Customer wants to be able to define his own conversion rate in the reporting page by reverse ratios for exemple. Customer feedback: https://kameleoon.productboard.com/all-notes/notes/37179939 To easily calculate AOV / RPV",Complete,,Roadmap
Audience page redesign,"Improve the user experience with 'Audience page redesign', making it more intuitive and efficient for users to configure their campaigns.",Open,,Roadmap
"Tracking editor (clicks, hover, scroll)","Specific version of Editor V2, accessible from the Goals page, that will allow our users to create and manage: - Click trackings - Hover tracking - Scroll tracking",Open,,Roadmap
Reliability for continuous metrics - Bayesian,"SOW commitment for Loblaws POC with Kameleoon. The datascientist asked for this : ""Crucial to calculate any AOV significance. As I mentioned, we are in need of those Revenue based metrics statsig calculations, so before making any final statements, we need to be sure that this part can be provided by Kam"" We have previously used revenue to evaluate most of our tests, having revenue in SEK and being able to show reliability in revenue changes is crucial to our way of working. Ok, now I am confused. Yes, this metric is available, but statistical significance / reliability for this metric is not available. Do I have to submit that as a separate idea? Provide statistical significance / reliability for Revenue Per Visitor, Revenue Per Visit, Revenue, in that order.",Complete,,Roadmap
Reliability for continuous metrics - Frequentist,"SOW commitment for Loblaws - end of Q2 POC with Kameleoon. The datascientist asked for this : ""Crucial to calculate any AOV significance. As I mentioned, we are in need of those Revenue based metrics statsig calculations, so before making any final statements, we need to be sure that this part can be provided by Kam"" We have previously used revenue to evaluate most of our tests, having revenue in SEK and being able to show reliability in revenue changes is crucial to our way of working. Ok, now I am confused. Yes, this metric is available, but statistical significance / reliability for this metric is not available. Do I have to submit that as a separate idea? Provide statistical significance / reliability for Revenue Per Visitor, Revenue Per Visit, Revenue, in that order.",Complete,,Roadmap
Opportunity detector V2 (available for all),"## **Feature short Describe what the feature does. This feature specifies the way to open the opportunity detector feature to all customers. We want it to drive a PLG strategy by giving a taste of the feature to customers and having them buy the audience package to unlock the full potential of the feature. ## Problem What problem are we trying to solve with this feature? Or, what is the opportunity we are addressing? Currently Opportunity detector is only available to audience customers but we feel that it could benefits to all and drive an increase in interest for the audience package. **Workaround:** - **Existing workaround:** No - **Workaround : ## Solution **Key benefits** : What value does this feature bring to the user? - It brings a lot of value as we aim to get the most out of every idea which is tested and to not miss any opportunity to serve what is suiting the visitor best. **Use Cases:** Share use cases where this feature would help our users. Every time a test is inconclusive or is worsening a KPI. ** Product design:** - **Product package:** All packages - **Product scope:** The opportunity research will take place in the experiments result pages. - **Target Persona**: Marketer \/ Product Manager - **Main updates:** - Addition of a counter of allowed opportunities which starts at 2. - Users get a free opportunity every 1st of the month with a maximum limit of 2. - Users can spend their opportunity credit to un-blur an opportunity which have been found in an experiment. ## **Measuring Success** - **Goal 1:** The goal is to have customer purchase the audience package to unlock an ilimited number of opportunities. - **Success metric:** Number of customer subscribed to the audience package. Number of audience segment created. --- ##",Complete,,Roadmap
Test duration estimator enhancements,"Enhance test duration computer. Fetch customer data and use it to help with estimation. Support test duration for all reliability computation methods. Or just help the customer to better estimate by playing with the estimator with toggles, likemeilleurtaux.com ""would be great to be able to choose the output of this calculator : Duration, Minimal detectable effect \(MDE\), Traffic. conversion rate, confidence - Example 1 : Based on a specific traffic, and conversion rate, I want to know what is the MDE I can get in a month period \> Output = MDE - Example 2 : I want to know what is the minimal traffic required if I want to get results with a specific MDE in a max delay of 3 weeks \(to know for example, on which page of my website I can launch or not tests\) \> Output = Traffic - Example 3 : based on my traffic, within a month period, I want to know what is the minimal conversion rate required to get a specific MDE \(to know which KPIs should use or not\) \> Output = Conversion rate"" Kameleoon, Fboisseranc"" Benchmark: CXL website, ABTest Calculator Having a calculation tool in the tool to determine the estimated duration for a specific page depending on the Criterias defined in the segmentation and objective definition. (segmentation: Type of device, URLs, Customdata are data present in the DB, should be quite easy to determine the # of visit/visitor approximatly) (% of conversion : Data of the main goal is often present in the DB) ==&gt; In that manner, only the estimated improvement rate would be needed. This data calculation tool should be present in all creating mode (not only the graphical editor as now) LIDL has a feature request/improvement of test duration calculator: Once the experiment has been started and the first data has been received, it would be very interesting to use the test duration calculator to find out how long the experiment will take to obtain a valid result and thus be able to evaluate the experiment.Indications would be: - Incoming traffic - Number of variants- Number of incoming conversions- Statistical reliability so far- Current Improvement Rate would be great to be able to choose the output of this calculator : Duration, Minimal detectable effect (MDE), Traffic. conversion rate, confidence - Example 1 : Based on a specific traffic, and conversion rate, I want to know what is the MDE I can get in a month period &gt; Output = MDE - Example 2 : I want to know what is the minimal traffic required if I want to get results with a specific MDE in a max delay of 3 weeks (to know for example, on which page of my website I can launch or not tests) &gt; Output = Traffic - Example 3 : based on my traffic, within a month period, I want to know what is the minimal conversion rate required to get a specific MDE (to know which KPIs should use or not) &gt; Output = Conversion rate Improve the ""estimate duration calculator"" to choose what is the output I want to get. I could choose as output the Duration, Minimal detectable effect (MDE), Traffic. conversion rate, confidenceDepending on the chosen output, the input fields are automatically adapted. Examples of use cases :- Example 1 : Based on a specific traffic and conversion rate, I want to know what is the MDE I can get in a month period &gt; Output = MDE- Example 2 : I want to know what is the minimal traffic required if I want to get results with a specific MDE in a max delay of 3 weeks (to know for example, on which page of my website I can launch or not tests) &gt; Output = Traffic- Example 3 : based on my traffic, within a month period, I want to know what is the minimal conversion rate required to get a specific MDE (to know which KPIs should use or not) &gt; Output = Conversion rateetc...To go even further, one could imagine a calculator like this with specific toggles that I can easily play with. Would be amazing in demos...https://www.meilleurtaux.com/credit-immobilier/simulation-de-pret-immobilier/calcul-des-mensualites.html After announcing the release of the experiment duration calculator for Features Experiments (same one used for Web XP), our ers Christoph Rottler and Victoria Kachalova were really really keen to have it OUTSIDE the editor for Web XP, since some analysts perform the calculation after running the test. Alerts for when the test duration is reached is also requested we would not need to run our own MDEs then This is critical to be able to properly calculate test duration. [SUBMITTED BY PIERRE ON BEHALF OF SQUARE ENIX - PROSPECT] Square Enix would like to get an estimation (based on data collected so far) in the results page of when they'd reach statistical significance. This can be a range (3 - 6 days) or a less precise value (5+ days, Less than 7 days...). Some additional improvements we would like to see:- display the duration calculator in the web experimentation tab (not in GE)- duration calculation for A/B/C tests From a consultant's point of view, we can't support the majority of customers with our calculator. As soon as the customer doesn't use a graphical experiment, both access to the calculator and its fields are no longer easy accessible. The workarounds are simply too complex for practical use.We work a lot behind the scenes with the CXL calculator, which covers all features. But we don't recommend it to customers for branding reasons. Solution: sidebar contains a calculator with all the CXL features. Hello,Could we please make the tool for the estimation duration of the test available outside of the setup of a test? Our clients are using other online tools/sometimes even competitor ones to calculate the potential import of tests to prioritize their roadmap.Thanks! Yes, Yes, Yes!!! This feature should also include the duration of a specific experiment. So in a report you see the duration ""live"" in amount of days, and not only a from and to date. Payfit told me that they still use the sample size calculator of Optimizely to calculate their sample https://www.optimizely.com/sample-size-calculator/ It would be great to have a proper access in the tool to our caculator. Since right now it is not easily accessible + not at all if you use de code editor. I believe this tool should be added in the Help section needed some client still use the calculator from other platform Ease pre-campaigns analytics Having the MDE calculation based on our own data would greatly help us in better plan and run our experiments",Planned,,Roadmap
Google Tag Manager - Kameleoon templates,"## **Feature short The goal is to be listed in GTM template gallery. It will allow users to easily install Kameleoon on their website if they are using GTM. ![](https://pb-files.s3.amazonaws.com/production/attachments/c1803c1ef2ae4f38225136309f59973901c4b2104443eda8eb3c8caf0da876ad/image.png) ## Problem We are not listed in GTM. Installing from GTM using a template is easier than adding the Kameleoon tag manually. **Workaround:** - **Existing workaround:** Yes - **Workaround Manually > Vincent Taldir : "" *Le plus urgent est le déclenchement de goal depuis GTM. Cela répond à le demande de bcp de client qui demande ""comment on fait pour envoyer les conversion GA4 vers Kameleoon""* "" --- ##",Open,Squad Dev Tools,Roadmap
Teams - Tags and quick adaptations,BPCE would be interested by this feature.,Planned,Squad Interfaces,Roadmap
Akamai,"The **Akamai Edge CDN Kit** integrates Kameleoons FME platform with Akamais global content delivery network, providing faster, more secure delivery of feature flags and experiments. By leveraging Akamais edge infrastructure, experiments are executed closer to end users, reducing latency and improving performance. This integration ensures real-time decision-making at scale, enhancing user experience and experiment accuracy, especially for high-traffic websites.",Complete,,Roadmap
DWH advanced dashboard,"## **Feature short For goals metric loaded from data warehouses, having a dashboard with KPI to monitor the jobs is very useful : Send notifications to let customers know if we notice failed data sent to their endpoint (403s, etc). Can we build some automation to notify them when such failures occur? Would it be possible to alert them prior to a critical SDK release that could impact them? It could be via a Slack handle or email address.",Open,Squad Dev Tools,Roadmap
Getfeedback Integration,"We currently have GetFeedback Custom integration available in the open source analytics library. Proposed by Emmanuelle Charmat : // Object for holding Usabilla Custom Variables Data var usblCustom = {}; // Define the name of the current experiment or personalization const xpName = experimentName ? experimentName : personalizationName; // Define the id of the current experiment or personalization const id = experimentID ? experimentID : personalizationID; usblCustom[id + "" - ""+ xpName] = variationID + "" - "" + variationName; // Init Custom Variables Kameleoon.API.Core.runWhenConditionTrue(function () { return window.usabilla_live != null; }, function() { window.usabilla_live(""data"", { ""custom"": usblCustom });}, 150); asked by different customers and prospects (System U for example)",Complete,Squad Dev Tools,Roadmap
Graphic editor v2 - for all customers,"Improve the user experience with 'Graphic editor v2 - for all customers', making it more intuitive and efficient for users to configure their campaigns.",In Progress,,Roadmap
Solution Access Management,"## **Feature short This feature allows super administrators, from companies who have access to the 2 solutions (Web Experimentation, Feature Experimentation), to allocate custom solution rights to users based on their needs. ## Problem As an Enterprise company super administrator, I need to refine the rights I allocate to each my users for more security and accuracy. **Workaround:** - **Existing workaround:** No ## Solution **Key benefits** : What value does this feature bring to the user? Be more precise in the solutions rights Give people only access to what they use and need Increased security **Use Cases:** Share use cases where this feature would help our users. This feature is particularly helpful in contexts where we both have Marketers and PMs in a single customer's company - both of them don't use the same Kameleoon solutions, and thus don't need rights on the perimeter they don't belong to. ** Product design:** - **Product package:** Web Experimentation \/ Full Stack Experimentation \/ Feature Management - **Product scope:** Team page, User page - **Target Persona**: Marketer \/ Developer \/ Product Manager - **Main updates:** - for Super Admins, on team page, enable to select which solutions to have access to who, with some toggles - Solutions users don't have access to are locked in the app for the relevant users ## **Measuring Success** - **Goal 1:** use of the feature - **Success metric:** nb of customers who customed their users solutions rights - **Goal 2:** depth of use of the feature - **Success metric:** nb of users for who the super admin customized the roles --- ##",Complete,Squad Interfaces,Roadmap
Custom attribution window by experiment,"## **Feature short Describe what the feature does. This feature allows marketers and data analysts to define a custom attribution window for specific experiments. ## Problem What problem are we trying to solve with this feature? Or, what is the opportunity we are addressing? As a data analyst, sometimes I need to define different attribution windows depending on my campaigns and their needs. However, currently, I can only define a single attribution window by project, that will be applied to all campaigns of this project. **Workaround:** - **Existing workaround:** No ## Solution **Key benefits** : What value does this feature bring to the user? Data analysis will be more specific and tailored to singular experiments needs **Use Cases:** Share use cases where this feature would help our users. Sometimes, some use cases might require a shorter or longer time frame to count visits / visitors and their associated conversions, to better understand what conversions can be linked to. ** Product design:** - **Product package:** Web Experimentation in the first place - **Product scope:** Classic A\/B experiments finalization flow - **Target Persona**: Marketer \/ Data Analysts - **Main updates:** In bullets, concisely describe what your solution consists of: - In the finalization flow, we're adding a new field to customize the attribution window for each draft experiment. The defined window will be taken into account only for this specific experiment, and override the global project attribution window ## **Measuring Success** - **Goal 1:** use of the feature - **Success metric:** number of experiment on which a custom window is defined --- ##",Complete,,Roadmap
Evaluations over Time graph,We are exploring the addition of 'Evaluations over Time graph' to our roadmap. This initiative aims to address specific user needs and expand the platform's core capabilities.,Complete,,Roadmap
Quick Targeting,"Indeed, it'll be a very nice step up and game changing functionnality.",Complete,,Roadmap
Jira Integration (Zapier),"Provide seamless integration capabilities for 'Jira Integration (Zapier)', allowing users to synchronize data and streamline workflows.",Complete,,Roadmap
Salesforce Commerce Cloud,We are exploring the addition of 'Salesforce Commerce Cloud' to our roadmap. This initiative aims to address specific user needs and expand the platform's core capabilities.,Open,,Roadmap
GA4 (recommended) to support GTM,GA4 \(recommended\) - GA4 to support GTM,Complete,Squad Dev Tools,Roadmap
Widget Code Editor Redesign,[Embedded content](https://www.figma.com/embed?embed_host=share&url=https%3A%2F%2Fwww.figma.com%2Ffile%2F6Uo9XbBl8QUM309jyQym80%2FWidget--Code-Editor%3Ftype%3Ddesign%26node-id%3D34-5742%26mode%3Ddesign),Under Review,Squad Perso,Roadmap
Snowflake - Use Snowflake as a destination,Snowflake - Use as a destination We use Snowflake as our DWH and are looking forward to match Campaign Results with our order related data in the DWH. As we are using snowflacke as our data warehouse we would like to match our campaign results with our business data coming out of snowflake,Complete,Squad Dev Tools,Roadmap
GTM - Server-side templates to trigger GA4 events,"Exist in Commanders Act : Server-side tagging is a new way to use Google Tag Manager to instrument your application across devices. Server containers use the same tag, trigger, and variable model that you're used to: https://developers.google.com/tag-platform/tag-manager/server-side/intro?hl=en It would be great to create a template to easily push conversion server to server",Open,Squad Dev Tools,Roadmap
Amazon Redshift Integration - Use as a source and Goal metrics,New leads : - Lingoda - Germany - They are mostly interested in using their data as a targeting condition. - Mercury Financial - USA - They are mostly interested in using their data as a goal metric. - Amazon Redshift Integration - Use as a source and Goal metrics,Complete,Squad Dev Tools,Roadmap
Sunsetting integrations and clean up,Subtask #26069 - Deleting deprecated integrations,Complete,Squad Dev Tools,Roadmap
GA4 Audience - Credentials Migration to Google Secret,"Execute the 'GA4 Audience - Credentials Migration to Google Secret' to ensure system stability, performance improvements, and access to new architecture.",Under Review,Squad Dev Tools,Roadmap
On-demand back-to-back bridges from the Integrations page,"Provide seamless integration capabilities for 'On-demand back-to-back bridges from the Integrations page', allowing users to synchronize data and streamline workflows.",Open,Squad Dev Tools,Roadmap
DWH Microsoft Azure Integration,"Provide seamless integration capabilities for 'DWH Microsoft Azure Integration', allowing users to synchronize data and streamline workflows.",Open,Squad Dev Tools,Roadmap
Amperity Integration,## **Feature short Integrating with Amperity like we did with Contentful. --- ##,Under Review,Squad Dev Tools,Roadmap
Export users list,"## **Feature short This feature allows users to easily get a comprehensive view of their Kameleoon account users by exporting it in the format of their choice (xls, pdf) ## Problem As a customer, I need to easily get a view of the list of users having access to my Kameleoon account regularly, to keep track of these. **Workaround:** - **Existing workaround:** Yes - **Workaround Check the Team dashboard, on a Kameleoon account, to access the list ## Solution **Key benefits** : Time-saving Comprehensive view Easy export share with any stakeholder **Use Cases:** Share use cases where this feature would help our users. Use the Jobs To Be Done framework to illustrate our user's motivation and behaviour. Structure this as: When the user [situation], they want to [motivation], so they can [expected outcome]. ** Product design:** - **Product package:** Web Experimentation \/ Full Stack Experimentation \/ Feature Management - **Product scope:** Team dashboard - **Target Persona**: Marketer \/ Product Manager - **Main updates:** In the Team dashboard, we'll add an export feature along with a dedicated sidebar, to generate the desired exports ## **Measuring Success** - **Goal 1:** use of the feature - **Success metric:** number of clicks on export ##",Complete,,Roadmap
Hotjar Integration Listing on the partner side,"## **Feature short The goal is to be listed like AB Tasty : It requires a dev work on Hotjar side, but it should be easy since they already did it with AB Tasty. Their beamer post with AB Tasty : [https:\/\/www.hotjar.com\/updates\/en\/ab-tasty-hotjar-a-recipe-for-more-impactful-campaigns#::text=The%20integration%20works%20by%20sending,launch%20surveys%20on%20campaign%20pages](https://www.hotjar.com/updates/en/ab-tasty-hotjar-a-recipe-for-more-impactful-campaigns#::text=The%20integration%20works%20by%20sending,launch%20surveys%20on%20campaign%20pages) Another doc :",Open,Squad Dev Tools,Roadmap
Widget Studio Premium - 30 days free trial,Widget Studio: Free Trial enables all non-users to explore all the premium features of Widget Studio at no cost for 30 days.,Open,Squad Perso,Roadmap
Widget Countdown V2,"Countdown V2 addresses key challenges for marketers by providing independent editing of digits and separators, effortless space customization without coding, and a dedicated resizing feature for creating pixel-perfect countdowns. It streamlines the application of consistent styles and ensures proportional resizing of all sub-elements, offering a comprehensive solution for efficient and precise countdown customization.",Complete,Squad Perso,Roadmap
More secure Statistical option update,"We should make sure our users are fully aware of what they do when they update an option which might increase the risk they take. \(switching between CUPED or not CUPED, sequential etc\)",Planned,,Roadmap
Consent Management,"## **Feature short This update enhances our SDK privacy policy, giving customers to exert control over the data collection and display based on visitor consent. It introduces a new method, **setLegalConsent\(\)** which unlocks fine-tuning consent management. ## Problem - Currently, there's no streamlined way to handle consent policies within the SDK - No standardized method to determine if a visitor has provided consent - Inability to adjust behavior based on visitor consent status **Workaround:** - **Existing workaround:** Partially, with Automation API. ## Solution **Key benefits**: 1. Introduces new method enabling precise control over consent-based tracking 1. Flexibility to choose consent policies ensures compliance with various legal requirements 1. Enhances tracking capabilities, allowing SDK to adapt experience based on visitor consent status ** Product design:** - **Product package:** Feature Management - **Product scope:** Inside rule setup menu - **Target Persona**: All - **Main updates:** - Same setup page UI for creating, deleting and reordering environments ## **Measuring Success** - **Goal:** Feature adoption - **Success metric:** SDK method usage --- ##",Complete,,Roadmap
New Segment.io bridge - Action Destination,"## **Feature short This is the card for our new integration with Segment.io, which is basically the same bridge we had, but in a new environment and with more feature on Segment side.",Complete,Squad Dev Tools,Roadmap
Advanced Targeting Conditions,"**Several advanced conditions to be added to the segment builder for streamlined targeting on par with Kameleoon Web Experimentation.** Visited pages - Page title - Page URL - Previous page Visiting behavior - New or returning visitors - Number of page views - Time elapsed since first visit - Time elapsed since last visit - Number of visits today - Total number of visits Goal converted Campaigns - Experiment \(web or feature experiments\) - Exclusive campaign Custom data Technical - Browser cookie - Browser - Operating system - Device type Segments - Kameleoon segment Currently in feature flag targeting we can only use custom data. When I try to create Segments, it looks like there's a lot of other awesome capabilities like custom javascript code execution. Can we use this as well?",In Progress,Squad FM&E,Roadmap
Raw export improvements,Export directly to client storage. Find a way to make it API friendly by avoiding to have to wait for an email. Include all conversions in the extract. Kameleoon Data Reporting APIAn API that enables retrieving data from Kameleoon experiments in real-time and e.g. report it in internal dashboards or BI tools such as Looker Studio. Would also be an option for ETL-Tools to connect to Kameleoon. Is it possible to include the variation name in the raw data export to link it to the variation ID? Company: sovcombank. Also add visit duration column.,Complete,,Roadmap
SRM internalization,"We shouldn't rely on SRM external service anymore, nor on Appcues for the pop-in. We should include the test's computations in our back-end as well as the pop-in. Once the computations will be available, we'll also add a new kind of custom alert to allow customer to be notified via email if we detect SRM on an experiment. Add SRM to the list of custom alerts. Instead of an in-app notification that a customer might miss would it be possible to add SRMs in the list of custom alerts? Sample ratio mismatch alert. Being able to set up an alert for SRM will save time to the teams monitoring campaigns and make sure we don't waste time and traffic on campaigns.",Complete,,Roadmap
Holdout for audience global KPIs,It would be good to have give the customer the possibility to have a holdout group which is excluded from all experiment and personalization. This way we can compute more accurately the impact of one's experiment program overall.,Open,,Roadmap
Automatic alerts,"Add several alerting possibilities to our alerting capabilities: - SRM - Test duration is reached - AI Opportunity detected - Goal collection disruptment detected - \(Error tracking\) - \(Crossover units detected, ie one user has seen many variants\) Slack or email was requested Check for the project level and not only test level Alerts for Goal collection disruptment: Alerts for Test duration reached: Alerts for Error Tracking: Alerts for SRM: Alerts for crossover units: Alerts for Opportunity detection: It would be great to have SRM alert through Slack messages or email. Add SRM to the list of custom alerts. Instead of an in-app notification that a customer might miss would it be possible to add SRMs in the list of custom alerts? For the opportunity detection feature I think that we should have an app alert on the experiment page (or email?) to be aware when we have an opportunity. Because for now we need to check all test and see if we have an opportunity! After announcing the release of the experiment duration calculator for Features Experiments (same one used for Web XP), our ers Christoph Rottler and Victoria Kachalova were really really keen to have it OUTSIDE the editor for Web XP, since some analysts perform the calculation after running the test. Alerts for when the test duration is reached is also requested Would be great to quicker take actions and divert tests Yes please ! Asked byt several clients (Tele2, Husqvarna, Fnac...) Especially important for Test duration and estimated sample reached . totally agree that would be time saving for our customers! As important as the goal collection disruptment, those alerts would ease the workflow of our projects Congstar (every client with a lot of assets) repeatedly has problems with the manual monitoring of his assets, especially Global Goals. Goals are often dropped because something has changed on the live page. So an automatic alarm would be very helpful. From a consultant's point of view, it would be a helpful feature because we could proactively contact clients and point out broken assets. Such assistance strengthens the customer relationship immensely. For projects that we have build, launched and has responsibility for (=full service clients), we would have additional security that assets don't break during the test period or that we can fix them quickly. The logic could also be very simple at the beginning, e.g. 48h no conversion =&gt; alarm. Better a little too sensitive than no alarm. Hey I would also love to have automatic alerts that you can activate at the project level (and not the test) to receive an email when the results of your test is reliable. ADAC complained about traffic loss in all experiments =&gt; problem was because of consent (false set as standard) - I'd like to have a automatic alert if traffic will be decrease e.g. more than 50% and campaign is still live.WELT asked for a goal check: so likely FF we should send a message if a goal will drop e.g.90% from 1 day to another. So they could monitor is the goals are still working or selectors are working. Another idea: if customers use e.g. runwhenelementpresent, this function will check if the selector is on the page after DOM ready. If selector is not on page after dom ready maybe sth. could be broken, while this function is implemented in a variant. Great to optimize campaigns management It would be nice to have thoses in the Insights Hub also Being able to set up an alert to let us know if traffic or a metric in a Web Experiment suddenly drops off would be great! Having alerts asap is crtical since every hour with a bug can cause a lot financial and brand related demage. Alerts when test duration is reached would be nice because it reminds me to start analysing the experiment and saves time If customer starting an Experiment, there could be issues that no traffic will come into this experiment.There should be some possible alerts: - No traffic in Experiment since beginning =&gt; message after x hours (e.g.2) - Goal Conversion Rate/absolute huge dropping to 0 or nearly zeroShow a message in Dashboard to Check this experiment or the option to send a alert to a specific person (customer) or a team/consultant in Kameleoon (internally) In the reporting pages, get a warning when a kpi has an anormal behavior (for example when it stopped collecting data during a specific period)Most of our customers and even CSM don't have the reflex of looking at the time graphs for KPIs, and sometime jump in a conclusion when a kpi stops working. It happens all the time ! A la suite d'un incident, le goals de conversion ne remontait plus. Est il envisageable à lavenir dans votre solution détudier un système dalerte automatique quand les évènements ne remontent plus pour un goal donné (les goals principaux) ? Demande de Cultura With the number of AB tests launched regularly, the time it sometimes need to have reliable results and the evolution of our websites, we'd like to be alerted not to have to check every tests after each of our front side implementations (x2/week) Trigger an alert if no purchase conversions have been measured by Kameleoon for a whole day. Several of my key account customers, e.g. WELT and congstar, have asked about this. In the past, they had problems with goals collapsing during the test runtime. If an A/B test fails for such setup reasons, several weeks of work are often wasted.There are no real preventative measures for this. It is best if it is noticed quickly because it can then be fixed quickly. The alarm would be the best case for this.From a consultant's point of view, the feature would be helpful because it gives us the chance to earn bonus points with customers. Especially self-service customers. Let's assume that the consultant receives an alert that a global goal is no longer working. Then he can proactively write an email about it or offer service in the form of bug fixing. Usefull to see if tests are impacted by product launches monitoring of tests Super important to make sure a website as not been changed or if a popin is no longer triggering would help identify straight away when a goal (and potentially a test) might be broken :) This would be extremely valuable to avoid so many mistakes ! Nice to have Help us to do not lost some time with the customer super important! :) Essential to prevent client unsatisfaction Being able to set up an alert to let us know if traffic or a metric in a Web Experiment suddenly drops off would be great! As a team, we are managing a lot of different tests at once and we are collaborating with a lot of different developers to implement tests - an alerting system would help spread the burden of ensuring that data is flowing properly post-launch amongst the develop and product stakeholders.",Planned,,Roadmap
Jira x Kameleoon (via Zapier),"Provide seamless integration capabilities for 'Jira x Kameleoon (via Zapier)', allowing users to synchronize data and streamline workflows.",In Progress,,Roadmap
Autopromotion Migration,"Execute the 'Autopromotion Migration' to ensure system stability, performance improvements, and access to new architecture.",Open,Squad Perso,Roadmap
Wheel of Fortune element,We are exploring the addition of 'Wheel of Fortune element' to our roadmap. This initiative aims to address specific user needs and expand the platform's core capabilities.,Complete,Squad Perso,Roadmap
Multi-segment Targeting,We are exploring the addition of 'Multi-segment Targeting' to our roadmap. This initiative aims to address specific user needs and expand the platform's core capabilities.,Open,Squad Perso,Roadmap
Product Reco element - advanced design,"Improve the user experience with 'Product Reco element - advanced design', making it more intuitive and efficient for users to configure their campaigns.",Open,Squad Perso,Roadmap
Improving Widget Consistency Across Customer Websites with Shadow DOM,Issue : The display in simulation mode (in-app Kameleoon) and once inserted in Customer page is most of the time not the same due to CSS rules applied. Solution to analyse : Using ShadowDOM to Block the CSS of the page. https://developer.mozilla.org/en-US/docs/Web/API/Web_components/Using_shadow_DOM,Complete,Squad Perso,Roadmap
Widget Studio Enhancements,"It's great to have the edit option for each element, but kind of interfere with the return button. Is it possible to add a clearer right button for edit? And leave return on the title and the arrow? Embedded content From Loreena: https://docs.google.com/spreadsheets/d/1YP2hMQGLRzzEDfCWobQgq40gj46NNc4NEbIAp8tyEDU/edit#gid=0",Open,Squad Perso,Roadmap
Widget Studio - standalone for marketers,We are exploring the addition of 'Widget Studio - standalone for marketers' to our roadmap. This initiative aims to address specific user needs and expand the platform's core capabilities.,Open,,Roadmap
Widget Studio - standalone for PM,"The client wants to create a ""product tour"" to show new users how to find what they need on the website, and old ones how the website changed. To do that, they need a grey layer under the widget, but with the possibility to highlight icons.",Open,,Roadmap
New plan (Monthly Tracker Users),"This is aimed for agencies \/ customers with a high volume of traffic but budget constraint. The goal is to stop all running experiments and forbid them from starting any new one, once their quota is reached. US:",Open,,Roadmap
Monthly Tracked Users (MTUs),New plan \(Monthly Tracked Users\) for agencies \/ customers with a high volume of traffic but budget constraint,Complete,Squad Dev Tools,Roadmap
Admin BO - New pricing / sales strategy,Admin Back-office - Important updates related to changes in our pricing \/ sales strategy,Complete,Squad Dev Tools,Roadmap
On-demand Kameleoon script regeneration,"Be careful with DDOS attack. Hello !Is it possible to add a button to refresh the Kemeleoon script?This would be very useful for non-technical users and when the platform has a problem.Thanks in advance! We would like to be able to force the script rebuild on our own, because sometimes we need it for urgent matters and the CS team is not available to do it. Example today : A test has been paused while the app was crashed, so the script was not updated and we realized it hours later. Purge script from Back-office This is a useful feature for clients that believe Kameleoon is not working Would definitely help verify our experiments Make it easier to rebuild the Kameleoon script for a client. On the CSM side. As a developer I need this kind of functionality constantly, literally it could be dozens of times a day. Thankfully lately I have noticed Kameleoon has been much better about auto-rebuilding, and doing it faster, but having a dedicated button would be nice too. Also would be extremely helpful when sending out links for QA to other people, to know that everything is all sync'ed up and everyone should be seeing the same thing.",Closed,Squad Dev Tools,Roadmap
Dynamic gtag/dataLayer variable for the GA4 integration,"With our GA4 integration (recommended by Google) , could we add an input where the customer can insert the name of its dataLayer. Some custom have a dataLayer that is not named ""dataLayer"". Our integration only use the default name ""dataLayer"". There is an option in the implementation of GTM where the customer can defined another variable than ""dataLayer"" (https://developers.google.com/tag-platform/tag-manager/datalayer?hl=fr#rename_the_data_layer).To by pass this issue we have to a create custom integration. Same as https://kameleoon.productboard.com/all-notes/notes/36740487for POC ZOE",Open,Squad Dev Tools,Roadmap
DWH lock mode,"## **Feature short We just use the Admin Back-office to activate or deactivate the BigQuery Integration. When deactivated, in the Integration page, BigQuery will be displayed but disabled and locked. --- ##",Complete,Squad Dev Tools,Roadmap
Live update (flushing browser cache),JS experiment data with cache,Complete,Squad Dev Tools,Roadmap
Cross device sync and reconciliation,We are exploring the addition of 'Cross device sync and reconciliation' to our roadmap. This initiative aims to address specific user needs and expand the platform's core capabilities.,In Progress,,Roadmap
getVisitorWarehouseAudience,We are exploring the addition of 'getVisitorWarehouseAudience' to our roadmap. This initiative aims to address specific user needs and expand the platform's core capabilities.,Complete,,Roadmap
JWT to Data API calls from SS SDKs,"Provide seamless integration capabilities for 'JWT to Data API calls from SS SDKs', allowing users to synchronize data and streamline workflows.",Complete,,Roadmap
Latency Benchmarking,We are exploring the addition of 'Latency Benchmarking' to our roadmap. This initiative aims to address specific user needs and expand the platform's core capabilities.,Open,,Roadmap
VSCE - Multiple synchronization,"## **Feature short Allowing a user to have more than one experiment code synchronized \(common code included\). The goal is to allow a customer to simulate a page where several experiments are running. This will require a change in the ""Kameleoon Chrome Synchronization"" view in VS Code. This was asked by Cultura. --- ##",Complete,Squad Dev Tools,Roadmap
Admin BO - Activity log,"## **Feature short The goal is to have an activity log in the Admin Back-office to know who did what. Currently, we can't tell who made change on a customer. We need to start tracking all the changes done by our staff. --- ##",Complete,Squad Dev Tools,Roadmap
Improvement of filters - OR Condition,"Support OR between different filtering conditions. One way to improve the UI would be: You have a dropdown 'ALL' \(so equals to an AND between each condition\) or 'ANY' \(equals to a OR between each condition. It's an easy move from a UI standpoint. The only thing that needs to be done is at the API level so that we can do OR. In the Filter section on the results page we can filter by custom data. However, we can only using ""AND"" statement which means we can add has many Custom Data as we want but we can't use ""OR"" conditions.The customer wants to be able to use this capability to filter its 6sense audiences stored in Custom Data.For example, if I have Custom data with a list format containing multiple audiences :Visit1 =&gt; CustomDataListValue =&gt; [""audience1"",""audience2"",""audience3""] Visit2 =&gt; CustomDataListValue =&gt; [""audience1"",""audience2""] Visit3 =&gt; CustomDataListValue =&gt; [""audience4"",""audience5""] I can't filter as described below in the results page:Include when my custom data value corresponds exactly to/contains ""audience1"" OR Include when my custom data value corresponds exactly to/contains ""audience2""-&gt; It would return Visit1 and Visit2 When evaluating the tests, it would be important to have the option to work with ""And"" in the filters. Currently, only ""Or"" is used. It makes no sense to me. Example: I want to take ""smartphone"" audience and ""time spent on the website more than 5 minutes""... Currently, it is simply not possible, because if you select these two filters, then it is ""or"" condition. You cannot currently switch between ""or"" - ""and"", which means ""or"" condition is set by default by Kameleoon",Open,,Roadmap
Reporting page Update - Lot 2,"Lot 2 for result page redesign. The idea is to have a really mature internal Lot 2 for end of Q3. This will allow to have it in general availability in Q4. Time left indicator: Users want information of the estimated remaining time for their experiment to know when to stop it or if the results are meaningful yet or not Campaign's insights PDF export: Charts annotations: Cumulative graphs capabilities for Results Page: Investigate how to compute cumulative reliability for visitors as we cannot sum visitors from one day to another. This is needed for new result page. Pain Point: As a user, I often create experiments without an original. So I don't allocate traffic to the original. In such cases I (have to) customize the result page via Actions &gt; custom views. I select a different variation as reference and hide the original: So that I don't have to do these steps every time I open the result page, I save this custom view directly as a predefined view. The problem is that at this moment I not only save my two customizations, but also the date ranges (and other values that I have not edited). Now I can use the predefined view on following days and save the custom view adjustments. At the same time the date remains on the edit date and doesn't correspond to the current date. So now I have to change the date. The user manual listed several values which are saved with the click on ""Validate"" no matter if the user edit it: Filters; Date ranges; Columns of the tables; View per goal/per variation; Reference variation; Display of the goal(s). https://help.kameleoon.com/experiments-results-actions/#Save_the_current_settings Solution: Would be great if only edited values are saved OR the user can select which values he would like to save. Pain Point Currently, the history of projects is not detailed, i.e. not all changes are shown and the customer does not see what exactly has been changed, which is not transparent. Solution The history should have more details about what exactly has been changed. One idea is that the history should be structured in a similar way to the activity log, so that you can see who made a change and what change was made Other actions : Setting a statistical methodWhen you set a statistical method like CUPED, sequestist or Bayesian and you save your view, Leave the page and come back (so like a new session), your previous settings are not maintained. You have to always remember to set your statistical preference Solution ==&gt; Settings on a specific test should be saved and maintained unless the user changes them Ability to rename Column on DashboardI was informed by Kameleoon that, currently, the ability of renaming columns is not a feature currently offered by Kameleoon. It would be great if such a feature would be offered since, as an example, the ""Conversion Rate"" Column lose its meaning when tracking clicks made on Search Results Pages which lead to Product Description Pages (PDPs)...having the ability to rename this Column from ""Conversion Rate"" to ""CTR"" would prevent any confusion for those who would access the Dashboard and try to interpret the rendered data In reports, whenever I modify the columns that show and then save the viewwhen I set it as default it never comes back the next time I visit the page. It would be great to be able to remove the columns I don't need other parties seeing in order to feel confident enough to show our in-dashboard reporting to stakeholders. This could be really helpful for clients since a lot of them are quite often asking the time needed to obtain reliable results. great idea ! Would be very helpful for customers Important Maybe nice to have an indicator for the approximative time left for the reliability of an experiment, but a progress-bar doesn't show any timing (hours/days/weeks/more than 1 month ?). Or maybe I don't understand it correctly. This data seems to be too vague to have, but it's just my opinion ;-) Good Helps the planification of the next projects pourrait être une bonne aide. that would be really nice to know While we have our own criteria for experiment planning, timeline, and validation, it would be an extremely valuable second opinion currently we can only guess the time left until campaign is significant so it would really help our team and especially the stakeholder of an experiment. point important car difficile de bien identifier quand stopper un test entre le volume de session, la durée et l'écart de conversions observé It would be convenient for better estimation of the test duration. Every new client ask for this This would be really cool! No more guessing. utile pour l'analyse better transparency BPCE would like the planification start and end date to be shown on the experiment and personalization dashboard (in column and in the ""i"" hover info), but also on the results page of A/B test having the planification and the launched date. Best Western would like to see the planification dates on the top of the results page for experiments. The only way to verify the dates is through the editor code. Once started, and after a certain amount of time (to be determined), It would be great to have the information of the estimated remaining time before having a sufficient reliability this would be great, help stop the peaking prior to experiment is stat sig 1000% helps us understand the duration of a test and to ensure we do not make a call before we've reached signifigance. It's important to know for how long we should run test. love this feature. I get asked by my managers how long we need a test to run . request from Loblaw request from Loblaw, but this would be a great feature! It is important to reach statistical significance for reliability of data. Some teams have tight timeliness with experiments and we would like to know based on traffic and KPIs if we can turn off sooner. Great help in the CRO process Important for ROW customers It would be usefull to help maintain the roadmap would be nice I need this to answer to stackeholders quickly on the remaining time the test will be displayed on the website nice to have Helps us to communicate with key stakeholders on a potential stop date for the test other tools have this Often asked in rfps and proposed by our competitors thats great Il nous faudrait vraiment ça ! help saving time for CSM and customer Nice to have but not essential To make a communication support on the results of the test, especially to the management Important pourrait être utile. Presentation or results and learning is almost more important than the test itself. This would get a lot of use by us For greater and better results sharing Would be good to use in our review presentations. it makes the analysis and report preparation way easier and faster Easier to share &amp; to attach it in our Trello Board. It would certainly optimize the creation of our reportings Reporting to management Pleeaaaazzze put it back on track ! Will massively save time preparing reports. Will also help empower our team members to use the platform more frequently and get more involved with our team and work. Reporting page:Add possibility to write down chronology events after a test has been launched to be able to report on anomalies, dates to consider for reporting analysis afterwards, production time (sometimes clients launch for the first time with a cookie), etc. very useful ! Very helpful to identify Bug on the website, particular promotions, change of assignation in Kameleoon (automatical?) etc coul help to memorize important date or changes Good for special operation Eases the analysis of the campaign following the timeline and events that might have influenced it très utile. just nice to have only used occasionally - but very helpful in final results to have these type of comments in graph. So you could add information that something had changed or happened on a particular date I would for sure use it in my presentations with test results. Be able to tell when you had a bug in production, a new ad campaign launch or seasonality. Any comments can be useful. lovely idea! the key information section is not as handy as the charts. Would be great for our reports important to record any changes made during a campaign Will hugely help capture observations, updates and potential impact all in one place, especially with other team members reviewing results. Less risk of losing insights also when all altogether. TELE2 requested to have an additional view on the graphs to be able to see the accumulation of conversion rate over time. I found several articles on this that could be a nice new feature https://towardsdatascience.com/how-to-analyse-a-b-experiments-using-bayesian-expected-loss-b959e21a77ce https://martech.org/graphing-trends-make-better-calling-ab-tests/ They make it easier to understand how results develop over time and whether the test is starting to stabilize. Shows clearer trends instead of looking at day-to-day, the cumulative graph shows a smoother curve. Its very time consuming to take out day-to-day-data and put it in excel for the cumulative praph. This you be an easy fix in Kameleoon! The cumulated representation is therefore best suited for tracking the progress of the results.ABlyft already offers this feautre. See https://docs.ablyft.com/results-and-statistics/detailed-chartsFor example, in the case of a SRM, it can help to see whether the graphs for the number of visits are converging over time. Would be very helpful to monitor an SRM. Also helpful when showing results to stakeholders. In cumulated graphs you can show them how the improvement rate can be negative in the beginning and later on turn positive, or the other way around Would help to check SRM Cases etc. Previous ABlyft Users miss this functionality: https://docs.ablyft.com/results-and-statistics/detailed-charts",Planned,,Roadmap
Reporting page Update - Lot 3,"Lot 3 for result page redesign The idea is to have a really mature internal Lot 2 for end of Q4. This will allow to have it in general availability in Q1 2025 Variations Preview on RP: Be able to associate a snapshot of the variations in their corresponding Result Page to easily remember them Could be nice-to-have :) great for personlization as well, if you can have it in the dashboard This feature would help a lot in immediately understanding what this test was about. Especially when taking over new customers from colleagues or looking at older tests, it takes a lot of effort to understand what was really tested. nice to have for simple changes Always useful to remember the expected behaviours week or months later! Could be helpful . This could be very nice. Or integrated in the header or info-block on the list. Good idea très utile I run so many experiments be times, that I don't know all my variations. That would be very helpful This would reduce work load on creating manually screenshots. But of course it depends on the details of this feature. I assume the best and most precise way would be to define a css-selector of a specific element in the page that has been affected by the experiment change and this element is the one that should be visible in the screenshot. Otherwise - a complete screenshot of the website would'nt make any sense. This would be a great addition! Especially if it (preview image) would be updated on a regular basis (reason: sometimes changes applied by other teams working on the website can cause our test breaking). to show stakeholders when tests are live and you are having a meeting about them",Planned,,Roadmap
Experiment-Level Global Code,"## **Feature short Describe what the feature does. This feature allows Developers to easily incorporate and manage experiment-specific global code directly within the experiment. By providing a dedicated global code field, it enables the simulation of global scripts and facilitates the inclusion of temporary code for targeting purposes. The added benefit of automatic code removal upon experiment stopping ensures a clean and efficient process, contributing to overall performance optimization. ## Problem What problem are we trying to solve with this feature? Or, what is the opportunity we are addressing? As a developer, when I want to implement experiment-specific global scripts or include temporary code for precise targeting in experiments, I encounter the following problems: Lack of a dedicated space within each experiment for global code management that only serves that experiment. The only way is to add that code to the global tracking script which has several drawbacks : - no possibility to simulate that code, - cluttered and less organized setup as the global script contains both temporary experiment code and tracking code for goals conversions..), resulting in potential performance issues and a lack of code cleanliness. **Workaround:** - **Existing workaround:** Yes - **Workaround adding that code to the Global Tracking Script ## Solution **Key benefits** : What value does this feature bring to the user? This feature streamlines the development process by providing a dedicated space for experiment-specific global code. Developers can now confidently implement and test code within the scope of each experiment, minimizing the risk of introducing bugs into the production environment. The separation of experiment code from the global tracking script eliminates the need for risky workarounds, contributing to a smoother and more reliable development experience. **Use Cases:** Share use cases where this feature would help our users. When the developer wants to add temporary code (e.g., for targeting purposes), they want to seamlessly integrate and execute that code within the experiment setup, ensuring it is processed by Kameleoon before any targeting takes place. This enables developers to efficiently include temporary code for targeting purposes directly within the experiment, ensuring it gets executed by Kameleoon at the appropriate stage. This streamlines the development process and ensures precise targeting without compromising on the organization and execution of the code. ** Product design:** - **Product package:** Web Experimentation - **Product scope:** Code Editor - **Target Persona**: Developers ## **Measuring Success** **Feature Adoption Rate:** - We will measure how quickly users adopt the new feature. A high adoption rate may indicate that the feature is well-received and addresses user needs. **Performance improvements:** - Evaluate the cleanliness and organization of code by measuring the reduction of code within the global tracking script. Measure what's the average size of the global script today versus in about 1-3 months after the feature is released. --- ##",Complete,Squad Dev Tools,Roadmap
Live-Update campaigns,"By default, Kameleoon downloads active experiments and includes them in the application file \(kameleoon.js\). The browser stores and caches this file for 90 minutes. If a user stops or modifies an experiment, targeted visitors returning to a page with active experiments within the 90-minute caching period may still see the experiment due to the existing experiment configuration in the cached kameleoon.js file. To make more frequent updates without being impacted by browser caching, the Live-Update Experiments feature refreshes any experiment tagged with LIVE-UPDATE within one minute. This is particularly useful for campaigns that require regular updates without being affected by browser caching. As a kameleoon user, i want to force a display to all my visitors without having to wait browser cache. This solution exist in other tools such as AB tasty. Feature Request:We need an option to rebuild Kameleoon JS quickly within the dashboard Problem:Kameleoon JS doesn't build right away when we add new custom data as JS and global level js, it takes more than 1.5 hr to rebuild. We need to update our custom data and global level scripts frequently. This causes a lot of wasted dev productivity as we need to test out new changes.Requester:Motive - Website Engineering Team Rafah Mehfooz - rafah.mehfooz@gomotive.com Feature Request:We need an option/CTA within the dashboard to rebuild Kameleoon JS immediately within seconds.Problem:Kameleoon JS doesn't build right away when we add new custom data as JS and global level js, it takes more than 1.5 hr to rebuild. We need to update our custom data and global level scripts immediately. This causes a lot of wasted dev productivity as we need to test out new changes.Requester:Motive - Website Engineering Team Rafah Mehfooz - rafah.mehfooz@gomotive.com",Complete,,Roadmap
Collective Actions - Edit page and Dashboard,"**Desired outcome** Customers are requesting the ability to perform collective actions on feature flags, such as activating or deactivating multiple flags at once. This would streamline the management of feature flags and improve efficiency for users. It would be great to be able to do collective actions on Feature Flags : Activate / Deactivate multiple feature flags at once",Complete,,Roadmap
Rework of getActiveFeatures (GetActiveFeatureListForVisitor),We are exploring the addition of 'Rework of getActiveFeatures (GetActiveFeatureListForVisitor)' to our roadmap. This initiative aims to address specific user needs and expand the platform's core capabilities.,In Progress,,Roadmap
Adobe Marketo Integration,## **Feature short --- ##,Open,,Roadmap
Flush with interval,Need to rework tracking requests: - All request should be done only with flush method which send information about all visitors in SDK - Tracking requests should be done with pre-defined interval,In Progress,,Roadmap
Contentful integration - Kameleoon Container to be used with multiple projects,"Today, in Contentful, we can only set up one project when we install the integration with Kameleoon. The customer is inquiring if it's possible to use multiple projects in Contentful as they are using separate projects for each website in Kameleoon.",Open,Squad Dev Tools,Roadmap
Amplitude Event Streaming integration to also create custom data based on events properties,"Upgrade asked for the Amplitude Event Streaming integration. --&gt; Retrieving Amplitude event property nested under an event and not only the event name. Details shared by the customer: "" For example, in amplitude, we have an event form submit, but we have properties for form type (e.g. demo, get in touch, etc.).In kam, wed like single goals for event type + certain event properties """,Open,Squad Dev Tools,Roadmap
GA4 - Goal tracking,GA4 recommended - Add goal tracking,Complete,Squad Dev Tools,Roadmap
Quick targeting options in Finalization flow,"## **Feature short Describe what the feature does. The Quick targeting option in Finalization flow allow Marketers to quickly use and combine some targeting conditions directly in the campaign finalization flow, without the need to create a segment before. ## Problem What problem are we trying to solve with this feature? Or, what is the opportunity we are addressing? Currently, it is painful, time-consuming and not flexible to define some targeting, since users must first create a segment, sometimes only to be used in this particular campaign, and then use it from finalization flow. It would be more flexible to define some quick targeting options, and also lighter for Kameleoon as this targeting wouldn't be remembered and listed in the segments dashboard. **Workaround:** - **Existing workaround:** Yes - **Workaround Create a segment and use it in the finalization flow ## Solution **Key benefits** : What value does this feature bring to the user? * faster targeting definition * more flexible method * no segment created: no APP overloading **Use Cases:** Share use cases where this feature would help our users. When the user wants to define a targeting conditions combination only to be used in a given campaign, with this feature he will be able to do so without the need to create a segment that will be useless after that. In addition to that, targeting creation will also be quicker. ** Product design:** - **Product package:** Web Experimentation - **Product scope:** Finalization flow mainly - **Target Persona**: Marketer - **Main updates:** - Adding quick targeting options in the Targeting tab of finalization flow - Updating the display of this quick, Specific targeting in Web Exp. dashboard, information overlays, results pages - Optionally, paste images of the solution here \(or paste Figma link\) ## **Measuring Success** - **Goal 1:** use of the feature - **Success metric:** number of times the feature is used in finalization flow --- ##",Complete,,Roadmap
Rating for Opportunity Detection,We are exploring the addition of 'Rating for Opportunity Detection' to our roadmap. This initiative aims to address specific user needs and expand the platform's core capabilities.,Complete,,Roadmap
Export/Import widget templates,"Enable users to perform Export/Import widget templates, improving data management and operational efficiency.",Complete,Squad Perso,Roadmap
Webflow Integration,"This is how Eppo is integrating with Webflow, but it's really bad -\>",Open,Squad Dev Tools,Roadmap
Glassbox Integration,"Provide seamless integration capabilities for 'Glassbox Integration', allowing users to synchronize data and streamline workflows.",Complete,Squad Dev Tools,Roadmap
Hubspot Integration,Hubspot Integration Sending track events.,Complete,Squad Dev Tools,Roadmap
Traffic exclusion manual definition,"Ability to manually define the % of traffic excluded in the Finalization flow UX of the traffic allocation in the setup of a web experiment ; Today we can't edit the traffic excluded directly with the toggle. it's only visual, based on the allocation of the variationsSome customers want to exclude X% of the traffic, UX wise, it would be great to be able to use the excluded toggle %, then lock it, and then split evenly on the variations. much easier/intuitive than to make some math to know which % to add on each variation.Example, I want to exclude 80% of the traffic and split on 3 variations the 20% of traffic.&gt; Today I have to do the the math: 20% / 3 = 6.67% on each variation &gt; set the 6.67% allocation for each variation&gt; I find it more intuitive to set 80% of excluded, lock it, and then in one clic ""allocate equally"" the rest",Complete,,Roadmap
Export campaigns list with filters,"Can we export a list of live experiments from Kameleoon? We would be looking for the following to be exported add also filter by field. ie only pull current live experiments: Experiment name, Experiment type, Status, Edited, Tags, creator, created, launched, project name (can we add project Id), main goal, targeting (can we add feature flag used)? We would like to extract this info to our power BI",Open,,Roadmap
Automatic rollbacks for Web experiments and Personalizations,"Rollback/ Pause-feature like we have for FE but to be used in WebExp.Reasoning:Operational contacts often struggle to get permission to start tests in ""vacation time"" (e.g. Christmas to New Years Eve"" because managers are concerned about the results of the variations. could be handy This will for sure be nice so that experiments can just run (without having to manually check the results all of the time) untill it's reached realiability and MDE. would be nice to have would be nice to have Safeguard Help to manage multiple experiences and stop them if KPIs are not as wished so my client Stickerapp Has a use case where she wants to progressively increase her traffic exposure on an experiment ( just like the progressive rollout for feature flags) without having any SRM issues ( I already explained to her why SRM happens etc plus mentioned MAB etc but it wasn't what she needs) So potentially have a progressive delivery option and a rollout back section for web experiments Helps not having to spend time to check on XPs launched",Open,,Roadmap
Wording updates,"Using the word ""Validate"" within a CTA is confusing to me (and my team) as a user, especially as we are setting up experiments. I believe the phrase ""Save"" makes more sense as a user""validate"" sounds more consequential as a user (""what is my action actually doing? I thought I was saving my work??"")",In Progress,,Roadmap
Enhance feedback management features,"Add a click action to the form event: Scale Element: Multiple Choice: NPS Element: NPS Element: NPS Element: Text Input Element: Text Area Element: Button Element: Survey Collection Tab: Header for HTTP Request: We need this, as we are not satisfied with our current Feedback Tool. We want to collect User feedback in our online shops. I'd love to be able to combine the user targeting features of Kameleoon to submit user feedback forms. An interface to gather the results would be perfect amélioration du parcours utilisateur avec données quali Widget studioAdd click actions to Form events. Today, the form event has only two possible actions : Form or elements, which is quite limiting.Use case : I have a multiscreen pop up, and I want visitors to be redirected to screen 2 or 3 depending on what they choose in screen one. I want this redirection to happen when the user selects the radio button and then clicks on the submit button. This is currently not doable today. But if click actions were added to the form event, then it'll be easy to set this up. ""Le webservice que nous exposons dans Salesforce est public : cest une URL qui peut être appelée par nimporte qui, et celui qui lappelle na pas besoin de sauthentifier (pas comme avec lAPI Salesforce par exemple). Ca veut dire que si on reçoit demain 10 000 contacts sur cette URL, en létat on les prend sans se poser la question de savoir si cest bien Kameleoon qui a appelé cette URL. Traditionnellement on sécurise ça en faisant en sorte que le webservice Salesforce vérifie qui est lémetteur de la requête, et pour ça on définit une Clé secrète quon stocke côté Kameleoon et côté Salesforce (et qui ne passe jamais dans la requête) qui me permet dêtre sûr que Kameleoon est bien à lorigine de la requête.""",Complete,,Roadmap
Build Accessibility Widgets,raising concern for our clients New regulations in various countries. It would be great to have those.,Planned,,Roadmap
Widget Studio - 30 days free trial,Create a 30-days free trial account limited to the Widget Studio,Planned,Squad Perso,Roadmap
Embed widgets in mobile apps,Since we are using an app more features targeted for apps help us to do more tests.,Under Review,,Roadmap
Save a widget as a custom template,Restrict Modifications in Custom Templates: Would be nice,Complete,,Roadmap
Enhance Widget Studio progress bar element,We are exploring the addition of 'Enhance Widget Studio progress bar element' to our roadmap. This initiative aims to address specific user needs and expand the platform's core capabilities.,Complete,,Roadmap
URL Breakdown improvements,"Today, we can breakdown by the URL \/ Page Title for the x most viewed \(we can pick the number from a dropwdon menu\), but we can't specify a \/ some specific URLs we want to see and breakdown on. The use case is a customer who want to have a breakdown on whether or not the clients visited some of its product pages to see if some product pages improve the conversion of the experiment or not. On the result page of an experiment, I would be interesting to have the possibility to use the breakdown on the URL on which the objective was triggered.In this scenario, the targeting of the experimentation is focused on product pages. If i have an objective of ""60% scroll on the page"", i'd like to be able to use breakdown on ""URL of visited pages while targeted"".",Open,,Roadmap
CUPED : configuration possibilities,"# Implementation Notes \(Microsoft 2013\) - In general, the optimal pre-experiment window is 12 weeks. A shorter window doesnt capture enough variance and a longer window captures noise. - For longer experiments, a longer pre-experiment window is needed to ensure that the same users are observed both during and prior to the experiment. - CUPED performance is highly dependent on the metric; a metric with high variance across the user population will perform well. - Make sure you that your covariate *X* will be evenly distributed between treatment and control. If its systematically impacted by a treatment, CUPED becomes invalid. - The CUPED method above only removes variance that can be accounted for linearly. Non-linear methods will be discussed in future posts. Today the value seems to be 2 weeks and it is not configurable,. Would be great to have the possibility to configure it",Open,,Roadmap
Opportunity Detection Manager,"For the opportunity detection feature I think that we should have an app alert on the experiment page (or email?) to be aware when we have an opportunity. Because for now we need to check all test and see if we have an opportunity! AI Subjects &amp; Experiment Requests Next AI Experiment Release: Request to mix URL analysis and document analysis to summarize the tone of voice. Tone of voice is critical as it forms the foundation for their text-generation solutions. Personalization &amp; AI Emotions: Interested in AI emotions as presented by La Redoute at Monaco. Find AB Tasty's presentation of AI emotions odd. Main goal: Kameleoon should create Segments and assign AB tests to those segments. Segments can be a mix of different personas (e.g., ""Future mother"" + ""Gift""). They dislike the term ""hyper-personalization"" but want AB tests adapted to particular segments or segment mixes. AI Opportunities: Hard to identify clear opportunities. Wish to have AI opportunities summarized in a centralized place. Other AI subjects: Natural Language Processing (NLP) is a key area for Kameleoon to improve on. Using Generative AI to review and create code; they believe Claude is the best solution. Other Subjects: Results Page: Switching from sequential to CUPED to MTC is confusing. Want a default view that provides relevant results first. Struggles with stability: sometimes the old results page doesn't load (not an issue on the new one). New results page presents too much information at first glance. Code Editor: Interested in the new code editor; if not GA in April, they should be included in the first wave of clients. Code areas are too small across most of the platform. Finalization Flow: Want the ability to minimize the JS condition in quick targeting (possibly with a chevron). Simulation: Thinks it takes too long to load. CTA is not intuitive; caused panic due to incorrect simulations. Want the ability to deactivate all other AB tests at once to test ONLY the current one. ROI &amp; Forecasting: Want a tool to generate segments with real revenue potential. Ideally, an algorithm that scans the website and generates segments automatically (without manual prompts). Like the idea of forecasting campaign contributions to the years revenue. ""How can I know the potential of a test over a full year for ALL my visitors?"" Use and like Asana for project management (Kanban views, filtering, etc.). Awaiting campaign management in Kameleoon. Appreciate highly configurable dashboards. Other Platform Considerations: Discussed data availability on the Home Page, including total profit, potential uplift, etc.",Open,,Roadmap
New action: trigger a tag created in Tag Commander,"Exemple UC Vertbaudet. Suite à la création d'un Widget Kameleoon, le client souhaite que nous envoyons une event à son outils d'analytics (ici Adobe). Le client a déjà un tag créé dans TagCommander qui déclenche exactement le bon format d'event. Afin de lancer le snippet présent dans le tag de TagCommander, il est simplement nécessaire j'ajouter une condition de trigger custom dans la configuration TC (https://community.commandersact.com/tagcommander/user-manual/container-management/rules/triggers#custom) Ce serait bien d'avoir un type Tag commander dans les actions des events de la configuration des widgets. La seule information à saisir serait du texte correspondant au nom du trigger configuré dans TC.",Open,,Roadmap
Enhance color selection for text content,"It's not intuitive if we want to change the color of a part of a text. ""Enter"" can't be used as validation and delete the text. Would be nice to have a validation button or be able to click ""enter"". Embedded content",Open,,Roadmap
Results page - Wording updates,"Hello, Motorway questioned us about the meaning of ""Results exploitable!"" when having a winning variation. It doesn't seem to be understandable from a native speaker's perspective.Would it be possible to change the wording? -- Marie LemaireCustomer Success Manager SeniorTel. +33 6 76 78 26 58www.kameleoon.com1251 Ave. of the Americas10020 New York",Open,,Roadmap
Free trial for AI Predictive targeting and Product targeting add-ons,We are exploring the addition of 'Free trial for AI Predictive targeting and Product targeting add-ons' to our roadmap. This initiative aims to address specific user needs and expand the platform's core capabilities.,Complete,,Roadmap
Enhance the back arrow when editing an element,"It's great to have the edit option for each element, but kind of interfere with the return button. Is it possible to add a clearer right button for edit? And leave return on the title and the arrow? Embedded content",Complete,,Roadmap
Dynamic evaluation of Custom Data in targeting,"The website is dynamical. CustomData are currently used as criteria in the segmentation for different purposes. Examples : Status (connected or not connected) number of games played (incremental) Those Customdata are dynamical within the same page (no reloading of the page of reload of Kameleoon). Need : Being able to target with a customData with the current value (and not only the one when Kameleoon loaded) Examples of UC : I want to target a user as soon as he logged in. I want to target a user from it 6th game played I want to target a user as soon as it ""money left"" is under a certain amount Idea how to : In the segmentBuilder, when adding a CustomData criteria, being able to indicate that the value should be constantly evaluated until true (and then never stop on false) How it is managed today : - When the Custom Data is updated, the following code is executed to restart the evaluation of all segment let mySegments = Kameleoon.API.Segments.getAll();mySegments.forEach((segment) =&gt; { Kameleoon.API.Segments.reevaluate(segment.id);})",Open,,Roadmap
The JSON format to the 'Request' action,"Cyrillus need to push data to their server thanks to a POST event. 2 datas are need to be pushed in the body with the format JSON. Today, this format is not available. No other option than create the request with JS code for now format of the requestion payload expected : {""email"":""vtaldir@tester.com"",""locale"":""fr""} more possibilities for integration",Open,,Roadmap
Use bullet lists in texts,"Hello! I had the following product request from Orange : They would like to be able to use bullet lists in the text elements on the widget editor. Currently we are using html code as a workaround. It would be great to have several options to customize the bullet points (colors, shapes, size etc). Thanks!",Complete,,Roadmap
Reduce new tabs opening in the App,"I feel it very annoying that many actions inside of Kameleoon forces a new tab to to be opened. 1. Create a new experiment/edit existing - New tab opened2. Opens up the settings (finalizing) section. If chosen ""edit variations"" - New tab opened3. When simulation - New tab openedThere must be a better way to do this without having to open new tabs all of the time? I don't have the exact answer, but how Google Tag Manager works could be an inspiration where it opens up new ""panels"" within the same page, and you can navigate back and forward on those panels within the same tag on the same page. Sincerely, a guy that already have a lot of tabs open, and don't need more (see screenshot for context: https://www.dropbox.com/s/7m13plin3ou6ic3/Skjermbilde%202024-01-31%20kl.%2011.44.19.png?dl=0) The amount of open tabs after editing experiments can get quite confusing.",Complete,,Roadmap
Custom Data API Domain,"Provide seamless integration capabilities for 'Custom Data API Domain', allowing users to synchronize data and streamline workflows.",Complete,,Roadmap
Code generation to display graphic editor changes in the code editor,"At the moment, changes made in the ""graphic editor"" are not displayed in the ""code editor"".For simple tests, it would be useful to be able to translate changes in the graphical editor into code that could be viewed and edited in the code editor. This would allow collaboration between coders and non-coders. This feature would simplify the work within a team as well as between the consultant and the customer by making it easier to understand which changes have been implemented with which selector. This helps immensely with troubleshooting and helps to better understand the changes made by the Graphic Editor. I would be awesome to have! So we can start using the visual editor, or else we wont be able to use it :) To be able to show our developers the generated code and to get their ok before we can start testing through the graphic editor",Closed,,Roadmap
"Segment builder - Add ""Browser resolution"" targeting condition","Targeting condition ""browser resolution""Paint Points:- there is no targeting condition that queries the size of the browser window.- Marketers can only use the condition ""screen resolution"" and need a dev to create a targeting condition that queries the size of the browser window.Solution:- provide the targeting condition: browser resolution: includes or excludes visitors by the size of their browser window (in pixels).",Open,,Roadmap
Sprig Integration,Optimizely did this : Track event :,Open,Squad Dev Tools,Roadmap
Bayesian - Credible interval for Converted visits / visitors,"As of today, the formulas are not implemented to compute the credible interval under the scenarios ***Converted visits*** and ***Converted visitors***. On all the other scenarios, we have this credible interval, that we also display as a *confidence interval chart* under the **Improvement rate** column. The idea is to ***standarize and have it in every scenario.***",Open,,Roadmap
Zuko Integration (Event streaming with webhook),"Zuko sending events to Kameleoon, with Kameleoon providing an endpoint to Zuko. Zuko pushing events throught it's webhook feature.",Open,Squad Dev Tools,Roadmap
Storyblok Integration,We are in the process of switching all of our sites over to Storyblok and would LOVE an integration with it!,Open,Squad Dev Tools,Roadmap
"Segment builder - Add ""Inactivity"" targeting condition","Salut,Ca serait bien d'ajouter une condition de ciblage d'inactivité sur le site Du genre : inactivité de scroll, de clic, de clavier ... Par exemple (avec un consol.log) : let inactiveTimer;function resetTimer() { clearTimeout(inactiveTimer); inactiveTimer = setTimeout(() =&gt; { console.log(""Vous êtes inactif depuis 3 secondes.""); // Supprimer les écouteurs d'événements après l'inactivité de 3 secondes document.removeEventListener(""mousemove"", handleActivity); document.removeEventListener(""keydown"", handleActivity); document.removeEventListener(""touchstart"", handleActivity); document.removeEventListener(""scroll"", handleActivity); }, 3000); // 3 secondes}function handleActivity() { resetTimer();}document.addEventListener(""mousemove"", handleActivity);document.addEventListener(""keydown"", handleActivity);document.addEventListener(""touchstart"", handleActivity);document.addEventListener(""scroll"", handleActivity);resetTimer();:))",Open,,Roadmap
Global campaigns metrics in the Web experimentation dashboard,"Hello dream team,I know there is already an idea submitted about a key metrics dashboard for our clients... but in the meantime, do you think we could display a quick overview of the key numbers for web experimentation? as it looks like for feature flags right now at the top of the dashboard?It could be ""X live"" , ""X paused"" and ""X deviated"" --&gt; it helps a lot when we go to a client's backoffice to see quickly if there is activity or not.Thanks!",Open,,Roadmap
Global campaigns metrics in the Web experimentation dashboard,"Hello dream team,I know there is already an idea submitted about a key metrics dashboard for our clients... but in the meantime, do you think we could display a quick overview of the key numbers for web experimentation? as it looks like for feature flags right now at the top of the dashboard?It could be ""X live"" , ""X paused"" and ""X deviated"" --&gt; it helps a lot when we go to a client's backoffice to see quickly if there is activity or not.Thanks!",Open,,Roadmap
Disable segments,"Since the opportunity detection release, all segments that have been recently modified are loaded with kameleoon on customers websites. Orange has some recently created segments (still in the creation process) that are not linked to any campaign but that create errors on the website. Since this customer is highly concerned of any error showing up, I'd like to be able to deactivate their unused segments while they are not yet validated.",Open,,Roadmap
BO Real-time analytics,"Enhance platform visibility by implementing 'BO Real-time analytics', providing users with deeper insights and actionable data.",Open,,Roadmap
Elements tree migration to dnd kit,"Execute the 'Elements tree migration to dnd kit' to ensure system stability, performance improvements, and access to new architecture.",Complete,,Roadmap
Forms - Widget Studio CSV,We are exploring the addition of 'Forms - Widget Studio CSV' to our roadmap. This initiative aims to address specific user needs and expand the platform's core capabilities.,Complete,,Roadmap
Generative AI Capabilities on RP,We are exploring the addition of 'Generative AI Capabilities on RP' to our roadmap. This initiative aims to address specific user needs and expand the platform's core capabilities.,Complete,,Roadmap
Continuous metrics - Extra,Bayesian - Continuous metrics for breakdownn: Continuous metrics are not computed when using a breakdown Frequentist - Continuous metrics for breakdown: Implement continuous metrics when applying a breakdown Add Bayesian to Perso: Continuous metrics too Add statistical significance on Breakdowns for continuous metrics,Planned,,Roadmap
Goal Queries Improvements,We are exploring the addition of 'Goal Queries Improvements' to our roadmap. This initiative aims to address specific user needs and expand the platform's core capabilities.,Open,,Roadmap
Lot 2 - Post Release Update,We are exploring the addition of 'Lot 2 - Post Release Update' to our roadmap. This initiative aims to address specific user needs and expand the platform's core capabilities.,Open,,Roadmap
Lot 3 - Post Release Update,We are exploring the addition of 'Lot 3 - Post Release Update' to our roadmap. This initiative aims to address specific user needs and expand the platform's core capabilities.,Open,,Roadmap
DigitalData - Browser Data Retrieval,Enable users to retrieving Custom Datalayer through the browser when creating a custom data: digitalData digitalData: Is not a proper method for Adobe but more like a custom dataLayer that needs to be properly configured so that any tools can easily retrieve client-side data. ![](https://pb-files.s3.amazonaws.com/production/attachments/9b5a8b3985a1dfcedbf74042f1ce6bc8d658891b6d00c7854f22409a4f5fcf20/image.png) Could we add Adobes digitaldata as a native retrieval method for custom data?Fnac switches from Commanders Act to Adobe so that would be greatThis solution is also used by Samsung for fnac :) That would expand our data analysis as we actually have to use a limited number of AA customs Nice to have as more and more client do have that,Open,,Roadmap
Capping options on Web experiments,"Have the same capping configuration options on an A/B as on a perso:Currently, you can check the ""corresponds to a popin"" option on an AB, but the ""Stop exposing the same visitor"" block present on a perso is not present on an A/B (e.g. can be used to stop targeting when a Goal has been converted).VeryChic is asking for that, actually we can made it but only by coding. Having the same display settings &gt; capping &gt; Stop exposing the same visitor on AB tests as we do on Persos. Since we now sell them in the same package it would make sense and clients would LOVE it :)",Complete,,Roadmap
New Admin pages in app,## **Feature short The goal is to change the Admin nav menu and add more pages : - Teams - Integrations - Projects - Account settings --- ##,Open,Squad Dev Tools,Roadmap
Predictive targeting enhancements (wordings),We are exploring the addition of 'Predictive targeting enhancements (wordings)' to our roadmap. This initiative aims to address specific user needs and expand the platform's core capabilities.,Complete,,Roadmap
Prioritization feature enhancements,"The prioritization option in the character is not very clear. You can see the other tests online, but the test in question is not visible in the table. It would be interesting to have it displayed, highlighting its position according to prio.",Open,,Roadmap
Monthly Tracked Users - Part 2,"## **Feature short - Adding a button to switch campaigns back online \(Admin Back-office\) - small link under the input field of the limit - display a confirmation pop-in and a confirmation notification - Add MTUs in Admin Back-office dashboard tooltip \(""XXX\/limit""\) - Add Billing plan in Customer account settings pop-in --- ##",Complete,Squad Dev Tools,Roadmap
Shadow root support,## **Feature short --- ##,In Progress,Squad Dev Tools,Roadmap
Dynamic website option upon project setup,"## **Feature short This task aims to enhance new project setup process to ensure that customers are aware of and can easily enable support for SPAs. The primary objective is to address recent customer feedback regarding the lack of visibility of our platform's compatibility with Single Page Apps \(SPAs\) during the project setup flow. We lost a deal in the US due to this reason, and Oracle \(an important ongoing Proof of Concept\) also did not find it. --- ##",Complete,Squad Dev Tools,Roadmap
Breakdown with App version,Currently in the result page we can't breakdown the result by app version. This would be a nice thing to have to conduct test on mobile app.,Open,,Roadmap
Custom Analytics to support Feature flag pre-defined variables,## **Feature short The idea is to add more variables when creating a custom analytics : - Feature key - Variable key - Type --- ##,Open,Squad Dev Tools,Roadmap
Targeting conditions (FF) - Add App version criteria,"In a segment for FF you can choose the criteria app version but I canot easily set up that I want to target version that include the 7.4.4 for example and higher. You could add an option ""corresponding to or higher than""",Open,,Roadmap
The sample size calculator more accessible,"Add our sample size calculator in the code editor, and also maybe at another location that the user can access anytime Hello product team!Could we please make the sample size calculator available in the code editor as well? (through the finalization panel) - its currently only available through the WYSIWYG, painful for several clients (feedback as well from Orange)It would also be a good idea to have it in the account settings of the profile, in a toolbox or something.Thanks!",Open,,Roadmap
Scrolling improvements on the RP,"On the test results page, we cannot scroll down if our cursor is on the white area to the left of the results. I find it really inconvenient.""",Open,,Roadmap
Breakdown with User agent,The user agent is quite an important information while we try to identify patterns for data descrepencies. It would be great to save the user agent natively in the database and make it available on the result page for breakdown and filters To be able to identify an issue with a developper,Open,,Roadmap
Activity / Comments improvements,"In the reporting page, make sure we can see the whole comment field in the right section / Key information (now the comment is cut and not visible entirely)",Open,,Roadmap
CUPED : Keep breakdown/filters when enabling,Keep filters or breakdown applied when CUPED enable. Requested by Dayuse since they are using breakdown such as device type when checking the results of their experiments. would be nice,Open,,Roadmap
Customize media queries,"The customer would like to be able to customize the media queries in the widget editor to match his breakdowns on the site. As it is, the format is sometimes not correct because they have different breakdowns. more capabilities for people to configure Kameleoon according to their website constraints",Open,,Roadmap
Display add to cart data in the performance dashboard,"As a customer, i want to track the add-to-cart click on my recommandation block and having them in my result dashboard. Today, the click on such CTA is not linked to the recommandation block As a customer, i want to track the add-to-cart click on my recommandation block and having them in my result dashboard. Today, the click on such CTA is not linked to the recommandation block As a customer, I wish I could have the % of added to cart in the result dashboard of the product recommendation The customer requests to have the percentage of items added to cart in the result dashboard of the product recommendation. It would help us to adjust the content of the recommandations, reducing the analysis effort The overview of which products that have been bought where is missing.",Complete,,Roadmap
URL parameter,"As a customer, I don't want any parameter in my product URL after a click on a product of the recommendation block. It causes me performance issues and I don't want to let my customers know anything about the recommendation technology I am using. Pure esthetics - but important to the UX. The addtional URL parameters makes us unable to cache the product page, which increases the load and affect conversions It would imporve the user experience by fixing, instead of the URL being filled with irrelevant symbols for the customer Adding an unnessary url parameter can cause the cache on many sites to miss, and there would be extra load all customers going through the recommendation blocks UX",Open,,Roadmap
In-Page Templates,"It would be great to have in page templates added to the editor. Currently, we only have pop ups or banners that are meant to be placed over the page and come with a z-index at 9999. would be good to have standard templated Sometimes when you put element inside the page the height is 0px so we don't see it. Maybe having ready template would cover that problem",Open,,Roadmap
Enhance the flow in the rules creation tab,"Drag and drop algorithms, in the recommendations rules tab. When creating a new condition - sometimes you need to create the same algorithms in the other path. No need for deletion of multiple steps as a single condition is included further up in the ""tree"". It is cumbersome to change scenarios, as we cannot drag and drop existing rules to a new branch we updated algorithms. Instead we need to start all over It would be so much easier being able to drag and drop algorithms instead of deleting and creating new ones This would make it a lot faster then creating complex scenarios",Open,,Roadmap
Scheduled XML file import,"Be able to set a specific time for the import of XML files in the product recommendations module.Then we will know that our latest updates always get included. Minimize errors in the product recommendations feed. We currently risk having faulty data because there can be a big delay from feed generation to feed load. If we know when the feed is loaded, we can create the feed right before Setting a specific time for importing XML files on an e-commerce website's recommendations block is crucial for ensuring the accuracy and timeliness of product recommendations. Here's why:Freshness of Data: By setting a specific time for importing XML files, the system ensures that the latest updates from suppliers or product databases are included in the recommendations. This freshness of data is essential for providing customers with up-to-date information about products available for purchase.Relevance to Customers: Customers expect relevant recommendations based on their current interests and preferences. Importing XML files at specific times allows the system to incorporate the most recent data, thereby increasing the relevance of product recommendations. This relevance enhances the overall user experience and increases the likelihood of conversion.Competitive Advantage: In the highly competitive e-commerce landscape, staying ahead with the latest products and offerings is crucial. By importing XML files at specific times, the e-commerce website can ensure that its recommendations feature showcases the newest products, giving it a competitive edge over other platforms that may not update their recommendations as frequently.Accurate Inventory Management: Setting a specific time for importing XML files also aids in accurate inventory management. By regularly updating product information, including availability and pricing, the system can prevent recommending out-of-stock items or displaying outdated prices, which can lead to customer frustration and loss of sales.Optimized Performance: Importing XML files at specific times allows for better resource allocation and system performance optimization. By scheduling imports during off-peak hours or times of low website traffic, the system can minimize disruption to the user experience while ensuring that recommendations are continuously updated and available when customers visit the website.In conclusion, setting a specific time for importing XML files is essential for maintaining the freshness, relevance, and accuracy of product recommendations on an e-commerce website. By prioritizing timely updates, the platform can provide customers with a superior shopping experience, gain a competitive advantage, and drive increased sales and customer satisfaction.",Complete,,Roadmap
Save button UX enhancement,UX improvement: change the save button color.It seems like it's disabled.Feedback from a client (123inkt)Client: gregory@123inkt.nl -- Marie LemaireCustomer Success Manager SeniorTel. +33 6 76 78 26 58www.kameleoon.com1251 Ave. of the Americas10020 New York,Open,,Roadmap
Visitor Count Exposure,"[Submitted on behalf of Zoe, a POC client, estimated ACV 60K]Feature experiment : being able to limit an experiment delivery rule to a set number of users. They need this mostly for scalability reasons as they can't handle tons of users on some of the new experimental features they want to test (their support &amp; customer service teams aren't ready for it yet) It is easier to arrive at statistical significance of an experiment based on a companies personal needs. Critical to cap a new feature to a fix number of users, when those features rely on some process that have scalability limit. For example, you may want to test a feature that requires some manual work in the background and is not fully automated. In that case you want to limit exposure to what you can manage",Closed,,Roadmap
Copy rules from another environment,Copy rules from another environment and either overwrite or append them into your chosen environment.,Complete,,Roadmap
"Filter results by device, user typology","Hello,Currently, we can not break down stats in the App Products based on device or visitor typology (new, returning), etc.--&gt; This enhancement is really important since it can allow us to advise clients accordingly about ways to improve their algorithms or the way they push reco product in general in their website.Do you think we could ask for these additions?",Open,,Roadmap
Quick Native Goal Merging,"VOC Meeting 27\/11\/24: Wait for improvements on Click tracking, implement native Datalayer connection, etc Would be great to be able to combine native goals: for example click tracking + access to a page or click tracking + time spent, without having to create custom goals each time (best for marketers with non-technical background) Up, up, up ! That would optimize our analysis and reduce time spent on goals combining Needed when the clients wants to convert a click tracking on a specific page Could we add an option to be able to check the url before making the convertion of the goalLike if I want to convert a click tracking on my addToCart button but only on URL1 :)Maybe a check box to add in the workflow Having a goal builder similar to the segment builder would be extremely valuable to save time and dev ressources ! Need! Faster, easier to create :) very importante, for BRED on my side :) Nice to help reduce small tasks",Open,,Roadmap
Give more context to help the rules setup,"Hello :)Would it be possible to include a quick definition of each algo in the app.products?It can avoid the user to always refer to the documentation before selecting an algorithm. 2 benefits:- Users can be more agile and confident in creating blocks- Users can adopt quicker the possibilities of the tool Actually, we do the same thing in our segment builder to guide users about segment criteria definitions.",Open,,Roadmap
New filter: Show products that match a parameter value of the product added to the cart,"The algorithms of the product recommendations should be able to adapt filters based on the products in the basket. If a user has added product X (in size Y) to the basket - then I want to be able to display products in the cart that fits to the size Y.Example: The user has a basket that consists of 1 watch and a watchbox.I want to only display watch straps that fit that specific watch (given in the parameters of both products). The filters cannot read the parameters of the products in the basket. We only want to display relevant products to the customer - therefore we need to be able to filter the products based on the basket content. This would make our cart recommendations a lot more personal to the customers current cart The ""New filter: Show products that match a parameter value of the product added to the cart"" feature is essential for optimizing the user experience and increasing sales on an e-commerce website's recommendations block.Enhanced Relevance: By displaying products that match a parameter value of the product added to the cart, the feature ensures that recommendations are highly relevant to the user's current shopping journey. This relevance increases the likelihood of users finding products they are interested in, leading to higher engagement and conversion rates.Streamlined Shopping Experience: Users often add products to their carts with specific criteria or preferences in mind. By filtering recommendations based on these parameters, the feature streamlines the shopping experience by presenting users with options that closely align with their initial selection. This reduces the time and effort required for users to find relevant products, resulting in a more efficient shopping process.Cross-Selling Opportunities: The feature creates opportunities for cross-selling by suggesting products that complement those already in the cart. For example, if a user adds a laptop to their cart, the recommendations block could display accessories such as laptop bags, mice, or software. This increases the average order value by encouraging users to explore additional items that meet their needs.Increased Customer Satisfaction: By providing users with personalized recommendations that match their preferences, the feature enhances overall customer satisfaction. Users feel understood and valued when presented with relevant product options, which fosters a positive shopping experience and encourages repeat visits to the website.Maximized Revenue Potential: Ultimately, the ""Show products that match a parameter value of the product added to the cart"" feature contributes to maximizing revenue for the e-commerce website. By guiding users towards products that align with their interests and encouraging additional purchases through cross-selling, the feature drives higher sales and revenue generation for the business.In conclusion, this feature plays a crucial role in optimizing the recommendations block on an e-commerce website by enhancing relevance, streamlining the shopping experience, creating cross-selling opportunities, increasing customer satisfaction, and maximizing revenue potential.",Open,,Roadmap
Multi-projects Goals,"Boats need a be as efficient as possible and wish to create only a single goal for all projects (or some of them to be selected).benefit : No multiple creation, no difference in code between projects (different countries e.g) E.G the way the transaction is tracked is the same across all projet. i want a unique code to manage that and not having to variable it. I would like to be able to assign multiple projects to the same segment or the same goal. Don't know if it applies for many of your customers, but we have two different store that shares the same code, just different design in the two different storefronts. Now we need to create one segment e.g. ""Pagetype = Product pages"" for one of our webshops, and than the same for the other. That also means that we get the issue on duplicate names so we have to create one segment called ""Pagetype = Product pages (Obs)"" and one ""Pagetype = Product pages (Obs bygg)"".It means we have to create double the amount of goals and segment to two webshops that are 99 % alike.",Open,,Roadmap
New filter: Do not show products with at least one category matching those of the items in the cart,"Client: DiturClient email: es@ditur.dkClient needs: when using the filter (in product reco), do not show categories the user added to the cart; the product categories are supposed to match 100%. The client would like to exclude products when there is at least one match in the categories between two products. They consider it a critical feature. -- Marie LemaireCustomer Success Manager SeniorTel. +33 6 76 78 26 58www.kameleoon.com1251 Ave. of the Americas10020 New York This will help exclude substitute goods and will ensure that we only display complementary goods. When the customer is so far in the purchase journey - don't create doubt with substitute goods. For upsell purposes it is better to for instance not show batteries in the recommendation block, if the customer has already added some kind of batteries to the cart. it would be much easier to exclude specific produtcs in our recommendation block with this filter The importance of the ""New filter: Do not show products with at least one category matching those of the items in the cart"" feature lies in its ability to refine and tailor product recommendations, ultimately improving the user experience and driving sales on the e-commerce website's recommendations block.Diversified Product Suggestions: By excluding products with categories that match those of items already in the cart, this feature ensures that users are presented with a diverse range of options. This prevents redundancy in recommendations and encourages users to explore a wider assortment of products, increasing the likelihood of discovering items they may not have considered otherwise.Prevention of Redundancy: Redundant recommendations can be off-putting to users and may lead to a perception of limited selection or lack of variety. By filtering out products with overlapping categories, the feature helps avoid redundancy in recommendations, maintaining user interest and engagement with the recommendations block.Encouragement of Product Discovery: Excluding products that fall within the same categories as items in the cart promotes product discovery and exploration. Users are more likely to encounter new and different products that they may be interested in, expanding their shopping experience and potentially increasing their order size as they discover additional items of interest.Optimized User Experience: Providing users with a curated selection of product recommendations that complement their existing cart items improves the overall user experience. By presenting relevant yet distinct options, the feature streamlines the shopping process and ensures that users encounter products that genuinely pique their interest, leading to greater satisfaction with the website's recommendations block.Increased Conversion Rates: When users are presented with a varied selection of products that align with their interests but do not duplicate items already in their cart, they are more likely to make additional purchases. This can lead to increased conversion rates as users are enticed to explore and add more items to their cart, ultimately driving revenue for the e-commerce website.In summary, the ""New filter: Do not show products with at least one category matching those of the items in the cart"" feature is crucial for optimizing the recommendations block on an e-commerce website. By promoting diversified product suggestions, preventing redundancy, encouraging product discovery, optimizing the user experience, and increasing conversion rates, this feature contributes significantly to the success of the recommendations block and the overall performance of the e-commerce platform.",Open,,Roadmap
SVG images,"I'd like to be able to host images in SVG format, from the EF library and the editor widget. That would be amazing ! will be great :) We use this very often",Open,,Roadmap
Input: set different colors for the placeholder and the value,"HelloWidget Studio / INPUT element: It would be nice to be able to natively set a different color for the placeholder and the text entered by the user in the INPUT element.For example, in my basic input there's a placeholder ""email@gmail.com"" in light gray and then when you click and write in it, it would be nice to be able to write in black (currently it remains the same color on placeholder text and the text that user write in).",Complete,,Roadmap
Goals Doublon-check capabilities,"## **Feature short Describe what the feature does. Structure this as: [Feature] allows [target persona] to [accomplish a task] by [capability / the how of the feature]. ## Problem What problem are we trying to solve with this feature? Or, what is the opportunity we are addressing? Example: ""As a developer, when I want to do ..., I get the following problems."" **Workaround:** - **Existing workaround:** Yes \/ No - **Workaround If there is a workaround, explain how we can proceed to solve the problem today ## Solution **Key benefits** : What value does this feature bring to the user? Answer the question, What are the benefits for the end user? as if you were talking to Customer Success. example: * benefit 1 * benefit 2 **Use Cases:** Share use cases where this feature would help our users. Use the Jobs To Be Done framework to illustrate our user's motivation and behaviour. Structure this as: When the user [situation], they want to [motivation], so they can [expected outcome]. ** Product design:** - **Product package:** Web Experimentation \/ Full Stack Experimentation \/ Feature Management \/ AI-driven Personalization *\(only keep the right answers\)* - **Product scope:** Product section and pages that will evolve \(if needed, define sections\/pages that will be out of scope\) - **Target Persona**: Which one of our target persona is going to benefit from this feature? \(Marketer \/ Developer \/ Product Manager\) - **Main updates:** In bullets, concisely describe what your solution consists of: - In page X, we add ... - On click, ... - Optionally, paste images of the solution here \(or paste Figma link\) ## **Measuring Success** - **Goal 1:** indicate the goal of this topic - **Success metric:** indicate the key indicator of success that will measure the achievement of goal 1 Copy and paste previous paragraph for each goal attached to this topic. Report to PDB Template - Slide 13 for examples --- ##",Open,,Roadmap
Updating Shopify Integration (New Shopify App),## **Feature short New Shopify to : - Stop using the Asset API and start using the Extension API - Add a Pixel to track the Checkout page --- ##,Complete,Squad Dev Tools,Roadmap
GE - Enable to edit multiple SRC Set,"Customers: Bonsoirs, BPCEUsing the graphical editor, be able to edit/change images that have multiple SRC SETexample: BPCE Bonsoirs:",Complete,,Roadmap
Custom data dashboard - Tags column,add tags for Custom Datas (like for goals / segments),Open,,Roadmap
BigQuery - Use as a destination - Send Exp name and Var name,## **Feature short Send the exp name and var name in addition to the Ids --- ##,Closed,Squad Dev Tools,Roadmap
Display products sold in the performance tab,In product recommendations - we lack an overview of which products have been bought in a given recom slider. In the transactions overview the data is present - but not on an accumulated level.It would be nice to have a list of products sold in the performance tab in the recommendation slider. We would be able to understand better which types of products are bought in different places. It would make it much easier to get an overview of which products is performin well Nice to get the accumulated performance stats.,Open,,Roadmap
Microsoft Dynamics 365 Integration - Importing cohorts to Kameleoon,## **Feature short Importing MS Dynamics 360 segments to Kameleoon for targeting purposes. --- ##,Open,Squad Dev Tools,Roadmap
Custom data integration - Considering empty strings as a real value,"## **Feature short The customer is experiencing an issue with native bridge custom data where empty values are not being set, preventing the use of targeting to exclude certain values. They suggest a workaround using custom code to set empty values to """", allowing for more effective targeting. --- ##",Open,,Roadmap
Integration,## **Feature short Integrating Kameleoon with Make \(make.com\). --- ##,Open,,Roadmap
Segment Consent Manager Integration,## **Feature short --- ##,Open,,Roadmap
GA4 - GTM method - Push in dataLayer instead of waiting,"## **Feature short When using the GTM method, we shouldn't wait for the dataLayer to be ready, we can already start pushing on it. See insight from Vincent Taldir. --- ##",Open,Squad Dev Tools,Roadmap
GA4 Integration to automatically create the GTM tag using Google's API,"## **Feature short When using the GTM method in the GA4 integration, automatically create the GTM tag using Google's API. --- ##",Open,Squad Dev Tools,Roadmap
Custom teams,"## **Feature short The updates improve team management in Kameleoon, allowing users to assign teams to web pages, manage multiple teams, and streamline user management. The campaigns dashboard now displays only relevant campaigns, with admins retaining full visibility. Campaign creation ensures coherence between teams and properties, with exceptions for admins. These changes enhance efficiency and organization within the platform. ## Problem Statement The problem we aim to address is the lack of robust team management functionality within the Kameleoon platform. Currently, there are limitations in specifying team ownership for web pages, managing multiple teams, and efficiently assigning users to teams. This lack of flexibility hampers workflow organization and can lead to confusion and inefficiencies, especially in projects involving multiple teams or complex campaign structures. Additionally, there is a need to ensure coherence between team assignments and campaign properties to maintain consistency and streamline campaign management. Overall, the goal is to enhance team management capabilities to improve collaboration, organization, and workflow efficiency within the Kameleoon platform. ## Key Features 1. **Customization of Snippet with Tag:** 1. Allow customers to include an optional property in the Kameleoon snippet indicating the entitled team for the page. 1. Investigate the feasibility of defining multiple teams with Aleksey. If feasible, assess the effort required. 1. **Page Team:** 1. Rename ""Page Team"" to ""Users."" 1. Introduce a ""Team"" column to specify user affiliations. 1. Enable super admin users to assign teams via a unique action in the options menu. 1. **Creation of Team Interface:** 1. Implement a quick-to-implement pop-up or page. 1. Enable activation of the ""team"" feature. 1. Provide functionality to list, create, and edit teams, including name, tag key, and optional description. 1. **Addition of Users:** 1. Integrate a team dropdown during user addition for super admin users if the ""teams"" feature is activated. 1. **Campaigns Dashboard Adaptation:** 1. Display only campaigns managed by the user's team, with an exception for project admins who see all project campaigns. 1. Include a team filter in the sidebar for admins. 1. Add a ""team"" column to the campaigns dashboard for admins. 1. **Campaign Creation:** 1. Implement a check to ensure coherence between the ""team property"" on the URL and the user's team when creating a campaign. Display an error message if inconsistent. 1. Allow admin users to bypass this rule. --- ##",Complete,Squad Dev Tools,Roadmap
Real-time Evaluations for FE,"Support FME squad to handle Real Time Evaluations 27\/03\/24: deadline is not clear for now, blocker on some migration tasks",Complete,,Roadmap
Alert migration,Migrate the alerts service in the back end to start implementing new alerts,Planned,,Roadmap
Scratch Card Element,"Hello dreamteam, AB tasty shared a keynote with Clarins during the 1to1 Monaco, and mentioned for one of their campaigns a nice success story about gamification and stratch games... not sure if it was done through their owner widget editor or not, but anyway, they were able to share a key number :68% of the visitors who scratched the game, made a sale! (as a note, it worked very well in France and uk).Those scratch games work very well in general... and now some of our clients are asking for it such as Yves Rocher. As a note, Yves ROcher is currently using https://www.luckycycle.com/ and would love to replace it with Kamleeoon :)Other e-commerce clients would love to have it during black friday and other events.Do you think you could consider it? Many clients would be fond of it for commercial animation and drive conversions! Yves Rocher would like to put this type of test on hold for their 2024 Christmas campaign.",Complete,,Roadmap
Vercel Toolbar Integration,## **Feature short All we know is : ATG would like a native integration with Vercel Toolbar --- ##,Open,Squad Dev Tools,Roadmap
Elements' bulk selection,"Group Elements: Pouvoir sélectionner plusieurs éléments d'un coup dans le widget editor pour pouvoir leur apporter une même modification en une seule fois au lieu de devoir répéter la modification X fois (par exemple : remonter 10 éléments vers le haut). This is a time saver for our team and streamlines the workflow. It allows us to ensure correct spacing and alignment. Very important. If you have let's say 30 elements in a widget and you want to adjust some global setting, then you need to do that change in all the elements uniquely, heavily time consuming. When selecting more than one elements all the possible adjustments should be an option for multiple selection edit. Example: Selecting multiple text elements should give the possibility to do all possible font changes, but when selecting both text and image elements only size and position is possible (since text and image don't share the same attributes. Especially when having NPS or product blocks with product card In the widget studio, we would like to be able to group elements, to resize and move them all in one. (feedback from Medicis Immobilier Neuf)",Open,,Roadmap
Custom Domain,## **Feature short Being able to define a custom domain to used in the snippet. --- ##,Complete,Squad Dev Tools,Roadmap
Refactor of the new widget popup,Create a Widget from Scratch:,Complete,,Roadmap
Environment-specific Integrations,GA4 Integration:,Complete,,Roadmap
Details on Segment usage,"I would like to have the details of the segments activity, more than the large 'tags' column :- segment used on an online XP- segment used on a diverted XP- segment not used in any active XP- segment used in various campaigns",Open,,Roadmap
Enhancement of tags management,"For now, creating, associating and disassociating tags from an experiment is possible. However, it would be great to be able to: Update tags Delete tags Edit tags already created and attached to experiments (to avoid having to delete and recreate them afterwards) in order to change names, color-code, ... Feature Request: Reordering of Experiment TagsProblem Currently, within Kameleoon, users can assign multiple tags to individual experiments/tests. However, there is no functionality to reorder these tags once they have been applied. If a user wishes to change the display order of the tags, the only workaround is to remove all existing tags and then re-select them one by one in the desired sequence. This process is inefficient, time-consuming.",Open,,Roadmap
Graphic editor - Copy components from website,Use the graphic editor to copy components from one page to another so developers don't have to build components in the widget studio which requires deeper code knowledge to build flexible and more free-range components. This way we can efficiently reuse already built elements throughout the site to test on different pages without having to rely on developers.,Open,,Roadmap
Rename variations in Finalization flow,"Hi! I'd like to be able to rename my variations in the finalization page : Even though it is possible by re opening the graphic editor, it would be great to have this option from here as well. Currently, I've finished the set up for my campaign, and I realize that my variation needs to be renamed for a better understanding in the results page. It's a bit painful to have to reload the graphic editor for such a small change. Thanks!",Open,,Roadmap
More native metrics,The client would like to have more non-binomial metrics to use as goals or in the reporting such as: Average time spent on site Average pages/session Average time on page Stemcell would like to be able to have the average page viewed on site as a non-binomial metric,Open,,Roadmap
More native goals,The client would like to have more non-binomial metrics to use as goals or in the reporting such as: Average time spent on site Average pages/session Average time on page,Open,,Roadmap
Alert on a project level,"Have alerts if no customers comes in Have a ""Health status"" on a project to know if customers are coming in or not alert creation at a project levelCOOP is not using alerts cause they feel it's too time consuming to setup alerts for each experiments. They would prefer to setup an alert once and for all that would apply for all experiments. This is actually a very relevant and insightful feedback Pain Point After the test goes live, the customer must check whether data is running in the variant. He does not receive a message/sign if no users fall into the test. The customer must check this Solution A possible solution would be a quality assurance element, e.g. a traffic light that runs red, yellow, green. Green: The users fall into the test in the correct ratio (e.g. 50/50) Yellow: E.g. in the variant, far fewer users fall into the test, although the targeting is 50/50 Red: No users fall into the variant.",Open,,Roadmap
Templates for Product Recommendation Widgets,Having widget templates for product reco. Our customer Ditur would be extremely interested to have a few templates that could be customized no-code (or + code) to try different ways of displaying their product reco blocs: slider vs scrolling vs larger blocs with several lines...It would be super interesting to have it in the widget studio That would bring opportunities to test which layout works the best without having to code a new layout. Here is the example of widget that could have a waouh effect on our clients/prospects :https://www.aliexpress.com/gcp/300000512/nnmixupdatev3?spm=a2g0o.home.3fornn.1.5bc57065UJwZYZ&amp;disableNav=YES&amp;pha_manifest=ssr&amp;_immersiveMode=true&amp;channelLinkTag=nn_newgcp&amp;productIds=1005006190829397different product recommendations available with no need to scroll down :),Open,,Roadmap
Web Experimentation Free Trial,"## **Feature short Having Web exp as a free trial, just like FF \+ being able to add Web exp as a free trial in an account that has FF as a free trial --- ##",Planned,Squad Dev Tools,Roadmap
Snowflake - Preview of a query result,## **Feature short Being a able to see the first rows returned by a query when using as a source or as a metrics. --- ##,Complete,Squad Dev Tools,Roadmap
DWH Databricks Integration - Audience & Goals Metrics,"[SUBMITTED ON BEHALF OF KAIZEN 75K ARR] Kaizen are using Databricks as their data lake (based on Azure) and would like to integrate with Kameleoon to use events from Databricks to target users + send exposure events from Kam to Databricks. Integration with Databricks send or retrieve data like other DWH. That'd be very important for Kaizen to centralize their operations, reporting and analysis. Its a must for the future of the Experimentation within the Organization",Complete,Squad Dev Tools,Roadmap
Error tracking,"## **Feature short Tracking errors from the engine when an element is not detected on the page, just like Appcues. --- ##",Open,Squad Dev Tools,Roadmap
Raw export - specific Goals,"Yvette Bea came back to me explaining that the customer is dissatisfied with exporting a full raw export everytime on every goal, as he does not want to work on the CSV file later on, and as he would like to be able to raw-export what he is seeing in the Results Page: potentially only a specific goal, with filters and breakdown applied (for breakdown, let's only make it available as an export per breakdown)",Open,,Roadmap
MVT Integration with New Graphic Editor,Specific version of Editor V2 for MVT Tests,Complete,,Roadmap
AI generated CSS selector,Ability to automatically generate a CSS selector based on AI. It will allow Kameleoon to better handle sites with dynamic classes.,Complete,,Roadmap
Winning condition for negative results,"Feedback from COOP : being able to define a negative result as a positive outcome :Its all about setting the positive in the goal. As an example, in Effective Experiments, we create goals and select if success is negative or positive. So I guess something like that would be a feature request for you guys.Something like when a goal is created a Kameleoon user can select the success of the goal to negative or positive. And that would determine what is shown as a winning variation with the correspondinc metrics in the top of the reporting page.I know myself what is a success or not in this case. So its not hugely important. But nice for stakeholders to see a report that tells the actual winner in the top section when a negative",Open,,Roadmap
Advanced Data Collection by SDKs,[SUBMITTED ON BEHALF OF KAIZEN BY PIERRE]Kaizen would like for the SDKs to collect as much data as possible (like we do for web experimentations) instead of having to use the addData method to log basic information about their users. This will help avoid any error/forgetting in the logging of basic data.,Open,,Roadmap
Auto-suggest tags when creating or editing flag information,"In Feature flags, in the ""Edit flag information"" pop-in, when adding a tag, it would be better to suggest the existing tags.",Planned,,Roadmap
"Filters for ""Goals"" and ""Segments"" on the FE Dashboard",Feature request regarding filters issued by our customer Mercury Financial: Having the same filters for Web Exp &amp; FF dashboards. They want to be able to filter their FF by segment and goal. Hey. I think this is very good idea!,Planned,,Roadmap
Feature Experimentation Redesign (New DS),"In Feature flags, in the ""Edit flag information"" pop-in, the list of tags should be labelled as ""Tags"" just like the description is labelled as ""Description"".",Open,,Roadmap
Homepage Dashboard,"## **Feature short This feature allows the user to land on an Homepage describing key metrics and their usages of Kameleoon Platform. A Dashboard summarising different information o their XPs, Power Users, etc ## Problem What problem are we trying to solve with this feature? Or, what is the opportunity we are addressing? We intend to solve the issue of Program Management, by helping the user navigating through their processes and experiments **Workaround:** - **Existing workaround:** No - Or, tons of pivot tables and exports ## Solution **Key benefits** : What value does this feature bring to the user? Easier overview Program management **Use Cases:** Share use cases where this feature would help our users. Use the Jobs To Be Done framework to illustrate our user's motivation and behaviour. Structure this as: When the user [situation], they want to [motivation], so they can [expected outcome]. ** Product design:** - **Product squads :** Dashboards Squad, Reporting Squad ? - **Product scope:** Product section and pages that will evolve \(if needed, define sections\/pages that will be out of scope\) - **Target Persona**: All ## **Measuring Success** - **Goal 1:** Usage - Goal 2: Retention ##",In Progress,,Roadmap
Starter Kit / Demo Application,We are exploring the addition of 'Starter Kit / Demo Application' to our roadmap. This initiative aims to address specific user needs and expand the platform's core capabilities.,In Progress,,Roadmap
Highlight of all edited / added elements,We are exploring the addition of 'Highlight of all edited / added elements' to our roadmap. This initiative aims to address specific user needs and expand the platform's core capabilities.,Complete,,Roadmap
Intermediate mode enhancement,We are exploring the addition of 'Intermediate mode enhancement' to our roadmap. This initiative aims to address specific user needs and expand the platform's core capabilities.,Complete,,Roadmap
Comment mode in GE: BETA,"Client: Coop NorgeEmail: joachim.furuseth@coop.no Need : when modifying the exp or flag (and adding specific elements), it's not possible to add comments (available for all stakeholders) to inform them about the modification (reason/date/etc.). The history panel is just about actions but not detailed enough. Using the description (only available in the web exp) doesn't really answer this need. Request: add a module that allows users to comment/write notes available for all users on an experiment/flag scope Thanks!-- Marie LemaireSenior Customer Success ManagerTel. +33 6 76 78 26 58www.kameleoon.comLynton House L7-12 Tavistock SquareWC1H 9LT London",Complete,,Roadmap
Moving the Data retention period option to the customer's settings,Admin Back-office - Moving the Data retention period option to the customer's settings,Complete,,Roadmap
SRM Improvements,"Based on Statsig benchmark, they offer a SRM Debug helper, in which you can see the p-value over time depending on different options",Open,,Roadmap
Amazon Redshift Integration - Use as a destination,"Provide seamless integration capabilities for 'Amazon Redshift Integration - Use as a destination', allowing users to synchronize data and streamline workflows.",Complete,Squad Dev Tools,Roadmap
Import product data from Google Merchant Center,"Enable users to perform Import product data from Google Merchant Center, improving data management and operational efficiency.",Complete,,Roadmap
Back-to-back bridges / Multi-env analytics for feature flags,Amplitude Server Event Streaming: - Amplitude event dispatcher Mixpanel Server Event Streaming: - Mixpanel Event Dispatcher Segment Server Event Streaming: - Segment Event Dispatcher GA4 Event Dispatcher: Glassbox Server Event Streaming:,Complete,,Roadmap
Scrolling Text Element,We are exploring the addition of 'Scrolling Text Element' to our roadmap. This initiative aims to address specific user needs and expand the platform's core capabilities.,Complete,,Roadmap
New currencies,"For our client from Kazakhstan IQOS KZ (Philip Morris), we need to add the Kazakhstani Tenge() currency to the list of selectable currencies for the project, just as we have already done with the Dinar for Kuwait. For our client from Kazakhstan IQOS KZ (Philip Morris), we need to add the Tenge currency to the list of selectable currencies for the project, just as we have already done with the Dinar for Kuwait",Open,,Roadmap
Control Variant Selection,"We're enhancing the user experience for variation selection in feature experiments, ensuring users can easily define and identify the control \(reference\) and treatment variations. Key updates include: - Dedicated **Control** and **Treatment\(s\)** variation dropdown on the setup page, defaulting to ""Off"" but editable. - Help and tooltips for better guidance during setup. - Clear labeling of the Control variation on the reporting page. - Automatic hiding of unused variations in reports. - The Control variation will automatically be selected as the reference in the Custom View settings. These updates aim to improve clarity and streamline experiment creation.",Complete,,Roadmap
AI Widget Generator,AI Widget Generator - Non DnD version (PoC):,Complete,,Roadmap
Preview / Custom Templates,Preview & Edit Recommendation Blocks: Preview & Edit Recommendation Blocks: Create & Design Recommendation Blocks: Custom Template Type (POC):,Open,,Roadmap
Product Reco App Redesign,"Improve the user experience with 'Product Reco App Redesign', making it more intuitive and efficient for users to configure their campaigns.",In Progress,,Roadmap
Confidence interval display over time,In the reportings display the variance with time to help understand how your experiment is evolving (like statsig). Would help understand the novelty effect. Cf. what it looks like in statsighttps://www.statsig.com/blog/novelty-effects,Open,,Roadmap
Select Goals - Multiple duplication,"being able to duplicate an experiment (or segment / goal / Custom Data) on multiple projects altogether. For example if you want to duplicate a goal on 10 different projects, one need to duplicate 10 times. It would be handy if in the duplication modal we could multiple-select the projects on which we need to duplicate the element.",Open,,Roadmap
CUPED: Add breakdown formulas,"Pain Point: The newer evaluation methods CUPED and sequential testing cannot be used for breakdowns. The tool disables the methods automatically as soon as a breakdown is validated. There is no statistical reason why this is not possible (except: increasing the number of test with breakdowns and with this the chance to get a false positive result, but its not specific to CUPED or sequential testing)Solution: enable all evaluation methods for breakdowns too. Workaround: The filter option can be used as an alternative. However this only allows you to view one specific value and not several values, which is the strength of the breakdown.",Open,,Roadmap
Sequential Testing : Add breakdown formulas,"Pain Point: The newer evaluation methods CUPED and sequential testing cannot be used for breakdowns. The tool disables the methods automatically as soon as a breakdown is validated. There is no statistical reason why this is not possible (except: increasing the number of test with breakdowns and with this the chance to get a false positive result, but its not specific to CUPED or sequential testing)Solution: enable all evaluation methods for breakdowns too. Workaround: The filter option can be used as an alternative. However this only allows you to view one specific value and not several values, which is the strength of the breakdown.",Open,,Roadmap
Results Page BI,"Some requests to allow Data queries and extra graphs within the RP ""We would like to use the Kameleoon Dashboard more intensively. Currently we're only exporting the data, and analyze it in Excel. A view changes in your dashboard it could help us immensively: - Dynamic processing of test results in the tool itself \(test dashboard\) - Other visualization preferred, this is not something you could pass on without editing - If you could convert the results of a goal into a bar chart or pie chart and enter whether it is significant and a winner directly in the tool -\> this would help us to make the process of the conclusion easier and faster"" My clients submitted an idea regarding the result page: We would like to use the Kameleoon Dashboard more intensively. Currently we're only exporting the data, and analyze it in Excel. A view changes in your dashboard it could help us immensively:- Dynamic processing of test results in the tool itself (test dashboard)- Other visualization preferred, this is not something you could pass on without editing- If you could convert the results of a goal into a bar chart or pie chart and enter whether it is significant and a winner directly in the tool-&gt; this would help us to make the process of the conclusion easier and faster",Open,,Roadmap
Report with Variant Display & Performance,"Create a report with display of the variants, performance of the variants etc. That would be a nice way to share the results across the company. VWO offers this - check it out.",Open,,Roadmap
Quantum Metric Integration,Regular analytics integration. - Quantum Metric Integration,Complete,Squad Dev Tools,Roadmap
Segment.io Event Streaming to automatically do the cross-device reconciliation,"## **Feature short When events are received, user the user ID provided in the event to do the data API for cross-device reconciliation with the visitorCode. Discussed w\/ Fred and Yassin on August 13th 2024. --- ##",Open,Squad Dev Tools,Roadmap
A 'focus/selected' state to a button,"In the widget editor, we would like to be able to add a state similar to the css method :focus on a button : apply a style when it's selected different than the active and inactive styles Having all possible state would be amazing (that are optional to configure)",Open,,Roadmap
More options to the Translation event,"Widget Studio Pro --&gt; Events --&gt; Translations --&gt; add based on ""part of URL/ match regEx etc."" or ""customer data: language"" etc. change the translation used in the widgetExample:https://de.triumph.com/ --&gt; Germanyhttps://fr.triumph.com/ --&gt; Francehttps://ch.triumph.com/ --&gt; Swiss-Germanhttps://ch.triumph.com/fr --&gt; Swiss-French Important to define rules for the translation",Open,,Roadmap
Automatically create tracking for clickable elements,"Pain Point: As a user, I would like to add goal tracking to some clickable elements of my widget. To do this, I first have to create a goal, assign an action &amp; event to the element and store the goal ID there. This process takes several minutes and always runs identically. However this stupid process is sensitive to mistakes if repeated several times. Solution: As this is always the same process, automation would be conceivable. An example implementation would be a checkbox or an intermediate pop-up (which appears directly after adding the element), which asks for the creation of a goal tracking. Role Model: the automatic close event of element X clickable elements will always need tracking anyway, might as well make it automatic. nice to have great idea",Open,,Roadmap
CD & Breakdown : alignment,"Client: Elsan (POC) Client email : kevin.perriat@elsan.care When using a Custom Data (number) for creating a segment, you can choose between : &gt; to or &lt; to or equal to or is in a range,... But when filtering the results, you have to choose a specific value : It would be great to have the same option for both-- Marie LemaireSenior Customer Success ManagerTel. +33 6 76 78 26 58www.kameleoon.comLynton House L7-12 Tavistock SquareWC1H 9LT London",Open,,Roadmap
Aggregated export improvements,"Add variation IDs in aggregated exports, next to the name of the variation.",Open,,Roadmap
Using widget HTML template,We are exploring the addition of 'Using widget HTML template' to our roadmap. This initiative aims to address specific user needs and expand the platform's core capabilities.,Complete,,Roadmap
Reference CSS Selector enhancements,We are exploring the addition of 'Reference CSS Selector enhancements' to our roadmap. This initiative aims to address specific user needs and expand the platform's core capabilities.,Complete,,Roadmap
<picture> tag support,additional to picture for visual editor:https://project.kameleoon.net/issues/14768andhttps://project.kameleoon.net/issues/7364,Complete,,Roadmap
Custom data support in the text editor,"Improve the user experience with 'Custom data support in the text editor', making it more intuitive and efficient for users to configure their campaigns.",Complete,,Roadmap
Onboarding flow for Graphic Editor,"Improve the user experience with 'Onboarding flow for Graphic Editor', making it more intuitive and efficient for users to configure their campaigns.",Complete,,Roadmap
Users - Add filter and sort for last login,## **Feature short Being able to filter and sort the last login on the list of users. --- ##,Open,Squad Dev Tools,Roadmap
Users - Export list of users after applying filters,## **Feature short Being able to export list of users after applying filters. --- ##,Open,Squad Dev Tools,Roadmap
Tableau Integration,"The request came from several customersEvery company has different management requirements in the area of reporting and it is time-consuming to export data, clean up and visualize again. Solution: It would be good to have an interface to external reporting tools/ tracking systems, e.g. Tableau (directly in the tool) to aggregate the data differently.",Open,Squad Dev Tools,Roadmap
JS / CSS Feature Variable,"**Overview:** This feature allows users to set JavaScript \(JS\) and CSS code directly in feature experiments, enhancing flexibility and control in experimentation. By introducing two new variable types \(JS and CSS\) in the UI, users can comfortably input custom code. **Key Benefits:** - Seamlessly integrates JS\/CSS into the Kameleoon engine for enhanced customization. - Easy-to-use UI with adjustable text boxes for writing code. - Backend and SDK support ensures smooth experiment updates and tracking. Ideal for customers seeking to apply custom code directly in their feature experiments.",Complete,,Roadmap
FE Compatibility - Audiences Explorer,We are exploring the addition of 'FE Compatibility - Audiences Explorer' to our roadmap. This initiative aims to address specific user needs and expand the platform's core capabilities.,Complete,,Roadmap
AI generated variation,We are exploring the addition of 'AI generated variation' to our roadmap. This initiative aims to address specific user needs and expand the platform's core capabilities.,Planned,,Roadmap
Send raw data to BigQuery,"## **Feature short Enhance the DWH connector to send additional raw campaign data to Google BigQuery. Currently, only basic data such as nonce, visitor\_code, custom\_visitor\_id, timestamp, experiment\_id, and variation\_id are exported. Expanding the data set to include goals, device type, OS, browser, timezone, referrer URL, landing page, country, and duration will provide more comprehensive insights for analysis and reporting. --- ##",Open,Squad Dev Tools,Roadmap
How to classify cookie with no CMP,"## **Feature short Some customers need to classify every cookie for their cookies\/consent policies, but without specific guidelines in the documentation, they have classified Kameleoon cookies as ""statistics."" It would be helpful to include clear instructions in the documentation on how clients who dont use a CMP \(Consent Management Platform\) should classify Kameleoon cookies. --- ##",Open,,Roadmap
Ratio metrics in new RP,"Asked by Loblaws --\> Also includes reliability computation for said metric A metric is computed from one or more goal. We would like to have calculations in the results dashboard that outweigh an increase in conversions vs. a decrease in AOV (or vice versa). Is it possible to create goals derived from other goals? Here is an example of a goal we currently use:The conversion rate here is the [Number of converted visits]/[Number of visits] Like a funnel, I would now like to see what % of the [Number of converted visits] from this goal, go on to complete the next goal. Customer wants to be able to define his own conversion rate in the reporting page by reverse ratios for exemple. Customer feedback: https://kameleoon.productboard.com/all-notes/notes/37179939 To easily calculate AOV / RPV",Under Review,,Roadmap
Native Goals Improvements,"I'd like to create a click tracking via the Back-office (without using the graphic editor) on an element that does not have the same selector on mobile &amp; desktop.Impossible to select the element in the mobile version after having selected the element on desktop. when creating a native click tracking goal, we are loading the iframe of the website which is blocked most of the time &gt; add a message indicating to whitelist Kameleoon so the iframe can appear there. Customers always have the feeling that the feature is not working. Option B : Get rid of the iframe Je veux pouvoir créer des goals type click tracking mais paramétrer leur conversion uniquement sur un URL dédié sans avoir à passer du code Make it easy to create a click tracking goal that triggers only on a specific URL :) Ability to create (natively) page access goals based on css selectors rather than urls good idea need better solution for goals",Planned,,Roadmap
Barrier-free accessibility,"Pain Point: From mid-2025, websites and apps will be legally required to be barrier-free. This is regulated by the Barrier-Free Accessibility Strengthening Act (BFSG). The Barrierefreiheitsstärkungsgesetz (BFSG) implements the EU directive of the European Accessibility Act (EAA) so that standardised rules on accessibility apply throughout Europe. The regulations are based on the European standard EN 301 549, which in turn is largely based on the international guidelines for accessible web content (WCAG). e.g. sufficient contrast between foreground and background colour, links and buttons operable via the keyboard, screen reader compatibility of a website, etc. Even if the website offers this accessibility on its live site, there is still a risk that the variant of an experiment or personalisation will not fulfil it. Such a design can have legal consequences and penalties. Solution: There are various features in Kameleoon that check for accessibility when changes are made. The contrast check of colours in new editors is a first step and a good example of this. The customer wants more AI in the Graphic Editor. There is currently support for the barrier-free accessibility of headings, for example. One suggestion is that the AI should support where it is best to place the element. A possible suggestion is that the place where the element is best placed is highlighted in color. great differentiators with enterprise groups.",Open,,Roadmap
Graphic Editor Localization,"Pain Point The customer needs an experiment in 4 languages, so he has to build an experiment with 4 times. Currently Kameleoon can only translate widgets. Solution One possible idea would be to have a similar function in the Graphic Editor as in the Widget Studio so that experiments can be translated For multilingual sites, would it be possible to add a translation processing module via the graphics editor? In the same way as in the Studio widget, when a selector including text is selected, have a Translation tab available that can be filled in if there are several languages managed on the site. Then, there will be targeting depending on whether you're in /en or /fr or whatever, as usual, but with the option of generating a dynamic translation. For french users, even enterprise it is a pain for them to be in english",Open,,Roadmap
Advent Calendar Element,"Haribo would like to have templates ""Calendrier de l'avent"" available in the studio widget (like a window that opens with the option of customising what's inside the window for instance... )",Open,,Roadmap
Scrolling Text Banner Templates,Petit Bateau &amp; Hariboa sked me if it was possible to have banner template in the Widget studio with the scrolling text option Have banner template in the Widget studio with the scrolling text option,Open,,Roadmap
Piñata Widget,Haribo wanted to be able to create a customisable piñata animation on its website using the studio widget. Example : https://www.socialshaker.com/campagnes-marketing/,Open,,Roadmap
Paste Text Without Formatting,Hello It will be nice to be able to paste a text without formating for easier edition otherwise the code is kept.,Open,,Roadmap
Screen Positioning on the Page,"Client: Coop Email: joachim.furuseth@coop.noUse case (coop) : Add a block within a product page (built with Widget studio)On click on this second block, open a second widget (popin)The behaviour between the two blocks need to be developed and there is no native option. Also, we had to use JS/CSS export so we could change the behaviour of the 2nd widget and we had to add some CSS (for the display).Possible feature : add an event that would take into accoun the display above/within the page directly into the widget studio such as on click on the button screen 1 &gt; display screen 2 above the page (or vice versa)I'm available if you need some more inputs :)-- Marie LemaireSenior Customer Success ManagerTel. +33 6 76 78 26 58www.kameleoon.comLynton House L7-12 Tavistock SquareWC1H 9LT London Ability to insert several widgets in the graphic editor. I have a widget with 2 different screens but I can't change the position for all of them. Having the possibility to insert 2 widgets will save this issue, one will replace an existing element and the other will be above the page.",Open,,Roadmap
Position Element by Language Version,"When using the translation feature in the widget studio, it would be nice to be able to move an element (image, html, block...) differently according to the language version. For example, on the french widget, I want an image to be placed at X = 20px and on the english version, I want to place it at X = 50px. Would be nice since the language can impact the length of a text the size of the text may vary depending on the length used",Open,,Roadmap
Change z-index of the widgets,"Using the Widget Editor, is it possible to allow users to change the z-index of an element directly on the Graphic Editor settings / Widget Editor settings? It will be useful to have that option without using the code editor (the change have to be done manually and for all the devices). To be more specific, the use case was to add a countdown banner inside the page, on the top of the website. But there was a display conflict between the drop-down menu and the banner. When hovering the drop-down menu, the categories are hidden by the banner. Super important when inserting elements in sticky banner or other elements that could interfere with menu Setting the z-index directly in the interface is essential, if not mandatory, to ensure that teams can easily integrate new elements on the site without breaking layouts or disrupting the stacking order of various elements. needed on some client",Under Review,,Roadmap
AI OD improvements,"Request is coming von Ernstings Family and is related to AI Opportunity Detection. The client would suggest, that we implement a checkbox in the segment builder if we want to add this segment to the AI Opportunity Detection (similar as it is currently for the Audience). Only the segments, which have the activated checkbox will be analyzed for the AI Opportunity Detection and there wont be a need of using them within the last 90 days. Therefore we could reduce the risk, that we detect a random experiment specific targeting segment or that we don't find a Opportunity just because the client hasn't used this segment in the last 90 days. -&gt; Also other clients (e.g. Douglas) have reported this issue",Open,,Roadmap
Improve capping on Personalisation,"Pain Points: The capping option ""Stop personalization when the total number of exposed visitors exceeds a threshold equal to ???? visitors"" works very unexpected. If the customer enters a predefined number of visitors here, then he expects exactly this number of visitors on the result page. However this is currently technically almost impossible, as there are the following inaccuracies: the capping check runs X hours or minutes. So there is a period of time in which the visitor limit has already been exceeded, but the next check has not yet been performed. After the start, there is a minimum period of 30 minutes until the first visit is completed. The stop takes place on the basis of this data, i.e. this causes a further time delay. The script is of course always subject caching. Solution: Perhaps the check can be run more frequently and the data analysis can be based on the new real time data.",Open,,Roadmap
Shortcuts in RP,"Feedback from Vincent Taldir: Add some relevant shortcuts from the Results page Ex: Pressing ESC shortly after creating a filter could delete it Add Tabbing in dropdowns, in the page, etc",Open,,Roadmap
"Establish a Scalable, End-to-End Process for Managing Technology Partners and Integrations","Develop and document a standardized process for onboarding new technology partners: Create a comprehensive integration checklist to ensure consistency across all partner integrations: Establish a centralized partner relationship management system, capturing key metrics and statuses: Conduct quarterly reviews of all technology integrations, identifying and resolving issues:",Complete,,Roadmap
Custom integrations for goal completion,"We currently have GA4, Segment and Mixpanel integrations that enable to send conversion event when a kameleoon goal is triggered. We would like to offer custom integrations for goals completion. Then we can track which integration is used the most to prioritised and offer native integration.",Open,,Roadmap
POC: Import Custom Fonts via @import,"Widget studio : Make the widget compatible with HTML as well as allow imports of google fonts and not just font file types.Makes it easy for clients with animated widgets or with creative widgets Widget studio Being able to import Google Font + being able to use @import font in the CSS A very nice feature that would make sure that fonts are no issue, and that the widget loads the content + fonts from the same server (from Kameleoon's server).",Complete,,Roadmap
Click Event on Disabled Elements,"Add hover action on widget studio.-&gt; on hover on disabled validate button show a tooltipclick action on disabled elements-&gt; on click on disabled validate button show an error messageBe able to add CSS to a state ""enabled"" ""disabled"" example:cursor: not-allowed; (currently CSS applies to all states) A validate button that triggers a warning would be nice!",Open,,Roadmap
Custom CSS Based on Elements' State,"Add hover action on widget studio.-&gt; on hover on disabled validate button show a tooltipclick action on disabled elements-&gt; on click on disabled validate button show an error messageBe able to add CSS to a state ""enabled"" ""disabled"" example:cursor: not-allowed; (currently CSS applies to all states) Sometimes you want to change only some elements or media queries",Open,,Roadmap
CSV of Events Integration for Goal Metrics,"Provide seamless integration capabilities for 'CSV of Events Integration for Goal Metrics', allowing users to synchronize data and streamline workflows.",Open,,Roadmap
Open Link in the Same Tab,We are exploring the addition of 'Open Link in the Same Tab' to our roadmap. This initiative aims to address specific user needs and expand the platform's core capabilities.,Complete,,Roadmap
Product Recommendation: Import Order,"Enable users to perform Product Recommendation: Import Order, improving data management and operational efficiency.",Complete,,Roadmap
Custom Cohorts Library,Develop and support the 'Custom Cohorts Library' to enable developers to easily implement experiments and feature flags.,Open,,Roadmap
Contextual bandit (Web Exp),"Personalization experiences with multiple variations. Currently it looks like Personalizations are created based on individual segments or AI automated based on probability to convert on a goal. We have use cases where we would ideally create a personalization experience with multiple variations, all with a similar segment. That is increasingly difficult if each variation of the same personalization is a separate line item in the personalization menu. Example use case:We want to automate a personalization experience where we have 6 different variations of a line of copy on the bag (cart) page of the site. Each variation would be converting on the same goal, however it would automatically allocate users to the correct personalized variation based on AI or ML driven calculations. All of that managed in the same personalization experience. Essential to help us manage campaigns or AB tests",Complete,,Roadmap
Metric-based Outlier filtering,"We implemented Outlier Detection with Winsorization, using the revenue value fo filter out some data points we could do the same but by analysing the number of visits\/conversions of some users to filter them would be great for quantity per item, items per order, which don't include revenue In our day-to-day experimentation revenue is for sure the biggest usecase for outliers. But could also be nice as a way to ensure accuracy on other event-based goals as well. Client : Sandvikemail: patrik.matell_c@sandvik.comNeed: be able to apply outliers to goals even if it's not related to revenueThanks-- Marie LemaireSenior Customer Success ManagerTel. +33 6 76 78 26 58www.kameleoon.comLynton House L7-12 Tavistock SquareWC1H 9LT London Our busniess operates in a context with some really massive customers, causeing many non-binary metrics to be unrealiable and frequent spikes when looking at graphs We have some distributors on our site. They tend to send huge orders for lots of customers and therefore skews the data Really interesting for us to get the highest quality and insights possible! This is super-important to us, as this could increase our quality even further when it comes to user insights it's very needed for many of our metrics such as add to cart and save to list when slicing on all conversions level Otherwise some experiments will be destroyed The significant variation in our customers' sizes necessitates outlier handling for more aspects than just revenue. The new feature enhances outlier detection by analyzing unusual patterns in various metrics, such as extreme user behaviors. This automatic filtering of atypical data ensures more reliable and actionable test insights. Wed like to highlight an urgent need for Metric-based Outlier Filtering in Kameleoon.Currently, the Winsorization approach handles revenue data, but we increasingly see outlier behavior in other metrics particularly users with unusually high frequencies of add to cart or purchase events. These extreme patterns distort test results and reduce trust in the statistical validity of our A/B insights.If this isnt addressed within Kameleoon, well be forced to build a custom pre-filtering process to remove such users before running tests which would compromise statistical integrity and duplicate functionality that ideally belongs in the platform.A more comprehensive outlier filtering mechanism, considering behavioral metrics as well, would greatly improve the reliability and confidence in our experimentation results.Best regards,Peter",Open,,Roadmap
Run JS Based on a Form Element's Value,add the JS action when a Form event is added to a widget,Open,,Roadmap
Goal conversion - Live events,We are exploring the addition of 'Goal conversion - Live events' to our roadmap. This initiative aims to address specific user needs and expand the platform's core capabilities.,Complete,,Roadmap
Holdouts for Web exp (using tags),Engine - add holdout feature,Complete,,Roadmap
Mutually Exclusive Groups for Web exp (using tags),"Engine - Mutually Exclusive Client: Coop NorgeClient email: joachim.furuseth@coop.no The client would like to create three experiments running on the same page with the same targeting but would like to exclude the users from the exp from the other ones, such as : Change on PDP (button)Change on PDP (product description)Change on PDP (add a reassurance block) Greg's feedback: it's possible with the current ""exclude campaign"" but it won't work during the first visit as the targeting is the same and we won't detect if the user has been targeted by another experiment (as it's the first visit). The workaround would be to create an MVT. Additional issue: it works only if there is some traffic excluded on the first campaign(s)Need: create campaigns that are exclusive from the first visit; ease the flow when creating mutually exclusive campaigns Additional need: Enable mutually exclusive experiments by dispatching new users between the experiments' running.Possible solution (client's idea): on the finalizing panel, select an option Mutually Exclusive = Yes. Then the system asks, What experiment should it be Exclusive to?. Then Kameleoon user selects the experiment(s), then the system suggests/says, By applying this you will reduce the target audience to cover only xx percent in this experiment, and the experiments selected to it should be exclusive to -- Marie LemaireCustomer Success Manager SeniorTel. +33 6 76 78 26 58www.kameleoon.com1251 Ave. of the Americas10020 New York",Complete,,Roadmap
Simulation Capabilities for FE,We are exploring the addition of 'Simulation Capabilities for FE' to our roadmap. This initiative aims to address specific user needs and expand the platform's core capabilities.,Complete,,Roadmap
Holdouts for FE,"Specs: The new ""holdout flags"" feature provides centralized exclusion group control across feature flags within a project. When creating a flag, users can mark it as a holdout, which adds a dedicated experiment rule to manage exclusions across other flags. Holdout flags have project-wide visibility and can be edited in one place, with changes updating instantly across all linked flags. A unique icon highlights holdouts on the dashboard, and unused holdouts trigger archiving suggestions to keep setups efficient. These enhancements streamline exclusion management, ensuring consistency and reducing redundancy in experiment setups.",Complete,,Roadmap
Mutually Exclusive Groups (MEGs) for Feature Experimentation,We are exploring the addition of 'Mutually Exclusive Groups (MEGs) for Feature Experimentation' to our roadmap. This initiative aims to address specific user needs and expand the platform's core capabilities.,Complete,,Roadmap
Filter by conditions on the segment Dashboard,"Hi, I would be great to be able to filter the segment list by the criteria used. This can be pretty useful for CSMs to see what criteria the customer is using most. Super useful to clean segments or to identify a problem",Open,,Roadmap
Enhance links translation,We are exploring the addition of 'Enhance links translation' to our roadmap. This initiative aims to address specific user needs and expand the platform's core capabilities.,Complete,,Roadmap
Image Library Pop-Up,Develop and support the 'Image Library Pop-Up' to enable developers to easily implement experiments and feature flags.,Complete,,Roadmap
Infinity Integration,"Provide seamless integration capabilities for 'Infinity Integration', allowing users to synchronize data and streamline workflows.",Open,,Roadmap
Label elements as 'copy' in a duplicated screen,"When a screen is duplicated on the Widget Editor, it would be interesting if the various elements of the duplicated screen were preceded by the words Duplicated. In order to manage events more easily (if the client doesn't want to rename each element).A bit like when an element of a screen is duplicated in the same screen or in another screen.Customer feedback: Cargo",Open,,Roadmap
Snowplow Event Dispatcher Native Activation,"Currently we don't allow to configure FF event dispatcher on specific environment like Amplitude, Segment & Mixpanel.",Open,,Roadmap
Census Integration,"Client: ""Our data warehouse is in Census. You might have heard of the tool. It would be interesting if Kameleoon could explore an automated integration with them.""",Open,,Roadmap
Notification center,"Having access to the in app notification even when you close the pop-in.In some instances, client reports that they close the pop-in because they need to to something and don't have time to read the notification. They would love to have access to those messages later on. would be nice to display alerts (opport detection) or info Nice to follow team works",Open,,Roadmap
New Predictive conditions in Segment builder,Would be great to work with our CDP,Open,,Roadmap
Kameleoon Beta Program,"## **Feature short Allow customers to opt-in\/out of beta feature releases As a **Kameleoon customer**, I want the ability to opt-in or opt-out of beta feature releases, so that I can control when new features are activated for my account and only use features that are considered stable. --- ##",Complete,,Roadmap
Preview variation changes on dashboard,For clients that have bad name management for campaign. Having the ability to put a screenshot for a variation would be super useful All said in the description,Open,,Roadmap
Tealium Integration - EventStream,"## **Feature short Describe what the feature does. Structure this as: Kameleoon x Tealium EventStream allows clients to send server-side events with metadatas attributes by quickly setting up the integration on Tealium. ## Problem What problem are we trying to solve with this feature? Or, what is the opportunity we are addressing? [PoC Bedrock](https://www.notion.so/kameleoon-ext/Bedrock-145f87cebbc481cab708d5007662ec29?pvs=4) **Workaround:** - **Existing workaround:** Yes \/ **No** - **Workaround If there is a workaround, explain how we can proceed to solve the problem today ## Solution **Key benefits** : What value does this feature bring to the user? Answer the question, What are the benefits for the end user? as if you were talking to Customer Success. example: * Server-side integration enables to use precise and enriched event data from Tealium to define specific goal metrics in Kameleoon, improving the alignment between business KPIs and experimentation results. **Use Cases:** Share use cases where this feature would help our users. Use the Jobs To Be Done framework to illustrate our user's motivation and behaviour. Structure this as: When the user creates a Kameleoon Experiment, they want to set a goal, so they choose a specific goal from their Tealium CDP. ** Product design:** - **Product package:** Web Experimentation \/ Full Stack Experimentation \/ Feature Management \/ AI-driven Personalization *\(only keep the right answers\)* - **Product scope:** Product section and pages that will evolve \(if needed, define sections\/pages that will be out of scope\) - **Target Persona**: Which one of our target persona is going to benefit from this feature? \(**Marketer \/ Developer \/ Product Manager**\) - **Main updates:** In bullets, concisely describe what your solution consists of: - In page X, we add ... - On click, ... - Optionally, paste images of the solution here \(or paste Figma link\) ## **Measuring Success** - **Goal 1:** indicate the goal of this topic - **Success metric:** indicate the key indicator of success that will measure the achievement of goal 1 Copy and paste previous paragraph for each goal attached to this topic. Report to PDB Template - Slide 13 for examples --- ##",Open,,Roadmap
DWH Integrations - Product Recommendation,"Data warehouse integration (Big Query, Snowflake, etc.) to import products into the product recommendation.The customer would create a kameleoonProducts SQL table, for example, with all the product information and then send us the table via a query, like the Big Querry and Snowflake integration for segments in the Back-office.I think we'll gain in speed when onboarding a customer on product recommendation.",Open,,Roadmap
Admin BO / Project creation - Feature Experimentation - Project types,Admin Back-office \/ Project creation - Feature Experimentation - Project types,Complete,,Roadmap
New RP for Feature Exp.,We are exploring the addition of 'New RP for Feature Exp.' to our roadmap. This initiative aims to address specific user needs and expand the platform's core capabilities.,Complete,,Roadmap
Reporting Page - LOT 1 - UX Improvements,"Enhance platform visibility by implementing 'Reporting Page - LOT 1 - UX Improvements', providing users with deeper insights and actionable data.",Complete,,Roadmap
Multi-language editor support,"Add translation as part of AI text assist both for graphic editor and widget studio (would be a new option on top of reformulate, change ton, make shorter, longer, etc.) We are getting more and more customers who interact on an international level. That's why more and more requests are being made to create a global project in which all country domains are stored. It would therefore also be an ideal feature if we could prepare experiments in the Graphic Editor for various country setups, just as we do in the Widget Editor. In this way, changes can be implemented once on the main domain and combined with a mapping of the translations to the user's browser language or even better with the country domain url we reduce the effort to create the experiment separately for each domain.That would help many companies creating experiments on a higher global level in the Graphic Editor. Super useful for enterprise clients to avoid having to code things My client Maria Galland, which has several countries would love to have that feature. It would also allow them to have all results in one experiment.",Under Review,,Roadmap
New element support in Graphic Editor: Links,"In the graphical editor, I want to be able to add an image (upload or source URL) and when I click on the image I would like to be able to redirect to an URL and possibility to change the target =""_blank""",Complete,,Roadmap
shadowDOM element selection and edit: BETA,"Ongoing POC When a slider is dynamic on a page, we cannot pause it to make modifications. Adding a pause button to these elements would be beneficial. The client added a video on product pages and wanted to move it in a test variation but had difficulties doing it as the element had a shadow dom For editor there is currently no solution to add 2 selectors. (parentSelector / shadowRootElementSelector) In GE2 , we can edit the info text on this page, but we can't change any elements in the slider with shadowDOM.",Complete,,Roadmap
✨ Program management - Generate Ideas based on AI,"## Problem\/Context As a Experiment manager, when I want to find ideas for my roadmap, I am not able to find creative ideas. - **Existing workaround:** Yes - **Workaround Analyze manually websites, organize brainstrorming **Project justification:** ## Solution - **Product package:** A\/B Testing \/ Personalization - **Product scope:** New product - **User roles**: Roles \(admin \/ super admin \/ marketing\) that will benefit from this project - **Design:** - Ability to identify AI idea on a page directly from the WYSIWYG and potentially add it to the Program manager - Request ideas ## **Measuring Success** - **Goal 1:** Increase the # of experiment launched by users - **Success metric:** - **Goal 2:** - **Success metric:** --- ##",Under Review,,Roadmap
✨ Ai generative Models : Select your LLM model,"## **Feature short Select a model for Ai generative capabilities allows the administrator to give Autonomy and Trust by adding a dropdown menu with all the model supported ## Problem When I am using LLM, user want to ensure the model doesn't share their data are not used by the LLM for their learnings **Workaround:** - **Existing workaround:** No ## Solution **Key benefits** : Freedom to choose the LLM model accordingly to the enterprise policy. **Use Cases:** Share use cases where this feature would help our users. Use the Jobs To Be Done framework to illustrate our user's motivation and behaviour. Structure this as: When the user [situation], they want to [motivation], so they can [expected outcome]. ** Product design:** - **Product package:** Web Experimentation \/ Full Stack Experimentation \/ Feature Management \/ AI-driven Personalization *\(only keep the right answers\)* - **Product scope:** Product section and pages that will evolve \(if needed, define sections\/pages that will be out of scope\) - **Target Persona**: Which one of our target persona is going to benefit from this feature? \(Marketer \/ Developer \/ Product Manager\) - **Main updates:** In bullets, concisely describe what your solution consists of: - In page X, we add ... - On click, ... - Optionally, paste images of the solution here \(or paste Figma link\) ## **Measuring Success** - **Goal 1:** indicate the goal of this topic - **Success metric:** indicate the key indicator of success that will measure the achievement of goal 1 Copy and paste previous paragraph for each goal attached to this topic. Report to PDB Template - Slide 13 for examples --- ##",Open,,Roadmap
Source analytics integrations on the integrations page,We would like to enable cohorts integrations on the integrations page so that users can then select this integrations when creating segments or goals. This will allow users to setup the integrations easily \(no custom data flow anymore\) and create segment & goals directly in the proper space.,Open,,Roadmap
Databricks Integration - Use as a destination,"Integration with Databricks send or retrieve data like other DWH. That'd be very important for Kaizen to centralize their operations, reporting and analysis.",Complete,,Roadmap
✨ Ai Suggestions : Exclude bad Suggestions from the AI suggestion,We are exploring the addition of '✨ Ai Suggestions : Exclude bad Suggestions from the AI suggestion' to our roadmap. This initiative aims to address specific user needs and expand the platform's core capabilities.,Complete,,Roadmap
✨ Ai suggestions : Filter & sort URLs,"The ""AI Suggestions: Filter & Sort URLs"" feature allows users to filter and sort URLs within an AI suggestions group based on URL names and the number of suggestions. **Key Features:** - **URL Filtering:** Users can search for specific URLs within the AI suggestions group. - **Sorting Options:** Sort URLs by name or by the number of suggestions received. **Benefits:** - **Improved Navigation:** Quickly locate relevant URLs in large suggestion groups. - **Enhanced Organization:** Keep suggestions well-ordered and easier to manage. - **Time Savings:** Streamlines the review process by focusing on priority URLs.",In Progress,,Roadmap
Text generation : Small description creation,We are exploring the addition of 'Text generation : Small description creation' to our roadmap. This initiative aims to address specific user needs and expand the platform's core capabilities.,Under Review,,Roadmap
✨ AI suggestions - Page Finder - Filter by CD,"Enable users to perform ✨ AI suggestions - Page Finder - Filter by CD, improving data management and operational efficiency.",In Progress,,Roadmap
✨ AI suggestions - Preview : Description and visual change side by side,"Enhance platform visibility by implementing '✨ AI suggestions - Preview : Description and visual change side by side', providing users with deeper insights and actionable data.",Complete,,Roadmap
✨ Ai suggestions - Add user prompting in the creation workflow,We are exploring the addition of '✨ Ai suggestions - Add user prompting in the creation workflow' to our roadmap. This initiative aims to address specific user needs and expand the platform's core capabilities.,Complete,,Roadmap
✨ AI features - Global AI content generation customizations,"![](https://pb-files.s3.amazonaws.com/production/attachments/fe617ce10e2ad680f56fd2f5cb02e8d3e3c260a3005d59302a6cd18b42afb06b/image.png) # Statement** Currently, there is no way to **configure or constrain AI-generated content** across different features in the product \(AI Experiments, Graphical Editor, Widget Studio\). This lack of control forces users to manually adjust content every time they generate text, leading to inconsistencies in tone, compliance issues, and inefficiencies. ### **Feature Principle** **Global AI Content Generation Customizations** introduce a centralized system for defining **rules and constraints** for AI-generated content across all AI-powered features in **AI Copilot**. This allows users to **predefine guidelines** that shape AI outputs according to their brand, compliance requirements, and business needs. ### **Key Functionalities** **Tone of Voice Configuration** Users can select or create predefined tones of voice that the AI must follow across all content. **Restricted Keywords & Compliance Rules** Users can specify words or phrases that AI should avoid to ensure brand safety and regulatory compliance. **Prompt Templates & Structure Constraints** Users can enforce predefined content structures to maintain consistency across different AI use cases. **Protected Content Parameters** Users can define elements that AI should not modify \(e.g., product names, legal disclaimers\). **CSS & Content Exclusion Rules** Allows users to exclude specific UI elements or text sections from AI processing. **Pre-Treatment & Post-Treatment Scripts** Supports customization with JavaScript to preprocess or refine AI-generated content before display. ### **Expected Impact** **More Control Over AI Outputs** Ensures AI-generated content aligns with business, legal, and branding guidelines. **Efficiency Gains** Reduces the need for repetitive manual edits by enforcing global content rules. **Scalability & Consistency** Provides a standardized AI configuration across AI Experiments, Graphical Editor, and Widget Studio, ensuring uniform output across the product. Text generation : Proposition of tone of voice (configurable by the admin): **Initial version :** **Proposition of tone \(configurable by the admin\)** - Formal and Professional - Informative and Neutral - Conversational and Friendly - Persuasive and Motivational - Creative and Imaginative - Directive and Instructional - Urgent and Action-Oriented - Empathetic and Supportive **Advanced version :** \+ Add your custom brand tone of voice by analyzing your tone in a 3 ways: - Adding a URL with content that embodies your brand voice - Uploading a document of your brand voice - Describing your brand voice in plain text Restricted words: Allow the admin to block some terms in the reformulations or creation. Possibility to add a list such as Amazon Would be applied to AI experiments, Graphical editor and Widget studio. Emoji exclusion: Allow the admin to block usage of emoji in the reformulations. Would be applied to AI experiments, Graphical editor and Widget studio. Template for prompts: Super interesting to put some restrictions AI Subjects &amp; Experiment Requests Next AI Experiment Release: Request to mix URL analysis and document analysis to summarize the tone of voice. Tone of voice is critical as it forms the foundation for their text-generation solutions. Personalization &amp; AI Emotions: Interested in AI emotions as presented by La Redoute at Monaco. Find AB Tasty's presentation of AI emotions odd. Main goal: Kameleoon should create Segments and assign AB tests to those segments. Segments can be a mix of different personas (e.g., ""Future mother"" + ""Gift""). They dislike the term ""hyper-personalization"" but want AB tests adapted to particular segments or segment mixes. AI Opportunities: Hard to identify clear opportunities. Wish to have AI opportunities summarized in a centralized place. Other AI subjects: Natural Language Processing (NLP) is a key area for Kameleoon to improve on. Using Generative AI to review and create code; they believe Claude is the best solution. Other Subjects: Results Page: Switching from sequential to CUPED to MTC is confusing. Want a default view that provides relevant results first. Struggles with stability: sometimes the old results page doesn't load (not an issue on the new one). New results page presents too much information at first glance. Code Editor: Interested in the new code editor; if not GA in April, they should be included in the first wave of clients. Code areas are too small across most of the platform. Finalization Flow: Want the ability to minimize the JS condition in quick targeting (possibly with a chevron). Simulation: Thinks it takes too long to load. CTA is not intuitive; caused panic due to incorrect simulations. Want the ability to deactivate all other AB tests at once to test ONLY the current one. ROI &amp; Forecasting: Want a tool to generate segments with real revenue potential. Ideally, an algorithm that scans the website and generates segments automatically (without manual prompts). Like the idea of forecasting campaign contributions to the years revenue. ""How can I know the potential of a test over a full year for ALL my visitors?"" Use and like Asana for project management (Kanban views, filtering, etc.). Awaiting campaign management in Kameleoon. Appreciate highly configurable dashboards. Other Platform Considerations: Discussed data availability on the Home Page, including total profit, potential uplift, etc.",Under Review,,Roadmap
Dedicated trigger dashboard,"Enhance platform visibility by implementing 'Dedicated trigger dashboard', providing users with deeper insights and actionable data.",Complete,,Roadmap
✨ AI Assistant - stronger analysis capabilities,"Great for reports, feedbacks, etc",Complete,,Roadmap
Event dispatcher for personalization,We are exploring the addition of 'Event dispatcher for personalization' to our roadmap. This initiative aims to address specific user needs and expand the platform's core capabilities.,Open,,Roadmap
New Quick targeting Conditions,"Improve the user experience with 'New Quick targeting Conditions', making it more intuitive and efficient for users to configure their campaigns.",Open,,Roadmap
Navigation shortcuts,"Hello,possible de rajouter le ft d'ouvrir dans un nouvel onglet (CTRL + click) sur les cta dans partie projet svp :https://app.kameleoon.com/projects/dashboardCTRL + click sur : Editer / Configuration / Installation ect ...Possible de rajouter dans le tooltip (hover) ""?"" : l'ID du projetMême demande sur le dahsboard des widgets, afficher l'ID du widget au hover sur ""i""merci :)",Open,,Roadmap
Display the campaign description in dashboard,"Add the field 'description' of the experiment to the information list when hovering over an experiment. It would be very, very useful ! Pain Point: I can enter a description for experiments. This can contain a hypothesis or a description of what will be tested in the experiment. Super valuable for internal communication and documentation. After maintenance there is the problem of accessibility. I always have to open the experiment and perform several clicks to be able to see the description. Solution: place the description also in the info icon hover overlay. So every user can access it directly in the dashboard overview Some of the teams adding same goals to an each exp. It would be good to add an opportunity to group the goals to add in in 2 clicks Additional for a Configures - Goals tab: We can also add a column for a Goal description - it will help to clear Back-office and also find a goals to not repeat it, goal placement also useful (Global, Experiment, Specific)",Complete,,Roadmap
Enhance UI for Deleting Categories/Products,Would it be possible to have a button for deleting categories/products?,Open,,Roadmap
Show Events for Current Screen Only,"Widget studio: It would be nice on the event screen to be able to only have the events associated with the current screen. Change the widget editor so that you can only delete Events that are present on the screen you are currently editing, not Events from all screens!",Open,,Roadmap
Display Event & Action Details on Hover,Would it be possible to add details about in events in the widget studio : Event/ Data / Goals etc.. studio (by hovering each actions for instance),Open,,Roadmap
Screen Capping,On the widget studio it would be nice to be able to set up a capping by screen. Use case : hide the first screen if the visitor close it and display the 2nd screen for the rest of the session.,Open,,Roadmap
Position Widgets on Hover Over Page Elements,In the widget studio / Graphical editor.Be able to create a tooltip to be shown on hover of an existing element on the website.Apparently easy to do in A/B tasty It is a feature that exist as a widget in A/B tasty and a simple use case to start!It can be applied to many many elements.,Open,,Roadmap
Lock Position for Locked Elements,"widget studio : when locking an element, lock the position change as well. Today we can move a locked element which is not logical",Open,,Roadmap
Custom Views - migration,Is it possible to save views with different date ranges on the results page?,Complete,,Roadmap
Learnings Tab - New RP,"Be able to add a links to a brief or upload files (pdf, screenshot, powerpoint) to a test to be able to follow it month afterSuper useful for campaign management. AI Subjects &amp; Experiment Requests Next AI Experiment Release: Request to mix URL analysis and document analysis to summarize the tone of voice. Tone of voice is critical as it forms the foundation for their text-generation solutions. Personalization &amp; AI Emotions: Interested in AI emotions as presented by La Redoute at Monaco. Find AB Tasty's presentation of AI emotions odd. Main goal: Kameleoon should create Segments and assign AB tests to those segments. Segments can be a mix of different personas (e.g., ""Future mother"" + ""Gift""). They dislike the term ""hyper-personalization"" but want AB tests adapted to particular segments or segment mixes. AI Opportunities: Hard to identify clear opportunities. Wish to have AI opportunities summarized in a centralized place. Other AI subjects: Natural Language Processing (NLP) is a key area for Kameleoon to improve on. Using Generative AI to review and create code; they believe Claude is the best solution. Other Subjects: Results Page: Switching from sequential to CUPED to MTC is confusing. Want a default view that provides relevant results first. Struggles with stability: sometimes the old results page doesn't load (not an issue on the new one). New results page presents too much information at first glance. Code Editor: Interested in the new code editor; if not GA in April, they should be included in the first wave of clients. Code areas are too small across most of the platform. Finalization Flow: Want the ability to minimize the JS condition in quick targeting (possibly with a chevron). Simulation: Thinks it takes too long to load. CTA is not intuitive; caused panic due to incorrect simulations. Want the ability to deactivate all other AB tests at once to test ONLY the current one. ROI &amp; Forecasting: Want a tool to generate segments with real revenue potential. Ideally, an algorithm that scans the website and generates segments automatically (without manual prompts). Like the idea of forecasting campaign contributions to the years revenue. ""How can I know the potential of a test over a full year for ALL my visitors?"" Use and like Asana for project management (Kanban views, filtering, etc.). Awaiting campaign management in Kameleoon. Appreciate highly configurable dashboards. Other Platform Considerations: Discussed data availability on the Home Page, including total profit, potential uplift, etc. Help keep track of when changes are made to the site that might effect data Customer suggests: In the report the ability to write notes so that everyone who looks at the results sees all relevant information directly and not just in separate ppts or similar. Ajouter des descriptions sur chaque campagne // Page de résultats, pour pouvoir commenter si une campagne marketing gonfle les chiffres pendant une période donnée etc..",Complete,,Roadmap
PDF Export - Re-launch,"Enable users to perform PDF Export - Re-launch, improving data management and operational efficiency.",Open,,Roadmap
RP Perso - Migration,Let me see the new result page for perso plzz :)),In Progress,,Roadmap
Admin BO - Secure storage of Product reco credentials,"In the Back Office of the product recommendation, the Store Key and the Secret Key, I think that a security system should be put in place so that this information is not visible.",Open,,Roadmap
Breakdown improvements on RP,"When breaking down your results, have the breakdown criteria as the first entry point on the tables. Example: I want to breakdown my results by country and for a given country looking right away at all my KPIs for a given variation. cf. how VWO is presenting it https://help.vwo.com/hc/en-us/articles/900002545163-Breakdown-Test-Reports-by-Visitor-Dimensions-in-VWOThis was requested by Local.ch during presales in 2023, and I realize it can actually be pretty useful to present breakdowns that way instead of the way we currently display them",Open,,Roadmap
Visitor view by default,"""User"" should be the default view for all Kameleoon users instead of ""visit"" on the results page. It's annoying switching it every single time or creating a custom view for each experiment. The statistical basis for why this should be the default are explained in detail here: https://towardsdatascience.com/the-second-ghost-of-experimentation-the-fallacy-of-session-based-metrics-fb65006d30ff",Complete,,Roadmap
Details of custom data values gathered,Client: Coop NorgeClient's email: joachim.furuseth@coop.no Client's message: The possibility to see the custom data valued stored under a custom data.Lets say we have a custom data called color. And we have 200 of them. Then it would be helpful to see what values Kameleoon captures on that custom data both to verify that it works as intended and that it captures new data added when we get new colors. So some kind of tab when you go into the custom data that shows values captured last 24 hours or something in that directionRequest: have a view in the UI or the extension that gives the value of the CDThanks -- Marie LemaireSenior Customer Success ManagerTel. +33 6 76 78 26 58www.kameleoon.comLynton House L7-12 Tavistock SquareWC1H 9LT London Super important to analyze data,Open,,Roadmap
Excluded IPs to support IPv6,"## **Feature short Expand the excluded IP ranges functionality in Kameleoon to include support for IPv6 addresses. This enhancement ensures accurate exclusion of traffic from specified IP ranges, regardless of whether IPv4 or IPv6 is used. --- ##",Open,,Roadmap
Beauty Consultation Widget,"I'd love to be able to offer my customers the option of creating a mini diagnostic quiz via a popin. We'd ask the user two or three questions and, depending on the user's answers, we'd push a specific product or a page that could redirect the user to a specific product or a block of products.",Open,,Roadmap
Filter: Session Number,"BetOnline would like to add a feature that allows filtering results by specific session occurrences, such as showing results exclusively for the first or third session.",Open,,Roadmap
Security monitor,"Dans le cadre de laudit SSI actuellement en cours, une nouvelle question se pose : est-il possible ou prévu à court terme que Kameleoon garantisse ou contrôle la sécurité du code saisi au sein de la plateforme ? Par exemple, lever des alertes si des sections de code représentent une vulnérabilité (ex : http://, etc) pouvant représenter un risque pour le client ?Lobjectif est de garantir que le code ne fasse pas lobjet de faille pouvant mettre en risque les plateformes ou bien que celui-ci ne permette pas de détourner de la donnée personnelle sensible. FDJ / Felix Persillet: Dans le cadre de laudit SSI actuellement en cours, une nouvelle question se pose : est-il possible ou prévu à court terme que Kameleoon garantisse ou contrôle la sécurité du code saisi au sein de la plateforme ? Par exemple, lever des alertes si des sections de code représentent une vulnérabilité (ex : http://, etc) pouvant représenter un risque pour le client ?Lobjectif est de garantir que le code ne fasse pas lobjet de faille pouvant mettre en risque les plateformes ou bien que celui-ci ne permette pas de détourner de la donnée personnelle sensible.",Open,,Roadmap
Syntax error check on Experiment script,"Code check for global script and variation before saving or launching an experiment or global script.If there is a syntax error or a deprecated function used we should have a warning, don't block the update or save but at least have a confirmation by the client:""type LAUNCH to confirm you want to put it live with an error and ignore the warning""""type SAVE to confirm you want to save with an error and ignore the warning""The issue, you can put a code with a syntax error in production and it will break things.",Open,,Roadmap
Linked Campaigns in the Widgets Dashboard,"Can a label be added to the widget library to indicate whether or not the widget is associated with an online campaign, and if so, which one?",Complete,,Roadmap
Use Scripts in Widgets,"Today, Widget Studio blocks the use of scripts (files.html). Is this a feature that could be added to the premium studio widget, just as it is possible to use an iframe?",Open,,Roadmap
Collect Button Value in Widgets,"The exit intent pop-up on the widget studioThis pop-up is not great for data collection as it doesn't work as a radio button because the buttons on this template are is not considered as a ""form event""So we cannot capture data and POST the answers like we do for form elements I suggest that A button should also be considered as a Form",Open,,Roadmap
Customizable Session Timeout Duration for Kameleoon Account Login,"## **Feature short Ability to set a custom session duration when logging into your Kameleoon account. This feature would allow users to define how long their session remains active, providing greater flexibility and control over session timeouts based on specific needs. --- ##",Open,,Roadmap
API Credentials Enhancements,## **Feature short Gathering insights about API creds --- ##,Open,,Roadmap
Campaign - Health checks,"When goals are called up on an experiment but are inactive in the Back-office, would it be possible to generate an error message? Otherwise, the simulation panel is not displayed (or is completely blank) without any explanation. It would be necessary to be able to warn that this is the cause of the bug in order to reactivate the goals called up. Example: an experiment that was unarchived then duplicated by Cultura and whose goals had been deactivated.",Open,,Roadmap
Script size calculation and evolution,## **Feature short Ability to visualize the evolution of a scripts weight over time in the form of a curve. This feature would show the impact of live tests during specific periods and highlight changes in script weight when the script is cleaned. It would help monitor performance and better understand the impact of script adjustments. --- ##,Open,,Roadmap
Custom Data - dataLayer improvements,"I'd like to modify the customData tool so that I can choose which dataLayer I'm looking for the layer in (For example, Petit Bateau has 2 dataLayers dataLayer and dataLayerV2 when I create a cd from the tool to find a layer in dataLayer V2 it doesn't work because the tool looks in dataLayer which is obsolete).",Open,,Roadmap
Custom Data - Contains option,Ability to select different values of a custom data by using a 'contains' option.,Open,,Roadmap
Custom Alert for Exceeding Snippet Size,"## **Feature short Ability to set up a custom alert when the snippet size exceeds a specified value. This feature would help monitor and manage script size, ensuring it remains within optimal performance limits and preventing potential issues with page load times or functionality. --- ##",Open,,Roadmap
✨ Ai suggestions - Export the suggestions for each page in a csv/XML,"Enable users to perform ✨ Ai suggestions - Export the suggestions for each page in a csv/XML, improving data management and operational efficiency.",Open,,Roadmap
Type of bulk changes,We are exploring the addition of 'Type of bulk changes' to our roadmap. This initiative aims to address specific user needs and expand the platform's core capabilities.,Open,,Roadmap
Full redesign of description thanks to the HTML,"Improve the user experience with 'Full redesign of description thanks to the HTML', making it more intuitive and efficient for users to configure their campaigns.",Open,,Roadmap
✨ Ai suggestions - Edit text suggestion,We are exploring the addition of '✨ Ai suggestions - Edit text suggestion' to our roadmap. This initiative aims to address specific user needs and expand the platform's core capabilities.,Open,,Roadmap
Automatically Update Variations When Updating Associated Widgets,We are exploring the addition of 'Automatically Update Variations When Updating Associated Widgets' to our roadmap. This initiative aims to address specific user needs and expand the platform's core capabilities.,Complete,,Roadmap
Enhance Widgets with CD,We are exploring the addition of 'Enhance Widgets with CD' to our roadmap. This initiative aims to address specific user needs and expand the platform's core capabilities.,Complete,,Roadmap
New quick targeting conditions,"Improve the user experience with 'New quick targeting conditions', making it more intuitive and efficient for users to configure their campaigns.",Complete,,Roadmap
Goal Creation Flow Redesign,"The client shared a quick improvement we can make to the custom goal creation: to improve the user experience, add a ""copied to clipboard"" message when a user clicks on the ""copy"" icon. Be able natively to know on which page a goal was converted.Super efficient for click tracking + for scroll.Having to create a custom data or code it is a pain. BonsoirsCegidGroupe ERAMFDJ I would like to be able to add the scopes in which each objective has been configured, so that I can see at a glance whether the objective has been configured at the global script scope, experiment scope, etc.For predictive targeting by instance",Open,,Roadmap
Alert for Upcoming Payment Date,Recommendations Alert for expiring due date:It would be good to have an alert for the due date like 1 month before. Open payments could be done and the manual setup will be kept in mind. Missing recommendations means missing revenue.,Open,,Roadmap
Admin BO - API require auth options,## **Feature short Add more auth options in the admin Back-office. Increasing security on our Data API and Product API endpoints. --- ##,Complete,,Roadmap
Salesforce Integration,"Un client a mis en place une intégration entre le Widget Studio et Salesforce pour transmettre les données collectées à partir de formulaires. Bien que les données soient correctement envoyées et reçues, un retour de Salesforce a indiqué que la méthode de transmission utilisée ne respectait pas les standards de sécurité attendus. ""Le webservice que nous exposons dans Salesforce est public : cest une URL qui peut être appelée par nimporte qui, et celui qui lappelle na pas besoin de sauthentifier (pas comme avec lAPI Salesforce par exemple). Ca veut dire que si on reçoit demain 10 000 contacts sur cette URL, en létat on les prend sans se poser la question de savoir si cest bien Kameleoon qui a appelé cette URL. Traditionnellement on sécurise ça en faisant en sorte que le webservice Salesforce vérifie qui est lémetteur de la requête, et pour ça on définit une Clé secrète quon stocke côté Kameleoon et côté Salesforce (et qui ne passe jamais dans la requête) qui me permet dêtre sûr que Kameleoon est bien à lorigine de la requête."" My customer Medicis Immo needs it. Important for enterprise clients PMU would be interested and other clients as well PMU would need this to send data and trigger marketing campaign actions, e.g., sending a free bet by email.",Open,,Roadmap
Adobe Tags - Browser Data Retrieval,"Adobe Tags is the 2nd most popular tag manager after google tag manager. Enable users to retrieving Adobe Tags variable through the browser when creating a custom data: _satellite.getVar(""variableName"") ![](https://pb-files.s3.amazonaws.com/production/attachments/93ab5e6b1e7e11ff7ee10f008ef57aa777cff4fa1bdd297220cf4dff4bb8aec7/image.png)",Complete,,Roadmap
Finalization flow for code-based web campaigns,We are exploring the addition of 'Finalization flow for code-based web campaigns' to our roadmap. This initiative aims to address specific user needs and expand the platform's core capabilities.,Complete,,Roadmap
Predict Page migration,"Execute the 'Predict Page migration' to ensure system stability, performance improvements, and access to new architecture.",Open,,Roadmap
Improving relative element selection on Move action,"When moving blocs, after using the hierarchy for the 2nd bloc, one need to close to move forward which is counter intuitive steps to reproduce : 1. select a bloc 2. move / move after 3. go to hierarchy panel to select the second element (on the right) 4. one need to close the right hierarchy panel on the right in order to move forward. this is counter intuitive, we would expect a follow up CTA after selecting the second element",Complete,,Roadmap
Contextual Bandits for FXP,We are exploring the addition of 'Contextual Bandits for FXP' to our roadmap. This initiative aims to address specific user needs and expand the platform's core capabilities.,Complete,,Roadmap
GenAI for FE,Codebase Analyser: AI Variations:,Open,,Roadmap
Lower case email addresses,## **Feature short Storing only lower case email addresse --- ##,Complete,,Roadmap
Goal Creation - dataLayer integration,Créer une façon de faire une condition de segmentation qui utilise un élément du datalayer (ou autre ex utag). Certains clients ne sont pas à l'aise avec la création des Custom Data,Open,,Roadmap
Synthetic control group,"A synthetic control in the context of A\/B testing on the web is a method of analysis that is used to create an artificial control group when a real control group cannot be obtained due to limitations in the experiment. Typically, a synthetic control is used when it is difficult or impossible to conduct a full randomized experiment with a real control group. This typically uses a statistical method that combines data from other groups, segments, or time to simulate the behavior that the control group might have if it existed. It is easy to sell to a team launching the projects with 100% on Variation. For example: some marketing activities where test is going to diverted and client can not sacrifice traffic for AB tests and still wants so see what additional income they had. I have one interesting question ve been asked on the pre-sale, about synthetic control method:A synthetic control in the context of A/B testing on the web is a method of analysis that is used to create an artificial control group when a real control group cannot be obtained due to limitations in the experiment. Typically, a synthetic control is used when it is difficult or impossible to conduct a full randomized experiment with a real control group. Instead of relying solely on a real control group, it is possible to create a synthetic control group. This typically uses a statistical method that combines data from other groups, segments, or time to simulate the behavior that the control group might have if it existed. It is easy to sell to a team launching the projects with 100% on Variation. For example: some marketing activities where test is going to diverted and client can not sacrifice traffic for AB tests and still wants so see what additional income they had.",Open,,Roadmap
✨ AI Assistant - Response Progress,"# Statement** Currently, when a user makes a request in **KAI \(chatbot\)** that takes a long time to process \(up to **30 seconds**\), there is **no clear feedback** on what is happening. This lack of transparency can lead to frustration, confusion, and potential drop-offs. ### **Feature Principle** Introduce **real-time request progress feedback** to keep users informed when a request is undergoing multiple processing steps. This mirrors how **ChatGPT handles complex queries**, reassuring users that their request is actively being processed rather than failing or stalling. ### **Key Functionalities** **Step-by-Step Progress Indicator** Show a dynamic progress message or animation indicating where the request is in the pipeline. **Descriptive Status Updates** Display messages like: - *""Analyzing your request...""* - *""Retrieving relevant information...""* - \*""Finalizing response...""\* **Adaptive Feedback** Adjust the messaging based on expected response time, reducing perceived wait time. **Fallback Mechanism** If processing exceeds a critical threshold, provide a friendly notification or alternative action. ### **Expected Impact** **Better User Experience** Reduces frustration by keeping users informed about whats happening behind the scenes. **Higher Engagement & Retention** Users are less likely to abandon the chatbot during long processing times. **Enhanced Perceived Speed** Even if a request takes long, clear status updates make the wait feel shorter.",Open,,Roadmap
Lot 1 - Création / Édition d’une campagne AutoPromo,Conception & développement: Testing V0 - Preview Widget 1: Deploy pilote V0: GA: Testing V1 - Production + 3 WT: Testing V2 - Production +5 WT: Testing V3 - Production + 5WT:,Open,,Roadmap
Lot 2 - Gestion des campagnes AutoPromo,Conception & développement: Testing V0: Deploy pilotes: GA:,Planned,,Roadmap
Lot 3 - Fonctionnalités avancées,Conception & développement: Testing V0: Deploy pilotes: GA:,Under Review,,Roadmap
✨ KAI - Kameleoon AI Assistant,We are exploring the addition of '✨ KAI - Kameleoon AI Assistant' to our roadmap. This initiative aims to address specific user needs and expand the platform's core capabilities.,Open,,Roadmap
AI personnalisation - Create descriptions per persona,We are exploring the addition of 'AI personnalisation - Create descriptions per persona' to our roadmap. This initiative aims to address specific user needs and expand the platform's core capabilities.,Open,,Roadmap
Currency based on location,"## **Feature short ""When we create a US account, the currency is by default in . It would be great to adapt it to the selected timezone."" --- ##",Open,,Roadmap
Batch adding users,## **Feature short Allow adding a batch of users. --- ##,Open,,Roadmap
Widget Dashboard Redesign,"Enhance platform visibility by implementing 'Widget Dashboard Redesign', providing users with deeper insights and actionable data.",In Progress,,Roadmap
Annual Tracked Users (ATU),"## **Feature short The equivalent of MTU \(Monthly Tracked Users\) for the entire year is ATU or Annual Tracked Users. It represents the total number of unique tracked users across a 12-month period, similar to how MTU tracks users for a single month. --- ##",Complete,,Roadmap
Feature Flag only,"## **Feature short **In the very short term \(December\/January\):** - **Target audience**: ers \(Kameleooners\), who will have the ability to activate the Lite option \(which wont be named as such\) depending on specific client requests. - **Back Office Admin changes**: - When activating the Feature Experimentation module, the admin can choose either: - Feature flag only. \(Feature flag only correspondd to Feature Lite.\) - All capabilities - **Changes needed from the FE squad \(Junaid\) for ""Feature flag only"":** - Remove the Feature Experimentation rule. - Remove the Roll back section. --- ##",Complete,,Roadmap
Custom Attribute Hashing,We are exploring the addition of 'Custom Attribute Hashing' to our roadmap. This initiative aims to address specific user needs and expand the platform's core capabilities.,Complete,,Roadmap
Element Tree Sidebar Redesign,"Improve the user experience with 'Element Tree Sidebar Redesign', making it more intuitive and efficient for users to configure their campaigns.",Open,,Roadmap
Goal Performance Dashboard,"Enhance platform visibility by implementing 'Goal Performance Dashboard', providing users with deeper insights and actionable data.",Planned,,Roadmap
RP - Health Checks,"Alerts/Check : Sample size reached: Goal data collection is working: SRM Check: Feature Request - La Dépêche Groupe :Ils souhaiteraient être alertés automatiquement lorsqu'aucune data ne remonte sur les goals dans la page de reporting après 24h de lancement. (sans avoir à créer d'alerte) I am mostly working with the personalization feature and we have a lot of personalization campaigns running at the same time. Therefore, it is time consuming to check manually and regularly, whether they are running smoothly. A health check feature would be extremely helpful for this. We mostly check for visits, whether the campaign was shown at all, and clicks. It's the most essential way to have valid test results. If the data is falsy, the result is useless.Therefore, having health checks is ""critical"" to have. So that I don't have to check my ongoing campaigns every day to see if experiemens and personalizations gather correct data (goal conversions) and the campaigns are displayed to the audience as expected. - to reduce amount of manual testing- to reduce support calls Da wir fast täglich verschiedene Kampagnen erstellen, haben wir nicht immer die Möglichkeit diese engmaschig zu monitoren. Die Health Checks würden uns insofern sehr helfen, dass wir schnell reagieren können, wenn eine Kampagne fehlerhaft ist.",Planned,,Roadmap
New RP - Disabled Variations Migration,"Execute the 'New RP - Disabled Variations Migration' to ensure system stability, performance improvements, and access to new architecture.",Open,,Roadmap
Kameleoon new UI,"Configurable columns on all dashboards: When creating a new experiment, personalization, segment, or any other feature that involves selecting one or multiple projects, the drop-down list should display more than three projects.There is no benefit to limiting it to three at a time. If you have more than a dozen existing projects, scrolling becomes tedious, and visibility is reduced. Additionally, when selecting multiple projects, it is difficult to clearly see which ones have already been chosen.",Complete,,Roadmap
Category Import Logs,"Today, in the product recommendation module, we don't have an import log, but we do provide visibility on category imports.We only have logs for productsWould it be possible to set up category import logs?",Open,,Roadmap
Finalization flow - Targeting redesign,"The Targeting Page redesign enhances the way you define and apply targeting in your campaigns. By separating Segments and Triggers into two distinct blocks, this update allows you to better differentiate between a users inherent attributes \(Segments\) and their actions or behaviors on your website \(Triggers\). This clearer distinction enables more precise targeting, ensuring that your campaigns reach the right audience with tailored experiences. Now that the separation between segments and triggers is more ""done"", it would be very nice to be able to add a trigger in the targeting of a personnalization. For now, we can only add a segment.",Complete,,Roadmap
Widget capping,I can't modify a test created with the graphical editor directly in the code editor anymore ? Let me at least set the capping of the display of a popin somewhere ? Please ?,Complete,,Roadmap
Link Settings for Image,"I think that if we add a link the set up of buttons and images elements the configuration would be easier for the client. Indeed, we often have to configure a link behind a CTA or an image. Rather than going through an event, this could be handled directly at the element level.",Open,,Roadmap
And/Or Operators in Events,"Pain point: there are always widgets where it would be necessary to link several events together, which then trigger an action. For example as a provider of a domain with several languages, it's necessary to query the browser language or the URL parameter with the reference to the language, e.g. .ch/fr. At this moment I can only assign one or several actions to this event. But I also want to query for the event ""click on element"" to trigger a specific goal conversion. Solution: In the Segment Builder it's possible to link several conditions using AND/OR operators. This enables the construction of more complex logics. Such a setup for Events &amp; Actions in the Widget Studio would also be helpful. Several actions can already be assigned to an event with the logic of an AND operator.",Open,,Roadmap
Enhance Mobile View Editing,"On mobile it would be nice to be able to scroll to access the elements that are displayed above the fold. Currently you need to edit the element blindly. The customer suggests a larger display in the mobile preview. HelloMy client made the following feedback (cotswold company):""I'm building some visuals in Widget studio and in order to fit what I want in the mobile view, the wrapper should be longer than the screen, and it doesn't seem to allow me to move things below the fold, nor to scroll."" Need: enable users to easily create widget on smartphone below the fold/scroll ; zoom out and expand the visible area or scroll.Thanks-- Marie LemaireSenior Customer Success Manager+33 6 76 78 26 584th Floor, 95 Gresham Street, London, EC2V 7ABwww.kameleoon.com|Book a demo",Open,,Roadmap
Device-Specific Images,"For image element you cannot upload 2 different images for each device. Even if you select no synchronisation the image upload on destkop is the same than mobile. When changing it on mobile it also impact the destkop. We can by pass that by adding 2 different images element but this behavior differs from that of the other elements and makes creating events more complex, as you have to do everything twice",Open,,Roadmap
Seamless Slider Loop,"Hello,Pour donner du contexte à cette feature request : Une de mes clientes a souhaité créer un widget bandeau dynamique qui met en avant plusieurs codes promos qui défilent (code 1, code 2, code 3) grâce à un slider (slider animation : effect : slide ; direction : vertical)Seulement la manière dont les codes défilent ne correspond pas à ce qu'elle recherche et il n'est actuellement pas possible de le modifier dans l'éditeur de widget :Comment ça fonctionne actuellement : - code 1- code 2- code 3puis ça remonte au code 1 en passant par le code 2Ce que la cliente aurait souhaité : - Code 1- Code 2- Code 3puis on continue de défiler sur code 1 sans qu'il y ait d'animation qui ""remonte""J'espère que c'est clair ! Sinon je reste à dispo pour plus de précisions :)Bonne journée !!",Complete,,Roadmap
Targeting Specific to Widgets in the Widget Studio,"Requesting for a graphic editor solution for redirection tests that involve a widget :They want to do a redirection test and show pop-ups on the redirected page. Step 1 Visitor lands on https://www.simplycook.com/facebook/default They are redirected to : Variation 1 : https://www.simplycook.com/facebook/default/quiz-4 Variation 2 : https://www.simplycook.com/facebook/default/control Step 2 When they are on Variation 1 Show pop up 1 When they are on variation 2 Show pop up 2The issue is the targeting determines both those who get redirected and who gets to see the widget So if we set the targeting to correspond exactly to https://www.simplycook.com/facebook/defaultVisitors will be redirected correctly but when they land on the redireceted URLS, they will no longer be targeted.Not targeted = Not seeing pop up.Could there be a way to set a targeting that will apply only to the widget?",Open,,Roadmap
Finalization flow - AI Predictive Targeting,We are exploring the addition of 'Finalization flow - AI Predictive Targeting' to our roadmap. This initiative aims to address specific user needs and expand the platform's core capabilities.,Complete,,Roadmap
Actions for elements on other pages,"This feature allows users to reset or remove elements across different pages directly from the Graphic Editor. No need to navigate manually to each page, users will be able to manage elements even if they are located on another page, giving more control and flexibility when editing the experiments.",Complete,,Roadmap
Main device for experiment,"Il serait intéressant de pouvoir ""locker"" le specific device quand on est sur l'éditeur graphique. C'est un irritant quand mon client travail sur la version mobile de son test et qu'il doit à chaque modif recliquer sur le ""Specific Device"" pour appliquer le changement uniquement au mobile. Surtout que le radio button est en bas de menu dans un menu. Will speed up workflow, can get repetitive when switching devices on a mobile specific test I'm building.",Open,,Roadmap
Schedule information in Graphic Editor,"When a campaign is planned: I'd like to have the campaign planning dates directly in the summary hovered from the Back-office + from the graphics editor, changing the planning dates is not super intuitive.",Open,,Roadmap
Design tab simplification/redesign,"Recombination of most / least used actions: Improving the edit of text fields: Apply ""auto"" value to height width etc: Web site color palette to text: Improve open dropdown state: Simplify the border behavior: Allow changing object-fit for an IMG: In the graphic editor, have the option to use an 'auto' value for various styling properties - e.g. width, height, margin, padding, etc. add the color pannel (from the colors from the website) also when changing the color of a text. (Now only available on the background colors) In the new graphics editor, in the position tab of an element, can we highlight the advanced button, put it in bold or underlined or other at the hover, because otherwise it's easy to miss it. Client name : joachim.furuseth@coop.noClient: Coop NorgeIssue: ""The dropdown on elements in the Graphic Editor is to narrow, unable to see the complete content in the dropdown (applies to all dropdowns in the Graphic Editor""Need: improve readability of font Thank you for help, -- Marie LemaireSenior Customer Success ManagerTel. +33 6 76 78 26 58www.kameleoon.comLynton House L7-12 Tavistock SquareWC1H 9LT London I find weird that the styling options like decoration, font and the color are displayed in the content tab. My feeling is that it will be more coherent to have those options in the text section instead. Especially since we can edit multiple element at the same time. Its confusing to have those options with the content itself. Added from Notion I find that the display dont match my settings. Specifically the item distance is not taking into consideration. Additional comment : I would suggest that on option is selected by default between the bullet points and the numbered list. Moreover if you click again on the list the settings are not displayed (check the record). Let me know if its not clear Added from Notion Not easy to change the font size Added from Notion Regarding the logic of the new editor, it seems that the left panel is designed for selecting elements and the right panel for design change, it would make more sense to have the remove and hide on the right side Added from Notion The remove option in the graphical editor is not very visible. Put it somewhere else more visible plzzz In the new graphics editor, in the position tab of an element, can we highlight the advanced button, put it in bold or underlined or other at the hover, because otherwise it's easy to miss it. I find weird that the styling options like decoration, font and the color are displayed in the content tab. My feeling is that it will be more coherent to have those options in the text section instead. Especially since we can edit multiple element at the same time. Its confusing to have those options with the content itself. Added from Notion Regarding the logic of the new editor, it seems that the left panel is designed for selecting elements and the right panel for design change, it would make more sense to have the remove and hide on the right side Added from Notion The remove option in the graphical editor is not very visible. Put it somewhere else more visible plzzz I find weird that the styling options like decoration, font and the color are displayed in the content tab. My feeling is that it will be more coherent to have those options in the text section instead. Especially since we can edit multiple element at the same time. Its confusing to have those options with the content itself. Added from Notion I find that the display dont match my settings. Specifically the item distance is not taking into consideration. Additional comment : I would suggest that on option is selected by default between the bullet points and the numbered list. Moreover if you click again on the list the settings are not displayed (check the record). Let me know if its not clear Added from Notion Not easy to change the font size Added from Notion In the graphic editor, have the option to use an 'auto' value for various styling properties - e.g. width, height, margin, padding, etc. add the color pannel (from the colors from the website) also when changing the color of a text. (Now only available on the background colors) Client name : joachim.furuseth@coop.noClient: Coop NorgeIssue: ""The dropdown on elements in the Graphic Editor is to narrow, unable to see the complete content in the dropdown (applies to all dropdowns in the Graphic Editor""Need: improve readability of font Thank you for help, -- Marie LemaireSenior Customer Success ManagerTel. +33 6 76 78 26 58www.kameleoon.comLynton House L7-12 Tavistock SquareWC1H 9LT London",Planned,,Roadmap
Google Ads integration,"Prospect asking for this integration, Optimizely do it.",Open,,Roadmap
Prompt creation helper,"**Objective:** Help users craft effective prompts by providing real-time analysis and improvement suggestions. ### **Key Features:** **Automatic Analysis:** Detects essential elements of a good prompt \(role, objective, context, format, etc.\). **Real-Time Feedback:** Highlights strengths and weaknesses using \(validated\) or \(missing\/problematic\). **Improvement Suggestions:** Provides precise recommendations to optimize the prompt \(e.g., ""Add more context,"" ""Clarify the objective""\). **Templates & Examples:** Offers ready-made prompts tailored to the user's needs. ### **Expected Impact :** **Prompting Made Accessible:** No need to be an expert to use an LLM effectively. **Increased Efficiency:** Fewer iterations needed to get a relevant response. **Enhanced Interaction Quality:** More precise answers that better fit user needs.",Open,,Roadmap
Notion Integration,"A/B tasty advertize on it Prospect feedback: I'm interested in what tools may exist in the platform for socializing our running experiments in the future. What I mean is, when we have some tests up and running, is there a portal or dashboard that could be accessible to others in the company (marketing, customer care, etc.) as a reference point where they could easily see what's being tested, view the site in variation A vs. B, etc? I told him that currently, there is no tool within the platform for socializing around experimentation. However, we are working on a brand new homepage, which is going to include elements about your experimentation strategy, such as ongoing tests, revenue generated, top active users, etc.However, I don't think it fully addresses the need. For example, would it be possible to share this new Homepage with people without a Kameleoon account? Similar to what we do with the reporting page and simulation. On utilise également Notion et ça serait super intéressant de l'avoir !",Open,,Roadmap
AI suggestions - Unified text improvements,"# Statement** Currently, textual improvement suggestions are generated on a per-page basis for product pages, which can lead to redundant efforts when multiple pages contain similar or identical content needing revision. This approach can be inefficient and lacks a quantitative dimension to help prioritize which changes are most impactful. ### **Feature Principle** When identical or very similar text improvements are detected across multiple pages \(for instance, dozens of pages sharing the same snippet\), the system should offer a single consolidated solution for all those pages, with two possible approaches: 1. **LLM-Driven \(Automatic\)**: The LLM automatically selects the best improvement proposal based on context and text quality across those pages. 1. **User-Driven \(Tabular View\)**: A table displays different potential improvements, allowing the user to choose the most appropriate one based on quantitative criteria such as: - **Readability Score** \(e.g., Flesch-Kincaid\) - **SEO Impact Estimation** \(e.g., presence of relevant keywords\) - **Estimated Conversion Rate** \(if available, based on historical data or industry benchmarks\) - **Contextual Relevance** \(a rating of how well the text aligns with the pages intent and best writing practices\) #### **Quantitative Data to Include** - **Frequency of Occurrence**: The number of pages containing the text snippet to justify a single consolidated proposal. - **Comparative Analysis**: Evaluation of different proposals regarding readability, SEO potential, and historical performance. - **User Engagement Impact**: Potential effect of the changes on metrics like time on page or bounce rate. ### **Expected Impact** - **Reduced Redundancy**: Centralized management of similar text improvements across multiple pages, ensuring a more consistent user experience. - **Increased Relevance**: Quantitative data helps users make more informed decisions about which improvements to apply. - **Productivity Gains**: Users can swiftly apply the best suggestions to multiple pages without addressing each page individually.",Open,,Roadmap
Results Pages - Roles,"Roles for : - Change of Custom Views or not, change default - In the Finalization Flow; who can edit a goal, an integration attached etc -",Open,,Roadmap
Airtable integration,"Provide seamless integration capabilities for 'Airtable integration', allowing users to synchronize data and streamline workflows.",Open,,Roadmap
Other AI features,"Thanks to AI capabilities, it would be great to propose in some of our our based editor an AI editing the code written by user to make it ""Kameleoon ready"".More in details, it would check and if necessary change the code to : ensure the correct use of RWEP instead of document.querySelectorAll ensure the use of return in the custom JS targeting condition ""Check condition immediatly"" ensure the use of setTargeting(true) in the custom JS targeting condition ""Run the condition asynchronously"" Check the correct format of all Kameleoon API Etc",Open,,Roadmap
AI CSS selector enhancement,"The AI CSS selector does not offer the hierarchy to target an element when there are multiple elements at the same level with the same attributes. The algorithm is almost complete; it allows for the removal of dynamic classes, which is the bulk of the work. However, it does not handle the hierarchy, which is a minor detail but prevents it from being 100% complete. Consultants use Chrome extensions just because they manage the hierarchy to make the element unique, even though these extensions are less comprehensive. I think this detail can make this CSS selector tool high-quality.",Open,,Roadmap
Bug report tool in-app,"Pain Point: If the customer has a technical problem or finds a bug, he must report this to his consultant. It may take a few hours for the consultant to receive the message. For very complex technical problems, the consultant writes a ticket. Solution. One possible solution would be if there was an area in the Kameleoon Back-office for creating tickets. This would allow the customer to write a ticket directly and not have to take the detour via the consultant.",Open,,Roadmap
We offer AI-powered segment generation based on a prompt (GA),"AI Subjects &amp; Experiment Requests Next AI Experiment Release: Request to mix URL analysis and document analysis to summarize the tone of voice. Tone of voice is critical as it forms the foundation for their text-generation solutions. Personalization &amp; AI Emotions: Interested in AI emotions as presented by La Redoute at Monaco. Find AB Tasty's presentation of AI emotions odd. Main goal: Kameleoon should create Segments and assign AB tests to those segments. Segments can be a mix of different personas (e.g., ""Future mother"" + ""Gift""). They dislike the term ""hyper-personalization"" but want AB tests adapted to particular segments or segment mixes. AI Opportunities: Hard to identify clear opportunities. Wish to have AI opportunities summarized in a centralized place. Other AI subjects: Natural Language Processing (NLP) is a key area for Kameleoon to improve on. Using Generative AI to review and create code; they believe Claude is the best solution. Other Subjects: Results Page: Switching from sequential to CUPED to MTC is confusing. Want a default view that provides relevant results first. Struggles with stability: sometimes the old results page doesn't load (not an issue on the new one). New results page presents too much information at first glance. Code Editor: Interested in the new code editor; if not GA in April, they should be included in the first wave of clients. Code areas are too small across most of the platform. Finalization Flow: Want the ability to minimize the JS condition in quick targeting (possibly with a chevron). Simulation: Thinks it takes too long to load. CTA is not intuitive; caused panic due to incorrect simulations. Want the ability to deactivate all other AB tests at once to test ONLY the current one. ROI &amp; Forecasting: Want a tool to generate segments with real revenue potential. Ideally, an algorithm that scans the website and generates segments automatically (without manual prompts). Like the idea of forecasting campaign contributions to the years revenue. ""How can I know the potential of a test over a full year for ALL my visitors?"" Use and like Asana for project management (Kanban views, filtering, etc.). Awaiting campaign management in Kameleoon. Appreciate highly configurable dashboards. Other Platform Considerations: Discussed data availability on the Home Page, including total profit, potential uplift, etc.",Open,,Roadmap
AI-powered targeting based on a prompt,We are exploring the addition of 'AI-powered targeting based on a prompt' to our roadmap. This initiative aims to address specific user needs and expand the platform's core capabilities.,Open,,Roadmap
Organize your dashboards with folders,"Customer feedback through the semi-annual customer satisfaction survey: It would be very good if you could structure assets using a folder structure to make the dashboards clearer. Retour client sur le Dashboard Web Experiments/Personalizations (beaucoup de personnes travaillent en collaboration sur le Back-office, il y a de nombreux projets) :""Organisation de la page des campagnes trop de scénarios affichés : La solution proposée (utilisation de tags et filtres) nest pas optimale pour s'y retrouver. Un système de dossiers et sous-dossiers serait plus intuitif et pratique (ex. : un dossier par titre, un sous-dossier par type de test ou dobjectif)"" Imagine all your pc files in one linear folder. How easy would it be to find what you are looking for ? Now imagine this with more that 400 tests in total that have been developed, and adding almost each week. We are a team of 5, each his own scope, and sharing the tool with other external teams for simple AB tests. Finding your tests among a linear list is really not user friendly. My client Strato doesn't find the Experiment Dashboard page very clear/well-organized. They think it would be useful to have folders like all tests about prices or something like that to find things more quickly. They already know about custom views with tags etc. Folder views for tests with tags and sub tags.I would like to see my test organized by folders.Tags are not sufficient, I would need sub-tags. (client request ACCOR)",Open,,Roadmap
Improved search bars,"Dashboard search enhancement:1st : Autocomplete in the search I start typing ""DPW"" I get a dropdown with 'DPW...' or 'XXXX_DPW'if I want to click and find a campaign2nd: advanced filter option: make multiple search parameter (for text search ""DPW"" and contains ""_P"" so that I can get perso with name like this:""DPW_MA_campagnePErso_P""""DPW_ma2èmeCampagne_P""currently not possible ""DPW"" + ""_P""+ same for ""ID"" I want campaign ""123"" and ""3443"" to be shown on the screen I have to make to searches and add tags. Would avoid errors and simplify search on partial match",Under Review,,Roadmap
Login page - Dynamic Marketing Section,"## **Feature short Changing the log in page, adding a dynamic section on the right side. --- ##",Complete,,Roadmap
Automation API - Check and unlist private endpoints,Removing the private endpoints from the Dev doc Subtask #31312 - Dev Doc - Automation API - Check and unlist private endpoints,Complete,,Roadmap
Ai assist - Guided Interaction with KAI Using Predefined Questions,"To improve user engagement with KAI, we can introduce predefined questions that guide users in their interactions. This will help: - Users understand what to ask and how to use KAI effectively. - Highlight KAIs value, reducing underutilization. - Improve response relevance by reducing vague queries. - Provide a more contextual and personalized chatbot experience. These predefined questions can be dynamic, context-based, and easily accessible via quick-action buttons in the app. Pain Points: KAI has now been in place for several months. Initially it was used in the team because it seemed like a great chatGTPT alternative with Kameleoon context. Most of the prompts quickly turned into no answer, contact support and usage rapidly declined. For a long time KAI was no longer a potential solution because it offered no added value or help. Solution: Show several suggestions of common prompts in the open chat window. Possibly the right one is even included OR it gives the user an idea of how to write and what is possible. He then writes his own prompt Suggestions vary depending on the location in the Back-office: One further expansion stage would be that the suggestions vary depending on which page I'm on in the Back-office. In the main dashboard there are rather prompt suggestions for new features. On the result page for analysis e.g. Can I stop the test now? or in the Experiment Dashboard for filtering e.g. What are my experiments currently online?.",Open,,Roadmap
AI suggestions : Bring your own AI (BYOAI),Deploy your own LLM models or AI engines to generate content,Open,,Roadmap
Steps to launch an experiment,VertbaudetGémoWould be happy with this feature it would make it clearer for them to know what is remaining,Open,,Roadmap
Swap and Move actions merge,The swap option does include all the (arguably) most useful move options so it should be called move. The move option could be called something like free drag Or alternatively is call all be moved under a unifying move button and just add an additional free position checkbox Added from Notion,Open,,Roadmap
Image library filter by project,Within the graphic editor all images are display -&gt; the filter on the project is not applied like in the widget (in my example images from acuitis project display on courses U graphic test),Complete,,Roadmap
Selector free search,"Add a possibility to just type an element selector if no element is currently selected Sometimes it is hard to find an element or it is not present on the page, but we know we want to use this selectors for click tracking or to move an element before or after.",Open,,Roadmap
Picture tag easier to work with,"Feedback on the functionality to change the picture-Element (the whole element) in the new GE: 1) a lot of steps necessary - after customer clicks on an image which should be exchanged, the element image is selected, so the first step is to Select another relative in the quite hidden menu on the left (here you have one more step to confirm the change). After that you have to watch out for HTML on the right side menu, it is placed on the very bottom and not visible, so you have to scroll in the menu to see it. If you click it out, it is still hidden, only the arrow icon is changing, so you should know that you have to scroll again. If you can cope with these many steps before, you can finally exchange the picture code. Most of new websites uses those tags and it makes it very difficult to change image- BPCE- Bonsoirs...",Open,,Roadmap
On-click prop to IMG tag,"When we insert a new image in the graphic editor, it is not possible to add a redirect url (except from coding in JS/HTML).It would be nice to have the same as when we insert a text in which we can add a redirect url directly.",Open,,Roadmap
Data layer integration,"Provide seamless integration capabilities for 'Data layer integration', allowing users to synchronize data and streamline workflows.",Open,,Roadmap
Custom Goal - JavaScript Code,We are exploring the addition of 'Custom Goal - JavaScript Code' to our roadmap. This initiative aims to address specific user needs and expand the platform's core capabilities.,Open,,Roadmap
enum Variable types,"An **enum** type variable is a variable that can only take on a predefined set of constant values. Enums are used to make code more readable and prevent invalid values from being assigned. ### Example Usage \(**Java\):** enum Status { ACTIVE, INACTIVE, PENDING, DELETED } public class Example { public static void main(String[] args) { Status userStatus = Status.ACTIVE; System.out.println(userStatus); // Output: ACTIVE } } For Feature Flags : Adding a new type ""Enum"" for variables. Example : Variable name : stylePossible values : ""WARNING"" , ""ERROR"" , ""SUCCESS""",Open,,Roadmap
Improve Scroll native goal,We are exploring the addition of 'Improve Scroll native goal' to our roadmap. This initiative aims to address specific user needs and expand the platform's core capabilities.,Open,,Roadmap
AND/OR Filters,"They want to filter by multiple values simultaneously. For example, they have a Custom Data variable set up to retrieve various country locations. They use this data for both targeting and reporting purposes. Currently, however, they can only filter by one value at a time. They would like to be able to filter results for multiple countries, such as Canada and the United States, but this isnt currently possible. This functionality would be useful not only for Custom Data, but also for filtering by page URLs or any other condition. Ideally, we should be able to filter using multiple values with both AND and OR logic. Having an ""OR"" filter condition, e.g. being able to filter by conversion ""PDP OR SRP"" or ""PDP AND/OR SRP"", etc.",Planned,,Roadmap
Figma Integration,"Integration wit In the widget studio, it would be amazing to either have an integration with figma or be able to upload a mockup and generate the widget based on that.",Open,,Roadmap
Generate Widget From Design Mockup,"In the widget studio, it would be amazing to either have an integration with figma or be able to upload a mockup and generate the widget based on that.",Open,,Roadmap
Assign visitor to predefined persona for better personnalisation,"AI Subjects &amp; Experiment Requests Next AI Experiment Release: Request to mix URL analysis and document analysis to summarize the tone of voice. Tone of voice is critical as it forms the foundation for their text-generation solutions. Personalization &amp; AI Emotions: Interested in AI emotions as presented by La Redoute at Monaco. Find AB Tasty's presentation of AI emotions odd. Main goal: Kameleoon should create Segments and assign AB tests to those segments. Segments can be a mix of different personas (e.g., ""Future mother"" + ""Gift""). They dislike the term ""hyper-personalization"" but want AB tests adapted to particular segments or segment mixes. AI Opportunities: Hard to identify clear opportunities. Wish to have AI opportunities summarized in a centralized place. Other AI subjects: Natural Language Processing (NLP) is a key area for Kameleoon to improve on. Using Generative AI to review and create code; they believe Claude is the best solution. Other Subjects: Results Page: Switching from sequential to CUPED to MTC is confusing. Want a default view that provides relevant results first. Struggles with stability: sometimes the old results page doesn't load (not an issue on the new one). New results page presents too much information at first glance. Code Editor: Interested in the new code editor; if not GA in April, they should be included in the first wave of clients. Code areas are too small across most of the platform. Finalization Flow: Want the ability to minimize the JS condition in quick targeting (possibly with a chevron). Simulation: Thinks it takes too long to load. CTA is not intuitive; caused panic due to incorrect simulations. Want the ability to deactivate all other AB tests at once to test ONLY the current one. ROI &amp; Forecasting: Want a tool to generate segments with real revenue potential. Ideally, an algorithm that scans the website and generates segments automatically (without manual prompts). Like the idea of forecasting campaign contributions to the years revenue. ""How can I know the potential of a test over a full year for ALL my visitors?"" Use and like Asana for project management (Kanban views, filtering, etc.). Awaiting campaign management in Kameleoon. Appreciate highly configurable dashboards. Other Platform Considerations: Discussed data availability on the Home Page, including total profit, potential uplift, etc.",Open,,Roadmap
UX of AI assistant,We have a small,Open,,Roadmap
Review Code with GenAI using Kameleoon APIs,"AI Subjects &amp; Experiment Requests Next AI Experiment Release: Request to mix URL analysis and document analysis to summarize the tone of voice. Tone of voice is critical as it forms the foundation for their text-generation solutions. Personalization &amp; AI Emotions: Interested in AI emotions as presented by La Redoute at Monaco. Find AB Tasty's presentation of AI emotions odd. Main goal: Kameleoon should create Segments and assign AB tests to those segments. Segments can be a mix of different personas (e.g., ""Future mother"" + ""Gift""). They dislike the term ""hyper-personalization"" but want AB tests adapted to particular segments or segment mixes. AI Opportunities: Hard to identify clear opportunities. Wish to have AI opportunities summarized in a centralized place. Other AI subjects: Natural Language Processing (NLP) is a key area for Kameleoon to improve on. Using Generative AI to review and create code; they believe Claude is the best solution. Other Subjects: Results Page: Switching from sequential to CUPED to MTC is confusing. Want a default view that provides relevant results first. Struggles with stability: sometimes the old results page doesn't load (not an issue on the new one). New results page presents too much information at first glance. Code Editor: Interested in the new code editor; if not GA in April, they should be included in the first wave of clients. Code areas are too small across most of the platform. Finalization Flow: Want the ability to minimize the JS condition in quick targeting (possibly with a chevron). Simulation: Thinks it takes too long to load. CTA is not intuitive; caused panic due to incorrect simulations. Want the ability to deactivate all other AB tests at once to test ONLY the current one. ROI &amp; Forecasting: Want a tool to generate segments with real revenue potential. Ideally, an algorithm that scans the website and generates segments automatically (without manual prompts). Like the idea of forecasting campaign contributions to the years revenue. ""How can I know the potential of a test over a full year for ALL my visitors?"" Use and like Asana for project management (Kanban views, filtering, etc.). Awaiting campaign management in Kameleoon. Appreciate highly configurable dashboards. Other Platform Considerations: Discussed data availability on the Home Page, including total profit, potential uplift, etc.",Open,,Roadmap
Code with GenAI using Kameleoon APIs,"Alex Cox from Oak Furnitureland is leveraging GPT to generate code that he can the use to build tests in the code editor.A great idea would be to bring GPT capabilities within our code editor to generate code from prompts (based on Kameleoon APIs) : AI Subjects &amp; Experiment Requests Next AI Experiment Release: Request to mix URL analysis and document analysis to summarize the tone of voice. Tone of voice is critical as it forms the foundation for their text-generation solutions. Personalization &amp; AI Emotions: Interested in AI emotions as presented by La Redoute at Monaco. Find AB Tasty's presentation of AI emotions odd. Main goal: Kameleoon should create Segments and assign AB tests to those segments. Segments can be a mix of different personas (e.g., ""Future mother"" + ""Gift""). They dislike the term ""hyper-personalization"" but want AB tests adapted to particular segments or segment mixes. AI Opportunities: Hard to identify clear opportunities. Wish to have AI opportunities summarized in a centralized place. Other AI subjects: Natural Language Processing (NLP) is a key area for Kameleoon to improve on. Using Generative AI to review and create code; they believe Claude is the best solution. Other Subjects: Results Page: Switching from sequential to CUPED to MTC is confusing. Want a default view that provides relevant results first. Struggles with stability: sometimes the old results page doesn't load (not an issue on the new one). New results page presents too much information at first glance. Code Editor: Interested in the new code editor; if not GA in April, they should be included in the first wave of clients. Code areas are too small across most of the platform. Finalization Flow: Want the ability to minimize the JS condition in quick targeting (possibly with a chevron). Simulation: Thinks it takes too long to load. CTA is not intuitive; caused panic due to incorrect simulations. Want the ability to deactivate all other AB tests at once to test ONLY the current one. ROI &amp; Forecasting: Want a tool to generate segments with real revenue potential. Ideally, an algorithm that scans the website and generates segments automatically (without manual prompts). Like the idea of forecasting campaign contributions to the years revenue. ""How can I know the potential of a test over a full year for ALL my visitors?"" Use and like Asana for project management (Kanban views, filtering, etc.). Awaiting campaign management in Kameleoon. Appreciate highly configurable dashboards. Other Platform Considerations: Discussed data availability on the Home Page, including total profit, potential uplift, etc.",Open,,Roadmap
Ai variation summary,Currently in BETA : AI variation summary Description generated automatically to describe what the Varation is actually doing.,Open,,Roadmap
Widget Studio Redesign,POC: Highlight Overlay Method:,Open,,Roadmap
AI assist - Human-in-the-loop (HITL),We are exploring the addition of 'AI assist - Human-in-the-loop (HITL)' to our roadmap. This initiative aims to address specific user needs and expand the platform's core capabilities.,Complete,,Roadmap
Disable your unused Segments & Triggers,It would be great to be able to disable segments as we can do for goals. This is a request from Société Générale,Open,,Roadmap
Admin BO - Improve UI with tooltip and instructions,Subtask #32241 - Admin Back-office - Improve UI with tooltip and instructions,Complete,,Roadmap
Disable integrations linked to campaigns with ease,"Provide seamless integration capabilities for 'Disable integrations linked to campaigns with ease', allowing users to synchronize data and streamline workflows.",Open,,Roadmap
Rename many assets with grouped actions,"It would be useful to have a way to batch edit the names of custom data. Currently the only batch option is to delete.When trying to rename dozens of custom data accross several projects, it takes a while to do it one by one.",Open,,Roadmap
Search by ID on finalization flow (Targeting and Goals),"In the finalization panel, it would be nice to be able to search goals by their ID and not only by their name.",Open,,Roadmap
Admin BO - Resend activation email,Admin Back-office - Resend activation email,Complete,,Roadmap
Google recaptcha on login page,We are exploring the addition of 'Google recaptcha on login page' to our roadmap. This initiative aims to address specific user needs and expand the platform's core capabilities.,Planned,,Roadmap
Admin BO - Kameleoon Admin login to bypass activation rules,Kameleoon Admin login to bypass activation rules,Complete,,Roadmap
Lot 0 - Nouveau dashboard perso,Conception & développement: Testing national: Déploiement progressif:,In Progress,,Roadmap
Updating dataPipelineConfigurationKey Assignment,Add the new data pipeline configuration key = ROW for rest of world customer,Complete,,Roadmap
Calculate the size of your segments,Quick and intuitive way to see how many people enters in a segment to validate the size of the segment.,Open,,Roadmap
Script Versioning & Rollback,## **Feature short BeIng able to roll back the engine script to the previous version. --- ##,Open,,Roadmap
Excluding specific page URLs from the SPA option,## **Feature short Excluding specific page URLs from the SPA option. --- ##,Open,,Roadmap
Project IP whitelist to support IPv6,## **Feature short Project IP whitelist to support IPv6 --- ##,Open,,Roadmap
Selector tree search by id and customid,"to conduct more experiments For our code-structure this is absolutely critical more and more websites have complex selectors and sometimes you need to combine some elements to find the sibbling be able to target the elements on the page in a better way. sometimes there are a lot of elements using the same classes, this could help better target those specific elements that might share classes with other elements we don't want to target.",Complete,,Roadmap
Single click element selection,We are exploring the addition of 'Single click element selection' to our roadmap. This initiative aims to address specific user needs and expand the platform's core capabilities.,Complete,,Roadmap
Parent tree visual improvement,We are exploring the addition of 'Parent tree visual improvement' to our roadmap. This initiative aims to address specific user needs and expand the platform's core capabilities.,Open,,Roadmap
Element duplication after itself,I noticed that in the graphic editor you can't select the same elements that the one you are duplicating -&gt; you can succeed by editing by yourself the selector but it would be great to be able to select it. However a frequent use case is to add a new CTA so client try to duplicate the first cta and wish to place it after. Recurring use caseLatest client to ask for it -&gt; Societe Generale Assurance (not mature at all),Open,,Roadmap
Enhance code window in GE for Variation code,"not a good solution as it is today, needs improvements",Open,,Roadmap
An ability to see generated variation code from GE and Finalization,People get lost and don't understand where the code is.,Open,,Roadmap
Duplicating element to other pages,"Copying and pasting blocks between pages easly.Allow the user to copy an existing block from one page and add it to another page using the graphical editor. This feature would streamline the process of reusing content across different pages, enhancing efficiency and consistency in design.For example: Take an existing carousel and make it visible on another page.I hope this solution will be implemented. Thanks so much !",Open,,Roadmap
Graphic Editor as part  of Finalization flow,"Improve the user experience with 'Graphic Editor as part  of Finalization flow', making it more intuitive and efficient for users to configure their campaigns.",Planned,,Roadmap
Traffic allocation behavior unification,Adopt FE behavior to WebExperimentation on Finalization flow for traffic allocation \(in particular with the general exposure and variation percents,Complete,,Roadmap
Code editor saving improvements,"Improve visual cues of Code editor saving Problem: Client pointed out that the save action doesnt provide a strong visual confirmation. When they save their code, theres very little feedback: currently it just says ""Saved 0 minutes ago"", which isnt clear enough to confirm the action was successful. This can lead to confusion or frustration. Additionally, in the previous version of the code editor, it was possible to use CTRL\+S to save directly. Now, using that shortcut triggers the browsers native Save As dialog, which saves the entire page, not the code in the editor. It would be great to have the possibility so save (with ctrl+S or cmd+S) on the code editor. For now there are only ""Auto save"" possibilities. It would be great to see a label ""Saved"" when it's done manually and ""Autosaved"" for the normal behaviour. Feature requested by my client from Michelin.",Complete,,Roadmap
Goal Metadata in RP,"On par capabilities compared to competitors - Allow customers to have a ""Master goal"" that can get several conversions into one \(example : any clicks on a link on the homepage is a conversion\) - For these Master Goals, each conversion contains metadata indiciating which link was clicked ""ex: Putting a MasterGoal on the Menu, and each conversion contains the name of the submenu that was clicked\) - Allow customer to set custom properties for a goal - Allow customer to breakdown its test result using a goal property - Allow customer to export a goal's property \(raw\) - Encourage users to provide textual description for each goal - Add a specific custom property --\> guardrail - automatically attach all guardrail goals to each experiment - Enable \/ disable the revenue info on the goals if it is not a monetary goal Encourage users to provide textual description for each goal (duplicate): Multiple currencies management: Be able to have a unique RP, with combined and converted data for all currencies (processconversion API) (duplicate): See Dynamic Yield and investigate the topic Set custom properties for a goal (duplicate): Allow to breakdown with this goal's property (duplicate): Allow customer to export a goal's property (raw) (duplicate): Goal option : Exit rate (duplicate): Take it into account in the Merge Goal metric Add possibility to set goal as guardrail (duplicate): Allow customer to tag \/ define some goals as guardrail metric \/ goal. The goals tagged as guardrail would be automatically included in all the test. Add tooltip to warn about multiple comparison ? \(look for lower p-values\) We should be able to sent additional informations related to the transaction / KPI conversion such as the Order ID, the payment type, number of product added to cart etc.So that we can breakdown the conversions (not visits) by those information. Sur la page de résultat, il faudrait ne pas afficher les infos de revenu à ""0"" sur des goals qui ne sont pas des goals de transaction avec du revenus.-&gt; Cacher par défaut avec une ""option"" à cocher pour les goals de transaction au moment du setup.Cela serait plus facile à comprendre pour les utilisateurs et éviterait les erreurs d'analyse. On the result page of an experiment, I would be interesting to have the possibility to use the breakdown on the URL on which the objective was triggered.In this scenario, the targeting of the experimentation is focused on product pages. If i have an objective of ""60% scroll on the page"", i'd like to be able to use breakdown on ""URL of visited pages while targeted"". Request from Vision Healthcare : be able to associate a custom data on a goal. For example : trigger add to cart + language of the current page. It's important to exclude these values when e-commerce activity is centered essentially on B2C and marginally on B2B.In our case, B2B brings in few orders, but with very high amounts (x10-x100) compared to the B2C average.We don't want professional orders to influence B2C behavior Associated metadata to the conversion goal : catégorie(s) achetée(s) Id transaction Ajout de métadonnées associées aux conversions. Par exemple pour ajouter un moyen de paiement, ou un nombre de produits aux paniers, ou une catégorie de produits sur un goal transaction.Autre exemple serait lors d'un clic sur menu d'avoir les détails par sous-menu grâce aux breakdowns sans avoir à créer un goal par sous menu. Cela ne fonctionne pas ajd même en utilisant des Custom Data.Demande critique, notamment pour :- Eminza- Dayuse- La Poste For some tests, i need a deep understanding of where my visitors clicked on my menu (a rebranding of the menu). As you can see, i had to create a huge amount of goal to have these information because I can associated a text to a goal. I need metadata to be added when I convert a goal for analytics purposes. Could we use the information from the dataLayer to trigger natively a access to a page type of goal. We can create easily a Custom Data that track the pageType for example so that would be great if you could without any code use this for a goal. Client: Coop NorgeClient email: joachim.furuseth@coop.noNeed: Breakdown by product categories (on a revenue goal). Not possible with custom data as clients could buy products from different categories.Verbatim (from the client): ""A lot of the times we do experiments that cover many different product categories, and some times (a lot of the times) we use ""Transaction"" as a global goal. In those cases it would be very interesting to see how the impact is for specific categories. The idea of having it as custom data so that we could break it down in the results based on it is alluring. But... That would be impossible since one transaction can include multiple products from multiple different product categories.Image as inspiration, but as I mentioned above that would not be difficult since a category follows the item(s) purchased in a transaction, while the transaction itself as a goal is session based/visitor based:-- Marie LemaireCustomer Success Manager SeniorTel. +33 6 76 78 26 58www.kameleoon.com1251 Ave. of the Americas10020 New York Ventilation des données Critical +++++++++ pour beaucoup beaucoup de clients surtout pour le feature ""Allow customer to set custom properties for a goal"". Je n'ai pas besoin de vous expliquer la débandade des Custom Data qu'on a eu récemment. Solocal, Fnac, Renault.... Je peux continuer à lister les clients Must-have in order to fully customize a goal conversion, and to add a very precise context important to breakdown conversions, instead of creating 15 goals for example for clicks on the menu elements, we create one goal and breakdown the conversions according to the elements clicked really usefull Creating several goals for the same type of conversions in a real use case is really time consuming Adding meta-data to conversion would allow for a better way to breakdown results and would avoid using custom data when it is not recommended as well as avoid creating too many goals Super useful for payment method for example or currency Kameleoon USP! And will definitely provide usage &amp; business agility to clients! I need this for campaigns ans data analysis especially for Acadomia and Petit bateau requests.. Clients and CSMs are asking for this. because Juliette asked me. Work around the issue with the Custom Data, allows for a better understanding of each KPI's configuration :) yeeeah Request from several customers Très important de résoudre le problème de Custom Data Very important for most clients Resolve custom data problems I have multiple clients who need this. asked several times by Eminza The analysis can be much more precise and refined using Custom Data values. I think it could be important for customer Request made by Eminza + Coop Norge + 123inkt They have revenue in multiple currency (and dirahm vs USD so the price is complicated to compare).They would like the ability to convert the goal with their currency and also with additional information like the plan converted or duration (monthly, weekly, yearly).Currently we coded multiple goals for this which is not super intuitive and we can only see one currency sign per account. Internal - Goal Creation Flow v2 Hello, Orange would like to be able to use their custom data to breakdown the results. I know the functionality is already available, but the results displayed are not usable. They would like to know what value was set at the exact moment of the conversion, and not the list of values that have been set during the whole visit. Allow customer to set custom properties for a goal is the primary improvement of this feature. This will allow me to have goals that have an indirect relationship. Eg. Bounce rate where a lower rate is better. That would be a game changer for the goals Once we have metadata on goals, Zoe would like to attach a specific ""score"" value to their ""health score"" goal which they track at every session (sometimes multiples times in the same session). They'd like to use this score's value as a goal. i.e : convert when health score's score is at 20 or above, below 50 etc Currently they're forced to set up one goal per value they'd like to measure which is very cumbersome and not flexible. Prospect Shutterstock wishes to poll ""improved"" goals from their Snowflake warehouse.Extra fields returned in the SQL command that defines the goal polling will be used as custom properties for the goal. The important thing that is required for this prospect is :Allow customer to breakdown its test result using a goal property AND COMBINATIONS of goal properties. It is critical update for a tender with one of RU customers (Sovcombank) We already have clients who urgently need this functionality. Specifically, Sovcombank needs to see a direct correlation between their goal completions and specific URLs of their pages. The sooner we implement this, the better, as it will significantly enhance the range of functionality and practicality in our reports It is critical for a future tender with Sovcom Request from LIDL:Each conversion should be given a date and time as a value. We could then set a filter in the back office to filter for conversion sequences. Example:Filter for visits/visitors who first triggered the conversion ""Click Feature XYZ"" and then placed an order.This allows us to analyse causalities between different conversions. Logics would also be great:Users who first triggered Conversion A AND/OR Conversion B and then Conversion C. Request from LIDL:In our Kameleoon API, we output a value indicating when the user was first targeted: --&gt; LIDL requested if it can be possible to provide a filter option for this information on our result page.In addition, it would also be nice if they could filter for users who fell into a particular experiment for the first time from a certain point in time. The customer wants a simpler and more comprehensive goal definition. Currently, different types of goals can be defined in the Back-office. The wish is to have more types of goals. Hello many customer often ask to set up time spent goals for specific pages.For example : 30sec on product pages. Currently the goal time spent is global to the visit so that would be nice to add a additional field to specify the fragment of url or if possible the value of a Custom Data page type. Thanks Our website is often programmatically rendered, meaning we cannot place unique identifiers on specific pages. Our tests are also often A/B split URL tests. And our goals are often clicks on the A/B pages using CSS selectors to narrow which clicks to track. Currently, we need to use custom javascript in Kameleoon to limit click tracking to specified URLs. I would like to request a way in the UI without using javascript to create a click goal that is restricted to specific URLs. Feedback from important POC Principal that is comparing us to AB tasty and struggling with goals creation Nice to have because UI friendly, specifically for goal related to code.However, not sure about performance impact... I will let the dev decide. An important prospect Principal is really needy for Goal-related code. Ju said Custom Properties for Goals and Goal-related code are the most requested This will be awsome! asap ! we are currently implementing the solution important This would help us a lot! We wouldn't have to create multiple goals for each experiment. Thanks We need it Moncler has numerous countries and Currencies installed on one single site code.But as you know the figures in $ is not equal to or to ... It can go from 1 to 1000.I would be great to have a parameter in the processconversion API with the currency of the page so I could have correct number in the Revenue column in the result page of Kameleoon (in EUR for exemple).Exemple on how it work in GA : https://developers.google.com/analytics/devguides/collection/analyticsjs/ecommerce#multicurrency We would like to be able to change the currency please To get the right currency available that is relevant for us when looking at revenue Our webshop allows payment in different currencies. Without currency conversion within Kameleoon, values from non-EUR currencies are shown as """" and increase the value/conv &amp; revenue artificially. It would be even better if you could have a currency value at the goal level. I could create a goal to convert EURO and another goal to convert in USD.Currently, I can create a custom data to break down a revenue goal, but in the results page it will still show as the currency of the account and not the currency of the custom data I chose. The customer would like to have revenue goals in different currency on the same account. It is confusing to see the sign when we convert a goal in USD. We currently have a custom data, but it would be great to be able to push a currency on the goal.It will help in the analysis. They have revenue in multiple currency (and dirahm vs USD so the price is complicated to compare).They would like the ability to convert the goal with their currency and also with additional information like the plan converted or duration (monthly, weekly, yearly).Currently we coded multiple goals for this which is not super intuitive and we can only see one currency sign per account. Our business is multi currency and multi language. Having this feature would really support us when it comes to analysing the success of our results. We currently have to limit tests or accept less accurate results due to this feature not being present. My role is to manage the trading activity on-site for international territories. At the moment we are limited to what we can test in all areas apart from the UK. We run a multi-currency site and our international sites are our fasting growing areas and we want to utilise Kameleoon in these areas as much as possible. We have our product lines with mulitple currencies and looking at the revenue goal holistically right now is not easy. Critical for international clients Hi! I had a call with a prospect (automotive), and he asked if it was possible to track revenue within Kameleoon. Use case: The visitor has been exposed to Variation A and purchased a car in the car dealership. Answer 1: possible thanks to Data API + Attribution Window + Cross Device Reconciliation. Answer 2: Link a monetary value to a final form submission.In this scenario, can we give a specific status to a goal and update this status accordingly? Basically, we would assign a value to the form submission, but we are not sure the visitor will actually purchase a car, so the goal would be something like ""NEW."" If the visitor actually buys a car, we will update the goal to ""Confirmed."" Client: ATG (auction technology group)Client emails: joseluis@auctiontechnologygroup.com beckywong@auctiontechnologygroup.com Use case: they created a flag to target specific auctions using custom data (with the auction ID). They want to have results regarding these specific auctions, but when breaking down with the custom data, they don't have access to the specific auctions they targeted. Client needs: use Custom data with specific values to breakdown results -- Marie LemaireCustomer Success Manager SeniorTel. +33 6 76 78 26 58www.kameleoon.com1251 Ave. of the Americas10020 New York For some experiments, we need to have the exit rate of this page (thanks to a regex of the URL).This conversion can only be done once the session is over, if and only if the latest page seen in the session is this page. Some customers asks us to set up an exit rate (to measure the customer leaving the website and not only the landing page). The existing Retention rate is not enough for some customers. Often asked by our customers :) This goal is necessary to be able to measure the impact of the planned optimizations on the exit rate. often ask by customers to avoid confusion with the bounce rate it would be super useful we often need to create this type of goals Not to have to code it would be nice",In Progress,,Roadmap
RP Sunset - UX improvements,We are exploring the addition of 'RP Sunset - UX improvements' to our roadmap. This initiative aims to address specific user needs and expand the platform's core capabilities.,Planned,,Roadmap
VOC RP,"Une meilleure visualisation des verbatims clients récoltés grâce aux différents widget.Aujourd'hui, je suis obligé d'aller dans la partie widget, de cliquer sur les 3 points pour exporter les résultats en format CSV, puis transformer la data pour ranger correctement en colonne.Ce serait top un dash dédié dans la visualisation des résultats du test :) Important for my client - samsung",Open,,Roadmap
Custom Bucketing Key,"A **custom bucketing key** will allow you to control how users are consistently assigned to variations based on a user-defined identifier rather than the default one \(visitor code\). This is especially useful when your customers such as agencies \(or certain applications\) need to group users differently than the default logic for example, by account ID, session ID, device ID, or any other relevant key in your business logic. By using a custom bucketing key, you ensure that the same entity \(e.g., a company or group\) always gets the same variation, even if individual users change or switch devices. Its also helpful in B2B contexts where features should be rolled out at the **account level**, not the user level. This flexibility gives you greater targeting precision, consistency, and control in your rollouts and experiments.",Complete,,Roadmap
"Redesign access management pages (login, signup, error pages, activation form, MFA)","Release redesigned access management pages \(login, signup, error pages, activation form\) with no critical regressions post-launch. - Admin Menu Redesign - Access Management Redesign",Complete,,Roadmap
Redesign notification emails,"Release redesigned notification emails for all flows under squad scope, with consistent design system usage.",Open,,Roadmap
At least one new native MFA method or SSO provider,We are exploring the addition of 'At least one new native MFA method or SSO provider' to our roadmap. This initiative aims to address specific user needs and expand the platform's core capabilities.,Open,,Roadmap
Document a long-term strategy for refactoring roles and permissions (including phased delivery plan),"User placed a request for a user role, which is limited to only reporting reading, all other functions of changing the report / experiment setup / data set up should be switched off. In the case of DA Direkt, a user clicked on ""re-set the data"" and deleted all the experiment data.",Open,,Roadmap
Progressive Rollout for Web Ex,so my client Stickerapp Has a use case where she wants to progressively increase her traffic exposure on an experiment ( just like the progressive rollout for feature flags) without having any SRM issues ( I already explained to her why SRM happens etc plus mentioned MAB etc but it wasn't what she needs) So potentially have a progressive delivery option and a rollout back section for web experiments,Under Review,,Roadmap
Admin BO - Automatic deactivation date option,Admin Back-office - Automatic deactivation date option,Complete,,Roadmap
Microsoft Planner integration,We would like to have a new bridge with Microsoft planner (similar to effective expriment),Closed,,Roadmap
Simplification Roadmap,"New Text Editor: Responsive Size: Header Redesign: Responsive Sizing: New Text Editor: Multi-Selection (PoC): Auto-resize Texts & Heading: Force Device Display: Single-click selection POC: In the widget studio, I would like to have an option to manage the position of the text within a block. This is especially needed when you want to place a text in the middle of a banner for example. Additional comment : the text area could adjust automatically depending on the content itself. There are simply too much ""stuff"" to do when creating widgets. Inline editing (size adjusting) will help to make it easier to create and modify widgets. This is a ""must-have"". Today alignment is very difficult based on the text elements not being set to the same size as the actual text. The textbox should also have a feature for adjusting height and width just by dragging it either in the vertical or horisontal line or both at the same time from the corner",In Progress,,Roadmap
Glassbox - Browser JS Tracking 2.0,We are exploring the addition of 'Glassbox - Browser JS Tracking 2.0' to our roadmap. This initiative aims to address specific user needs and expand the platform's core capabilities.,Complete,,Roadmap
Data warehouses Query Testing,"As we are starting to use the snowflake integration with Vertbaudet, we would like to have a view in the kam dashboard of what has been imported and if the table structure is correct. We can imagine to show data for the first lines for example. We currently have no accessible information on the success or failure of the bridge. Better real time data allows us to use more goals in Kameleoon, conduct better QA and run more tests. Right now we have a delay between test launch and data acquisition",Complete,,Roadmap
"Migrate Redshift, Snowflake, Snowplow, Bigquery to new architecture","Execute the 'Migration of Redshift, Snowflake, Snowplow, Bigquery to new architecture' to ensure system stability, performance improvements, and access to new architecture.",Complete,,Roadmap
Data warehouse improvement for audience targeting,We are exploring the addition of 'Data warehouse improvement for audience targeting' to our roadmap. This initiative aims to address specific user needs and expand the platform's core capabilities.,Open,,Roadmap
"Custom abort script (in project config, in app)",## **Feature short Adding the custom abort script feature in app \(currently it's only from the admin Back-office\). --- ##,Planned,,Roadmap
Advanced scheduling options,"Hello Putting this in for my client Alternative Airlines.They requested wanting to have similar scheduling capabilities that exist on personalization, for web experiments.For example he has a use case where he wants to run a test only from Monday to Wednesday for about a one month period. With the current scheduler, it's complicated because you can enter only one start or stop date. What he sees is a possibility either to combine multiple start and stop dates, or to build something like the screenshit below",Open,,Roadmap
Native SSO SAML/OIDC integration,"## **Feature short Enable native integration with any Single Sign-On \(SSO\) provider by supporting standards-based authentication protocols \(e.g., SAML, OAuth, OpenID Connect\) and offering flexible configuration options. This would allow the product to work with a wide range of identity providers without requiring custom development for each one. Like notion. --- ##",Open,,Roadmap
Piano integration to retrieve AI heatranges,My customer Grain de Malice would like to be able to retrieve the IA heatranges in Piano,Open,,Roadmap
Splio integration,"Integration with Splio:-to send data exposure events-to send form data (email subscription, NPS)-to get segments/audience from splio",Open,,Roadmap
Widget Simulation,"Check Survey Data in Simulation: Add URL field + save last configuration: Hello, In Widget Studio, when using the survey data method, we are required to publish the widget (publish the experiment online) to validate that data collection is working properlyIt would be beneficial to be able to validate this functionality directly from Widget Studio or, at least, in a test simulation",Complete,,Roadmap
Recently trashed elements,"Pain Point: If someone deletes an asset, it disappears from the dashboard. There is no way for me as a user to get it back. I have to rebuild it, which is incredibly annoying and time-consuming. This can happen quickly, especially in accounts with several projects, modules and many users with access. Solution: Solution: Trash folder containing all deleted assets. The assets are automatically deleted after 30 days. This means that an uninterested customer has no extra work. An interested customer can correct their mistake and restore the asset. It then reappears in the regular dashboard and can be processed further. The asset is finally gone after deletion from the trash. Role model: Apple iPhone picture app.",Open,,Roadmap
Admin BO - Limits - Number of projects,Admin Back-office - Limits - Number of projects,Complete,,Roadmap
KPI-Centric Dashboard for Business Outcomes,"I dont want to dig through each test I need to see which experiments actually moved my KPIs \(e.g. add-to-cart, revenue\) across campaigns and time. **Opportunity \/ Feature**: - Allow selection of a key metric \(e.g. revenue per visitor\), then show **which experiments increased or decreased it**. - Add ability to **track business KPIs over time** and flag meaningful change moments. - Add summary blocks that say: Get the % up/down lift of tests (globally) within the dashboard, with period selection.Today is quite difficult to know exactly what are the benefits of testing (off course we know), but, could be good idea to have some kind of CRO lift from a period, on dashboard. This will help us convert our teams of testing interest. As a user, I want to track the exit rate of my visitors on specific URLs as it is a very important indicator for my AB test performance Now that we are going to have the revenu per visit/visitor column available, it would be great to have the potential uplift available for each experiment Critical ideas for Audience :- Display the uplift on the main KPI (next to the conversion rate)- Ability to choose a period of time- ability to select the experiences we want to take into account or not- abitlity to have details by site code- take into account all the experiences, including the archived ones and the one that ran classic before beeing deviated (in which case we would only consider the period during which the traffic was not deviated) In case of some AB-tests we run, it would be very helpful to know if a test feature makes our users stay longer or shorter on the page. Today Andience is not usable, it is critial to be able to :- Display the uplift on the main KPI- Ability to choose a period of time- ability to select the experiences we want to take into account or not- abitlity to have global results on all sitecode- take into account all the experiences, including the archived ones, the stoped ones, and the one that ran classic before beeing deviated (in which case we would only consider the period during which the traffic was not deviated)- add data such as ""number of connexions"" ; ""number of experiments created"" ; ""number of tests launched"" ; ""number of running expermient"" ; ... We would like to have calculations in the results dashboard that outweigh an increase in conversions vs. a decrease in AOV (or vice versa). In the experiments dashboards, by hovering on an experiment, we can display a popup preview of the setup (traffic allocation, targeting, goals, etc....) For experiments that have results, it would be super great to add in this popup the results on the primary KPI with statistical significance so we can see right from the dashboards the results instead of needing to access the detailed result page It'd be great to have quick access to results data from the experiments page : have info in the on hover on the i or being able to apply filters according to the test results (significativity, nb of visits exposed etc) For an Enterprises it is critical to analyse total result for the experiments on a monthly/quarterly/yearly basis, for now client have to create a pivot table with all experiments. We need a dashboard with summary data for all launched experiments: 1) Impact on key metric with a breakdown: WE, FF, Perso. We need to have an opportunity see the impact on the conversion (it would be working for Banks) and revenue (as we have on Audience). Also it would be nice to add more than one key metric. 2) Total amount of the experiments per period, how many has the result by primary goal, how much doesn't, how many users were on the experiment, total CR for a wining Variation and reliability. We could also add the most successful test per period. This 2 points is critical for a TOP management to evaluate team performance. 3) The amount of test live and the segments are using on this tests (will help identify intersections and also mark free segments). 4) It would be great to have an ability to manage/filter the data by tag/time or product (for example by key metric) Important because this would be the first page a client would see about their key metrics regarding experimentation :)",Open,,Roadmap
AI Summary of Learnings Across Multiple Experiments,We are exploring the addition of 'AI Summary of Learnings Across Multiple Experiments' to our roadmap. This initiative aims to address specific user needs and expand the platform's core capabilities.,Open,,Roadmap
Subscription Revenue and LTV Tracking,We are exploring the addition of 'Subscription Revenue and LTV Tracking' to our roadmap. This initiative aims to address specific user needs and expand the platform's core capabilities.,Open,,Roadmap
MailChimp Integration,"One of my client has MailChimp as CRM. For them, it would be nice to have an integration in Kameleoon to be able to send data (from widget studio for example) directly in this CRM without coding or doing a custom link.",Open,,Roadmap
PBX : bullets points in prompt,"On PBX, I have had this feedback from multiple clients : the ability to add bullet points in our prompts, put some elements in bold etc. It would be very helpful when you have very long prompts",Open,,Roadmap
Edit prompt for image generation,"In AI builder When an image generation is requested and you're not satisfied with either of the two proposals, there's no way to modify the prompt or notify that you're unhappy with the result: you have to click on one of the two proposals.Would it be possible to add a CTA to modify/clarify/return to the prompt? It would be interesting to add a STOP button in PBX, which would allow you to completely stop the search based on your prompt. And if it gives you a choice between two photos, for example,add the option to say none, and restart/modify your image search.Overall, I find that once you're committed to your use case, you don't have much of a way out.",Open,,Roadmap
Improve accessibility of websites,"Yesterday, during the CSM ritual, Pauline and Maddy gave us some feedback on the Contentsquare DX Summit (EAA). So I was curious to see what Electra had to offer. While testing a slightly limited prompt on Accor, I got some initial results on the site's accessibility. Perhaps some of you have already tested this too? Even if that's not the idea, there may be something to look into, given the current context. I don't know how reliable it is.",Open,,Roadmap
Adobe Analytics Server Event Streaming,I have one important client that needs this integration to lauch ab test requested by Vertbaudet,Open,,Roadmap
GA4 Server Event Streaming - make endpoint selectable,"Client Coop NorgeLogin: joachim.furuseth@coop.no Coop No made the following request/comment regarding GA4 event streaming:Please make the MP API host and endpoint user selectable. Advanced clients like Coop use a tagging server (we use server version of Google Tag Manager), and we don't want to send event data directly to /mp/collect, but via our own server.It should also be possible to send via region1 for EU clients (for clients without server side tagging), but maybe you have this behind the scenes?This integration uses Kameleoons event dispatcher to send server side events to your Google Analytics 4 account in batches using the /batch endpointTo my knowledge, /batch endpoint is no longer supported for MP (GA3). Standard endpoint is /mp/collect.Thanks in advance,Christelle-- Christelle RegazzoniTechnical Account Managerwww.kameleoon.com4th Floor, 95 Gresham StreetLondon, EC2V 7AB",Open,,Roadmap
Yandex Metrica,"Due to high demand for data comparison with Yandex Metrica and strong interest from Russian clients, I propose an official integration to resolve frequent client data queries. This includes clients like Kaspersky, despite them not being in the Russian market",Open,,Roadmap
Attach HTML with Code independently of the element,Customer suggests: The ability to attach HTML code directly to certain CSS selectors without having to use the element picker in the Graphic Editor.,Open,,Roadmap
Automatically select GE created goals to the experiment,add automatically the goal to the experiment parameters when the client creates a click tracking with the Graphical editor,Open,,Roadmap
Switchback experiments,"During pre-sale negotiations, we encounter requests for switchback. Clients report that this can solve the problem of experiments where a network effect may appear. Read more in the article by our competitor - https://www.statsig.com/blog/switchback-experiments Also harbr",Open,,Roadmap
Mandatory hypothesis for experiments,"Make it mandatory to comment each campaign when it is created, to add the starting hypotheses + to comment each objective, and how they trigger, when it is created. So that KAI can take into considération its comments when analyzing the results of a campagne, and to propose relevant recommendations (today, without information on how the goals trigger, its analyses are superficial or even beside the point).",Open,,Roadmap
Data warehouses topics,We are exploring the addition of 'Data warehouses topics' to our roadmap. This initiative aims to address specific user needs and expand the platform's core capabilities.,Open,,Roadmap
Undo capabilities,"Feedback PBX from Fossil: Have an ""undo"" button, an arrow to remove certain changes or be able to go back to a previous version ""It would be great to have an undo button, because when I asked it to undo the recent changes - it did not bring it back the same.""",Open,,Roadmap
"Custom data: Allow 0-1 for Boolen, with True/False","Allow the use of '0' and '1' in custom data type Boolean.For now, boolean Custom Data only allow 'true' or 'false'.",Closed,,Roadmap
Compare Tab Improvements,"On the NEW Result Page : In the Compare tab, we can display a graph and if, in the goals of our test, there is an ""Revenue"" goal, then we have the following information:- Revenue per visit on xxx- Conversion rate on xxx- Average cart on xxxI have a client who has a value in this graph which breaks and distorts the scale of his graph because the value is too high.He'd like to be able to hide one of these 3 values separately from the others (Today it's possible to uncheck each goals, so it hides all 3 at once)if you need to check infos : Account : prixa.phrasathane@verychic.comID : https://app.kameleoon.com/experiments/newResults/290446/overviewGoal : New CA From Cedars-Sinai: ""On the Compare view within the new reporting screens, it would be quite helpful to be able to sort that first Metric on Goal column as well as be able to expand its width. I have a couple tests running at the moment that have some sequential metrics and it would be very nice to be able to see those in order (either alphabetically, or in the order I have them added to the experiment). For example this is the only view Im able to get at the moment for these tests: For the second screenshot, with Neuro/Ortho, I cant even tell which one says Primary and which one says Secondary due to the formatting.""",Closed,,Roadmap
Stop button to interrupt the execution,"**Problem summary** The problem is that customers do not have an easy way to stop or interrupt a prompt or search once it has started, other than reloading the page. They are requesting a dedicated stop button to give them more control over the process. **Desired outcome** Customers are requesting the addition of a stop button that allows them to halt the prompt or search process in PBX without needing to reload the page. This feature would enable users to immediately stop an ongoing action if they make a mistake or wish to cancel their request. Reformulate the prompt: Edit prompt when the analysis has been stopped. Fake Stop button for 5s: Stop button while PBX is running: It would be interesting to add a STOP button in PBX, which would allow you to completely stop the search based on your prompt. And if it gives you a choice between two photos, for example,add the option to say none, and restart/modify your image search.Overall, I find that once you're committed to your use case, you don't have much of a way out. It would be interesting to add a STOP button in PBX, which would allow you to completely stop the search based on your prompt. And if it gives you a choice between two photos, for example,add the option to say none, and restart/modify your image search.Overall, I find that once you're committed to your use case, you don't have much of a way out.",Open,,Roadmap
Image generation : generate more image,"Generate more images: Modify prompt image generation before new image generation: Add an extra step when the user click on ""regenerate"", while user is on the image generation pick element. The user should be able to edit the previous prompt used to create the other images. It would be interesting to add a STOP button in PBX, which would allow you to completely stop the search based on your prompt. And if it gives you a choice between two photos, for example,add the option to say none, and restart/modify your image search.Overall, I find that once you're committed to your use case, you don't have much of a way out.",Under Review,,Roadmap
ActiveCampaign Integration,"During a demo, the prospect asked for an integration with the tool Active Campaign: https://www.activecampaign.com/ ActiveCampaign offers email marketing, marketing automation, sales automation, and CRM functionality.",Open,,Roadmap
GTM improvements,"When creating a new Custom Data using GTM as the acquisition method, it would be nice to be able to add a variable name containing "".""For example, if the variable name is ""page.Name"", I currently cannot use GTM as the acquisition method and need to use the Kameleoon Activation API to set the Custom Data even if the customer is using GTM. GTM Custom data retrieval with native Kameleoon feature should offer the ability to take the last value of the dataLayer (For example when on SPA website the datalayer is not cleared from page to page and we can have multiple pageType in the dataLayer object, we want the last value not the first value.Also, sometimes Kameleoon loads faster than the datalayer so it would be great to have a way to manage those cases on SPA, because the previous datalayer is already loaded but the new events are not there yet so Kameleoon will take the first pageType. We have an example on Graham &amp; Brown website.",Open,,Roadmap
Digital Asset Management Integrations,"Have a folder where I can easily upload files/assets in Kameleoon to manage them.""File/image library""-&gt;integration with scaleflex DigitalAssetMangement (DAM) technology.It is easy to integrate, you can call a popin or an iframe to add a element or get a image source link.",Open,,Roadmap
Quick view of A/B Tests and Personalizations schedules,"When you're planning a campaign, it's not easy to find the scheduled dates. Can we add to the Hover from dashboard, the details of planned go-live dates? + in the finalization flow after planning, here's what it looks like: Planned for today's date, which is confusing because it's not the planning dates that appear. Dans le dashboard des A/B, perso --&gt; afficher dans le tooltip au hover les plannings &quot;date début&quot; / &quot;date de fin&quot; et les heurs ?",Open,,Roadmap
Test your segments before experimenting,"He finds the Simulation panel not reliable - they are using a cookie to QA directly on live tests He doesn't like the segment builder, he thinks that the overview is messy and impossible to understand, he is happy about the redesign and also suggests adding a url/segment tester: you can enter the url of your website and it will tell you if you're targeted or not without having to use the simulation for it",Open,,Roadmap
Activity - Events about deletion,"Pain Point: If someone deletes an asset, it disappears from the dashboard. The disappearance is not logged anywhere.If I know the ID/link to the asset, the best I can do is try to call it up and then get an error message. This gives me certainty that the asset is gone. But I don't know which user deleted it and when. Solution: Solution: there is an account activity stream which contains many events. However, the delete event doesn't exist. If it would appear here, there would at least be some data on the asset that could be used for an internal search.",Open,,Roadmap
See generated code for all statuses of the experiments,Being able to see the code of a stopped experiment without having to duplicate the experiment-&gt; VandenBorre-&gt; Eram,Open,,Roadmap
Experiment Repository – Discover and Filter Past Tests,"A dedicated space to easily browse, search, and filter through all completed experiments. This repository would help teams quickly retrieve any past test based on metadata like goal, creator, tag, date, or outcome. Ideal for avoiding duplication, reviewing execution history, and sharing results across teams. **Key Capabilities:** - Powerful filters \(status, owner, date, tag, metric, project\) - Search bar to instantly locate tests by keyword - Sort by recency, impact, or team - Full metadata: goal, variation names, duration, creator - Quick links to experiment detail pages - Bookmark or star favorite experiments for easy reference **Goal:** Ensure users never lose track of whats been tested, by whom, and what the outcome was improving knowledge sharing and test governance. Can we export a list of live experiments from Kameleoon? We would be looking for the following to be exported add also filter by field. ie only pull current live experiments: Experiment name, Experiment type, Status, Edited, Tags, creator, created, launched, project name (can we add project Id), main goal, targeting (can we add feature flag used)? It'd be great to have quick access to results data from the experiments page : have info in the on hover on the i or being able to apply filters according to the test results (significativity, nb of visits exposed etc) Filter the results of an experiment by visited page URL using a ""contains"" condition, instead of the ""exact match"" condition. This would allow to filter a collection of pages that for example are associated with a specific product, when the test is performed for many products simultaneously.Currently, with ""exact match"" this is not possible, as the URL parameters are considered in the visited page URLs, where there are countless variations of these parameters. Hello, I need filter options on the result page with ""contain"" because we have conducted an experiment for showing product USPs on different product detail pages. Now I need to analyze the results for each product series individually and therefore have to paste more than 100 URLs into the filter ""visited page url"" instead of just using one contain-option. Please develop this feature as soon as it is possible! Thank you",Open,,Roadmap
"Experiment Playbook – Insights, Summaries, and Next Steps","A high-level, insight-driven page that transforms your past experiments into digestible takeaways, visual trends, and strategic suggestions. This space is designed to help teams understand what consistently works, identify patterns, and get inspired with ideas for new tests all without having to dig through data manually. **Key Capabilities:** - Key highlights \(win rates, top performers, biggest uplifts\) - AI-generated takeaways across multiple experiments - Campaign suggestions based on what hasnt been tried - Trend charts \(e.g. win rate over time, themes tested\) - Benchmarks vs. industry or internal teams - Gamified elements - Optional audio summaries for quick briefings **Goal:** Help teams move from raw data to **insight and action**, making experimentation smarter and more strategic across the organization. In the experiments dashboards, by hovering on an experiment, we can display a popup preview of the setup (traffic allocation, targeting, goals, etc....) For experiments that have results, it would be super great to add in this popup the results on the primary KPI with statistical significance so we can see right from the dashboards the results instead of needing to access the detailed result page My clients submitted an idea regarding the result page: We would like to use the Kameleoon Dashboard more intensively. Currently we're only exporting the data, and analyze it in Excel. A view changes in your dashboard it could help us immensively:- Dynamic processing of test results in the tool itself (test dashboard)- Other visualization preferred, this is not something you could pass on without editing- If you could convert the results of a goal into a bar chart or pie chart and enter whether it is significant and a winner directly in the tool-&gt; this would help us to make the process of the conclusion easier and faster Important because this would be the first page a client would see about their key metrics regarding experimentation :)",Open,,Roadmap
Teams - Snippet tagging,"**Snippet Tagging** Additionally, we will implement a Snippet Tagging system that allows Super Admins to create distinct scopes within a website using the Kameleoon snippet. Each webpage containing the Kameleoon snippet can be assigned a snippet tag key. This key ensures that only campaigns created by the team with the matching key will be loaded on the page. This feature provides customers with the ability to segment their website by assigning different snippet tag keys to different pages, effectively managing which teams campaigns are active on specific parts of the site.",Open,,Roadmap
"PBX Free trial, Starter & Enterprise plans","We are exploring the addition of 'PBX Free trial, Starter & Enterprise plans' to our roadmap. This initiative aims to address specific user needs and expand the platform's core capabilities.",Open,,Roadmap
Guardrail Metrics,"In case of some AB-tests we run, it would be very helpful to know if a test feature makes our users stay longer or shorter on the page. The client would like to have more non-binomial metrics to use as goals or in the reporting such as: Average time spent on site Average pages/session Average time on page",Open,,Roadmap
Product Impact Map,"Impact Maps provide a visual representation of where experiments are affecting the product literally mapping test results to the UI surfaces, journeys, or modules they impact. Instead of digging through tables, teams can instantly see which parts of the product are being tested, what changed, and whether it worked.",Open,,Roadmap
Changes highlighting in the preview,"Enhance platform visibility by implementing 'Changes highlighting in the preview', providing users with deeper insights and actionable data.",Open,,Roadmap
Common guidelines for prompt,"For the new PBX editor: having a site-related or project-related memory might be useful. For example if in one session someone says ""Please never use green"" or gives some kind of important thing to always remember for the future, then future sessions could benefit from remembering that context from previous sessions. It could also allow Kameleoon staff to anticipate and configure PBX when a new client is getting set up, teaching PBX to avoid problematic technical problems on their sites as well, which would enhance the quality all of the PBX sessions the clients then go on to do in that project (e.g. we could tell it this site is an SPA so to generate JavaScript code that continues to check if the change needs to be applied again and reapplies it if needed).",Open,,Roadmap
SPA and dynamic websites management,"For the new PBX editor: having a site-related or project-related memory might be useful. For example if in one session someone says ""Please never use green"" or gives some kind of important thing to always remember for the future, then future sessions could benefit from remembering that context from previous sessions. It could also allow Kameleoon staff to anticipate and configure PBX when a new client is getting set up, teaching PBX to avoid problematic technical problems on their sites as well, which would enhance the quality all of the PBX sessions the clients then go on to do in that project (e.g. we could tell it this site is an SPA so to generate JavaScript code that continues to check if the change needs to be applied again and reapplies it if needed).",Complete,,Roadmap
Environment-Specific Integrations,Ability to toggle and configure integrations separately for each flag environment,Complete,,Roadmap
Contextual Bandit for FE,We are exploring the addition of 'Contextual Bandit for FE' to our roadmap. This initiative aims to address specific user needs and expand the platform's core capabilities.,Complete,,Roadmap
New Simulation panel,"A brand-new simulation panel with enhanced features, supporting advanced use cases like triggers and feature experiments, and now isolated via Shadow DOM for seamless integration\!",Complete,,Roadmap
Custom Attribution Window for FE,"This features allows users to define a custom attribution window for their flags, ensuring experimentation metrics align with their business needs.",Open,,Roadmap
Community page,"A community page where PMs, Marketers, Devs, whoever from different companies can exchange ideas about experimentation",Open,,Roadmap
Dark theme for the app,"yes! YES. Must have. Everything else is dark-mode, opening kameleoon is like being hit with a flashbang As loreena already mentioned it would be very eye-friendly. Kameleoon is one of the few products / pages i heavily use in my daily business and it always feels like a flashbang opening the interface. Working for hours in the code editor could be much better with dark mode. working for hours in the code editor could be much better with dark mode",Open,,Roadmap
Integrations filters on Kameleoon Dashboards,"Provide seamless integration capabilities for 'Integrations filters on Kameleoon Dashboards', allowing users to synchronize data and streamline workflows.",Complete,,Roadmap
Integrations Page Redesign Lot 1,"Provide seamless integration capabilities for 'Integrations Page Redesign Lot 1', allowing users to synchronize data and streamline workflows.",In Progress,,Roadmap
Internal - Alerting and monitoring for DWH as dest & event dispatchers,We are exploring the addition of 'Internal - Alerting and monitoring for DWH as dest & event dispatchers' to our roadmap. This initiative aims to address specific user needs and expand the platform's core capabilities.,In Progress,,Roadmap
Enlarge prompt area,Create a functionality that helps adjust the size of the prompt field in PBX based on the lenght on the promptWhen you have long prompt it's a bit difficult to correct it. You cannot see the missing part and the selection is buggy,Open,,Roadmap
Auto update the documentation when new updates,We are exploring the addition of 'Auto update the documentation when new updates' to our roadmap. This initiative aims to address specific user needs and expand the platform's core capabilities.,Open,,Roadmap
Multi page improvement,"it seems it cannot take into account other pages than the one we are on. For example I wanted to bring a ""zoom on hover"" feature that exists on PDPs, into the PLP and it couldn't do it",Open,,Roadmap
Segment-Level Experiment Impact Visibility,"I want to understand which customer segments responded best to my experiments. I want to go beyond average lift and understand which customer segments actually responded to my tests: for example, how new users vs. returning users behaved, or how product category A vs. B performed. **Opportunity \/ Feature**: - Let users filter metric impact by **customer segments** \(e.g., device, geography, visitor type\). - Summarize performance per segment **in one view** possibly with AI-generated highlights. - Add segment filters to the **Metric-Level View** page. Now that we are going to have the revenu per visit/visitor column available, it would be great to have the potential uplift available for each experiment xxIn the audience dashboard, I would like to: - see the difference in conversion rate (uplift or decrease)- set a time frame for the data at the top (conversion rate, additional revenue generated and additional revenue potential), so I can compare performance by date range. Extend the audience dashboard with metrics like: - Total ideas - Velocity (total experiments) - Success rate (how many were positive, negative, inconclusive) and track / compare this per quarter Hello,Currently, we can not break down stats in the App Products based on device or visitor typology (new, returning), etc.--&gt; This enhancement is really important since it can allow us to advise clients accordingly about ways to improve their algorithms or the way they push reco product in general in their website.Do you think we could ask for these additions? It'd be great to have quick access to results data from the experiments page : have info in the on hover on the i or being able to apply filters according to the test results (significativity, nb of visits exposed etc) Client: Coop NorgeClient email: joachim.furuseth@coop.noNeed: Breakdown by product categories (on a revenue goal). Not possible with custom data as clients could buy products from different categories.Verbatim (from the client): ""A lot of the times we do experiments that cover many different product categories, and some times (a lot of the times) we use ""Transaction"" as a global goal. In those cases it would be very interesting to see how the impact is for specific categories. The idea of having it as custom data so that we could break it down in the results based on it is alluring. But... That would be impossible since one transaction can include multiple products from multiple different product categories.Image as inspiration, but as I mentioned above that would not be difficult since a category follows the item(s) purchased in a transaction, while the transaction itself as a goal is session based/visitor based:-- Marie LemaireCustomer Success Manager SeniorTel. +33 6 76 78 26 58www.kameleoon.com1251 Ave. of the Americas10020 New York Hello,We would like to be able to create targeting based on user-level behaviors, not just at the visit level. Specifically, we would like to target users who have completed a specific goal during any of their subsequent visits.Thank you,Pierre-Alexandre",Open,,Roadmap
Sharing learnings more easily across teams,We are exploring the addition of 'Sharing learnings more easily across teams' to our roadmap. This initiative aims to address specific user needs and expand the platform's core capabilities.,Open,,Roadmap
Re-apply the code for every page reload in PBX preview,"Enhance platform visibility by implementing 'Re-apply the code for every page reload in PBX preview', providing users with deeper insights and actionable data.",Open,,Roadmap
History save,"It would be cool to be able to save the last KAI search, if you change page or just have a period of inactivity you totally lose your search.",Open,,Roadmap
Goal creation by prompt,"AI goals : Create custom goals based on a prompts.This would be SUPER helpful!Example : trigger the goal when visitors click on the ""add to cart CTA"" only on PDPs of products for which url contains ""category-2"" and only for signed-in visitorsI'm sure this would be a quick win that would be extremely valuable! With PBX, when you want to create a goal from a change created by PBX itself, you can't using the configuration pannel. This is a feedback from a client beta testeur ""Maje"".",Open,,Roadmap
Targeting page update,We are exploring the addition of 'Targeting page update' to our roadmap. This initiative aims to address specific user needs and expand the platform's core capabilities.,Open,,Roadmap
Access 'old' code from previous version,We are exploring the addition of 'Access 'old' code from previous version' to our roadmap. This initiative aims to address specific user needs and expand the platform's core capabilities.,Open,,Roadmap
Suggest idea enhancements,UX redesign: Select only 1 proposition:,Open,,Roadmap
Attachement in history,"SVG: Show Images/PNGs in Chat HistoryCurrently, when using prompts that include image uploads (e.g. PNGs), the image isnt visible in the chat history. This makes it harder to review past prompts or understand what exactly was being referenced especially for follow-ups or QA.",Open,,Roadmap
ShadowDom Compatibility,"On the BetOnline website (https://www.betonline.ag/sportsbook), PBX is not fully compatible because of ShadowDom.",Open,,Roadmap
Figma design as input,PBX Intégration figma +++ intérêt pour Alexandre Perruche. Voudrait être beta testeur si possible,Under Review,,Roadmap
Always display JS and CSS code blocks,We are exploring the addition of 'Always display JS and CSS code blocks' to our roadmap. This initiative aims to address specific user needs and expand the platform's core capabilities.,Open,,Roadmap
Duplicate PBX experiments,"PBX feedback : Unable to duplicate a PBX test from the A/B dashboard--&gt; When clicking on the 3 dots --&gt; ""duplicate"" is not availableUnable to duplicate a PBX test from the A/B dashboardWhen clicking on the 3 small dots --&gt; duplicate is not availableThis can be useful when you have a test that works well and you want to reuse it as a basis for another test (prompted over it)",Open,,Roadmap
Goals in PBX,"At the moment with PBX, how do you create a goal on a change created by PBX itself ? This is a feedback from a beta testeur client : Maje They wish to be able to have suggestions within PBX for the metrics to track on a specific test. And let PBX create those goals. They mentioned that they would love to have qualitative goals such as Scroll depth",Open,,Roadmap
New attachment type in PBX,We are exploring the addition of 'New attachment type in PBX' to our roadmap. This initiative aims to address specific user needs and expand the platform's core capabilities.,Open,,Roadmap
Widgets Dashboard Card View,"Enhance platform visibility by implementing 'Widgets Dashboard Card View', providing users with deeper insights and actionable data.",In Progress,,Roadmap
AI-built regex in Trigger builder,Clients struggle to build regex for the targeting and we usually do that for themCan we add AI to build regex based on a set of URLs directly into the segment builder?,Open,,Roadmap
Flag Comments,"![](https://pb-files.s3.amazonaws.com/production/attachments/d0ae81bbd15b3f84ba7b0b5abdea6c67505e66ca5cbc3746a725749fef1cb3a9/image.png) **Problem \/ Need** Feature flags are collaborative, but today theres no native place to discuss them. Teams rely on external tools \(Slack, Jira, email\), which fragments context and makes it hard to track decisions at the flag level. **Solution** Bring a simplified version of the **Graphic Editor comment mode** into **Feature Experimentation**. **Details** - Add a **new fourth icon** in the top header to access comments. - Comments open in an **overlay.** - Display comments in **reverse chronological order** \(newest first\). - Support **threaded replies** to comments - Show an **indicator for unread comments \(Planned for v2\)** - Users get **email notifications when mentioned**. **\(Planned for v2\)** **Value \/ Impact** - Creates a shared message board per flag, ensuring decisions and context are documented. - Reduces context-switching between external tools. - Improves collaboration across product, dev, and QA teams. - Builds consistency with comment functionality already available in the Graphic Editor.",Open,,Roadmap
PBX - Agentic Architecture,We are exploring the addition of 'PBX - Agentic Architecture' to our roadmap. This initiative aims to address specific user needs and expand the platform's core capabilities.,Complete,,Roadmap
Dynamic Sites Render,We are exploring the addition of 'Dynamic Sites Render' to our roadmap. This initiative aims to address specific user needs and expand the platform's core capabilities.,In Progress,,Roadmap
Image Fill Mode,"Is it possible to change the zooming of an image on the image element from the studio widget (using existing criteria for managing an image background on a block element, for example)?",Complete,,Roadmap
Enhanced Timer Event,It will be nice to be able to combine the timer event in the widget studio along with animations.The behavior today doesn't allow for this possibility which is quite frustrating for some clients : Notably simplyCook,Complete,,Roadmap
Experiment level script (for goal trigerring),We are exploring the addition of 'Experiment level script (for goal trigerring)' to our roadmap. This initiative aims to address specific user needs and expand the platform's core capabilities.,Open,,Roadmap
Move/duplicate variation in other experiment,"Sur PBX, on ne peut pas créer un test ABCD (avec plusieurs variantes). J'ai un cas client spécifique ou la cliente m'a demandé ceci : Pour pouvoir tester correctement différent design en interne, j'ai créé 3 AB Test avec les noms suivants :- [MBO] Nouveauté version Guillaume- [MBO] Nouveauté version bandeau- [MBO] Nouveauté version PBXSauf que finalement on va tester les 3 versions, peux-tu m'expliquer comment je pourrais regrouper ces 3 AB Test pour faire un seul ABCD Test donc avoir 4 versions stp ?",Open,,Roadmap
Language consistency in LLM answer/questions,We are exploring the addition of 'Language consistency in LLM answer/questions' to our roadmap. This initiative aims to address specific user needs and expand the platform's core capabilities.,Open,,Roadmap
Accurate display for non-responsive mobile websites,On some website the preview of the mobile version of the website is not working well. It's the case for Fnac.com https://www.darty.com/ and https://www.yves-rocher.fr/ It would be nice to fix this :),Open,,Roadmap
Image uploading from image library,Develop and support the 'Image uploading from image library' to enable developers to easily implement experiments and feature flags.,Open,,Roadmap
Voice to text,PBX : Prompting vocally,Open,,Roadmap
Simulation - Using difference colors for AND/OR conditions,"[TOOTBUS] Panneau de simulation :La cliente propose d'utiliser un code couleur sur le panneau de simulation dans la partie segment pour mieux faire la différence entre le ""ET"" et le ""OU"" sur chaque condition.",Open,,Roadmap
Simulation to direct show the first variation,"When clicking preview from Code editor or Graphic editor, make Variant 1 as the default variation to preview instead of Original. It takes time to keep changing variation when previewing. I know I can set 100% traffic to variation 1 to make it default, but sometimes I forget to revert the traffic split when I actually start the A/B test, and it sends 100% traffic to the variation.When previewing an experiment, it does not make sense to have Original as the default preview variation. Great to have it as an option but much better if the variant which is currently being coded, is the default variant to preview. When creating a code-based experiment, it would be nice if the SIMULATE button directly opens the currently selected variation. This would save a page load and the 2 clicks on the dropdown every time a change is made, since just reloading the open simulation doesn't seem to update the changes and clicking the button every time is necessary. Since there can be many code adjustments during the programming, these extra steps add up in time.",Open,,Roadmap
Select default view in Simulation,The client asked if he could save the default view of the simulation panel on the user level. Needs -&gt; he wish to have the simulation panel open to see details such as targeting conditions. But for the UX team the reduced panel is fine.,Open,,Roadmap
Simulation - Exclude all by default,"CSHS really like the feature to exclude all campaigns in the new QA panel: could there be an option to have this setting by default? Alternatively, if ""Exclude all"" is selected, could that parameter stick when sharing the QA link? Thanks!",Open,,Roadmap
Kameleoon Visitor code with GA4 experience_impression,"Integrate the Kameleoon Visitor Code with the GA4 experience_impression eventThis will be helpful for an easier/efficient capture of the Visitor Code for GA4. It doesn't make sense for it to have its own GA4 event because it would be essentially be firing at the same time as page views and that's a waste of event hits when you can integrate it with the existing pageview event.But when the Kameleoon Visitor Code has it's own dataLayer push, it opens the door for race conditions. The visitor code may not fire in time to be attached to a page view. For a GA4 user property, it only needs to be sent once and is persistent so there's no need for it to be triggered every time.",Open,,Roadmap
Independent Editing for Translated Widgets,"Is it possible to desynchronize the modification of elements on a popin translated into different languages? The size of text blocks, for example, should not be synchronized because the size of words/phrases is not the same. Widget Studio : Quand on a plusieurs langues : On peut avoir des taille de texte différentes Et si trop long on voit pas tout le texte sur certaines langues, soit c'est coupé / soit espace trop large--&gt; Pouvoir faire des configuration d'éléments par langues [TOOTBUS] Traduction widget studio : La cliente a créé un widget avec la traduction automatique mais selon les langues le texte est plus ou moins long et ne se place pas bien par rapport à tous les autres éléments (click to copy, CTA etc). Elle a donc dû essayer de trouver des tournures de phrases différentes selon les langues pour que la taille du texte soit similaire sur toutes les langues. Elle souhaiterait avoir la possibilité de modifier le widget pour chaque langue comme on peut le faire actuellement pour chaque device.",Open,,Roadmap
Multiple Widgets per Variation,The ability to add multiple widgets to a single page in the graphics editor. The limit is currently set at 1. The customer may need to rework several elements of a page (and not be able to use the site hierarchy to make modifications directly).,Open,,Roadmap
Improve Visibility of Translation Display Triggers,"Today, in the events part of the widget studio, we can change the display of the language based on the url instead of the browser language. It would be more ""logical"" for this feature to be in the ""Translation"" part of the widget studio. For example a dropdown or a toggle to choose if we want to base the language of the widget displayed on the browser language or on a url fragment ?Some of the clients don't know that it is possible to base on url.",Open,,Roadmap
PUT Method for HTTP Request,"it would be nice to have a ""PUT"" method in the widget studio to send the survey informations. Some clients only have PUT on their server. It would be nice to be able to send data with the PUT method in the widget studio. For now, we are only able to use GET or POST.",Open,,Roadmap
Auto-duplicate Associated Events When Copying Elements,"In the widget studio, when you duplicate an element such as a close button, the event is not automatically duplicated. Example: Petit Bateau id:mcelikadam@fr.petitbateau.comWidget; FR - COUNTDOWN LAST CHANCES A/B TESTI had to add a duplicate close button on the tablet and add the event to the ma",Open,,Roadmap
"Choose ""control"" variation on Finalization page","This feature allows selecting a control variation from the Finalization page of an experiment, allowing it to be used as reference on the Result page by default. They have highlighted the need during a business review. Having this feature enabled would allow users to see reliability on the overview page without having to make a manual change.",Open,,Roadmap
"""control"" variation from Original if Original is 0% in Allocation",This feature allows automatic change of the control variation if the Original variation is set to 0% traffic allocation. Also highlighted the need during a business review. Having this feature enabled would allow users to see reliability on the overview page without having to make a manual change.,Open,,Roadmap
Mother Duck Data warehouse integrations,The prospect is interested in a native integration with Mother Duck for as a source and destination.,Open,,Roadmap
Use of  native Capping capabilities,We are exploring the addition of 'Use of  native Capping capabilities' to our roadmap. This initiative aims to address specific user needs and expand the platform's core capabilities.,Open,,Roadmap
Code without previous version generated,We are exploring the addition of 'Code without previous version generated' to our roadmap. This initiative aims to address specific user needs and expand the platform's core capabilities.,Open,,Roadmap
Draw sketch rewanping,We are exploring the addition of 'Draw sketch rewanping' to our roadmap. This initiative aims to address specific user needs and expand the platform's core capabilities.,Open,,Roadmap
Selector selection as input,We are exploring the addition of 'Selector selection as input' to our roadmap. This initiative aims to address specific user needs and expand the platform's core capabilities.,Open,,Roadmap
Multiple image uploads,"Enable users to perform Multiple image uploads, improving data management and operational efficiency.",Open,,Roadmap
Diff summary + editor,"Improve the user experience with 'Diff summary + editor', making it more intuitive and efficient for users to configure their campaigns.",Open,,Roadmap
Integrated light graphic editor,"Nice to have - For the future of PBX Being able to modify a previously created experiment in PBX - either by calling the experiment ID in PBX, or by opening PBX over a graphic or code-based test.",Open,,Roadmap
Add to cart & transaction in custom variables counter,We are exploring the addition of 'Add to cart & transaction in custom variables counter' to our roadmap. This initiative aims to address specific user needs and expand the platform's core capabilities.,Open,,Roadmap
Automatically add goals used in the widget to the experience,"When I setup a goal conversion in the ""Events"" section of the widget studio and I add my widget to a campaign, It would be nice that the goal automatically gets attached to the campaign too.",Open,,Roadmap
Display widget ID,"On widget Dahsboard : https://app.kameleoon.com/widgets/dashboardCould we display the following when hovering over a widget:- The ID of the widget - The NAME &amp; ID of linked experiment / personnalisation --&gt; ""linked to x campaign""",Open,,Roadmap
Activity - more event details,"Today, we have access to a very limited history in the Back-office: it shows us WHO made a change and WHEN that change was made. However, several key pieces of information are missing: namely, WHAT was changed. I am well aware that not all data can be recorded, but as a priority, would it be possible to provide access to previous configurations (finalization workflow) for traffic distribution? And then for targeting information?These are the changes that give rise to SRMs without the possibility of checking before/after, apart from date ranges.",Open,,Roadmap
Custom data - Duplicate your custom data on other projects,Dashboard des Custom Data : Avoir la possibilité de sélectionner plusieurs Custom Data d'un sitecode A et de les dupliquer toutes d'un coup vers un sitecode Bajd le select multiple permet uniquement de supprimer les Custom Data,Open,,Roadmap
Product Categories In-Page Template,We could add a new template in the widget studio like in Decathlon nice to display different categories of product.,Open,,Roadmap
Equal Spacing Between Elements,It would be great to have a feature that allows equal spacing between inline-block elements in the widget studio. It's quite hard to handle harmonious spacing with multiple elements.,Open,,Roadmap
Slot Machine Template,We could have a new template for gamification like a slot machine in casino,Open,,Roadmap
Cart Reminder Template,A nice template to offert to customer,Open,,Roadmap
Archive Widgets,"I can't archive any widgets, so the list becomes challenging to manage.",Open,,Roadmap
Filter by custom integrations,"client : KasperskyUsecase: this client uses several custom integrations (Yandex and a custom GA4 integration among others), would it be possible in the dashboard filters by integrations to be able to choose a specific integration:Best,Christelle-- Christelle RegazzoniTechnical Account Manager4th Floor, 95 Gresham Street, London, EC2V 7ABwww.kameleoon.com|Book a demo",Open,,Roadmap
Hubspot Integration - Widget,"Ils ont des widgets créés via widget editor et veulent envoyer des infos à Hubspot. Notre inté ne suffisant pas, on avait trouvé une solution custom la dernière fois. Mais ça ne leur convient plus car trop manuel puisque le widget ID change au moindre changement. Est-ce qu'on a une meilleure intégration prévu dans la roadmap? Et est-ce qu'on a une meilleure solution à leur proposer? Sachant que leur test sont à 90% des widgets, j'ai bien peut que ça bloque un jour et qu'ils cherchent une meilleure inté ailleurs (chose qu'ils avait chez optinmonster)",Open,,Roadmap
Send Kameleoon goals conversion to DWH,"Asked by various clients Lululemon, Tchibo,",Open,,Roadmap
Daily Goal Conversion Chart,"Enhance platform visibility by implementing 'Daily Goal Conversion Chart', providing users with deeper insights and actionable data.",Open,,Roadmap
DinMo Cohorts,"Mon client (Karavel Groupe) me pose la question suivante, je me renseigne donc auprès de vous Ils creusent doucement le sujet de la personnalisation (qui arrivera quand ils pourront enfin setup le SDK de feature... je croise les doigts pour que ça soit fait d'ici janvier) Sur ce sujet de personnalisation, ils souhaitent passer par leur CDP &gt; c'est DinMo ( https://www.dinmo.com/fr/ ) Pour l'instant, il n'est pas dans le catalogue des intégrations. Apparemment ils ont une API qui se nomme sobrement ""personalization API"" : est-ce que c'est une inté qui pourrait potentiellement être intégré à la roadmap?",Open,,Roadmap
