id,feature_type,created_at,updated_at,name,description,state_name,releases,parent_id,parent_name,owner_name,tags,start_date,end_date,teams,Marketer,Product Manager,Developer,"",Business impact,User benefits,AB Tasty,Optimizely,Launchdarkly,VWO,Statsig,Eppo,Adobe Target,Split,Product Spec,Development,Design Assets,Effort in sprints,Strategic objective,React / Native 🔵,Flutter 🔵,Android 🔵,Go 🔴,Python 🔴,Node JS 🔴,PHP 🔴,C# 🔴,Java 🔴,JS/TS 🔵,iOS 🔵,Ruby 🔴,Released with Feature Flag,Adoption flow done,User testing done,Squad,=,% of users who tried after 2 weeks,Total effort in sprints,Main justification,Benefit Score,Ratio Benefits / Effort,Customers can self-onboard with our A/B testing platform priority,Customers can self-onboard with our A/B testing platform value,Address critical user pain points (cleaning) priority,Address critical user pain points (cleaning) value,Increase user engagement priority,Increase user engagement value,Build a very first MVP on Product Recommendation priority,Build a very first MVP on Product Recommendation value,Developers can install and operate Kameleoon without any external support priority,Developers can install and operate Kameleoon without any external support value,Demonstrate product/market fit for Feature Management priority,Demonstrate product/market fit for Feature Management value,Tech re-architecturing of our machine learning algorithms priority,Tech re-architecturing of our machine learning algorithms value,Add new ways of analyzing campaigns data priority,Add new ways of analyzing campaigns data value,Improve the success rate of our data existing solutions priority,Improve the success rate of our data existing solutions value,Make our existing AI solution usable in self mode by our customers priority,Make our existing AI solution usable in self mode by our customers value,Continue major tech-debt re-platforming effort priority,Continue major tech-debt re-platforming effort value,Provide the testing infrastructure to allow all squads to test and ship new features priority,Provide the testing infrastructure to allow all squads to test and ship new features value,Release with a minimal user impact priority,Release with a minimal user impact value,Increase developers engagement priority,Increase developers engagement value,Ensure our product is stable as it scales and we stretch our product lines priority,Ensure our product is stable as it scales and we stretch our product lines value, priority, value,#1  - Frictionless experience priority,#1  - Frictionless experience value,#2 - Needs of mature XP teams priority,#2 - Needs of mature XP teams value,#3 - AI-Innovation priority,#3 - AI-Innovation value,Finish all LOT 1 Capabilities priority,Finish all LOT 1 Capabilities value,Liliia: Ratio metrics priority,Liliia: Ratio metrics value,Alisher : Data query + missing stats. methods priority,Alisher : Data query + missing stats. methods value,Goal Metadata priority,Goal Metadata value,RP Satisfaction = Fix RP Design inconsistencies + Feedback priority,RP Satisfaction = Fix RP Design inconsistencies + Feedback value,Migrate Users RP: RP LOT 2: Add views and Comments priority,Migrate Users RP: RP LOT 2: Add views and Comments value,CSV File Widget priority,CSV File Widget value,Goal improvements with Graphic editor priority,Goal improvements with Graphic editor value,Live Events priority,Live Events value,Global alerts priority,Global alerts value,Opportunities in Alerts / AI Assist priority,Opportunities in Alerts / AI Assist value,Pre-built  segments: priority,Pre-built  segments: value,Statistical capabilities priority,Statistical capabilities value,Widget Studio in RP priority,Widget Studio in RP value,Statistical capabilities priority,Statistical capabilities value,Designer,SDK checklist
6783323,product,2021-01-25 16:18:13 UTC,2024-12-18 15:18:04 UTC,Web Experimentation,<p></p> ,Rejected,,,,Fabien DIMEGLIO,"",,,,,,,,,,,,,,,,,,,,,,,,,,,,,,,,,,,,,,,,,,,,,,,,,,,,,,,,,,,,,,,,,,,,,,,,,,,,,,,,,,,,,,,,,,,,,,,,,,,,,,,,,,,,,,,,,,
6783363,product,2021-01-25 16:19:45 UTC,2023-06-26 08:00:14 UTC,AI-Driven Personalization,"",Rejected,,,,Fabien DIMEGLIO,"",,,,,,,,,,,,,,,,,,,,,,,,,,,,,,,,,,,,,,,,,,,,,,,,,,,,,,,,,,,,,,,,,,,,,,,,,,,,,,,,,,,,,,,,,,,,,,,,,,,,,,,,,,,,,,,,,,
6783364,product,2021-01-25 16:19:48 UTC,2022-05-09 15:43:04 UTC,"Data, Common  & Infrastructure",<p></p>,Rejected,,,,Fabien DIMEGLIO,"",,,,,,,,,,,,,,,,,,,,,,,,,,,,,,,,,,,,,,,,,,,,,,,,,,,,,,,,,,,,,,,,,,,,,,,,,,,,,,,,,,,,,,,,,,,,,,,,,,,,,,,,,,,,,,,,,Tribe Marketers,
6786300,feature,2021-01-25 17:46:09 UTC,2021-07-16 13:06:45 UTC,Full-stack enhancements,"<p></p> ![](https://pb-files.s3.amazonaws.com/production/attachments/c986c80ccf7d0d4f46a2e9c6d2197e56dad92baf88287db157fe35451a5962a6/6A.jpg) Updates of all our server-side SDKs (Java, C#, PHP and NodeJS) and mobile Apps SDKs (Android, iOS) - Ability to [retrieve JSON](https://developers.kameleoon.com/php-sdk.html#obtainvariationassociateddata) data associated with a variation of an experiment. - Custom data targeting for experiments and feature flagging - Full support to [feature flagging and rollout](https://developers.kameleoon.com/php-sdk.html#activatefeature) with a dedicated interface to empower tech teams to safely deliver and control updates through feature flags. We bring with it [remote variables](https://developers.kameleoon.com/php-sdk.html#obtainfeaturevariable) control (JSON, string, boolean, number) and custom data targeting capabilities to release feature flags to group of users.   ",Released,,8692201,Feature Experimentation,Fabien DIMEGLIO,🙂 FF/SDK Squad,2021-03-01,2021-03-31,,,,,,,,,,,,,,,,,,,,,,,,,,,,,,,,,,,,Squad FM&E,,,3,,,,,,,,,,,,,,,,,,,,,,,,,,,,,,,,,,,,,,,,,,,,,,,,,,,,,,,,,,,,,,,,,,,,,,,,,
6786330,feature,2021-01-25 17:48:31 UTC,2022-05-17 16:14:49 UTC,Addition of global business KPIs to Audiences Explorer,"## 💁‍♂️ Problem/Context <u>**Description:**</u> As a marketer or a business manager, when I want to have direct insights on how much the use of Kameleoon brings to my business, I can't find these data on the platform. <p></p> - **Existing workaround:** Yes - **Workaround description:** Customers may ask for an Excel analysis to their CSM <p></p> <u>**Project justification:**</u> - **Project type:** Requested capability - **Justification:** Lots of customers are awaiting this feature  ## 💡 Solution - **Product package:** Personalization - **Product scope:** Audiences main dashboard - **User roles**: Marketers - **Design:**    - The top KPI block of the Audiences main dashboard will be reworked, to add these new KPIs (along with an explanation on each one, and how it is calculated) which will take into account a 1-year-period:     - Total revenue     - Revenue per visit     - Generated additional revenue     - Potential additional revenue <p></p> ![](https://pb-files.s3.amazonaws.com/production/attachments/f156365d050b5436d393def308771caf801e2c29a81ae32b61f9feb7ba640b38/BAPTISTE_Hover_Revenue_per_visit-test_-_6.jpg) ## 🎯 **Measuring Success** - **Goal 1:** use of the feature - **Success metric:** number of interactions from customers with this area of the Audiences main dashboard <p></p> - **Goal 2:** lighten the workload of CSMs - **Success metric:** number of custom requests from customers to consultants to have these data in an Excel file <p></p> - **Goal 3:** encourage package uplifts from customers who haven't subscribed to the Personalization package yet - **Success metric:** evolution of the AB customers subscribing to the Personalization package <p></p> --- ## 📄 Attached documents - **Figma file**: <https://www.figma.com/file/lGigCrp0q0fTlUf12FqsDD/US-10380---Revenue-KPIs-temporary-solution?node-id=0%3A1> - **Spec file**: <https://docs.google.com/document/d/1sJQtzp8gtqnF4Z0fy-yqs3-oWKv1PAfvSuQIw1GL3Ko/edit> - **Redmine ticket**: <https://project.kameleoon.net//issues/10380> <p></p>",Released,(Releases) rc95 - Audience Revenue KPIs temporary solution,9564706,Audiences,Tribe Marketers,"external, _⭐ Reporting Squad",2022-01-01,2022-05-15,,,,,,,,,,,,,,,,,,,,,,,,,,,,,,,,,,,,Squad Data,,,6.5,,,,,,,,,,,,,,,,,,,,,,,,,,,,,,,,,,,,,,,,,,,,,,,,,,,,,,,,,,,,,,,,,,,,,,,,Tribe Marketers,
6786331,feature,2021-01-25 17:48:32 UTC,2021-10-08 14:56:09 UTC,Predict Analytics - new workflow,"- Current predict page remains hidden and unchanged - From the ""Goals page"", we add one secondary action for goals where machine learning was activated. This secondary action is ""Check the learning"" and then it opens a chart for this goal (the one currently displayed on Predict page) - On the Audiences pages, we add some predictive segments easy to understand (""hot"" / ""cold"" ...) - No change on segment builder (except that we remove targeting condition ""conversion probability"") ![](https://pb-files.s3.amazonaws.com/production/attachments/de0bcbd7b0a8a7ce05813fbb4c69a7bd11f2b76a5d0e6ffdef3eb1e38b63375e/14C.jpg) <p></p>",Candidate,,9564716,IA,Tribe Data Analysts,Data Tribe,,,,,,,,,,,,,,,,,,,,,,,,,,,,,,,,,,,,,,Squad Data,,,10,,,,,,,,,,,,,,,,,,,,,,,,,,,,,,,,,,,,,,,,,,,,,,,,,,,,,,,,,,,,,,,,,,,,,,,,Tribe Data Analysts,
6786332,feature,2021-01-25 17:48:32 UTC,2022-02-02 21:33:07 UTC,New Widget editor,"Main User Benefit : Simplify widget creation / edition thanks to a wysiwyg editor - Visual editor for the creation of widgets from scratch - Library of ready to use widgets: pop-in, banners, countdown banner... - Easy management of created widget, with a widget dashboard page - Update of the logic we associate widgets in campaigns ![](https://pb-files.s3.amazonaws.com/production/attachments/10a0c54592bc8f5924a326d97bc9e31147da4b8c17f75909f092e3168e89ddb2/10A.jpg) <p></p> ![](https://pb-files.s3.amazonaws.com/production/attachments/c65d02042d0ea3d74f505f6045fac319ceb8910e6ba42ca4ecdae06e7c3ea2dc/Type_of_creation_(1).jpeg) <p></p> **Hypothesis driving this project** Marketers do not see the value of our existing widget library (and to some extend our personalization module) because widgets cannot be easily customized to their needs, so we expect that solving this problem will increase the overall satisfaction of customers with our Personalization module and increase our ability to convince marketers users during sales speech. <p></p> **Metric(s) and Baseline: How we will evaluate success** Baseline: number of predefined widgets used in production / month <p></p> Metrics to measure when the feature is released: 1. Number of widgets created 2. NPS satisfaction measured for personalization customers (Appcues NPS for personalization customers only) 3. Win rate against AB Tasty thanks to the new widget graphic editor <p></p> **Business Impact** - We expect to upsell more existing A/B testing customers to the Personalization module - We expect to increase our winning rate against A/B Tasty <p></p> **Problem Statement. What pain point(s) are we trying to address?**  - Today we provide a library of predefined widgets for marketers and a code-based editor to build custom widgets for developers. However, marketers can not simply create new widgets (eg. popin or banner) or adapt our existing widgets to their needs because we do not provide the right user experience or the right tools for that, so we expect that solving this problem will increase the satisfaction among our existing customers and improve our sales performance (especially when we are against AB Tasty)  <p></p> **How do people currently solve this problem? How do our competitors address this problem?** - They mainly ask our professional team to build custom widgets (with code) - Some competitors (Dynamic Yield or AB Tasty) provide a graphic editor or well designed widgets that can be easily customizable. <p></p> **What is the project type and our justification for doing this project?** - Requested capability among SMB customers with no access to a technical team. - Some customers churned by the past to AB Tasty because they offered a more adapted product to their needs. <p></p> **Jobs to be done**   <u>P0 “Must have”</u> - Graphic editor for Personalization customers only - library of predefined templates that a customer can use if he does not want to start from scratch <p></p> <u>P1 “Nice to have”</u> - Module that can be added as an add-on to A/B testing only customers - Ability to generate a HTML view (to embed on a mobile app as a webview). Requested by BPCE Customer) and would make sense for mobile apps customers. Dynamic Yield provides this option. - Additional components (countdown, tooltip, newsletter popin..) <p></p> **When do we expect to launch?** - End of January in production - A/B testing customers only will still be able to use the existing library of widgets. So no change/update for them. <p></p>",Released,,9564753,Widgets,Tribe Marketers,"external, Key Feature, 🙂 Perso Squad",2021-11-01,2022-01-31,,should have,not set,not set,,80,100,,,,,,,,,Completed,In progress,Completed,40,,,,,,,,,,,,,,,,,Squad Perso,,,13,,90,2.25,,,,100,,100,,,,,,,,,,,,,,,,,,,,,,,,,,,,,,,,,,,,,,,,,,,,,,,,,,,,,,,,,,,,,,,Tribe Marketers,
6786335,feature,2021-01-25 17:48:50 UTC,2022-03-08 13:53:28 UTC,Audience middle-term enhancements,<p></p> <p></p>,Candidate,,9564706,Audiences,Tribe Marketers,_⭐ Reporting Squad,,,,,,,,,,,,,,,,,,,,,,,,,,,,,,,,,,,,,,Squad Data,,,25.8,,,,,,,,,,,,,,,,,,,,,,,,,,,,,,,,,,,,,,,,,,,,,,,,,,,,,,,,,,,,,,,,,,,,,,,,Tribe Marketers,
6786338,feature,2021-01-25 17:49:34 UTC,2021-10-12 10:25:25 UTC,BPCE topics,Topics to determine dedicated to BPCE Customer.,Planned,,9564719,Autopromo Personalization,Tribe Marketers,🙂 Perso Squad,,,,,,,,,,,,,,,,,,,,,,,,,,,,,,,,,,,,,,Squad Perso,,,21.35,,,,,,,,,,,,,,,,,,,,,,,,,,,,,,,,,,,,,,,,,,,,,,,,,,,,,,,,,,,,,,,,,,,,,,,,Tribe Marketers,
6786348,feature,2021-01-25 17:51:36 UTC,2021-10-12 13:14:23 UTC,Alias for Site URL,"- Addition of a text input for the name on the website creation pop-in - Adaptation of overlays"" ![](https://pb-files.s3.amazonaws.com/production/attachments/c81aaa56b921e09acd61542f59a634c475c5fa47ed7d98b9f8fca299c4a824c7/2A.jpg) <p></p>",Released,,9973300,Sites,Tribe Marketers,🙂 Interface squad,2021-08-01,2021-10-12,,,,,,40,80,,,,,,,,,,,,,,,,,,,,,,,,,,,,,Squad Interfaces,,,4.5,,60,60,,,,80,,80,,,,,,,,,,,,,,,,,,,,,,,,,,,,,,,,,,,,,,,,,,,,,,,,,,,,,,,,,,,,,,,Tribe Marketers,
6786349,feature,2021-01-25 17:51:36 UTC,2022-01-25 11:28:59 UTC,Archive feature for AB & Perso,"Creation of a status ""Archive"" for Experiment & Perso in order to get a dedicated view to get rid of useless campaigns without deleting them and losing what was done. <p></p> ![](https://pb-files.s3.amazonaws.com/production/attachments/a3920a419730fae848171b796f16fddedcc0f80eaff5759bb84d31a24f4e8228/image_(2).png) <p></p> <p></p>",Released,,9564798,Common APP pages,Tribe Marketers,"external, 🙂 Interface squad",2021-11-01,2022-01-31,,,,,,40,60,,,,,,,,,,,,12,,,,,,,,,,,,,,,,,Squad Interfaces,,,7.25,,50,4.17,,,,0,,60,,,,,,,,,,,,,,,,,,,,,,,,,,,,,,,,,,,,,,,,,,,,,,,,,,,,,,,,,,,,,,,Tribe Marketers,
6786350,subfeature,2021-01-25 17:51:36 UTC,2025-03-18 10:23:53 UTC,Enhancements to the Simulation mode,<p></p> <p></p> <p></p> ,Development in progress,,22676392,Simulation Panel Redesign,Yassin Hassan,_⭐ Admin & Engine Squad,2024-09-30,2025-04-01,,,,,,40,60,,,,,,,,,,,,,#1  - Frictionless experience,,,,,,,,,,,,,,,,Squad Dev Tools,,,7.25,Reduce friction when using the simulation mode,50,50,,,,,,,,,,,,,,,,,,,,,,,,,,,,,,,,,,,,,,,,,,,,,,,,,,,,,,,,,,,,,,,,,,,,,Tribe Marketers,
6786351,feature,2021-01-25 17:51:36 UTC,2022-10-06 16:01:02 UTC,New account options in app,"## 💁‍♂️ Problem\/Context **Description:** As a client, I want to have access to my account options from my configuration pages and account parameters in the back office , so I can configure myself with common & simple options without having to call a consultant\. <p></p> Main actions: - Migration of several options from the BO admin to the BO client, in the configuration pages and in the account parameters for super admins\. - Move some non\-touchy options from the admin BO to the customer BO, so customers will be able to configure themself without having to call a consultant\. ![](https://pb-files.s3.amazonaws.com/production/attachments/27d2c6e5a8f3120fecb1d30c34f07b903ee171e3975846586d43580fdb993e31/4A.jpg) A list of the most urgent options to migrate was determined: - Use Single Page Support - Excluded IP - Use sharp in URL - 15 min http session - Enable extended security - Maximum password attempts - IP White List <p></p> - **Existing workaround:** Yes   <p></p> - **Workaround Description:** The client call a consultant to change his options\.   <p></p> **Project justification:** - **Project type:** Reduce the number of calls\/contact of clients only to change common options in their BO - **Justification:** Thanks to this feature, we can expect fewer calls than before\. Quote of Vanessa, CSM: > Some of them below would deserve to be migrated to the customer \(in terms of user comfort and flexibility for the user perhaps\): Excluded IP IP White List ## 💡 Solution - **Product package:**  Full\-stack - **Product scope:** On BO : parameter of sites \(site page\), parameter of the account - **User roles**: All expect consultant \(they have access to BO admin interface\) - **Design:** This is what the solution consists in for the parameters of the account: - On the BO, you click on the new section “Customer account settings” - On the pop\-in of the client account setting, there are 3 tabs <span data-preserve-white-space></span>     - Location tab <span data-preserve-white-space></span>         - with 1 option : **Timezone setting**\)     - Access to the account tab <span data-preserve-white-space></span>         - With option Maximal password attempts         - With option 15 min http session         - With option IP white list     - Password tab <span data-preserve-white-space></span>         - With the option Enable extended security         - With option Password regeneration   <p></p> This is what the solution consists of for the parameters of the site: - On the site page \(on admin\), A new subsection called “Advanced settings” just below the existing one “Global custom script” <span data-preserve-white-space></span>     - Advanced characteristics: Enable support for dynamic websites \(Single Page App, Progressive Web App\.\.\.\)     - Advanced characteristics: “Use the ""\#"" symbol \(instead of the default ""?""\) in all Kameleoon URL parameters”     - Advanced characteristics: “Exclude certain IP addresses from the results of your experiments”   <p></p> ## 🎯 **Measuring Success** - **Goal 1:** Onboarding, Customers can self\-setting with their parameters on the BO - **Success metric:** time spend by consulting teams to manage client setting decreased --- ## 📄 Attached documents - **Figma file**: [https:\/\/www\.figma\.com\/file\/0LkjtZXbSATo9gBo27jE3X\/US\-8807\-\-\-Quick\-addition\-of\-options\-in\-configuration\-pages?node\-id=463%3A224](https://www.figma.com/file/0LkjtZXbSATo9gBo27jE3X/US-8807---Quick-addition-of-options-in-configuration-pages?node-id=463%253A224) - **Spec file**: <https://docs.google.com/document/d/1Dr1IOXaa6eUcaz8ayOe24zm7pxyR6c3m-SBYJzfD3jA/edit> - **Redmine ticket**: <https://project.kameleoon.net/issues/8807> ",Released,(Releases) October 22 - Feature Release,9973308,Account settings,Tribe Marketers,"🙂 Interface squad, seminar",2022-02-01,2022-10-07,,,,,,,,,,,,,,,,,,,,,,,,,,,,,,,,,,,,Squad Interfaces,,,5.5,,,,,,,,,,,,,,,,,,,,,,,,,,,,,,,,,,,,,,,,,,,,,,,,,,,,,,,,,,,,,,,,,,,,,,,,Tribe Marketers,
6786352,feature,2021-01-25 17:51:36 UTC,2023-10-02 08:51:51 UTC,Advanced tools page redesign and migration,"- Creation of two different pages: one for custom data, another for the other tools - Pages based on others dashboard pages, with a filter sidebar\. ![](https://pb-files.s3.amazonaws.com/production/attachments/e261c8af3e5637e23c05ea916306d5ca71fea3424e3db957f6972205a4803dcf/13A.jpg) - Migration of all elements \(popups, creation steps, etc\) ",Released,,13286305,Advanced tool,Tribe Marketers,🙂 Interface squad,2023-02-01,2023-09-30,,,,,,,,,,,,,,,,,,,,,,,,,,,,,,,,,,,,Squad Interfaces,,,14.15,,,,,,,,,,,,,,,,,,,,,,,,,,,,,,,,,,,,,,,,,,,,,,,,,,,,,,,,,,,,,,,,,,,,,,,,Tribe Marketers,
6786353,feature,2021-01-25 17:51:36 UTC,2022-02-17 07:45:15 UTC,Team Page - Redesign back and front of the page,"New app design & automation API in front - Removal of ""iframe"" technics  - Design of the page similar to other dashboard pages (filter sidebar) - Usage of our Automation API"" ![](https://pb-files.s3.amazonaws.com/production/attachments/3aee96b075546fda3e0d5d161cb6479509b44838865fe087c6b1aa39c045f5a4/3A.jpg) <p></p>",Released,,9973312,Team,Tribe Marketers,"external, 🙂 Interface squad",2021-11-01,2022-02-28,,,,,,,,,,,,,,,,,,,,,,,,,,,,,,,,,,,,Squad Interfaces,,,15,,,,,,,,,,,,,,,,,,,,,,,,,,,,,,,,,,,,,,,,,,,,,,,,,,,,,,,,,,,,,,,,,,,,,,,,Tribe Marketers,
6786355,feature,2021-01-25 17:51:36 UTC,2024-10-14 14:15:14 UTC,Configurable columns on Web experiment and Personalization dashboards,"## 💁‍♂️ Problem\/Context - **Description:**   As I user I would to have access to a customizable view of my dashboard in the BO client so I can have access only to sections that interesting me     - **Existing workaround:** Yes     - **Workaround description:** The client can consult sections is interesting in manually   **Project justification:**     - **Project type:** to fill in *\(refer to PDB Template \- slide 9\)*     - **Justification:** Requested capability on existing customers ## 💡 Solution - **Product package:** Full stack - **Product scope:** The operation is the same on all pages \(A\/B tests, Perso, Segments, Goals, Websites\)\. - **User roles**: all - **Design:** For one dashboard <span data-preserve-white-space></span>     - Fist on the right sidebar next to filter a tab will be present: “columns “\. With this new functionality “Columns”, users can customize their dashboards : they can choose which columns they want to display\. <p></p> ![](https://pb-files.s3.amazonaws.com/production/attachments/ddf16368ce7bdfb49a77eea904f39134f481a0e3dbe5da1684f8c8d3d930f164/Capture_d_ecran_2022-07-25_a_17.26.56.png) To custom the view by default, there will be a wheel icon to acces to parameter <p></p> ![](https://pb-files.s3.amazonaws.com/production/attachments/c4d6c59312081b4cf40bc3674063b233efdbf62b88625e227f0a8679f9699b62/Capture_d_ecran_2022-07-25_a_17.28.09.png) <p></p> - There will be elements displayed by default: <span data-preserve-white-space></span>     - Name     - Type     - Status     - Modified     - Tag   <p></p> - and elements not displayed by default <span data-preserve-white-space></span>     - Author     - Created     - Website\/project     - Main goal     - Online     - Results exploitability   <p></p> With a checkbox system, user can select element he want to be displayed or not <p></p> ![](https://pb-files.s3.amazonaws.com/production/attachments/2ba3a0ae90ba55c7e6f11845dd3657f65f1ee7e951e4488a5b129ec55f5231bb/Capture_d_ecran_2022-07-25_a_17.31.43.png) <p></p> ## 🎯 **Measuring Success** - **Goal 1:** Retenion: adress critical user pain points - **Success metric:** Allow user to easily customize their dashboard view\. - **Success metric:** Save user time with adapted view they can use to have access to only relevant informations - **Goal 2:** Satisfaction - **Success metric:** Save user time with adapted view they can use to have access to only relevant informations --- ## 📄 Attached documents - **Figma file**: none \(visual specs [here](https://docs.google.com/presentation/d/1nCb_vuwg7Uc4MZ1D82z-MfF0oVmNLlPALRVrMAn6RCw/edit?usp=sharing)\) - **Spec file**: [Link](https://docs.google.com/document/d/1nUz22a5S4obOQtWgXlLk-SGUWPlxtalTKTQonPzKHN8/edit?usp=sharing) - **Redmine tickect:** in progress ",Released,(Releases) 2023,13286445,Common APP,Mallaury Gruget,"_⭐ App System Squad, 🙂 Interface squad, Masterplan",2023-10-12,2024-04-11,,,,,,,,,,,,,,,,,,,,,,,,,,,,,,,,,,,,Squad Interfaces,,,14.15,,,,,,,,,,,,,,,,,,,,,,,,,,,,,,,,,,,,,,,,,,,,,,,,,,,,,,,,,,,,,,,,,,,,,,,,Tribe Marketers,
6786356,feature,2021-01-25 17:51:36 UTC,2025-07-17 07:03:56 UTC,Multiple Organizations per User,"## 📒 **Feature short description:** The goal is to provide features to our solution partners that are managing Kameleoon for their clients\. <span data-preserve-white-space></span> <p></p> User story \#35577 \- Multiple Organizations per User   <https://project.kameleoon.net/issues/35577> ## 😥 Problem <u>**Problem statement:**</u> Solutions partners need a scalable way to access and manage multiple customers\. <u>**Workaround:**</u> - **Existing workaround:** Yes <span data-preserve-white-space></span> - **Workaround description:** Creating a specific user on each customer's account and login to this specific user each time they have to work for the client\. <p></p> Context : <span data-preserve-white-space></span> - Ability to switch very easily from one account to another one \(via the header\) from the same e\-mail address - Some customers have many independent entities \(for example BPCE : BPCE, Natixis, Printemps : Citadium, Fashion 3, Place des tendances\)\.     Currently we have to create one customer for each entity, and users with different email addresses for each entity as well\.   The goal of this US is to add the possibility to manage customer's entities and associated users\.     After login a user should be able to choose the entity he want to login to, and then in app he also should be able to switch between entities\.   We need to do a research about this task first to know what exactly needs to be done \(backend, frontend, access management, administration\) <p></p> <p></p> User story \#35577 \- Multiple Organizations per User   <https://project.kameleoon.net/issues/35577> ",Development in progress,,31139467,Others,Yassin Hassan,"_⭐ Admin & Engine Squad, 🎨 design needed, 🎯OKR",2025-04-01,2025-07-31,,,,,,,,,,,,,,,,,,,,,,,,,,,,,,,,,,,,,,,15.6,,,,,,,,,,,,,,,,,,,,,,,,,,,,,,,,,,,,,,,,,,,,,,,,,,,,,,,,,,,,,,,,,,,,,,,,Tribe Marketers,
6786357,feature,2021-01-25 17:51:36 UTC,2021-10-12 13:22:27 UTC,"Custom analytics integration tool + addition of tech integrations (Zapier, Chrome extension, GIT..)",- Creation of a generic integration. It will be a framework  (with a zone with code to paste) to add specific integrations.  ![](https://pb-files.s3.amazonaws.com/production/attachments/3c84fca541e947b96b62fe8d68ee44f18dd3bae3588b7bc12e5c9bbd1aa56e02/15A.jpg) <p></p>,Released,,9564652,Common integrations,Fabien DIMEGLIO,🙂 Dev Tools Squad,2021-05-02,2021-06-30,,,,,,,,,,,,,,,,,,,,,,,,,,,,,,,,,,,,Squad Dev Tools,,,11.2,,,,,,,,,,,,,,,,,,,,,,,,,,,,,,,,,,,,,,,,,,,,,,,,,,,,,,,,,,,,,,,,,,,,,,,,,
6786358,feature,2021-01-25 17:51:36 UTC,2024-11-27 15:26:23 UTC,New page for cross-campaigns performance comparison,"- New page added on ""Explore"" menu. User can can choose the KPI of his choice and we list all experiements linked to this KPI, with their performance. Average performance is also provided.  ![](https://pb-files.s3.amazonaws.com/production/attachments/cb39e385f2580819d741779713e09902ff7c241d60051a4f90f7c61eb8f57af2/22A.jpg) <p></p>",Planned,,9564643,Data & RP,Calixthe Mattei,"_⭐ Reporting Squad, #VOC2",,,,,,,,80,80,,,,,,,,,,,,,#2 - Needs of mature XP teams,,,,,,,,,,,,,,,,Squad Data,,,49.6,More Analytics Capabilities,80,80,,,,,,,,,,,,,,,,,,,,,,,,,,,,,,,,,,,,,,,,,,,,,,,,,,,,,,,,,,,,,,,,,,,,,Tribe Marketers,
6786359,feature,2021-01-25 17:51:37 UTC,2024-08-12 18:22:44 UTC,Detecting and filtering outliers,"- New option in our internal BO to get rid of ""trash data"" - Extreme values that seems strange - Some days to remove in e\-commerce <p></p> <p></p> - Some customers wants to differentiate their B2C and B2B orders, as B2B orders are huge but few\. They want to be able to only see B2C orders \(might need to be implemented elsewhere than this feature\) ",Released,,6783364,"Data, Common  & Infrastructure",Tribe Marketers,_⭐ Reporting Squad,2024-05-01,2024-07-15,,,,,,,,,,,,,,,,,,,,,,,,,,,,,,,,,,,,Squad Data,,,4.5,,,,,,,,,,,,,,,,,,,,,,,,,,,,,,,,,,,,,,,,,,,,,,,,,,,,,,,,,,,,,,,,,,,,,,,,Tribe Marketers,
6786385,feature,2021-01-25 17:53:38 UTC,2022-03-09 08:11:03 UTC,Visitor Data Model,"Fix of our current visitor data model, to be implemented on: - experiments - personalizations <p></p> Release is In progress: - Jan 1, 2022: German customers - Feb 1, 2022: French, UK, Russian, Nordics customers - Feb 14, 2022: North America customers and LIDL <p></p>",Released,,9564643,Data & RP,Tribe Data Analysts,_⭐ Reporting Squad,2021-01-01,2022-02-14,,,,,,,,,,,,,,,,,,,,,,,,,,,,,,,,,,,,Squad Data,,,60,,,,,,,,,,,,,,,,,,,,,,,,,,,,,,,,,,,,,,,,,,,,,,,,,,,,,,,,,,,,,,,,,,,,,,,,Tribe Data Analysts,
6786814,feature,2021-01-25 18:26:16 UTC,2021-10-12 13:14:31 UTC,Platform redesign,"- New dashboards (A/B / Perso / Goals / Segment)  - New design system  - New features (filter, views)  - Responsive ![](https://pb-files.s3.amazonaws.com/production/attachments/f92dd854ee7676e970554ef71bb6127c5cae5ecce9a8c5bac790a8935260291f/1B.jpg) <p></p>",Released,,6783323,Web Experimentation,Tribe Marketers,🙂 Interface squad,2021-04-15,2021-04-30,,,,,,,,,,,,,,,,,,,,,,,,,,,,,,,,,,,,Squad Interfaces,,,53.25,,,,,,,,,,,,,,,,,,,,,,,,,,,,,,,,,,,,,,,,,,,,,,,,,,,,,,,,,,,,,,,,,,,,,,,,,
7281799,feature,2021-03-11 13:52:19 UTC,2021-07-29 11:55:40 UTC,New SDKs,- Ruby - Go - Python ,Released,,8692201,Feature Experimentation,Frederic DE TODARO,"",2021-04-01,2021-05-31,,,,,,,,,,,,,,,,,,,,,,,,,,,,,,,,,,,,Squad FM&E,,,,,,,,,,,,,,,,,,,,,,,,,,,,,,,,,,,,,,,,,,,,,,,,,,,,,,,,,,,,,,,,,,,,,,,,,,,,
7281800,subfeature,2021-03-11 13:52:26 UTC,2021-07-20 13:13:59 UTC,GO SDK,<p></p>,Released,,7281799,New SDKs,Frederic DE TODARO,"",,,,,,,,,,,,,,,,,,,,,,,,,,,,,,,,,,,,,,Squad FM&E,,,,,,,,,,,,,,,,,,,,,,,,,,,,,,,,,,,,,,,,,,,,,,,,,,,,,,,,,,,,,,,,,,,,,,,,,,,,
7281801,subfeature,2021-03-11 13:52:31 UTC,2021-04-16 09:56:56 UTC,Ruby,<p></p>,Released,,7281799,New SDKs,Frederic DE TODARO,"",,,,,,,,,,,,,,,,,,,,,,,,,,,,,,,,,,,,,,Squad FM&E,,,,,,,,,,,,,,,,,,,,,,,,,,,,,,,,,,,,,,,,,,,,,,,,,,,,,,,,,,,,,,,,,,,,,,,,,,,,
7281803,subfeature,2021-03-11 13:52:46 UTC,2022-01-25 11:29:49 UTC,Python SDK,"",Released,,7281799,New SDKs,Frederic DE TODARO,"",,,,,,,,,,,,,,,,,,,,,,,,,,,,,,,,,,,,,,Squad FM&E,,,,,,,,,,,,,,,,,,,,,,,,,,,,,,,,,,,,,,,,,,,,,,,,,,,,,,,,,,,,,,,,,,,,,,,,,,,,
7297967,subfeature,2021-03-12 15:45:12 UTC,2024-02-07 16:50:38 UTC,Enhancement of selection of goals on Creation Page,"On the creation page of a personalization, in the ""Goal Section"", all the selected objectives are not very visible\.  <span data-preserve-white-space></span> **Suggestion:** - add a summary of the selected goals like in the A\/B module - display the checked goals at the top of the selection list so that they are more easily identifiable\. When you have many objectives in the BO, this list can be very long\! ",Candidate,,9974159,Updated Personalization page,Mallaury Gruget,"_⭐ Campaign Creation Squad, 🙂 Perso Squad",,,,,,,,,,,,,,,,,,,,,,,,,,,,,,,,,,,,,,,,,,,,,,,,,,,,,,,,,,,,,,,,,,,,,,,,,,,,,,,,,,,,,,,,,,,,,,,,,,,,,,,,,,,,,,,,,,
7298003,subfeature,2021-03-12 15:46:44 UTC,2024-02-07 16:51:09 UTC,Enhancement of scenarisation field on Creation Page,"On the creation page of a personalization, in the scenario section, the search for a personalization (to build a scenario) is not obvious. Especially beacuse all the personalizations are displayed in the list (not only the ones online).   **Suggestions :** - enlarge the drop-down menu - add a search field - only display online personalization in the list ",Candidate,,9974159,Updated Personalization page,Mallaury Gruget,_⭐ Campaign Creation Squad,,,,,,,,,,,,,,,,,,,,,,,,,,,,,,,,,,,,,,,,,,,,,,,,,,,,,,,,,,,,,,,,,,,,,,,,,,,,,,,,,,,,,,,,,,,,,,,,,,,,,,,,,,,,,,,,,,
7298088,feature,2021-03-12 15:51:50 UTC,2024-02-06 09:27:29 UTC,Traffic reallocation option everywhere,"We currently get complete trafic reallocation options from our A\/B testing visual editor\. Yet, those option are not available from our backoffice\. <p></p> **Suggestion:** Display the traffic reallocation options in the reporting page and backoffice code editor ",Candidate,,9564793,Developer editor,Mallaury Gruget,"_⭐ Campaign Creation Squad, _⭐ Reporting Squad",,,,,,,,40,60,,,,,,,,,,,,6,,,,,,,,,,,,,,,,,Squad Dev Tools,,,,,50,8.33,,,,,,,,,,,,,,,,,,,,,,,,,,,2,60,,,,,,,,,,,,,,,,,,,,,,,,,,,,,,,,,,,,,,,,,,
7407146,feature,2021-03-23 10:43:31 UTC,2021-10-12 10:22:42 UTC,New targeting condition by Internet Service Provider,"**Suggestion:** Add a new targeting condition allowing to target visitors based on their ISP (Internet Service Provider). This information is actually available on the geolocation module, but currently not being made public or usable in any way. Consgtar would like to use it within their Segments to exclude certain visitors from their own ISP. <p></p>",New idea,,9564755,Targeting,Tribe Marketers,"",,,,,,,,20,60,,,,,,,,,,,,,,,,,,,,,,,,,,,,,,,,,,40,40,,,,,,,,,,,,,,,,,,,,,,,,,,,,,,,,,,,,,,,,,,,,,,,,,,,,,,,,,,,,,,,,,,,,,Tribe Marketers,
7407308,feature,2021-03-23 10:53:58 UTC,2025-07-08 09:42:48 UTC,Zapier integration,"**Suggestion:** On the integration page, add a native integration with Zapier. It will help connecting with CRM tools such as Microsoft Dynamics",Released,,32146615,Integrations,Isabelle Ung,🙂 Dev Tools Squad,,,,,,,,,,,,,,,,,,,,,,,,,,,,,,,,,,,,,,Squad Dev Tools,,,,,,,,,,,,,,,,,,,,,,,,,,,,,,,,,,,,,,,,,,,,,,,,,,,,,,,,,,,,,,,,,,,,,,,,,,,,
7407331,feature,2021-03-23 10:56:57 UTC,2023-03-07 09:56:44 UTC,Responsive Graphic Editor,"## 💁‍♂️ Problem\/Context **Description:** As a user of the graphical editor, when using it on a mobile device, I don't have full access to all the elements of the graphical editor <p></p> - **Existing workaround:** No **Project justification:** - **Project type:** Improvement to existing workflow - **Justification:** We can lose a major client if the graphic editor is not responsive ## 💡 Solution - **Product package:** A\/B Testing - **Product scope:** - Graphic editor, burger icon Graphic editor, history panel Graphic editor, CSS selector panel Graphic editor, édition panel Graphic editor, header Graphic editor, popin Graphic editor, loading screen - Product section and pages that will evolve \(on the contrary, you can specify what is out of scope\): On the app, we want to create a dedicated section on the app for finalization menu - **User roles**: all - **Design:** Explain with bullet points what your solution consist in \(make it synthetic\) <span data-preserve-white-space></span>     - For loading screen and popin : we want to make them responsive     - The header: <span data-preserve-white-space></span>         - The header is responsive         - Creation of a drop down system to have access to variations, original version and variations cta \(to have access to those information on the vertical way and use space on the header for other CTA’s\)         - Creation of a drop down button for edition mode and simulation at the right side of the header         - Replacement the drop\-down finalize by next button that give access to a dedicate finalize menu on the app       <p></p>     - The edition panel: <span data-preserve-white-space></span>         - Rework of the panel reduction system         - Adaptation the panel size       <p></p>     - The CSS selector panel: <span data-preserve-white-space></span>         - Creation of a default emplacement for the panel         - Adaptation the panel size       <p></p>     - The history panel <span data-preserve-white-space></span>         - Creation of a default emplacement for the panel         - Adaptation the panel size       <p></p>     - The burger icon: <span data-preserve-white-space></span>         - Adaptation of element of the burger icon         - Delation of elements non useful for graphic editor use ## 🎯 **Measuring Success** - **Goal 1:** Engagement - **Success metric:** Nb of use of the graphic editor on a screen size \/ month - **Goal 2:** Satisfaction - **Success metric:** NPS of graphic editor users --- ## 📄 Attached documents - **Figma file**: [link](https://www.figma.com/file/oVAd4kAzA4NiCiwlzdxTrE/Responsive-graphic-editor) - **Redmine ticket**: [link](https://project.kameleoon.net/issues/18294) ",Released,(Releases) Q1 2023,9564787,Graphic editor,Tribe Marketers,"Eminza, 🙂 Interface squad",2022-10-01,2023-03-06,,,,,,40,80,,,,,,,,,,,,,,,,,,,,,,,,,,,,,Squad Interfaces,,,,,60,60,,40,,0,,,,,,,,,,,,,,,,,,,,,,,,,,,,,,,,,,,,,,,,,,,,,,,,,,,,,,,,,,,,,,,,,Tribe Marketers,
7407461,feature,2021-03-23 11:09:11 UTC,2022-05-10 11:05:45 UTC,New targeting condition by AT Internet Segment,"We currently get a native integration with AT Internet : tests results are automatically pushed to AT Internet, which is useful for clients who want to analyze results on AT Internet. <p></p> **Suggestion:** AT Internet has just released a new API  that could allow us to target in real time a visitor based on the AT Internet Segment he belongs. <p></p> This is something we currently propose for Ysance tool for example. <p></p>",New idea,,9564755,Targeting,Tribe Marketers,"",,,,,,,,20,60,,,,,,,,,,,,,,,,,,,,,,,,,,,,,,,,,,40,40,,,,,,,,,,,,,,,,,,,,,,,,,,,,,,,,,,,,,,,,,,,,,,,,,,,,,,,,,,,,,,,,,,,,,Tribe Marketers,
7412369,subfeature,2021-03-23 15:21:50 UTC,2024-03-18 13:30:59 UTC,Share campaign results with applied parameters,"On A/B testing or Personalization Result Pages, when we share the URL, it is impossible to share all the options applied on the page. <p></p> **Suggestion:** We should add an option on that will allow to also share all the parameters applied, including: - filters applied - breakdown applied - date range applied - parameter visits / visitor - parameter all conversions / converted visits - bayesian view - display preferences ",Design in progress,,10887350,Reporting page Update - Lot 1,Calixthe Mattei,_⭐ Reporting Squad,,,,,,,,,,,,,,,,,,,,,,,,,,,,,,,,,,,,,,Squad Data,,,,,,,,,,,,,,,,,,,,,,,,,,,,,,,,,,,,,,,,,,,,,,,,,,,,,,,,,,,,,,,,,,,,,,,,,,,Tribe Marketers,
7431528,feature,2021-03-24 21:24:59 UTC,2025-07-08 09:42:56 UTC,Shopify app,"Official Kameleoon Shopify app to ease the process of implementing Kameleoon on shopify plus stores (snippet, tracking, product feed).",Released,,32146615,Integrations,Isabelle Ung,🙂 Dev Tools Squad,2021-04-01,2021-05-15,,,,,,,,,,,,,,,,,,,,,,,,,,,,,,,,,,,,Squad Dev Tools,,,,,,,,,,,,,,,,,,,,,,,,,,,,,,,,,,,,,,,,,,,,,,,,,,,,,,,,,,,,,,,,,,,,,,,,,,,,
7431871,feature,2021-03-24 21:51:15 UTC,2025-07-08 09:43:40 UTC,Chrome extension redesign + Performance analysis,"[The newest version of our Chrome extension](https://chrome.google.com/webstore/detail/kameleoon/nimncjjomfcjmfnghgaopccmdggjfoam) helps developers further with their daily development workflow. Get a live list of all campaigns and quickly access any technical details, troubleshoot performance issues with a brand new Performance analysis center, and more, all without leaving your favorite browser. <p></p>",Released,,32146615,Integrations,Isabelle Ung,🙂 Dev Tools Squad,2021-03-01,2021-03-20,,,,,,,,,,,,,,,,,,,,,,,,,,,,,,,,,,,,Squad Dev Tools,,,,,,,,,,,,,,,,,,,,,,,,,,,,,,,,,,,,,,,,,,,,,,,,,,,,,,,,,,,,,,,,,,,,,,,,,,,,
7519448,subfeature,2021-04-02 15:00:47 UTC,2021-04-20 17:00:09 UTC,JS SDK,"",Released,,7281799,New SDKs,Frederic DE TODARO,"",,,,,,,,,,,,,,,,,,,,,,,,,,,,,,,,,,,,,,Squad FM&E,,,,,,,,,,,,,,,,,,,,,,,,,,,,,,,,,,,,,,,,,,,,,,,,,,,,,,,,,,,,,,,,,,,,,,,,,,,,
7519450,subfeature,2021-04-02 15:00:59 UTC,2021-05-27 09:53:21 UTC,Flutter,"",Released,,7281799,New SDKs,Frederic DE TODARO,"",,,,,,,,,,,,,,,,,,,,,,,,,,,,,,,,,,,,,,Squad FM&E,,,,,,,,,,,,,,,,,,,,,,,,,,,,,,,,,,,,,,,,,,,,,,,,,,,,,,,,,,,,,,,,,,,,,,,,,,,,
8691778,feature,2021-07-16 12:29:08 UTC,2022-08-30 12:28:50 UTC,"Google Analytics Segment bridge (custom, beta mode)",This feature will enable our customers to use their Google Analytics Segments to create highly personalized campaigns in Kameleoon.,Released,,9564652,Common integrations,Frederic DE TODARO,"",,,,,,,,60,80,,,,,,,,,,,,,,,,,,,,,,,,,,,,,Squad Dev Tools,,,,,70,70,,,,,,,,,,,,,,,,,,,,,,,,,,,,,,,,,,,,,,,,,,,,,,,,,,,,,,,,,,,,,,,,,,,,,,
8691857,feature,2021-07-16 12:39:03 UTC,2025-07-08 09:44:04 UTC,Segment.io Destination bridge,"With this Segment x Kameleoon integration, every tracking call that is triggered by Segment will be automatically collected by Kameleoon as a KPI conversion, saving developers from having to re-implement an existing Segment Tracking plan in Kameleoon.",Released,,32146615,Integrations,Isabelle Ung,🙂 Dev Tools Squad,,,,,,,,,,,,,,,,,,,,,,,,,,,,,,,,,,,,,,Squad Dev Tools,,,,,,,,,,,,,,,,,,,,,,,,,,,,,,,,,,,,,,,,,,,,,,,,,,,,,,,,,,,,,,,,,,,,,,,,,,,,
8691900,subfeature,2021-07-16 12:42:14 UTC,2021-07-16 12:43:54 UTC,Shopify App V1,V1 will allow us to be visible on Shopify marketplace as a Shopify native App. It will ease the process of implementing Kameleoon on shopify plus stores (snippet installation). The customer will only need to indicate his Kameleoon sitecode.,Released,,7431528,Shopify app,Frederic DE TODARO,"",,,,,,,,,,,,,,,,,,,,,,,,,,,,,,,,,,,,,,Squad Dev Tools,,,,,,,,,,,,,,,,,,,,,,,,,,,,,,,,,,,,,,,,,,,,,,,,,,,,,,,,,,,,,,,,,,,,,,,,,,,,
8691901,subfeature,2021-07-16 12:42:16 UTC,2021-07-28 08:41:22 UTC,Shopify App V2,"This V2 will allow automatic tracking of e-commerce transactions + all product related actions (add to cart, view, purchase, etc.) in Kameleoon.",Released,,7431528,Shopify app,Frederic DE TODARO,"",,,,,,,,,,,,,,,,,,,,,,,,,,,,,,,,,,,,,,Squad Dev Tools,,,,,,,,,,,,,,,,,,,,,,,,,,,,,,,,,,,,,,,,,,,,,,,,,,,,,,,,,,,,,,,,,,,,,,,,,,,,
8692149,feature,2021-07-16 13:01:38 UTC,2023-11-10 17:01:22 UTC,Kameleoon Github account,Addition of a Kameleoon GITHUB account with pre-defined piece of code for the main analytics platforms. This library can then be used by our customers to create custom analytics bridges in Kameleoon. ,Released,,9564899,Specific developer tools,Frederic DE TODARO,🙂 Dev Tools Squad,,,,,,,,,,,,,,,,,,,,,,,,,,,,,,,,,,,,,,Squad Dev Tools,,,,,,,,,,,,,,,,,,,,,,,,,,,,,,,,,,,,,,,,,,,,,,,,,,,,,,,,,,,,,,,,,,,,,,,,,,,,
8692201,product,2021-07-16 13:04:25 UTC,2023-06-26 07:58:57 UTC,Feature Experimentation,"",Rejected,,,,Frederic DE TODARO,"",,,,,,,,,,,,,,,,,,,,,,,,,,,,,,,,,,,,,,,,,,,,,,,,,,,,,,,,,,,,,,,,,,,,,,,,,,,,,,,,,,,,,,,,,,,,,,,,,,,,,,,,,,,,,,,,,,
8692221,feature,2021-07-16 13:07:30 UTC,2021-10-27 08:33:35 UTC,New Feature Flag page + Dashboard,Redesign the Feature Flag creation / edit page from scratch. Addition of the Scheduling Feature (required by Providence).,Released,,9564875,Feature Management & Experimentation (FM&E),Tribe Developer,🙂 FF/SDK Squad,,,,,,,,100,100,,,,,,,,,,,,,,,,,,,,,,,,,,,,,Squad FM&E,,,,,100,100,,,,,,,,,,,,,,,,,,,,,,,,,,,,,,,,,,,,,,,,,,,,,,,,,,,,,,,,,,,,,,,,,,,,,,
8693353,feature,2021-07-16 14:17:06 UTC,2021-12-20 13:54:53 UTC,New targeting condition by Campaign,Add a new targeting condition to include or exclude visitors who have been already been exposed or not by another experiment or personalization.,Released,,9564755,Targeting,Tribe Marketers,🙂 Perso Squad,2021-11-01,2021-12-18,,should have,not set,not set,,40,80,,,,,,,,,Completed,In progress,Completed,3,,,,,,,,,,,,,,,,,Squad Perso,,,,,60,20,,,,,,60,,,,,,,,,,,,,,,,,,,,,,,,,,,,,,,,,,,,,,,,,,,,,,,,,,,,,,,,,,,,,,,Tribe Marketers,
9337952,feature,2021-09-08 09:21:40 UTC,2022-02-02 21:49:29 UTC,Onboarding / Get Started Journeys,"<p></p> - **in-app flow / checklist to guide new users to setup their account (snippet installation, main KPI, experiment..)** - **Improve translation quality for our main pages (do we use the right wording for an action)** ",Released,,9564798,Common APP pages,Tribe Marketers,"external, 🙂 Interface squad",2021-11-01,2022-01-31,,,,,,,,,,,,,,,,,,,,,,,,,,,,,,,,,,,,Squad Interfaces,,,,,,,,,,,,,,,,,,,,,,,,,,,,,,,,,,,,,,,,,,,,,,,,,,,,,,,,,,,,,,,,,,,,,,,,,,,Tribe Marketers,
9338013,feature,2021-09-08 09:25:26 UTC,2022-03-09 08:09:57 UTC,Stop collection of data,"New feature on the results pages (for experiments and personalizations) to allow users to stop the data collection of a running campaign. The campaign will run, but the data will no longer be sent to the results pages.",Released,,9564643,Data & RP,Tribe Data Analysts,_⭐ Reporting Squad,2021-10-01,2022-01-24,,,,,,,,,,,,,,,,,,,,,,,,,,,,,,,,,,,,Squad Data,,,,,,,,,,,,,,,,,,,,,,,,,,,,,,,,,,,,,,,,,,,,,,,,,,,,,,,,,,,,,,,,,,,,,,,,,,,Tribe Data Analysts,
9338016,feature,2021-09-08 09:25:37 UTC,2021-11-05 08:14:15 UTC,Spider chart updates,"Addition of the confidence rate in the graph ""Comparative view"", on the experiments' results pages",Released,,9564643,Data & RP,Fabien DIMEGLIO,_⭐ Reporting Squad,,,,,,,,,,,,,,,,,,,,,,,,,,,,,,,,,,,,,,Squad Data,,,,,,,,,,,,,,,,,,,,,,,,,,,,,,,,,,,,,,,,,,,,,,,,,,,,,,,,,,,,,,,,,,,,,,,,,,,,
9339111,feature,2021-09-08 10:58:06 UTC,2022-08-09 09:22:39 UTC,Package Server-Side,"## 💁‍♂️ Problem/Context <u>**Description:**</u> As a developer, when I use only users server-side I want an efficient package only for the server-side so I can create my server-side experiments <p></p> - **Existing workaround:** Yes  - **Workaround Description:**  yes but the wording is not correct (site instead of the project), and some actions of finalization are not optimized for code-based experiments but more graphic editor based <p></p> <u>**Project justification:**</u> - **Project type:** Allows the dev user to only create server-side campaigns without having access to a graphic editor (the long term goal is to be able to sell package server-side independently form others)  - Details [here](https://docs.google.com/presentation/d/1j8fHQ6zAuXYEKmQYfiIvp0Q9ZbaPNx56MLf2pNfUk1Q/edit#slide=id.p28) - **Justification:** We lose a client who didn't want to pay for everything while he needed only the package-serve side ## 💡 Solution - **Product package:** Creation of a dedicated package for Full-Stack App (server-side only). - **Product scope:**  - *Experiment & setting mostly*    - Site dashboard/pop in new site/Setting site page/ Advanced tool page/ Integration page   - Experiment: create a new project / create a new experiment/ Experiments dashboard/ sdk code editor/ Hybrid code editor/ segment builder   - Configure: segment dashboard/ goals dashboard - **User roles**: Client (developer ) - Package/admin: ""activate A/B testing""  - Package/admin: FM&E only - Package/admin: ""activate A/B testing"" & ""feature management & experimentation"" - **Design:**  - Removal of the graphic / JS/CSS code editor options - Specific setup page : SDK implementation + Simple JS Snippet if Hybrid - Removal of all web related actions in the App (KPIs, Custom Data, « Site » becomes « Project ») ## 🎯 **Measuring Success** - **Goal 1:** Onboarding - **Success metric:** Rate of clients creating server-side experiment - **Goal 2:** Satisfaction - **Success metric:** NPS client on package server-side only --- ## 📄 Attached documents - **Figma file**: [here](https://www.figma.com/file/KFVGBKL0WdBppHluH2he7u/13711---Package-%22Server-side%22?node-id=578%3A25863) - **Spec file**: NONE but documentation:<https://developers.kameleoon.com/sdks-overview.html> - **Redmine ticket**:[here](https://project.kameleoon.net/issues/13711) <p></p>",Released,(Releases) June Feature Release,6783323,Web Experimentation,Tribe Marketers,🙂 Interface squad,2022-01-01,2022-06-30,,,,,,,,,,,,,,,,,,,,,,,,,,,,,,,,,,,,Squad Interfaces,,,,,,,,,,,,,,,,,,,,,,,,,,,,,,,,,,,,,,,,,,,,,,,,,,,,,,,,,,,,,,,,,,,,,,,,,,,,
9339195,feature,2021-09-08 11:06:35 UTC,2023-05-25 13:45:04 UTC,Guided Onboarding Experience,Guide and educate our users to key features of the FME v2 product \(using Appcues\)\. <p></p> [Embedded content](https://miro.com/app/live-embed/uXjVMegOjGw=/?embedMode=view_only_without_ui) <p></p> <p></p> <p></p> ,Released,,9564875,Feature Management & Experimentation (FM&E),Frederic DE TODARO,🙂 FF/SDK Squad,2023-02-25,2023-05-15,,,,,,,,,,,,,,,,,,,,,,,,,,,,,,,,,,,,Squad FM&E,,,,,,,,,,,,,,,,,,,,,,,,,,,,,,,,,,,,,,,,,,,,,,,,,,,,,,,,,,,,,,,,,,,,,,,,,,,,
9339222,feature,2021-09-08 11:09:08 UTC,2023-11-10 17:04:54 UTC,Free developer package,"# 💁‍♂️ Problem/Context ## **Description** Provides (as our competitors do) limiting package for developers who want to trial / use Kameleoon Feature flags + code editor for web ## Workaround No ## **Project justification** **Project type** New product concept or workflow **Justification** Apparently, our competitors do it. # 💡 Solution **Package** NA **Scope** NA **User roles** Technical **Design** NA # 🎯 **Measuring Success** **Goal 1** Involving more developers into experiencing the app. **Success metric** Number of people using the free package. <p></p> --- <p></p> # 📄 Attached documents **Figma file**: optional (paste link) **Spec file**: optional (paste link) **Redmine ticket**: mandatory (paste link)",New idea,,9564955,Other,Frederic DE TODARO,"🙂 Dev Tools Squad, 🙂 FF/SDK Squad",,,,,,,,80,100,,,,,,,,,,,,5,,,,,,,,,,,,,,,,,Squad FM&E,,,,,90,18,,,,,,,,,2,100,,,,,,,,,,,,,,,,,1,80,,,,,,,,,,,,,,,,,,,,,,,,,,,,,,,,,,,,,,,,,,
9339336,feature,2021-09-08 11:18:45 UTC,2023-11-10 17:04:17 UTC,Real-time update Listener,Allows our customer to subscribe to listener to have real-time updates of SDK / Experiment / Feature Flag configuration <p></p>,Rejected,,9564955,Other,Frederic DE TODARO,"",,,,,,,,,,,,,,,,,,,,,,,,,,,,,,,,,,,,,,Squad FM&E,,,,,,,,,,,,,,,,,,,,,,,,,,,,,,,,,,,,,,,,,,,,,,,,,,,,,,,,,,,,,,,,,,,,,,,,,,,,
9339396,feature,2021-09-08 11:23:43 UTC,2023-11-10 17:01:22 UTC,Data bridge for FM&E,"Allow to use segments for external tools such as Mixpanel, GA, Segment.. from SDK-based experiments and Feature Flags.",Released,,9564899,Specific developer tools,Tribe Developer,🙂 FF/SDK Squad,2022-03-25,2022-04-23,,,,,,,,,,,,,,,,,,,,,,,,,,,,,,,,,,,,Squad FM&E,,,,,,,,,,,,,,,,,,,,,,,,,,,,,,,,,,,,,,,,,,,,,,,,,,,,,,,,,,,,,,,,,,,,,,,,,,,,
9339413,feature,2021-09-08 11:25:47 UTC,2022-05-05 13:18:06 UTC,Timeline for Feature Flags & Experimentation,Step by step adding new events to the timeline.  Addition of Events related to the Full-Stack offer in the Timeline Access to a timeline of events dedicated to feature flagging  <p></p>,Planned,,9564875,Feature Management & Experimentation (FM&E),Frederic DE TODARO,🙂 FF/SDK Squad,2022-07-01,2022-12-31,,,,,,60,80,,,,,,,,,,,,,,,,,,,,,,,,,,,,,,,,,,70,70,,,,,,,,,,,,,,,,,,,,,,,,,,,,,,,,,,,,,,,,,,,,,,,,,,,,,,,,,,,,,,,,,,,,,,
9339432,feature,2021-09-08 11:28:00 UTC,2023-10-13 04:14:48 UTC,Feature Flag : Alerts (KPI based),Allow to create alerts for Feature Flags based on KPI rules to help our customers:  - rollback Features which have an impact on business KPIs or app performance - be reminded about the activation of a planned event  ,New idea,,9564875,Feature Management & Experimentation (FM&E),Frederic DE TODARO,🙂 FF/SDK Squad,2022-10-01,2022-12-31,,,,,,,,,,,,,,,,,,,,,,,,,,,,,,,,,,,,Squad FM&E,,,,,,,,,,,,,,,,,,,,,,,,,,,,,,,,,,,,,,,,,,,,,,,,,,,,,,,,,,,,,,,,,,,,,,,,,,,,
9339457,feature,2021-09-08 11:30:05 UTC,2023-10-13 04:14:49 UTC,Simple adaptation of our report page to Feature Flag,Remove everything related to web experiments from our Reporting page.,New idea,,9564875,Feature Management & Experimentation (FM&E),Frederic DE TODARO,🙂 FF/SDK Squad,2022-07-01,2022-09-30,,,,,,,,,,,,,,,,,,,,,,,,,,,,,,,,,,,,Squad FM&E,,,,,,,,,,,,,,,,,,,,,,,,,,,,,,,,,,,,,,,,,,,,,,,,,,,,,,,,,,,,,,,,,,,,,,,,,,,,
9339490,feature,2021-09-08 11:32:28 UTC,2021-12-20 13:55:14 UTC,New experiment creation flow,"Adapt our existing popin to create an experiment with the right wording for all kind of use cases: Graphic based experiment (A/B/n or MVT), code based experiment, SDK based experiment (server-side, client-side or app SDK)",Released,,9564798,Common APP pages,Tribe Marketers,🙂 Interface squad,2021-12-01,2021-12-31,,,,,,,,,,,,,,,,,,,,,,,,,,,,,,,,,,,,Squad Interfaces,,,,,,,,,,,,,,,,,,,,,,,,,,,,,,,,,,,,,,,,,,,,,,,,,,,,,,,,,,,,,,,,,,,,,,,,,,,Tribe Marketers,
9342110,feature,2021-09-08 14:01:48 UTC,2022-11-07 10:45:04 UTC,Product recommendation solution more integrated to Kameleoon,"Quick adaptation of the look and feel of the Rees Back-office dashboard to Kameleoon's graphical charter. <p></p> - Sidebar color will be updated (see attached) - Font will be updated, but they can set only 1 font in the platform for all elements =\> Change for Roboto - 'Search engine' can't be removed, because it's hard coded and depends on the WL platform configuration.  - Auto login from Kam app - Addition of  a ""recommandation"" section in the menu (for users who subscribed to Recommendation module only) <p></p>",Released,(Releases) August 22,9564712,Product recommendation,Tribe Marketers,"external, 🙂 Perso Squad",2021-11-01,2022-10-10,,,,,,20,20,,,,,,,,,Completed,In progress,Completed,0.5,,,,,,,,,,,,,,,,,Squad Perso,,,,,20,40,,,,,,,,60,,,,,,,,,,,,,,,,,,,,,,,,,,,,,,,,,,,,,,,,,,,,,,,,,,,,,,,,,,,,,Tribe Marketers,
9511260,feature,2021-09-21 08:47:21 UTC,2022-02-18 15:46:34 UTC,SSO : Migration,"",Released,,9564664,Technical / Infrastructure,Tribe Developer,🙂 Dev Tools Squad,2021-12-01,2022-02-28,,,,,,,,,,,,,,,,,,,5,,,,,,,,,,,,,,,,,Squad Dev Tools,,,,,,0,,,,,,,,,,,,,,,,,,,,,,,,,,,,,,,,,,,,,,,,,,,,,,,,,,,,,,,,,,,,,,,,,,,,,,
9511303,feature,2021-09-21 08:49:41 UTC,2022-04-11 15:32:10 UTC,Oauth Page / Automation API Credentials,"Currently, you should ask your Kameleoon Customer Account Manager to provide you with client_id and client_secret. These credentials are associated with a Kameleoon account (ie, email adress) and will be able to use the authorizations (rights) defined for this account.   This feature released, an interface will be added directly on the Kameleoon application (My profile page) to obtain and manage your API credentials.   You will be able to renew your client_secret via the interface as well.",Released,,9564664,Technical / Infrastructure,Tribe Developer,🙂 Dev Tools Squad,2021-10-16,2022-03-31,,,,,,,,,,,,,,,,,,,2,,,,,,,,,,,,,,,,,Squad Dev Tools,,,,,,0,,,,,,,,,,,,,,,,,,,,,,,,,,,,,,,,,,,,,,,,,,,,,,,,,,,,,,,,,,,,,,,,,,,,,,
9511314,feature,2021-09-21 08:50:55 UTC,2023-05-15 11:25:01 UTC,Internal BO Admin Redesign,# 💁‍♂️ Problem/Context ## **Description** Redesigning the BO admin to have better interfaces. ## Workaround NA ## **Project justification** **Project type** - Improvement to existing workflow **Justification** We need to keep our tools updated and that includes redesigning the BO Admin. # 💡 Solution **Package** NA **Scope** NA **User roles** NA **Design** NA # 🎯 **Measuring Success** NA <p></p> --- <p></p> # 📄 Attached documents **Redmine ticket**: <http://project.kameleoon.net:8082/issues/1071>,Released,(Releases) 4th week July 22 (rc109),10849936,Internal Product,Tribe Developer,🙂 Dev Tools Squad,2021-11-01,2023-05-10,,,,,,20,80,,,,,,,,,,,,8,,,,,,,,,,,,,,,,,Squad Dev Tools,,,,,50,6.25,,,,,,,,,,,,,,,,,,,,,,,,,,,,,1,80,,,,,,,,,,,,,,,,,,,,,,,,,,,,,,,,,,,,,,,Tribe Developer,
9511316,feature,2021-09-21 08:51:36 UTC,2022-02-22 07:07:28 UTC,Migrate Engine to Automation API,"",Released,,9564906,API,Tribe Developer,🙂 Dev Tools Squad,2021-11-01,2022-02-28,,,,,,,,,,,,,,,,,,,8,,,,,,,,,,,,,,,,,Squad Dev Tools,,,,,,0,,,,,,,,,,,,,,,,,,,,,,,,,,,,,,,,,,,,,,,,,,,,,,,,,,,,,,,,,,,,,,,,,,,,,,
9515264,feature,2021-09-21 13:44:39 UTC,2021-10-22 09:27:08 UTC,Add boolean to activate / deactivate product tracking : Redmine #14174,"",Released,,9564664,Technical / Infrastructure,Tribe Developer,🙂 Dev Tools Squad,2021-10-01,2021-10-15,,,,,,,,,,,,,,,,,,,1,,,,,,,,,,,,,,,,,Squad Dev Tools,,,,,,0,,,,,,,,,,,,,,,,,,,,,,,,,,,,,,,,,,,,,,,,,,,,,,,,,,,,,,,,,,,,,,,,,,,,,,
9564643,component,2021-09-22 15:19:48 UTC,2024-03-04 11:10:17 UTC,Data & RP,"",Rejected,,6783364,"Data, Common  & Infrastructure",Fabien DIMEGLIO,_⭐ Reporting Squad,,,,,,,,,,,,,,,,,,,,,,,,,,,,,,,,,,,,,,,,,,,,,,,,,,,,,,,,,,,,,,,,,,,,,,,,,,,,,,,,,,,,,,,,,,,,,,,,,,,,,,,,,,,,,,,,,Tribe Marketers,
9564652,component,2021-09-22 15:20:07 UTC,2025-07-08 09:51:23 UTC,Common integrations,"",Rejected,,32146615,Integrations,Isabelle Ung,"",,,,,,,,,,,,,,,,,,,,,,,,,,,,,,,,,,,,,,,,,,,,,,,,,,,,,,,,,,,,,,,,,,,,,,,,,,,,,,,,,,,,,,,,,,,,,,,,,,,,,,,,,,,,,,,,,,
9564664,component,2021-09-22 15:20:51 UTC,2021-09-22 15:44:00 UTC,Technical / Infrastructure,"",Rejected,,6783364,"Data, Common  & Infrastructure",Fabien DIMEGLIO,"",,,,,,,,,,,,,,,,,,,,,,,,,,,,,,,,,,,,,,,,,,,,,,,,,,,,,,,,,,,,,,,,,,,,,,,,,,,,,,,,,,,,,,,,,,,,,,,,,,,,,,,,,,,,,,,,,,
9564700,component,2021-09-22 15:22:52 UTC,2021-10-08 14:55:08 UTC,Classic Personalization,"",Rejected,,6783363,AI-Driven Personalization,Fabien DIMEGLIO,"",,,,,,,,,,,,,,,,,,,,,,,,,,,,,,,,,,,,,,,,,,,,,,,,,,,,,,,,,,,,,,,,,,,,,,,,,,,,,,,,,,,,,,,,,,,,,,,,,,,,,,,,,,,,,,,,,Tribe Marketers,
9564706,component,2021-09-22 15:23:05 UTC,2021-10-08 14:54:59 UTC,Audiences,"",Rejected,,6783363,AI-Driven Personalization,Fabien DIMEGLIO,"",,,,,,,,,,,,,,,,,,,,,,,,,,,,,,,,,,,,,,,,,,,,,,,,,,,,,,,,,,,,,,,,,,,,,,,,,,,,,,,,,,,,,,,,,,,,,,,,,,,,,,,,,,,,,,,,,Tribe Marketers,
9564712,component,2021-09-22 15:23:33 UTC,2025-10-31 20:43:28 UTC,Product recommendation,"",Rejected,,33533125,Recommendations,Fabien DIMEGLIO,"",,,,,,,,,,,,,,,,,,,,,,,,,,,,,,,,,,,,,,,,,,,,,,,,,,,,,,,,,,,,,,,,,,,,,,,,,,,,,,,,,,,,,,,,,,,,,,,,,,,,,,,,,,,,,,,,,Tribe Marketers,
9564716,component,2021-09-22 15:23:47 UTC,2021-10-08 14:54:59 UTC,IA,"",Rejected,,6783363,AI-Driven Personalization,Fabien DIMEGLIO,"",,,,,,,,,,,,,,,,,,,,,,,,,,,,,,,,,,,,,,,,,,,,,,,,,,,,,,,,,,,,,,,,,,,,,,,,,,,,,,,,,,,,,,,,,,,,,,,,,,,,,,,,,,,,,,,,,Tribe Data Analysts,
9564719,component,2021-09-22 15:23:52 UTC,2021-10-08 14:55:08 UTC,Autopromo Personalization,"",Rejected,,6783363,AI-Driven Personalization,Tribe Marketers,"",,,,,,,,,,,,,,,,,,,,,,,,,,,,,,,,,,,,,,,,,,,,,,,,,,,,,,,,,,,,,,,,,,,,,,,,,,,,,,,,,,,,,,,,,,,,,,,,,,,,,,,,,,,,,,,,,Tribe Marketers,
9564753,component,2021-09-22 15:25:20 UTC,2025-01-08 09:35:22 UTC,Widgets,"",Rejected,,30262601,Studio,Fabien DIMEGLIO,"",,,,,,,,,,,,,,,,,,,,,,,,,,,,,,,,,,,,,,,,,,,,,,,,,,,,,,,,,,,,,,,,,,,,,,,,,,,,,,,,,,,,,,,,,,,,,,,,,,,,,,,,,,,,,,,,,Tribe Marketers,
9564755,component,2021-09-22 15:25:36 UTC,2021-10-08 14:54:59 UTC,Targeting,"",Rejected,,6783363,AI-Driven Personalization,Fabien DIMEGLIO,"",,,,,,,,,,,,,,,,,,,,,,,,,,,,,,,,,,,,,,,,,,,,,,,,,,,,,,,,,,,,,,,,,,,,,,,,,,,,,,,,,,,,,,,,,,,,,,,,,,,,,,,,,,,,,,,,,Tribe Marketers,
9564787,component,2021-09-22 15:27:54 UTC,2024-12-18 15:50:26 UTC,Graphic editor,"",Rejected,,6783323,Web Experimentation,Ivan Kulagin,"",,,,,,,,,,,,,,,,,,,,,,,,,,,,,,,,,,,,,,,,,,,,,,,,,,,,,,,,,,,,,,,,,,,,,,,,,,,,,,,,,,,,,,,,,,,,,,,,,,,,,,,,,,,,,,,,,,
9564793,component,2021-09-22 15:28:03 UTC,2021-10-26 15:50:46 UTC,Developer editor,<p></p>,Rejected,,6783323,Web Experimentation,Fabien DIMEGLIO,"",,,,,,,,,,,,,,,,,,,,,,,,,,,,,,,,,,,,,,,,,,,,,,,,,,,,,,,,,,,,,,,,,,,,,,,,,,,,,,,,,,,,,,,,,,,,,,,,,,,,,,,,,,,,,,,,,,
9564798,component,2021-09-22 15:28:23 UTC,2021-10-12 09:04:07 UTC,Common APP pages,"",Rejected,,6783323,Web Experimentation,Fabien DIMEGLIO,"",,,,,,,,,,,,,,,,,,,,,,,,,,,,,,,,,,,,,,,,,,,,,,,,,,,,,,,,,,,,,,,,,,,,,,,,,,,,,,,,,,,,,,,,,,,,,,,,,,,,,,,,,,,,,,,,,,
9564809,component,2021-09-22 15:29:32 UTC,2021-10-12 09:01:49 UTC,Simulation panel,"",Rejected,,6783323,Web Experimentation,Fabien DIMEGLIO,"",,,,,,,,,,,,,,,,,,,,,,,,,,,,,,,,,,,,,,,,,,,,,,,,,,,,,,,,,,,,,,,,,,,,,,,,,,,,,,,,,,,,,,,,,,,,,,,,,,,,,,,,,,,,,,,,,,
9564875,component,2021-09-22 15:33:41 UTC,2023-12-13 19:55:36 UTC,Feature Management & Experimentation (FM&E),<p></p> ,Rejected,,8692201,Feature Experimentation,Fabien DIMEGLIO,🙂 FF/SDK Squad,,,,,,,,,,,,,,,,,,,,,,,,,,,,,,,,,,,,,,,,,,,,,,,,,,,,,,,,,,,,,,,,,,,,,,,,,,,,,,,,,,,,,,,,,,,,,,,,,,,,,,,,,,,,,,,,,Tribe Developer,
9564877,component,2021-09-22 15:33:46 UTC,2023-11-10 17:10:45 UTC,SDKs,<p></p>,Rejected,,8692201,Feature Experimentation,Tribe Developer,🙂 FF/SDK Squad,,,,,,,,,,,,,,,,,,,,,,,,,,,,,,,,,,,,,,,,,,,,,,,,,,,,,,,,,,,,,,,,,,,,,,,,,,,,,,,,,,,,,,,,,,,,,,,,,,,,,,,,,,,,,,,,,,
9564899,component,2021-09-22 15:34:47 UTC,2023-11-10 17:01:22 UTC,Specific developer tools,"",Rejected,,8692201,Feature Experimentation,Fabien DIMEGLIO,"",,,,,,,,,,,,,,,,,,,,,,,,,,,,,,,,,,,,,,,,,,,,,,,,,,,,,,,,,,,,,,,,,,,,,,,,,,,,,,,,,,,,,,,,,,,,,,,,,,,,,,,,,,,,,,,,,,
9564906,component,2021-09-22 15:35:01 UTC,2021-09-22 15:44:00 UTC,API,"",Rejected,,6783364,"Data, Common  & Infrastructure",Fabien DIMEGLIO,"",,,,,,,,,,,,,,,,,,,,,,,,,,,,,,,,,,,,,,,,,,,,,,,,,,,,,,,,,,,,,,,,,,,,,,,,,,,,,,,,,,,,,,,,,,,,,,,,,,,,,,,,,,,,,,,,,,
9564955,component,2021-09-22 15:38:04 UTC,2023-11-10 17:05:07 UTC,Other,"",Rejected,,8692201,Feature Experimentation,Fabien DIMEGLIO,"",,,,,,,,,,,,,,,,,,,,,,,,,,,,,,,,,,,,,,,,,,,,,,,,,,,,,,,,,,,,,,,,,,,,,,,,,,,,,,,,,,,,,,,,,,,,,,,,,,,,,,,,,,,,,,,,,,
9642573,subfeature,2021-09-28 08:26:58 UTC,2022-10-04 13:04:49 UTC,Export enhancements,"",Candidate,,10887350,Reporting page Update - Lot 1,Tribe Marketers,_⭐ Reporting Squad,,,,,,,,,,,,,,,,,,,,,,,,,,,,,,,,,,,,,,,,,,,,,,,,,,,,,,,,,,,,,,,,,,,,,,,,,,,,,,,,,,,,,,,,,,,,,,,,,,,,,,,,,,,,,,,,,Tribe Marketers,
9724086,feature,2021-10-04 14:10:26 UTC,2025-10-09 13:17:05 UTC,Advanced simulation options,<p></p>,New idea,,33349274,Simulation,Yassin Hassan,_⭐ Admin & Engine Squad,,,,,,,,,,,,,,,,,,,,,,,,,,,,,,,,,,,,,,Squad Dev Tools,,,,,0,0,,,,,,,,,,,,,,,,,,,,,,,,,,,,,,,,,,,,,,,,,,,,,,,,,,,,,,,,,,,,,,,,,,,,,Tribe Marketers,
9724246,feature,2021-10-04 14:20:18 UTC,2023-01-06 18:06:52 UTC,Kameleoon Segments for nested targeting conditions,"Add a new targeting condition in the segment builder: ""Kameleoon segment"".  With this targeting condition, the users can add an already created segment as   a targeting condition in order to combine existing segments instead of creating a new one. <p></p> <p></p> <p></p> <p></p> <p></p> <p></p> <p></p> <p></p> <p></p> <p></p> <p></p> <p></p> <p></p> <p></p> <p></p>",Released,(Releases) End september 22 - Feature Release,9564755,Targeting,Tribe Marketers,"Key Feature, 🙂 Perso Squad, seminar",2022-04-01,2022-12-20,,,,,,20,80,,,,,,,,,Completed,,,8,,,,,,,,,,,,,,,,,Squad Perso,,,8,,50,6.25,,,,80,,,,,,,,,,,,,,,,,,,,,,,,,,,,,,,,,,,,,,,,,,,,,,,,,,,,,,,,,,,,,,,,,Tribe Marketers,
9724384,feature,2021-10-04 14:25:48 UTC,2025-03-04 10:51:19 UTC,Custom selectors,"",Released,,9564787,Graphic editor,Tribe Marketers,"",,,,,,,,,,,,,,,,,,,,,,,,,,,,,,,,,,,,,,,,,,,,,,,,,,,,,,,,,,,,,,,,,,,,,,,,,,,,,,,,,,,,,,,,,,,,,,,,,,,,,,,,,,,,,,,,,Tribe Marketers,
9724448,feature,2021-10-04 14:28:26 UTC,2022-09-01 20:20:05 UTC,Collective actions,"## 💁‍♂️ Problem/Context **Description:** As a BO user, I would like to make multiple selection of segments or goals, in order to apply actions to all elements at the same time <p></p> *Improve the “select all” behaviour available on our Goals & Segments pages. Currently, only the elements displayed in frontend are selected. The enhancement will enable to select all elements from backend / in database. Finally, users will save time by applying an action to multiple items at once.* <p></p> - **Existing workaround:** Yes - **Workaround Description:** You can select all elements displayed on the front (around 20), and repeat the action until all elements selected **Project justification:** - **Project type:** Requested capability (existing customers or prospects) - **Justification:** Critical request from 2021 in productboard > 2 requests/insights on multiple actions in the BO ## 💡 Solution - **Product package:** Full stack - **Product scope:** On the BO segment dashboard , On the BO goals dashboard - **User roles**: All - **Design:** Steps of the solution    - We can access on goal dashboard or segment dashboard   - On the right side of each element, there is a 3 dots button   - On click, we have access to a checkbox and several options   - We can do one of the actions, on all goals/segments selected (goal: activate, disable, manage tags, export, delete / segment: manage tags, export, delete)   - We can make the selection: individually, for several items, or for all items (not only in the front)   <p></p> ## 🎯 **Measuring Success** - **Goal 1:** satisfaction/ allows user to select all information as indicated on the actions “select all” - **Success metric:** Satisfaction of customers with this feature (work with consultants) --- ## 📄 Attached documents - **Figma file**: For ""Export"" : <https://www.figma.com/file/sQXW9zWhYZIjlml7vEOs4w/EP-1071-%2F-US-6850---Goals-page?node-id=2723%3A7652> For ""Delete"" : <https://www.figma.com/file/sQXW9zWhYZIjlml7vEOs4w/EP-1071-%2F-US-6850---Goals-page?node-id=2722%3A6695> For ""Manage tags"" : <https://www.figma.com/file/sQXW9zWhYZIjlml7vEOs4w/EP-1071-%2F-US-6850---Goals-page?node-id=2723%3A6340> - **Spec file**: None - **Redmine ticket**: <https://project.kameleoon.net/issues/15080> ",Released,(Releases) Mid July 22 - Collective actions (rc-86),13286445,Common APP,Tribe Marketers,🙂 Interface squad,2022-05-01,2022-06-30,,,,,,,,,,,,,,,,,,,,,,,,,,,,,,,,,,,,Squad Interfaces,,,,,,,,,,,,,,,,,,,,,,,,,,,,,,,,,,,,,,,,,,,,,,,,,,,,,,,,,,,,,,,,,,,,,,,,,,,Tribe Marketers,
9724680,subfeature,2021-10-04 14:38:43 UTC,2025-03-03 11:58:47 UTC,Goals - URL in click tracking,<p></p> <p></p> <p></p> <p></p> <p></p> <p></p> <p></p> <p></p> <p></p> <p></p> <p></p> <p></p> <p></p> <p></p> <p></p> <p></p> <p></p>,New idea,,9973296,Goals - Enhancement of Goals dashboard export,Tribe Marketers,🙂 Interface squad,,,,,,,,,,,,,,,,,,,,,,,,,,,,,,,,,,,,,,Squad Interfaces,,,,,,,,,,,,,,,,,,,,,,,,,,,,,,,,,,,,,,,,,,,,,,,,,,,,,,,,,,,,,,,,,,,,,,,,,,,Tribe Marketers,
9725391,feature,2021-10-04 15:16:14 UTC,2021-10-04 15:16:14 UTC,Delete a LocalData with an API function,"",New idea,,9564906,API,Tribe Marketers,"",,,,,,,,20,60,,,,,,,,,,,,0.5,,,,,,,,,,,,,,,,,,,,,,40,80,,,,,,,,,,,,,,,,,,,,,,,,,,,2,60,,,,,,,,,,,,,,,,,,,,,,,,,,,,,,,,,,,,,,,,,,
9725443,feature,2021-10-04 15:19:43 UTC,2025-10-17 13:47:36 UTC,Media library,"Access to the image library of our graphic editor from the code editor, widget editor, personalization edition page\. Including several enhancements \(ex: images sizes, copyable links, \.svg usable on editor etc\) ",Released,,25771002,Media,Tribe Marketers,_⭐ Visual Builders Squad,2024-04-01,2024-11-07,,,,,,,,,,,,,,,,,,,,,,,,,,,,,,,,,,,,,,,,,,,,,,,,,,,,,,,,,,,,,,,,,,,,,,,,,,,,,,,,,,,,,,,,,,,,,,,,,,,,,,,,,,,,,,,Tribe Marketers,
9742008,subfeature,2021-10-05 12:44:50 UTC,2025-03-03 11:58:47 UTC,"Goals - CSS selector field not visible in ""Edit goal"" pop-in","",New idea,,9973296,Goals - Enhancement of Goals dashboard export,Tribe Marketers,"",,,,,,,,,,,,,,,,,,,,,,,,,,,,,,,,,,,,,,,,,,,,,,,,,,,,,,,,,,,,,,,,,,,,,,,,,,,,,,,,,,,,,,,,,,,,,,,,,,,,,,,,,,,,,,,,,Tribe Marketers,
9742311,feature,2021-10-05 12:59:14 UTC,2022-05-10 10:44:58 UTC,Collective actions - Filters - Select all option,"",New idea,,9564798,Common APP pages,Tribe Marketers,"",,,,,,,,,,,,,,,,,,,,,,,,,,,,,,,,,,,,,,,,,,,,,,,,,,,,,,,,,,,,,,,,,,,,,,,,,,,,,,,,,,,,,,,,,,,,,,,,,,,,,,,,,,,,,,,,,Tribe Marketers,
9742360,subfeature,2021-10-05 13:00:54 UTC,2024-02-07 16:50:55 UTC,Clarify error messages linked to reporting tools,"",New idea,,9974159,Updated Personalization page,Mallaury Gruget,_⭐ Campaign Creation Squad,,,,,,,,,,,,,,,,,,,,,,,,,,,,,,,,,,,,,,,,,,,,,,,,,,,,,,,,,,,,,,,,,,,,,,,,,,,,,,,,,,,,,,,,,,,,,,,,,,,,,,,,,,,,,,,,,,
9742470,feature,2021-10-05 13:07:21 UTC,2021-10-12 09:35:14 UTC,Improve targeting condition by Page url with regex,"On regex, we automatically add slashes (/) at the beginning and the end for the targeting. But users enter regularly a regex with it on the targeting condition generating double slash. <p></p> - Add a beginning and ending slack to this field not removable to signal that this will be added automatically.  - If a user pastes a regex here, remove the first and last slashes. ",Candidate,,9564755,Targeting,Tribe Marketers,"",,,,,,,,20,80,,,,,,,,,,,,,,,,,,,,,,,,,,,,,Squad Perso,,,,,50,50,,,,60,,,,,,,,,,,,,,,,,,,,,,,,,,,,,,,,,,,,,,,,,,,,,,,,,,,,,,,,,,,,,,,,,Tribe Marketers,
9742502,feature,2021-10-05 13:08:43 UTC,2024-02-07 16:52:26 UTC,Timeline on Personalization results page,"As a user, I want to have the details of all the events that happened on the personalization, from the Result page",New idea,,9564700,Classic Personalization,Tribe Marketers,"",,,,,,,,,,,,,,,,,,,,,,,,,,,,,,,,,,,,,,,,,,,,,,,,,,,,,,,,,,,,,,,,,,,,,,,,,,,,,,,,,,,,,,,,,,,,,,,,,,,,,,,,,,,,,,,,,,
9742577,feature,2021-10-05 13:09:49 UTC,2021-10-12 09:02:27 UTC,Timeline - Add events about personalizations,"",New idea,,9973372,Activity,Tribe Marketers,"",,,,,,,,,,,,,,,,,,,,,,,,,,,,,,,,,,,,,,,,,,,,,,,,,,,,,,,,,,,,,,,,,,,,,,,,,,,,,,,,,,,,,,,,,,,,,,,,,,,,,,,,,,,,,,,,,Tribe Marketers,
9743630,feature,2021-10-05 13:33:48 UTC,2021-10-12 09:21:51 UTC,Sites - Backup configuration,Save an old configuration,New idea,,9973300,Sites,Tribe Marketers,"",,,,,,,,,,,,,,,,,,,,,,,,,,,,,,,,,,,,,,,,,,,,,,,,,,,,,,,,,,,,,,,,,,,,,,,,,,,,,,,,,,,,,,,,,,,,,,,,,,,,,,,,,,,,,,,,,,
9743647,feature,2021-10-05 13:34:53 UTC,2021-10-12 09:12:24 UTC,Backup experiments,Save an old version and be able to go back to it,New idea,,9564798,Common APP pages,Tribe Marketers,"",,,,,,,,,,,,,,,,,,,,,,,,,,,,,,,,,,,,,,,,,,,,,,,,,,,,,,,,,,,,,,,,,,,,,,,,,,,,,,,,,,,,,,,,,,,,,,,,,,,,,,,,,,,,,,,,,,
9743657,feature,2021-10-05 13:35:19 UTC,2021-11-19 09:51:18 UTC,Campaigns versioning,"As a user, be able to go back in production to any  previous version of a campaign (personalization or A/B test)",New idea,,9564664,Technical / Infrastructure,Tribe Marketers,"",,,,,,,,,,,,,,,,,,,,,,,,,,,,,,,,,,,,,,,,,,,,,,,,,,,,,,,,,,,,,,,,,,,,,,,,,,,,,,,,,,,,,,,,,,,,,,,,,,,,,,,,,,,,,,,,,,
9743685,feature,2021-10-05 13:37:09 UTC,2021-10-12 09:01:52 UTC,Custom data - Add descriptions and make them visible in the segment builder,"",New idea,,9973294,Advanced tools,Tribe Marketers,"",,,,,,,,,,,,,,,,,,,,,,,,,,,,,,,,,,,,,,,,,,,,,,,,,,,,,,,,,,,,,,,,,,,,,,,,,,,,,,,,,,,,,,,,,,,,,,,,,,,,,,,,,,,,,,,,,Tribe Marketers,
9744055,feature,2021-10-05 13:47:51 UTC,2022-09-28 09:01:15 UTC,Add revenue KPIs on Results Pages,"For Experiments and Personalizations, add some revenue KPIs at the top of the results pages: - global revenue KPIs: additional revenue generated, potential additional revenue, revenue by visit/visitor - add columns in goals tables to show KPIs by variations - Add revenue per visit in the results pages tables ",Candidate,,9564643,Data & RP,Tribe Marketers,"rep_deprecated, _⭐ Reporting Squad",,,,,,,,,,,,,,,,,,,,,,,,,,,,,,,,,,,,,,Squad Data,,,,,,,,,,,,,,,,,,,,,,,,,,,,,,,,,,,,,,,,,,,,,,,,,,,,,,,,,,,,,,,,,,,,,,,,,,,Tribe Marketers,
9745977,subfeature,2021-10-05 15:00:05 UTC,2024-02-06 16:29:42 UTC,Reliability rate for Continuous metrics,For implementation we could rely on CH (<https://clickhouse.com/docs/en/sql-reference/aggregate-functions/reference/mannwhitneyutest/>) which would make it quite easier.,New idea,,10887350,Reporting page Update - Lot 1,Tribe Marketers,_⭐ Reporting Squad,,,,,,,,,,,,,,,,,,,,,,,,,,,,,,,,,,,,,,,,,,,,,,,,,,,,,,,,,,,,,,,,,,,,,,,,,,,,,,,,,,,,,,,,,,,,,,,,,,,,,,,,,,,,,,,,,Tribe Marketers,
9746421,subfeature,2021-10-05 15:23:17 UTC,2024-02-06 16:10:53 UTC,New KPI for Time Spent on Website,"## 📒 **Feature short description:** <p></p> The purpose of this feature is to provide the Time Spent on the website as a Goal \/ KPI you can track\. It could be thr ""conversion rate"" they want to track in order to see which page converts more\. ## 😥 Problem <u>**Problem statement:**</u> <p></p> We cant do it as of today <p></p> <u>**Workaround:**</u> - **Existing workaround:** Yes <span data-preserve-white-space></span> - **Workaround description:** They use other tools <p></p> <p></p> ",New idea,,10887350,Reporting page Update - Lot 1,Calixthe Mattei,_⭐ Reporting Squad,,,,,,,,,,,,,,,,,,,,,,,,,,,,,,,,,,,,,,,,,,,,,,,,,,,,,,,,,,,,,,,,,,,,,,,,,,,,,,,,,,,,,,,,,,,,,,,,,,,,,,,,,,,,,,,,,Tribe Marketers,
9746783,feature,2021-10-05 15:43:22 UTC,2021-10-05 15:43:22 UTC,Have only 1 simulation link per campaign with the last version,"",New idea,,9564809,Simulation panel,Tribe Marketers,"",,,,,,,,,,,,,,,,,,,,,,,,,,,,,,,,,,,,,,,,,,,,,,,,,,,,,,,,,,,,,,,,,,,,,,,,,,,,,,,,,,,,,,,,,,,,,,,,,,,,,,,,,,,,,,,,,Tribe Marketers,
9786511,feature,2021-10-07 09:03:25 UTC,2025-03-18 13:35:42 UTC,Add dataset to element menu selection,"",Released,,9564787,Graphic editor,Tribe Marketers,"",,,,,,,,,,,,,,,,,,,,,,,,,,,,,,,,,,,,,,,,,,,,,,,,,,,,,,,,,,,,,,,,,,,,,,,,,,,,,,,,,,,,,,,,,,,,,,,,,,,,,,,,,,,,,,,,,Tribe Marketers,
9789644,feature,2021-10-07 12:37:29 UTC,2021-11-19 10:47:34 UTC,Create a custom data from the segment builder,Addition of a link on the segment builder to create new custom data,Candidate,,9564755,Targeting,Tribe Marketers,"",,,,,,,,20,60,,,,,,,,,,,,,,,,,,,,,,,,,,,,,Squad Perso,,,,,40,40,,,,,,,,,,,,,,,,,,,,,,,,,,,,,,,,,,,,,,,,,,,,,,,,,,,,,,,,,,,,,,,,,,,,,Tribe Marketers,
9789694,feature,2021-10-07 12:38:27 UTC,2025-03-18 13:40:44 UTC,Allow the usage of emojis,<p></p> <p></p> <p></p> <p></p> <p></p> <p></p> <p></p> <p></p> <p></p> <p></p> <p></p> <p></p> <p></p> <p></p> <p></p> <p></p> <p></p> <p></p>,Released,,9564787,Graphic editor,Tribe Marketers,"_⭐ Campaign Creation Squad, 🙂 Interface squad",,,,,,,,,,,,,,,,,,,,,,,,,,,,,,,,,,,,,,Squad Interfaces,,,,,,,,,,,,,,,,,,,,,,,,,,,,,,,,,,,,,,,,,,,,,,,,,,,,,,,,,,,,,,,,,,,,,,,,,,,Tribe Marketers,
9789806,feature,2021-10-07 12:43:26 UTC,2024-11-27 10:51:51 UTC,Implement URL filters with regex/contain options,"",New idea,,9564643,Data & RP,Calixthe Mattei,_⭐ Reporting Squad,,,,,,,,,,,,,,,,,,,,,,#1  - Frictionless experience,,,,,,,,,,,,,,,,Squad Data,,,,Several internal requests,0,0,,,,,,,,,,,,,,,,,,,,,,,,,,,,,,,,,,,,,,,,,,,,,,,,,,,,,,,,,,,,,,,,,,,,,Tribe Marketers,
9789877,feature,2021-10-07 12:47:40 UTC,2021-12-20 14:08:16 UTC,Image library - Display URL,"In the library image on the A/B editor, all images have an URL. Sometimes it is necessary to recover this URL to be able to use it elsewhere in the solution. We must give the possibility to copy the URL of the image easily.",Released,,9564787,Graphic editor,Tribe Marketers,🙂 Interface squad,2021-12-01,2021-12-31,,nice to have,not set,nice to have,,20,80,,,,,,,,,Completed,,Completed,,,,,,,,,,,,,,,,,,Squad Interfaces,,,,,50,50,,,,60,,,,,,,,,,,,,,,,,,,,,,,,,,,,,,,,,,,,,,,,,,,,,,,,,,,,,,,,,,,,,,,,,Tribe Marketers,
9789986,feature,2021-10-07 12:51:58 UTC,2021-10-12 09:02:00 UTC,Websites - Clarify the script status + Kameleoon detection,"",New idea,,9973300,Sites,Tribe Marketers,"",,,,,,,,,,,,,,,,,,,,,,,,,,,,,,,,,,,,,,,,,,,,,,,,,,,,,,,,,,,,,,,,,,,,,,,,,,,,,,,,,,,,,,,,,,,,,,,,,,,,,,,,,,,,,,,,,,
9790070,feature,2021-10-07 12:54:13 UTC,2021-10-12 09:01:34 UTC,Edit user - Error message,"",New idea,,9973312,Team,Tribe Marketers,"",,,,,,,,,,,,,,,,,,,,,,,,,,,,,,,,,,,,,,,,,,,,,,,,,,,,,,,,,,,,,,,,,,,,,,,,,,,,,,,,,,,,,,,,,,,,,,,,,,,,,,,,,,,,,,,,,Tribe Marketers,
9790141,subfeature,2021-10-07 12:57:05 UTC,2025-08-27 07:04:08 UTC,Draggable Mini Simulation View,"# 💁‍♂️ Problem/Context ## **Description** Display the simulation panel on the side of the window. ## Workaround Yes, just use the simulation just like it is right now. ## **Project justification** **Project type** *Pick one :* - New product concept or workflow **Justification** Sometimes, displaying the simulation vertically can be more ergonomic.  # 💡 Solution **Package** A/B Testing  **Scope** Simulation **User roles** All **Design** In the simulation panel, by clicking on a dedicated button, we would be able to put the panel on the side. And maybe another button would allow us to pull the panel from the left side to the right side and the other way around.  # 🎯 **Measuring Success** **Goal 1** Use of this feature **Success metric** Click tracking on the buttons. <p></p> --- <p></p> # 📄 Attached documents **Figma file**: optional (paste link) **Spec file**: optional (paste link) **Redmine ticket**: mandatory (paste link) <p></p>",Released,,22676392,Simulation Panel Redesign,Yassin Hassan,_⭐ Admin & Engine Squad,,,,,,,,20,20,,,,,,,,,,,,1,,,,,,,,,,,,,,,,,Squad Dev Tools,,,,,20,20,,,,,,,,,,,,,,,,,,,,,,,,,,,,,,,,,,,,,,,,,,,,,,,,,,,,,,,,,,,,,,,,,,,,,Tribe Marketers,
9835082,feature,2021-10-08 13:44:48 UTC,2024-01-30 15:41:06 UTC,Results pages - Identify new opportunities with AI when a variation is losing,"- New feature on the Experiments Results pages, to be displayed when a variation is losing - Identifies and highlights Targeting conditions (through breakdowns of all existing criteria for instance) that could be added to the original segment and on which the given variation could be winning instead  - Add a button to Create a personalization on the new segment (original one, completed with an accurate added targeting condition), if there is enough statistical significance ",Released,,9564643,Data & RP,Tribe Marketers,_⭐ Reporting Squad,,,,,,,,,,,,,,,,,,,,,,,,,,,,,,,,,,,,,,Squad Data,,,,,,,,,,,,,,,,,,,,,,,,,,,,,,,,,,,,,,,,,,,,,,,,,,,,,,,,,,,,,,,,,,,,,,,,,,,Tribe Marketers,
9836346,subfeature,2021-10-08 14:18:13 UTC,2024-02-06 16:13:30 UTC,Filters exclusion improvements,Users said two things on these improvements : <p></p> - Being able to have the AND clause between filters - Being able to filters on several goals \(special case of AND Clause\) ,New idea,,10887350,Reporting page Update - Lot 1,Calixthe Mattei,_⭐ Reporting Squad,,,,,,,,,,,,,,,,,,,,,,,,,,,,,,,,,,,,,,,,,,,,,,,,,,,,,,,,,,,,,,,,,,,,,,,,,,,,,,,,,,,,,,,,,,,,,,,,,,,,,,,,,,,,,,,,,Tribe Marketers,
9837512,component,2021-10-08 14:54:40 UTC,2021-10-08 14:55:08 UTC,Email Personalization,"",New idea,,6783363,AI-Driven Personalization,Tribe Marketers,"",,,,,,,,,,,,,,,,,,,,,,,,,,,,,,,,,,,,,,,,,,,,,,,,,,,,,,,,,,,,,,,,,,,,,,,,,,,,,,,,,,,,,,,,,,,,,,,,,,,,,,,,,,,,,,,,,Tribe Marketers,
9973294,component,2021-10-12 08:58:52 UTC,2021-10-12 09:26:08 UTC,Advanced tools,"",New idea,,6783323,Web Experimentation,Tribe Marketers,"",,,,,,,,,,,,,,,,,,,,,,,,,,,,,,,,,,,,,,,,,,,,,,,,,,,,,,,,,,,,,,,,,,,,,,,,,,,,,,,,,,,,,,,,,,,,,,,,,,,,,,,,,,,,,,,,,,
9973296,feature,2021-10-12 08:58:53 UTC,2025-06-06 15:33:56 UTC,Goals - Enhancement of Goals dashboard export,"",Rejected,(Releases) Q4 2022,6783323,Web Experimentation,Tribe Marketers,"",2025-05-21,2025-05-31,,,,,,,,,,,,,,,,,,,,,,,,,,,,,,,,,,,,,,,,,,,,,,,,,,,,,,,,,,,,,,,,,,,,,,,,,,,,,,,,,,,,,,,,,,,,,,,,,,,,,,,,,,,,,,,,
9973300,component,2021-10-12 08:59:01 UTC,2021-10-12 09:04:07 UTC,Sites,"",New idea,,6783323,Web Experimentation,Tribe Marketers,"",,,,,,,,,,,,,,,,,,,,,,,,,,,,,,,,,,,,,,,,,,,,,,,,,,,,,,,,,,,,,,,,,,,,,,,,,,,,,,,,,,,,,,,,,,,,,,,,,,,,,,,,,,,,,,,,,,
9973308,component,2021-10-12 08:59:29 UTC,2021-10-12 09:26:08 UTC,Account settings,"",New idea,,6783323,Web Experimentation,Tribe Marketers,"",,,,,,,,,,,,,,,,,,,,,,,,,,,,,,,,,,,,,,,,,,,,,,,,,,,,,,,,,,,,,,,,,,,,,,,,,,,,,,,,,,,,,,,,,,,,,,,,,,,,,,,,,,,,,,,,,,
9973312,component,2021-10-12 08:59:38 UTC,2021-10-12 09:26:08 UTC,Team,"",New idea,,6783323,Web Experimentation,Tribe Marketers,"",,,,,,,,,,,,,,,,,,,,,,,,,,,,,,,,,,,,,,,,,,,,,,,,,,,,,,,,,,,,,,,,,,,,,,,,,,,,,,,,,,,,,,,,,,,,,,,,,,,,,,,,,,,,,,,,,,
9973372,component,2021-10-12 09:02:20 UTC,2021-10-12 09:26:08 UTC,Activity,"",New idea,,6783323,Web Experimentation,Tribe Marketers,"",,,,,,,,,,,,,,,,,,,,,,,,,,,,,,,,,,,,,,,,,,,,,,,,,,,,,,,,,,,,,,,,,,,,,,,,,,,,,,,,,,,,,,,,,,,,,,,,,,,,,,,,,,,,,,,,,,
9974023,feature,2021-10-12 09:30:43 UTC,2021-10-12 09:31:44 UTC,New targeting condition by Mixpanel Segment,Our users track their visitors on Mixpanel and create segments on this tool that they would like to target for campaigns they created on Kameleoon. Retrieve Mixpanel's segments on our segment builder.,New idea,,9564755,Targeting,Tribe Marketers,"",,,,,,,,,,,,,,,,,,,,,,,,,,,,,,,,,,,,,,,,,,,,,,,,,,,,,,,,,,,,,,,,,,,,,,,,,,,,,,,,,,,,,,,,,,,,,,,,,,,,,,,,,,,,,,,,,Tribe Marketers,
9974030,feature,2021-10-12 09:31:16 UTC,2021-12-20 13:55:01 UTC,New targeting condition for API,"Add a targeting condition  ""Explicit Trigger"" after ""Custom event"" in the ""Technical"" folder. For users who want to manually trigger experiments via the activation API. And therefore, a targeting condition that will always be set to ""undefined"" in order to never trigger by the ""natural"" targeting engine of Kameleoon is needed. <p></p>",Released,,9564755,Targeting,Tribe Developer,🙂 Dev Tools Squad,2021-11-01,2021-11-30,,not set,not set,should have,,40,80,,,,,,,,,,,,5,,,,,,,,,,,,,,,,,Squad Dev Tools,,,5.8,,60,12,,,,60,,,,,,,,,,,,,,,,,,,,,,,,,,,,,,,,,,,,,,,,,,,,,,,,,,,,,,,,,,,,,,,,,,
9974146,feature,2021-10-12 09:36:17 UTC,2021-11-19 10:49:51 UTC,Product recommendation - Integrate as a widget,"",New idea,,9564712,Product recommendation,Tribe Marketers,"",,,,,,,,,,,,,,,,,,,,,,,,,,,,,,,,,,,,,,,,,,,,,,,,,,,,,,,,,,,,,,,,,,,,,,,,,,,,,,,,,,,,,,,,,,,,,,,,,,,,,,,,,,,,,,,,,Tribe Marketers,
9974159,feature,2021-10-12 09:37:31 UTC,2025-11-04 09:07:20 UTC,Updated Personalization page,"Currently, the perso edition page is using grails that we want to turn off   It's all written with using of old technology \- gsp, making hard to maintenance Besides, users have several pain points\. ## 💁‍♂️ Problem\/Context <u>**Description:**</u> Describe the problem you are trying to solve\. ex: ""As a developer, when I want to do \.\.\., I get the following problems\."" <p></p> - **Existing workaround:** Yes \/ No *\(only keep the right answer\)* - **Workaround description:** If yes, explain how we can today proceed to solve the problem <p></p> <u>**Project justification:**</u> - **Project type:** to fill in *\(refer to PDB Template \- slide 9\)* - **Justification:** concrete indicators \/ reasons why we need to work on this project *\(refer to PDB Template \- slide 9\)* ## 💡 Solution - **Product package:** A\/B Testing \/ Personalization \/ Full stack *\(only keep the right answer\)* - **Product scope:** Product section and pages that will evolve \(on the contrary, you can specify what is out of scope\) - **User roles**: Roles \(admin \/ super admin \/ marketing \/ production \/ technical \/ all\) that will benefit from this project - **Design:** Explain with bullet points what your solution consits in \(make it synthetic\)     - In page X, we add \.\.\.     - On click, \.\.\.     - Optionnally, paste images of the solution here \(or paste Figma link\) ## 🎯 **Measuring Success** - **Goal 1:** indicate the goal of this topic - **Success metric:** indicate the key indicator of success that will measure the achievement of goal 1 <p></p> - **Goal 2:** indicate the goal of this topic - **Success metric:** indicate the key indicator of success that will measure the achievement of goal 2 <p></p> *Copy and paste previous paragraph for each goal attached to this topic\.* *Report to PDB Template \- Slide 13 for examples* --- ## 📄 Attached documents - **Figma file**: optional \(paste link\) - **Spec file**: optional \(paste link\) - **Redmine ticket**: mandatory  \(paste link\) ",Development in progress,,9564787,Graphic editor,Mallaury Gruget,"_⭐ Campaign Creation Squad, external, Key Feature, 🙂 Perso Squad",2025-04-08,2025-12-05,,must have,not set,nice to have,,100,100,,,,,,,,,,,,13,,,,,,,,,,,,,,,,,Squad Perso,,,,,100,7.69,,,,,,,,,,,,,,,,,,,,,,,,,,,,,,,,,,,,,,,,,,,,,,,,,,,,,,,,,,,,,,,,,,,,,Tribe Marketers,
9974454,feature,2021-10-12 09:46:57 UTC,2021-10-12 09:50:53 UTC,"New dataviz (ROC, confusion matrix...)","",New idea,,9564716,IA,Tribe Data Analysts,Data Tribe,,,,not set,should have,not set,,,,,,,,,,,,,,,,,,,,,,,,,,,,,,,,,,,,,,,,,,,,,,,,,,,,,,,,,,,,,,,,,,,,,,,,,,,,,,,,,,,,,,,,,,,,,,,,,,,,,,,,,,,Tribe Data Analysts,
9974468,feature,2021-10-12 09:47:15 UTC,2021-12-01 17:56:03 UTC,Activate IA on an account,New workflow Faciliter l’activation du ML sur un compte: activation BO admin > accès direct aux pages dans le BO Ne plus passer par la configuration d'Audiences <p></p> <p></p>,Planned,,9564716,IA,Tribe Data Analysts,Data Tribe,2022-09-01,2022-10-28,,nice to have,nice to have,nice to have,,20,100,,,,,,,,,,,,1,,,,,,,,,,,,,,,,,Squad Machine Learning,,,,,60,60,,,,,,,,,,,,,,,,,,,,100,,,,,,,,,,,,,,,,,,,,,,,,,,,,,,,,,,,,,,,,,,,,,,,,,Tribe Data Analysts,
9974476,subfeature,2021-10-12 09:47:29 UTC,2021-10-12 10:02:42 UTC,Create automatic key moments,Identifier des UC plus rapidement,New idea,,9974486,New dashboard of ML models,Tribe Data Analysts,"",,,,,,,,,,,,,,,,,,,,,,,,,,,,,,,,,,,,,,,,,,,,,,,,,,,,,,,,,,,,,,,,,,,,,,,,,,,,,,,,,,,,,,,,,,,,,,,,,,,,,,,,,,,,,,,,,,
9974486,feature,2021-10-12 09:47:43 UTC,2021-12-01 17:51:07 UTC,New dashboard of ML models,"Ensemble des éléments configurables sur une même page  Donner accès aux users au statut des learners & activation manuelle <p></p> Benef: rendre l’user plus autonome, moins boite noire, utile qu’importe l’algo, avoir une configuration différente par campagne",Planned,,9564716,IA,Tribe Data Analysts,Data Tribe,2022-01-01,2022-05-03,,nice to have,nice to have,nice to have,,60,100,,,,,,,,,,,,13,,,,,,,,,,,,,,,,,Squad Machine Learning,,,,,80,6.15,,,,,,,,,,,,,,,,,,,,100,,,,,,,,,,,,,,,,,,,,,,,,,,,,,,,,,,,,,,,,,,,,,,,,,Tribe Data Analysts,
9974514,feature,2021-10-12 09:48:26 UTC,2021-10-12 09:50:53 UTC,Integrate inputs from external sources,"",New idea,,9564716,IA,Tribe Data Analysts,Data Tribe,,,,,,,,,,,,,,,,,,,,,,,,,,,,,,,,,,,,,,,,,,,,,,,,,,,,,,,,,,,,,,,,,,,,,,,,,,,,,,,,,,,,,,,,,,,,,,,,,,,,,,,,,,,,,,,,,Tribe Data Analysts,
9974528,feature,2021-10-12 09:48:54 UTC,2021-10-12 10:09:58 UTC,Project qualification thresholds,"sur le dash learner ou page predict, indicateur basé sur le nb de visites et de conversions",New idea,,9564716,IA,Tribe Data Analysts,Data Tribe,,,,,,,,,,,,,,,,,,,,,,,,,,,,,,,,,,,,,,,,,,,,,,,,,,,,,,,,,,,,,,,,,,,,,,,,,,,,,,,,,,,,,,,,,,,,,,,,,,,,,,,,,,,,,,,,,Tribe Data Analysts,
9974538,feature,2021-10-12 09:49:06 UTC,2021-11-26 15:48:26 UTC,Results page - Breakdown by KCS score,"Sur les pages de résultats de toutes les campagnes, ventiler par KCS d’un learner pour faciliter le choix des tranches KCS ",New idea,,9564716,IA,Tribe Data Analysts,Data Tribe,2022-04-01,2022-06-30,,,,,,,,,,,,,,,,,,,,,,,,,,,,,,,,,,,,,,,,,,,,,,,,,,,,,,,,,,,,,,,,,,,,,,,,,,,,,,,,,,,,,,,,,,,,,,,,,,,,,,,,,,,,,,,Tribe Data Analysts,
9974544,feature,2021-10-12 09:49:21 UTC,2021-10-12 09:50:53 UTC,Predict - Make segment page available for all goals,"",New idea,,9564716,IA,Tribe Data Analysts,Data Tribe,,,,,,,,,,,,,,,,,,,,,,,,,,,,,,,,,,,,,,,,,,,,,,,,,,,,,,,,,,,,,,,,,,,,,,,,,,,,,,,,,,,,,,,,,,,,,,,,,,,,,,,,,,,,,,,,,Tribe Data Analysts,
9974552,feature,2021-10-12 09:49:31 UTC,2021-10-12 10:09:20 UTC,Critical input discovery,which CustomData is really important for the algorithm <p></p>,New idea,,9564716,IA,Tribe Data Analysts,Data Tribe,,,,,,,,,,,,,,,,,,,,,,,,,,,,,,,,,,,,,,,,,,,,,,,,,,,,,,,,,,,,,,,,,,,,,,,,,,,,,,,,,,,,,,,,,,,,,,,,,,,,,,,,,,,,,,,,,Tribe Data Analysts,
9974572,feature,2021-10-12 09:49:49 UTC,2021-11-26 15:47:49 UTC,New creation & results page for AI,"Créer une nouvelle page de création de campagne IA et de résultats AI  - Configurer et visualiser les différents trafics: % exposé/NE, et % Aléatoire/IA ) - Avoir un reporting day by day  - Ajouter  une analyse en ROI  - Adapter en fonction du UC (BDR, fidéliser, lead)   <p></p> Benef: Faciliter la création et l'analyse des résultats (ajd 2 perso séparés), montrer les gains produit par un Use Case ",Planned,,9564716,IA,Tribe Data Analysts,"Data Tribe, external",2022-05-04,2022-08-31,,should have,nice to have,nice to have,,60,100,,,,,,,,,,,,13,,,,,,,,,,,,,,,,,Squad Machine Learning,,,,,80,6.15,,,,,,,,,,,,,,,,,,,,100,,,,,,,,,,,,,,,,,,,,,,,,,,,,,,,,,,,,,,,,,,,,,,,,,Tribe Data Analysts,
9975196,feature,2021-10-12 10:04:09 UTC,2021-12-01 17:56:08 UTC,Onboard new users,Avoir un setup wizard après activation de la création de learners/models au lancement de campagne,Planned,,9564716,IA,Tribe Data Analysts,Data Tribe,2022-10-12,2022-11-10,,nice to have,nice to have,nice to have,,20,100,,,,,,,,,,,,1,,,,,,,,,,,,,,,,,Squad Data,,,,,60,60,,,,,,,,,,,,,,,,,,,,100,,,,,,,,,,,,,,,,,,,,,,,,,,,,,,,,,,,,,,,,,,,,,,,,,Tribe Data Analysts,
9979069,feature,2021-10-12 12:17:45 UTC,2021-10-12 12:17:45 UTC,Remove access to results for user with Technical rights,"",New idea,,9973312,Team,Tribe Marketers,"",,,,,,,,,,,,,,,,,,,,,,,,,,,,,,,,,,,,,,,,,,,,,,,,,,,,,,,,,,,,,,,,,,,,,,,,,,,,,,,,,,,,,,,,,,,,,,,,,,,,,,,,,,,,,,,,,Tribe Marketers,
9979418,subfeature,2021-10-12 12:26:06 UTC,2025-03-03 11:58:47 UTC,Goals - Currency,"",New idea,,9973296,Goals - Enhancement of Goals dashboard export,Tribe Marketers,"",,,,,,,,,,,,,,,,,,,,,,,,,,,,,,,,,,,,,,,,,,,,,,,,,,,,,,,,,,,,,,,,,,,,,,,,,,,,,,,,,,,,,,,,,,,,,,,,,,,,,,,,,,,,,,,,,Tribe Marketers,
9979461,feature,2021-10-12 12:27:24 UTC,2023-11-27 09:11:01 UTC,Currency management by project,"## 📒 **Feature short description:** ``` This feature allows users to custom the currency they wish to use for each project. ``` ## 😥 Problem <u>**Problem statement:**</u> ``` As a Marketer, I can't custom the chosen currency by project currently - the used currency is at the account level, so if I have multi-countries projects, they are not all using the right currency for their transactions. ``` <u>**Workaround:**</u> - **Existing workaround:** No ## 💡 Solution <u>**Key benefits**</u>: <span data-preserve-white-space></span> What value does this feature bring to the user?  ``` Access the right currency for each project, when needed ``` <u>**✏️ Product design:**</u> - **Product package:** Web Experimentation \/ Full Stack Experimentation \/ Feature Management \/ AI\-driven Personalization <span data-preserve-white-space></span> - **Product scope:** Project configuration page, Results pages, Audiences, Predict - **Target Persona**: Marketer, PM - **Main updates:** In bullets, concisely describe what your solution consists of:     - In each project configuration page, we'll add a field to switch the currency to another one than the account's default currency     - Currency symbol will adapt everywhere there is financial data in Kameleoon \(results pages, audiences, \.\.\.\) ## 🎯 **Measuring Success** - **Goal 1:** use of the feature - **Success metric:** number of times users customize their currency <p></p> ## 📄 Attached documents - **Figma file**: <span data-preserve-white-space></span> [Embedded content](https://www.figma.com/embed?embed_host=share&url=https%3A%2F%2Fwww.figma.com%2Ffile%2FII2vmVAVjkHPKI91cP34lM%2FCurrency-by-project%3Ftype%3Ddesign%26node-id%3D13-34%26mode%3Ddesign%26t%3DZ5u2i3J7ylfy003z-0) <p></p> - **Redmine ticket**: <https://project.kameleoon.net/issues/24127> <span data-preserve-white-space></span> <p></p> ",Released,,9973308,Account settings,Tribe Marketers,🙂 Interface squad,2023-10-05,2023-11-30,,,,,,,,,,,,,,,,,,,,,,,,,,,,,,,,,,,,Squad Interfaces,,,,,,,,,,,,,,,,,,,,,,,,,,,,,,,,,,,,,,,,,,,,,,,,,,,,,,,,,,,,,,,,,,,,,,,,,,,Tribe Data Analysts,
10045254,feature,2021-10-13 11:22:04 UTC,2021-10-13 11:23:48 UTC,Freespee (callback platform),Freespee offers a dedicated integration with Kameleoon so phone calls KPIs can be sent to Kameleoon to help our customers better understand the results of their tests.,Released,,9564652,Common integrations,Frederic DE TODARO,🙂 Dev Tools Squad,,,,,,,,,,,,,,,,,,,,,,,,,,,,,,,,,,,,,,Squad Dev Tools,,,,,,,,,,,,,,,,,,,,,,,,,,,,,,,,,,,,,,,,,,,,,,,,,,,,,,,,,,,,,,,,,,,,,,,,,,,,
10089209,feature,2021-10-14 12:55:51 UTC,2021-10-27 09:11:22 UTC,Configuration of plannings for release strategy,"",Released,,9564875,Feature Management & Experimentation (FM&E),Tribe Developer,🙂 FF/SDK Squad,2021-10-01,2021-10-31,,,,,,80,100,,,,,,,,,,,,,,,,,,,,,,,,,,,,,Squad FM&E,,,,,90,90,,,,,,,,,,,,,,,,,,,,,,,,,,,,,,,,,,,,,,,,,,,,,,,,,,,,,,,,,,,,,,,,,,,,,,
10089211,feature,2021-10-14 12:55:58 UTC,2022-01-12 11:06:18 UTC,Custom timezone setting for planning,"",Released,,9564875,Feature Management & Experimentation (FM&E),Tribe Developer,🙂 FF/SDK Squad,2021-11-01,2022-01-31,,,,,,80,80,,,,,,,,,,,,,,,,,,,,,,,,,,,,,Squad FM&E,,,,,80,80,,,,,,,,,,,,,,,,,,,,,,,,,,,,,,,,,,,,,,,,,,,,,,,,,,,,,,,,,,,,,,,,,,,,,,
10089219,feature,2021-10-14 12:56:35 UTC,2022-02-11 10:28:44 UTC,Multi-environments management,Multi-environments management to enable simultaneous use of a same feature flag on different environments,Released,,9564875,Feature Management & Experimentation (FM&E),Tribe Developer,"external, 🙂 FF/SDK Squad",2021-11-01,2022-02-10,,,,,,80,80,,,,,,,,,,,,,,,,,,,,,,,,,,,,,Squad FM&E,,,,,80,80,,,,,,,,,,,,,,,,,,,,,,,,,,,,,,,,,,,,,,,,,,,,,,,,,,,,,,,,,,,,,,,,,,,,,,
10089305,feature,2021-10-14 13:00:13 UTC,2022-10-11 12:35:33 UTC,Progressive Rollout,"## 🚀 Feature Summary <p></p> Progressive \(gradual\) rollouts lets teams break up big releases into smaller chunks and remove most of the risks associated with releases by shrinking them into smaller, easier\-to\-control stages\. Users will be able to define the features and changes you are going to release, define who they are going to be released to, when they are going to be released, and what the increments look like\. <span data-preserve-white-space></span> --- ## 💁‍♂️ Problem\/Context <p></p> **Description:** As a Product, Engineering or QA user, I have no way of tapering my release\. I have to rely on the results of my pre\-prod QA to be assured that my release will not break anything major and consequently affect all of my user base\. I am also unable to plan for any sudden loads on bandwidth, storage or infrastructure when my new release is made public\. <span data-preserve-white-space></span> <p></p> - **Existing workaround:** None\. Currently, users would have to create individual rollouts for each individual increment\. <p></p> - **Justification:** A major selling point for some of our competitors\. Progressive rollouts are an established good practice and meets our audience's needs\. --- <p></p> ## 💡 Solution <p></p> - **Product package:** Full stack <span data-preserve-white-space></span> - **User roles**: PM, EM, QA, RM \- or anyone concerned with product\/version releases\. - **Product scope:** The option can be found in the right overlay when adding a new rule in the Rollout Planner\. All UI changes reside in the same overlay\. <span data-preserve-white-space></span> - **Product design:** Selecting this option will prompt the user to define a few parameters: <p></p> 1. Choose Progressive rollout when adding a new rule ![](https://pb-files.s3.amazonaws.com/production/attachments/b019216e125aaf2aa9da9f80bc8f02128c11b7c2c3f91fb6ffdbddddbcb6b1c5/image.png) <p></p> Then, in the next screen, fill in your parameters for progressive rollout: <p></p> 1. Choose audience\/segment for this rule \(or create a new one\) 1. Start date  1. Initial exposure \(e\.g: 0%\) 1. Increment \(e\.g: 20%\)  1. Interval between increments \(e\.g: 5 days\) 1. Final exposure cap \(e\.g: 80%\) → Upon this final entry, the user sees an indication of when and at what exposure percentage the rollout will stop\.   ![](https://pb-files.s3.amazonaws.com/production/attachments/27fcda0472191b50264f4291e43a0b11159bf9fe4e8a84fa925327d9b464a06b/image.png) --- ## 🎯 **Measuring Success** <p></p> - **Market\-Fit:** This feature brings us on par with LaunchDarkly and Flagship, the only two competitors offering this functionality\. <span data-preserve-white-space></span> - **Adoption:** Once released, active customers try out progressive delivery at least once\. --- ## 📄 Attached documents <p></p> - **Figma file**: [https:\/\/www\.figma\.com\/file\/b8VwBwFMilgBCTJUH7DRKe\/Hybrid\-Plan?node\-id=400%3A75886](https://www.figma.com/file/b8VwBwFMilgBCTJUH7DRKe/Hybrid-Plan?node-id=400%3A75886) - **Redmine ticket**: <https://project.kameleoon.net/issues/15989> <p></p> ",Released,(Releases) June Feature Release,9564875,Feature Management & Experimentation (FM&E),Tribe Developer,🙂 FF/SDK Squad,2022-04-15,2022-06-15,,,,,,80,80,,,,,,,,,,,,,,,,,,,,,,,,,,,,,Squad FM&E,,,,,80,80,,,,,,,,,,,,100,,,,,,,,,,,,,,,,,,,,,,,,,,,,,,,,,,,,,,,,,,,,,,,,,,,,,,,,,Tribe Developer,
10089329,feature,2021-10-14 13:00:56 UTC,2023-10-13 04:17:00 UTC,Feature Flag technical debt management facilitators,Feature Flag **technical debt management facilitators** helping users maintain features by identifying flags that needs to be removed and potential technical debt issues to address,New idea,,9564875,Feature Management & Experimentation (FM&E),Tribe Developer,🙂 FF/SDK Squad,,,,,,,,60,60,,,,,,,,,,,,,,,,,,,,,,,,,,,,,Squad FM&E,,,,,60,60,,,,,,,,,,,,,,,,,,,,,,,,,,,,60,,,,,,,,,,,,,,,,,,,,,,,,,,,,,,,,,,,,,,,,,,
10089534,feature,2021-10-14 13:06:36 UTC,2023-10-13 04:14:49 UTC,Feature flag contextual history of modifications,**Establish and access contextual history of modifications** made on a feature flag to better understand the changes made and assess actions to take,New idea,,9564875,Feature Management & Experimentation (FM&E),Tribe Developer,🙂 FF/SDK Squad,2023-01-01,2023-03-31,,,,,,60,60,,,,,,,,,,,,,,,,,,,,,,,,,,,,,Squad FM&E,,,,,60,60,,,,,,,,,,,,,,,,,,,,,,,,,,,,80,,,,,,,,,,,,,,,,,,,,,,,,,,,,,,,,,,,,,,,,,,
10089802,feature,2021-10-14 13:08:49 UTC,2023-09-30 09:57:54 UTC,Views saving capabilities from dashboard,<p></p>,New idea,,8692201,Feature Experimentation,Tribe Developer,"",,,,,,,,,,,,,,,,,,,,,,,,,,,,,,,,,,,,,,,,,,,,,,,,,,,,,,,,,,,,,,,,,,,,,,,,,,,,,,,,,,,,,,,,,,,,,,,,,,,,,,,,,,,,,,,,,,
10090028,feature,2021-10-14 13:16:44 UTC,2023-10-13 04:14:49 UTC,Specific roles and authorizations for feature flags actions,Ability to define specific roles and authorizations for feature flags actions,New idea,,9564875,Feature Management & Experimentation (FM&E),Tribe Developer,🙂 FF/SDK Squad,2023-07-01,2023-09-30,,,,,,60,80,,,,,,,,,,,,,,,,,,,,,,,,,,,,,Squad FM&E,,,,,70,70,,,,,,,,,,,,,,,,,,,,,,,,,,,,60,,,,,,,,,,,,,,,,,,,,,,,,,,,,,,,,,,,,,,,,,,
10090123,feature,2021-10-14 13:19:12 UTC,2023-10-13 04:14:49 UTC,Improvement of segments management for feature flag,<p></p>,New idea,,9564875,Feature Management & Experimentation (FM&E),Tribe Developer,🙂 FF/SDK Squad,,,,,,,,,,,,,,,,,,,,,,,,,,,,,,,,,,,,,,Squad FM&E,,,,,,,,,,,,,,,,,,,,,,,,,,,,,,,,,,80,,,,,,,,,,,,,,,,,,,,,,,,,,,,,,,,,,,,,,,,,,
10090215,feature,2021-10-14 13:20:43 UTC,2023-10-13 04:14:49 UTC,Improvement of goals management for feature flags,"",New idea,,9564875,Feature Management & Experimentation (FM&E),Tribe Developer,🙂 FF/SDK Squad,,,,,,,,,,,,,,,,,,,,,,,,,,,,,,,,,,,,,,Squad FM&E,,,,,,,,,,,,,,,,,,,,,,,,,,,,,,,,,,,,,,,,,,,,,,,,,,,,,,,,,,,,,,,,,,,,,,,,,,,,
10090227,feature,2021-10-14 13:21:01 UTC,2022-11-07 12:51:17 UTC,Real time streaming architecture,Has to be divided into 2: - One update for CDN (easier) - One for real-time (end of APR) ,Released,,9564875,Feature Management & Experimentation (FM&E),Tribe Developer,🙂 FF/SDK Squad,2021-11-01,2022-05-31,,,,,,80,80,,,,,,,,,,,,,,,,,,,,,,,,,,,,,Squad FM&E,,,,,80,80,,,,,,,,,,,,100,,,,,,,,,,,,,,,,,,,,,,,,,,,,,,,,,,,,,,,,,,,,,,,,,,,,,,,,,,
10090234,feature,2021-10-14 13:21:17 UTC,2023-10-13 04:14:49 UTC,Technical improvements to reduce risks of flickers,"",New idea,,9564875,Feature Management & Experimentation (FM&E),Tribe Developer,🙂 FF/SDK Squad,,,,,,,,,,,,,,,,,,,,,,,,,,,,,,,,,,,,,,Squad FM&E,,,,,,,,,,,,,,,,,,100,,,,,,,,,,,,,,,,,,,,,,,,,,,,,,,,,,,,,,,,,,,,,,,,,,,,,,,,,,
10090608,feature,2021-10-14 13:35:12 UTC,2024-05-31 11:57:25 UTC,Zapier integration (Slack),"",Released,,9564875,Feature Management & Experimentation (FM&E),Tribe Developer,"_⭐ Feature Experimentation Squad, 🙂 FF/SDK Squad, forrester",2024-02-03,2024-05-31,,,,,,,,,,,,,,,,,,,,,,,,,,,,,,,,,,,,Squad FM&E,,,,,,,,,,,,,,,,,,,,,,,,,,,,,,,,,,,,,,,,,,,,,,,,,,,,,,,,,,,,,,,,,,,,,,,,,,,,
10294844,feature,2021-10-20 12:53:58 UTC,2025-07-08 10:18:04 UTC,Adding new events in browser extension,"# 💁‍♂️ Problem/Context ## **Description** New events types in the timeline on the browser extension, especially for debugging ## Workaround No. ## **Project justification** **Project type** - Improvement to existing workflow **Justification** Give more autonomy to our users by helping them in debugging their campaigns. # 💡 Solution **Package** A/B Testing / Personalization / Full stack **Scope** Browser extension **User roles** All **Design** New events in the timeline. # 🎯 **Measuring Success** **Goal 1** Increase the use of the timeline **Success metric** Number of click on the timeline **Success metric** Scroll tracking in the timeline <p></p> --- <p></p> # 📄 Attached documents **Figma file**: No **Spec file**: No **Redmine ticket**: No",Candidate,,9564652,Common integrations,Isabelle Ung,_⭐ Integrations Squad,,,,,,,,40,40,,,,,,,,,,,,1,,,,,,,,,,,,,,,,,Squad Dev Tools,,,,,40,40,,,,,,,,,,,,,,,,,,,,,,,,,,,1,40,,,,,,,,,,,,,,,,,,,,,,,,,,,,,,,,,,,,,,,,,Tribe Developer,
10294861,subfeature,2021-10-20 12:54:55 UTC,2023-11-10 17:05:07 UTC,VS Code Extension - Evolution + Experiment creation,"# 💁‍♂️ Problem/Context ## **Description** - New VS Code Extension with more capabilities - This VS Code Extension is easier to use than the previous one - Merging the old version of the VS Code Extension with the new one, in order to have all the current features in the new extension ## Workaround No ## **Project justification** **Project type** - Improvement to existing workflow **Justification** Having this new version of the VS Code Extension, we will allow our users to interact more with their Experiments and Personalization.  # 💡 Solution **Package** A/B Testing / Personalization  **Scope** VS Code Extension **User roles** Technical **Design** - # 🎯 **Measuring Success** No indicators can be implemented for now. <p></p> --- <p></p> # 📄 Attached documents **Redmine ticket**: mandatory (paste link) <p></p>",Released,(Releases) July Feature release,14218979,VS Code Extension Version 3+,Tribe Developer,🙂 Dev Tools Squad,2022-03-01,2022-07-08,,,,,,60,100,,,,,,,,,,,,2,,,,,,,,,,,,,,,,,,,,,,80,40,,,,,,,,,,,,,,,,,,,,,,,,,,,,,,,,,,,,,,,,,,,,,,,,,,,,,,,,,,,,,,,,,,,,,,
10295085,subfeature,2021-10-20 13:02:23 UTC,2025-08-27 06:40:34 UTC,QR Code Generation for Simulation Links,"# 💁‍♂️ Problem/Context ## **Description** As a user, I want to scan a QR Code with my phone/tablet to be able to see an experiment simulation on my phone/tablet. <p></p> ## **Workaround** Yes, by connecting to the app from the device. <p></p> ## **Project justification** **Project type:** New product concept or workflow **Justification:** Using QR Codes allows users to define new workflows based on these QR Codes # 💡 Solution **Product package**  A/B Testing / Personalization <p></p> **Product scope** Product section and pages that will evolve (on the contrary, you can specify what is out of scope) <p></p> **User roles**  All <p></p> ***Design**  Undone # 🎯 **Measuring Success** **Goal 1:** Use of QR Code for simulation **Success metric:** Number of QR Code generated --- ## 📄 Attached documents **Figma file**: optional (paste link) **Spec file**: optional (paste link) **Redmine ticket**: mandatory  (paste link) <p></p>",Released,,22676392,Simulation Panel Redesign,Yassin Hassan,"_⭐ Admin & Engine Squad, 🎨 design needed",,,,,,,,60,80,,,,,,,,,,,,2,,,,,,,,,,,,,,,,,Squad Dev Tools,,,,,70,35,,,,,,,,,,,,,,,,,,,,,,,,,,,,,,,,,,,,,,,,,,,,,,,,,,,,,,,,,,,,,,,,,,,,,,
10295199,feature,2021-10-20 13:07:43 UTC,2025-07-08 09:45:01 UTC,Multi-factor Authentication,"# 💁‍♂️ Problem/Context ## **Description** As a user, I want to secure my authentication using multi-factor authentication (by email and/or by OTP).   ## Workaround No. ## **Project justification** **Project type** - New product concept or workflow - Risk mitigation **Justification** Allowing our user to use a multifactor authentication is something new to the Kameleoon app, and it allows our users to secure their authentication process. # 💡 Solution **Package** Other **Scope** Login page **User roles** All **Design** In the login page, we want the user to be able to add another layer of security using multifactor authentication. # 🎯 **Measuring Success** **Goal 1** Use of MFA among the users. **Success metric** Number of users using this feature. <p></p> --- <p></p> # 📄 Attached documents **Figma file**: <https://www.figma.com/file/6e6o5JphBVpi0XgVfOlPml/US-14279---MFA---OTP> **Spec file**: [Google docs](https://docs.google.com/document/d/1HNr0GoxbRDeVCS9vXw24akkKv6FmIMir7Ga6JOvKYsg/edit?usp=sharing) **Redmine ticket**: <http://project.kameleoon.net/issues/14279> <p></p>",Released,,6783364,"Data, Common  & Infrastructure",Yassin Hassan,"_⭐ Admin & Engine Squad, 🎨 design needed, 🙂 Dev Tools Squad",2023-10-01,2025-06-30,,,,,,60,60,,,,,,,,,,,,3,,,,,,,,,,,,,,,,,Squad Dev Tools,,,,,60,20,,,,,,,,,,0,,,,,,,,,,,,,,,,,,,2,80,,,,,,,,,,,,,,,,,,,,,,,,,,,,,,,,,,,,,,,,
10295674,feature,2021-10-20 13:22:40 UTC,2025-07-08 09:44:56 UTC,Migration of APP Login Pages to Gravitee,"",Released,,6783364,"Data, Common  & Infrastructure",Yassin Hassan,🙂 Dev Tools Squad,2021-10-01,2021-10-31,,,,,,,,,,,,,,,,,,,,,,,,,,,,,,,,,,,,Squad Dev Tools,,,,,,,,,,,,,,,,,,,,,,,,,,,,,,,,,,,,,,,,,,,,,,,,,,,,,,,,,,,,,,,,,,,,,,,,,,,,
10299299,feature,2021-10-20 14:25:15 UTC,2023-07-04 08:58:32 UTC,Code Editor Migration to Microservices,"target \-\> January # 💁‍♂️ Problem\/Context ## **Description** - Migrate the backend part from Grails to ms\-core  <span data-preserve-white-space></span> - Replace the calls in the front part to use ms\-core only ## Workaround NA ## **Project justification** **Project type** - Operational improvement - Risk mitigation **Justification** Moving the backend part to ms\-core will allow us to better detect and solve bugs and to develop more feature for the code editor\. This is about improving our technical architecture\. # 💡 Solution **Package** A\/B Testing **Scope** Product section and pages that will evolve \(on the contrary, you can specify what is out of scope\) **User roles** Technical <span data-preserve-white-space></span> **Design** Nothing # 🎯 **Measuring Success** *\-* <p></p> --- <p></p> # 📄 Attached documents **Redmine ticket**: <span data-preserve-white-space></span> - <https://project.kameleoon.net/issues/14972> - <https://project.kameleoon.net/issues/14973> - <https://project.kameleoon.net/issues/14974> ",Released,,9564793,Developer editor,Tribe Developer,🙂 Dev Tools Squad,2021-12-01,2023-06-13,,,,,,80,80,,,,,,,,,,,,8,,,,,,,,,,,,,,,,,Squad Dev Tools,,,,,80,10,,,,,,,,,,,,,,,,,,,,,,,,,,,,,2,100,,,,,,,,,,,,,,,,,,,,,,,,,,,,,,,,,,,,,,,,
10335980,feature,2021-10-21 12:51:41 UTC,2024-10-14 08:24:26 UTC,Feature Flag dependencies,Ability to **configure and control feature dependencies** from Kameleoon feature flags,Planned,,9564875,Feature Management & Experimentation (FM&E),Tribe Developer,"_⭐ Feature Experimentation Squad, 🙂 FF/SDK Squad, forrester",2024-12-31,2025-03-31,,,,,,80,80,,,,,,,,,,,,,,,,,,,,,,,,,,,,,Squad FM&E,,,,,80,80,,,,,,,,,,,,,,,,,,,,,,,,,,,,,,,,,,,,,,,,,,,,,,,,,,,,,,,,,,,,,,,,,,,,,,
10336214,feature,2021-10-21 12:59:56 UTC,2023-10-13 04:14:49 UTC,Feature flag configuration compare view,Ability to **compare feature flags configuration** between different environments and flags,New idea,,9564875,Feature Management & Experimentation (FM&E),Tribe Developer,🙂 FF/SDK Squad,,,,,,,,60,40,,,,,,,,,,,,,,,,,,,,,,,,,,,,,Squad FM&E,,,,,50,50,,,,,,,,,,,,,,,,,,,,,,,,,,,,,,,,,,,,,,,,,,,,,,,,,,,,,,,,,,,,,,,,,,,,,,
10396608,feature,2021-10-25 10:18:28 UTC,2021-10-25 10:21:06 UTC,Automatic password regeneration - Improvements,"Feedback from Ulf <u>(</u>[<u>https://project.kameleoon.net/issues/12416</u>](https://project.kameleoon.net/issues/12416)<u>)</u>   **Activating Password Rotation will lead to insufficient user-flow** <p></p> When activating the password rotation, this will lead to no emails to the users, but they are not able anymore to log in. The user flow should be different. Suggestion: - Login should still be possible (check if ok) - Password regeneration should be done when the time is ready (check if ok) - Users should be notified via email after the change has been made - Ideally a notification should be shown, when a user is trying to log in with an expired password (ok) ",New idea,,9564798,Common APP pages,Tribe Marketers,"",,,,,,,,,,,,,,,,,,,,,,,,,,,,,,,,,,,,,,,,,,,,,,,,,,,,,,,,,,,,,,,,,,,,,,,,,,,,,,,,,,,,,,,,,,,,,,,,,,,,,,,,,,,,,,,,,,
10414067,feature,2021-10-26 08:55:14 UTC,2022-05-12 12:11:29 UTC,Code Editor : Environments for Server Side Experiments,"",Rejected,,9564793,Developer editor,Tribe Developer,🙂 Dev Tools Squad,,,,,,,,,,,,,,,,,,,,,,,,,,,,,,,,,,,,,,Squad Dev Tools,,,,,,,,,,,,,,,,,,,,,,,,,,,,,,,,,,,,,,,,,,,,,,,,,,,,,,,,,,,,,,,,,,,,,,,,,,,,
10424770,feature,2021-10-26 15:52:44 UTC,2022-01-06 14:23:40 UTC,Improvements on code edition for developers,"We currently use a standard code editor which is not really convenient for developers as there is no syntax detection errors, no autocomplete when you use predefined functions.. <p></p> In Q4, we will greatly improve the user experience of all parts of the product where you can write code (experiment, global custom script, custom data..) by releasing a new code editor that will offer many new features for developers.",Released,,9564793,Developer editor,Tribe Developer,🙂 Dev Tools Squad,2021-11-01,2021-11-16,,,,,,,,,,,,,,,,,,,,,,,,,,,,,,,,,,,,Squad Dev Tools,,,,,,,,,,,,,,,,,,,,,,,,,,,,,,,,,,,,,,,,,,,,,,,,,,,,,,,,,,,,,,,,,,,,,,,,,,,,
10435828,feature,2021-10-27 08:19:28 UTC,2021-12-02 21:41:36 UTC,Views saving capabilities from dashboard,"",Released,,9564875,Feature Management & Experimentation (FM&E),Tribe Developer,🙂 FF/SDK Squad,2021-11-01,2021-11-30,,,,,,,,,,,,,,,,,,,,,,,,,,,,,,,,,,,,Squad FM&E,,,,,,,,,,,,,,,,,,,,,,,,,,,,,,,,,,,,,,,,,,,,,,,,,,,,,,,,,,,,,,,,,,,,,,,,,,,,
10435877,feature,2021-10-27 08:23:51 UTC,2024-11-07 13:54:13 UTC,Custom date range for staleness checks,"Add new ""key date"" filtering option in dashboard to filter FF based on their date of creation or activation. Oldest flags in source code has much chances to lead to technical debt. ",Planned,,9564875,Feature Management & Experimentation (FM&E),Tribe Developer,"_⭐ Feature Experimentation Squad, 🙂 FF/SDK Squad, forrester",,,,,,,,,,,,,,,,,,,,,,,,,,,,,,,,,,,,,,,,,,,,,,,,,,,,,,,,,,,,,,,,,,,,,,,,,,,,,,,,,,,,,,,,,,,,,,,,,,,,,,,,,,,,,,,,,,
10435913,subfeature,2021-10-27 08:28:37 UTC,2023-10-13 04:17:00 UTC,Automatic notification when flag is ON for a long time,Implement possibility to automaticall notify a user when a flag is active for a long time,New idea,,10089329,Feature Flag technical debt management facilitators,Tribe Developer,🙂 FF/SDK Squad,,,,,,,,,,,,,,,,,,,,,,,,,,,,,,,,,,,,,,,,,,,,,,,,,,,,,,,,,,,,,,,,,,,,,,,,,,,,,,,,,,,,,,,,,,,,,,,,,,,,,,,,,,,,,,,,,,
10442204,feature,2021-10-27 14:37:09 UTC,2025-07-08 09:45:16 UTC,Data API,"# 💁‍♂️ Problem/Context ## **Description** While the Automation API is not intended to be used extensively (by this we mean it's intended to be called a dozen of times per minute and per customer / user account on our systems), the Data API is scalable to millions of calls per minute, so it can be called for every visitor on your website. ## Workaround No workaround. ## **Project justification** **Project type** New product concept or workflow **Justification** To cover use cases that the automation API couldn't or wasn't meant to cover. # 💡 Solution **Package** - **Scope** - **User roles** Technical **Design** - # 🎯 **Measuring Success** No goals are defined for now. <p></p> --- <p></p> # 📄 Attached documents **Redmine ticket**: mandatory (paste link) # 🗯️ Discussions Use Gravitee Kafka Connector ? <https://docs.gravitee.io/apim/3.x/apim_publisherguide_introducing_kafka.html>",Released,,6783364,"Data, Common  & Infrastructure",Yassin Hassan,🙂 Dev Tools Squad,2022-12-26,2023-02-22,,,,,,80,100,,,,,,,,,,,,6,,,,,,,,,,,,,,,,,Squad Dev Tools,,,,,90,15,,,,,,,,,,,,,,,,,,,,,,,,,,,2,80,2,80,,,,,,,,,,,,,,,,,,,,,,,,,,,,,,,,,,,,,,,,
10444860,feature,2021-10-27 16:49:48 UTC,2021-10-27 16:50:07 UTC,Roadmap to manage tests & perso,"So far i have a document where my client and i try to manage the projects (what will be next, whats live now, + priorisation). It would be nice to integrate this in the tool. There is often the fear of that the personalisations influence bad each other etc..",New idea,,6783323,Web Experimentation,Tribe Marketers,"",,,,,,,,,,,,,,,,,,,,,,,,,,,,,,,,,,,,,,,,,,,,,,,,,,,,,,,,,,,,,,,,,,,,,,,,,,,,,,,,,,,,,,,,,,,,,,,,,,,,,,,,,,,,,,,,,,
10444902,feature,2021-10-27 16:52:46 UTC,2021-10-27 16:52:46 UTC,CDN Loadbalancing,"",New idea,,9564664,Technical / Infrastructure,Tribe Marketers,"",,,,,,,,,,,,,,,,,,,,,,,,,,,,,,,,,,,,,,,,,,,,,,,,,,,,,,,,,,,,,,,,,,,,,,,,,,,,,,,,,,,,,,,,,,,,,,,,,,,,,,,,,,,,,,,,,,
10444961,feature,2021-10-27 16:55:12 UTC,2021-10-27 16:55:12 UTC,Integrate retrievedatafromremotesource directly into Custom data,"",New idea,,9973294,Advanced tools,Tribe Marketers,"",,,,,,,,,,,,,,,,,,,,,,,,,,,,,,,,,,,,,,,,,,,,,,,,,,,,,,,,,,,,,,,,,,,,,,,,,,,,,,,,,,,,,,,,,,,,,,,,,,,,,,,,,,,,,,,,,,
10445018,subfeature,2021-10-27 16:58:18 UTC,2022-12-14 16:00:52 UTC,Pre-set date range options,"",Candidate,,10887350,Reporting page Update - Lot 1,Tribe Marketers,_⭐ Reporting Squad,,,,,,,,,,,,,,,,,,,,,,,,,,,,,,,,,,,,,,,,,,,,,,,,,,,,,,,,,,,,,,,,,,,,,,,,,,,,,,,,,,,,,,,,,,,,,,,,,,,,,,,,,,,,,,,,,Tribe Marketers,
10445077,feature,2021-10-27 17:01:53 UTC,2023-11-10 17:04:58 UTC,Get an auto generated version ID in console.log when saving work,"",New idea,,9564955,Other,Tribe Marketers,"",,,,,,,,,,,,,,,,,,,,,,,,,,,,,,,,,,,,,,,,,,,,,,,,,,,,,,,,,,,,,,,,,,,,,,,,,,,,,,,,,,,,,,,,,,,,,,,,,,,,,,,,,,,,,,,,,,
10512174,feature,2021-11-02 12:25:39 UTC,2023-11-10 17:07:18 UTC,Server Side Package,"<https://project.kameleoon.net/issues/13711> <p></p> The ""server side"" package should be able to become independent, i.e. a customer should be able to subscribe to the server side package without benefiting from the client side package (access to the graphic editor or the BO Code Editor). <p></p> Adapt the site installation page for the server side package (the guidelines to install the SDK/FF).",Rejected,,8692201,Feature Experimentation,Tribe Developer,🙂 FF/SDK Squad,,,,,,,,,,,,,,,,,,,,,,,,,,,,,,,,,,,,,,Squad FM&E,,,,,,,,,,,,,,,,,,,,,,,,,,,,,,,,,,,,,,,,,,,,,,,,,,,,,,,,,,,,,,,,,,,,,,,,,,,,
10693628,component,2021-11-15 11:01:37 UTC,2021-11-15 11:01:46 UTC,Communication,"",New idea,,6783364,"Data, Common  & Infrastructure",Tribe Data Analysts,"",,,,,,,,,,,,,,,,,,,,,,,,,,,,,,,,,,,,,,,,,,,,,,,,,,,,,,,,,,,,,,,,,,,,,,,,,,,,,,,,,,,,,,,,,,,,,,,,,,,,,,,,,,,,,,,,,,
10693637,feature,2021-11-15 11:02:21 UTC,2022-02-01 09:05:23 UTC,Visitor Data Model - Influence,<https://docs.google.com/document/d/1LzMD2gg3qjYtjm_Y1WU-FjIxzVPTjvH6IQuDCfL_fzs/edit#heading=h.u6ibaiyp9jfc> <p></p> <p></p> <p></p> <p></p> ![](https://pb-files.s3.amazonaws.com/production/attachments/de45ea54cb75bf1e44a0081597c75da950a083bbf3a8e8d3f121f8c96ce41012/Configuration_page.png) <p></p> <p></p> ![](https://pb-files.s3.amazonaws.com/production/attachments/966db95c70b1823a08d3462be8b116e7050697c7581e9741fe842b57128071b0/Tooltip_-_details_-__Kameleoon_not_configured.png) <p></p> <p></p> <p></p> ![](https://pb-files.s3.amazonaws.com/production/attachments/c08ea2b255efd15fecf3dc0b0e15e602d68c25d96248d7a31ec9387c31016c12/Key_informations_-_Scroll_bar.png) <p></p>,Released,,10693628,Communication,Tribe Data Analysts,_⭐ Reporting Squad,,,,,,,,,,,,,,,,,,,,,,,,,,,,,,,,,,,,,,Squad Data,,,,,,,,,,,,,,,,,,,,,,,,,,,,,,,,,,,,,,,,,,,,,,,,,,,,,,,,,,,,,,,,,,,,,,,,,,,,
10849936,component,2021-11-24 09:55:46 UTC,2021-11-24 09:55:55 UTC,Internal Product,"",New idea,,6783364,"Data, Common  & Infrastructure",Fabien DIMEGLIO,"",,,,,,,,,,,,,,,,,,,,,,,,,,,,,,,,,,,,,,,,,,,,,,,,,,,,,,,,,,,,,,,,,,,,,,,,,,,,,,,,,,,,,,,,,,,,,,,,,,,,,,,,,,,,,,,,,,
10850088,feature,2021-11-24 10:01:37 UTC,2021-11-24 10:01:37 UTC,Internal Product Portal - Usage of the platform,"",New idea,,10849936,Internal Product,Tribe Marketers,"",,,,,,,,,,,,,,,,,,,,,,,,,,,,,,,,,,,,,,,,,,,,,,,,,,,,,,,,,,,,,,,,,,,,,,,,,,,,,,,,,,,,,,,,,,,,,,,,,,,,,,,,,,,,,,,,,,
10887350,feature,2021-11-26 15:53:22 UTC,2025-04-18 14:41:13 UTC,Reporting page Update - Lot 1,"## 💁‍♂️ Problem\/Context <u>**Description:**</u> This project comes in a context of front\-end architecture migration \- this is a problem \(tech debt reduction\) we need to tackle with this topic\. Besides, Kameleoon needs to place itself in a position of enterprise\-level company, hence the UX\/UI improvements we will bring to reporting pages along with their migration\. <span data-preserve-white-space></span> <p></p> - **Existing workaround:** No \(even though most features that will be redesigned already exist, and can be used as such\) <p></p> <u>**Project justification:**</u> - **Project type:** Improvement to existing workflow - **Justification:** <span data-preserve-white-space></span>     - Improvements to get to an enterprise\-level product     - UX\/UI improvements requested by customers <span data-preserve-white-space></span>     - Tech debt reduction \(front\-end architecture migration\) ## 💡 Solution - **Product package:** A\/B Testing \/ Personalization - **Product scope:** Reporting pages for Experiments and Personalizations - **User roles**: Marketing - **Design:** TBD \(work in progress\) ## 🎯 **Measuring Success** - **Goal 1:** help Kameleoon get to an enterprise\-level product - **Success metric:** number of enterprise customers signed <p></p> - **Goal 2:** improve satisfaction over results pages - **Success metric:** satisfaction rate <p></p> --- ## 📄 Attached documents - **Redmine ticket**: <https://project.kameleoon.net/issues/23228> - old ticket : <https://project.kameleoon.net/issues/14140> <p></p> ",Released,,9564643,Data & RP,Calixthe Mattei,_⭐ Reporting Squad,2022-10-02,2024-11-05,,,,,,,,,,,,,,,,,,,,,,,,,,,,,,,,,,,,Squad Data,,,,,,,,,,,,,,,,,,,,,,,,,,,,,,,,,,,,,,,,,,,,,,0,,,,,,,,,,,,,,,,,,,,,,,,,,,,,Tribe Marketers,
10900657,feature,2021-11-29 09:43:53 UTC,2021-12-20 13:54:08 UTC,End plannification enhancement,"**PROBLEM :** Currently, if a perso is scheduled (Start date and end date), when the scheduling is over the status of the perso become stopped. So if the users want to relaunch the perso after the end date of the scheduling, they are unable to do it because of status. <p></p> **SOLUTION PROPOSED:** if a scheduling is over, we wish to apply the status ""Paused"" to the personalization. With it, user will be able to relaunch it if needed. <p></p> **BUSINESS CONTEXT:** This feature is requested by BPCE customer. We told them it will be ready for end 2021",Released,,6783363,AI-Driven Personalization,Tribe Marketers,🙂 Perso Squad,2021-12-01,2021-12-25,,,,,,,,,,,,,,,,,,,,,,,,,,,,,,,,,,,,Squad Perso,,,,,,,,,,0,,,,,,,,,,,,,,,,,,,,,,,,,,,,,,,,,,,,,,,,,,,,,,,,,,,,,,,,,,,,,,,,,Tribe Marketers,
11052220,feature,2021-12-08 10:16:04 UTC,2021-12-20 13:55:07 UTC,Adding integration with Google Analytics 4,"",Released,,9973294,Advanced tools,Tribe Developer,🙂 Dev Tools Squad,2021-12-01,2021-12-31,,,,,,,,,,,,,,,,,,,,,,,,,,,,,,,,,,,,Squad Dev Tools,,,,,,,,,,,,,,,,,,,,,,,,,,,,,,,,,,,,,,,,,,,,,,,,,,,,,,,,,,,,,,,,,,,,,,,,,,,,
11054207,subfeature,2021-12-08 12:51:57 UTC,2025-03-03 11:58:47 UTC,Goals - Display all campaigns statuses in the overlay,"<u>Request from Christoph Ernst</u> <p></p> I will recommend a client to inactivate some goals I get this view to check, if campaigns are aktive or not. I could only see the status:  online  but  not paused or stopped,... I ask because I could only inactivate stopped goals. So I need to know if and which exp are stopped and which are only paused. In old BO we show always the status of experiment here, or on info icon in goal.",New idea,,9973296,Goals - Enhancement of Goals dashboard export,Tribe Marketers,_⭐ App System Squad,,,,,,,,,,,,,,,,,,,,,,,,,,,,,,,,,,,,,,,,,,,,,,,,,,,,,,,,,,,,,,,,,,,,,,,,,,,,,,,,,,,,,,,,,,,,,,,,,,,,,,,,,,,,,,,,,,
11054771,feature,2021-12-08 13:30:37 UTC,2025-07-08 10:11:29 UTC,Slack Integration,"# 💁‍♂️ Problem\/Context ## **Description** As a user, I want to connect Kameleoon to Slack so that I can use interactions between Kameleoon and Slack by triggering events and actions \(just like we do with Zapier[ <u>https:\/\/zapier\.com\/apps\/kameleoon\/integrations</u>](https://zapier.com/apps/kameleoon/integrations)\)\. ## Workaround Yes, using the Zapier integration\. ## **Project justification** **Project type** New product concept or workflow **Justification** All our competitors have a Slack integration\. # 💡 Solution **Package** A\/B Testing \/ Personalization <span data-preserve-white-space></span> **Scope** Integration page **User roles** All **Design** To be defined # 🎯 **Measuring Success** **Goal 1** Use of the Slack integration **Success metric** Number of customers\/campaigns using the Slack integration <p></p> --- <p></p> # 📄 Attached documents **Figma file**: optional \(paste link\) **Spec file**:  [Google Docs](https://docs.google.com/document/d/1Qe2OTl9yZbZoo9SHiN7SimciS00gw8Eg5gbA4m5-PLI/edit?usp=sharing) **Redmine ticket**: mandatory \(paste link\) ",New idea,,32146897,New integrations,Isabelle Ung,"_⭐ Integrations Squad, VOC1_2025_Inté",,,,,,,,60,40,,,,,,,,,,,,2,#2 - Needs of mature XP teams,,,,,,,,,,,,,,,,Squad Dev Tools,,,,"Payfit, Tick Pick",50,25,,,,,,,,,,,,,,,,,,,,,,,,,,,,,,,,,,,,,,,,,,,,,,,,,,,,,,,,,,,,,,,,,,,,,Tribe Developer,
11056902,feature,2021-12-08 15:25:34 UTC,2025-07-08 10:11:31 UTC,BigCommerce Integration,"# 💁‍♂️ Problem/Context ## **Description** Integration with the e-commerce platform ""BigCommerce"". Same benefits as Shopify Plus. The integration will be done by our partner (Optiphoenix) ## Workaround No ## **Project justification** **Project type** New product concept or workflow **Justification** *-* # 💡 Solution **Package** A/B Testing / Personalization **Scope** Integration **User roles** All **Design** - # 🎯 **Measuring Success** **Goal 1** Use of this integration **Success metric** Number of customers using it <p></p> --- <p></p> # 📄 Attached documents **Figma file**: optional (paste link) **Spec file**: optional (paste link) **Redmine ticket**: mandatory (paste link) <p></p>",Candidate,,32146897,New integrations,Isabelle Ung,_⭐ Integrations Squad,,,,,,,,40,40,,,,,,,,,,,,5,,,,,,,,,,,,,,,,,Squad Dev Tools,,,,,40,8,,,,,,,,,,,,,,,,,,,,,,,,,,,,,,,,,,,,,,,,,,,,,,,,,,,,,,,,,,,,,,,,,,,,,Tribe Developer,
11057809,feature,2021-12-08 16:08:52 UTC,2025-07-08 10:11:34 UTC,Klaviyo Cohorts Integration,# 💁‍♂️ Problem/Context ## **Description** Being able to fetch segment defined in Klavyio and add them as a custom data in Kameleoon. <https://www.klaviyo.com/> <p></p> ## Workaround No. ## **Project justification** **Project type** New product concept or workflow **Justification** Klaviyo customers could be interested in using their data in Kameleoon. # 💡 Solution **Package** A/B Testing / Personalization **Scope** - **User roles** All **Design** To be defined. # 🎯 **Measuring Success** To be defined. <p></p> --- <p></p> # 📄 Attached documents **Figma file**: optional (paste link) **Spec file**: optional (paste link) **Redmine ticket**: mandatory (paste link),New idea,,32146897,New integrations,Isabelle Ung,_⭐ Integrations Squad,,,,,,,,40,40,,,,,,,,,,,,1,,,,,,,,,,,,,,,,,Squad Dev Tools,,,,,40,40,,,,,,,,,,,,,,,,,,,,,,,,,,,,,,,,,,,,,,,,,,,,,,,,,,,,,,,,,,,,,,,,,,,,,Tribe Developer,
11057944,feature,2021-12-08 16:15:56 UTC,2025-10-10 08:13:12 UTC,Braze Integration,"# 💁‍♂️ Problem/Context ## **Description** As a user, I want to connect Kameleoon to Braze so that I can use Kameleoon’s data in Braze. ## Workaround No. ## **Project justification** **Project type** New product concept or workflow **Justification** To get new customers in the United States. The Braze integration will allow our users to use Kameleoon’s data in their Braze account. # 💡 Solution **Package** A/B Testing / Personalization **Scope** Integration page **User roles** All **Design** To be defined. # 🎯 **Measuring Success** **Goal 1** Use of the Braze integration **Success metric** Number of customers / campaigns using this integration <p></p> --- <p></p> # 📄 Attached documents **Figma file**: optional (paste link) **Spec file**: [Google docs](https://docs.google.com/document/d/1N9mINrhJU5E5Jom4VsT9KgYuUN1VbmQXckBzQwUOY-E/edit?usp=sharing) **Redmine ticket**: mandatory (paste link) <p></p>",Beta,,32146897,New integrations,Isabelle Ung,_⭐ Integrations Squad,2025-07-01,2025-09-30,,,,,,40,40,,,,,,,,,,,,1,#2 - Needs of mature XP teams,,,,,,,,,,,,,,,,Squad Dev Tools,,,,,40,40,,,,,,,,,,,,,,,,,,,,,,,,,,,,,,,,,,,,,,,,,,,,,,,,,,,,,,,,,,,,,,,,,,,,,Tribe Developer,
11096274,feature,2021-12-10 14:30:25 UTC,2022-01-20 15:41:44 UTC,"Contentsquare Live Signals (fraud detection, rage clickers, friction..)","Add the ability to use Contentsquare ""Signals"" (9 provided by default) in our Segment Builder (custom data bridge) and breakdown capabilities for reporting. - js_error_signal - consecutive_click_signal - rage_click_signal - repetitive_hovering_signal - repeated_scrolling_signal - mouse_shakes_signal - excessive_pastes_fraud_signal - excessive_reloads_fraud_signal - adblocker_signal <p></p> Contentsquare will develop the bridge (javascript snippet that will be delivered by their platform). Kameleoon will set up a custom data with the signals names so that an end user can target visitors based on triggered signals during their visit.  <p></p> <u>Important</u>: signals names can be changed by the end user in Contentsquare platform. So it will require a small setup for each customer on our side so that we can add the custom data values (signal names) when we create the custom data. They don't provide an API to retrieve the configuration.. <p></p>",Released,,9564652,Common integrations,Tribe Developer,"🙂 Dev Tools Squad, external",2022-01-01,2022-01-31,,,,,,,,,,,,,,,,,,,,,,,,,,,,,,,,,,,,Squad Dev Tools,,,,,,,,,,,,,,,,,,,,,,,,,,,,,,,,,,,,,,,,,,,,,,,,,,,,,,,,,,,,,,,,,,,,,,,,,,,,
11110810,feature,2021-12-12 12:04:45 UTC,2021-12-13 17:20:23 UTC,New SDKs for Feature Flags and Experimentation,"",Released,,6783323,Web Experimentation,Frederic DE TODARO,🙂 FF/SDK Squad,,,,,,,,,,,,,,,,,,,,,,,,,,,,,,,,,,,,,,Squad FM&E,,,,,,,,,,,,,,,,,,,,,,,,,,,,,,,,,,,,,,,,,,,,,,,,,,,,,,,,,,,,,,,,,,,,,,,,,,,,
11227790,feature,2021-12-21 05:34:59 UTC,2022-02-13 21:23:49 UTC,Multi-environments management to enable simultaneous use of a same feature flag on different environments,"",Released,,6783323,Web Experimentation,Frederic DE TODARO,🙂 FF/SDK Squad,,,,,,,,,,,,,,,,,,,,,,,,,,,,,,,,,,,,,,Squad FM&E,,,,,,,,,,,,,,,,,,,,,,,,,,,,,,,,,,,,,,,,,,,,,,,,,,,,,,,,,,,,,,,,,,,,,,,,,,,,
11228133,subfeature,2021-12-21 07:09:09 UTC,2022-01-26 11:45:23 UTC,React SDK,"",Released,,7281799,New SDKs,Frederic DE TODARO,"",,,,,,,,,,,,,,,,,,,,,,,,,,,,,,,,,,,,,,Squad FM&E,,,,,,,,,,,,,,,,,,,,,,,,,,,,,,,,,,,,,,,,,,,,,,,,,,,,,,,,,,,,,,,,,,,,,,,,,,,,
11366504,feature,2022-01-06 14:45:18 UTC,2025-07-08 09:45:20 UTC,Simulation & Previsualization Service,Centralization of the simulation and the previsualization to Node JS service.   <http://project.kameleoon.net:8082/issues/15915>,Released,,6783364,"Data, Common  & Infrastructure",Yassin Hassan,🙂 Dev Tools Squad,2022-03-01,2022-04-28,,,,,,,,,,,,,,,,,,,,,,,,,,,,,,,,,,,,Squad Dev Tools,,,,,,,,,,,,,,,,,,,,,,,,,,,,,,,,,,,,,,,,,,,,,,,,,,,,,,,,,,,,,,,,,,,,,,,,,,,,
11366560,feature,2022-01-06 14:47:57 UTC,2025-03-12 10:28:11 UTC,Code editor enhancements,"# 💁‍♂️ Problem/Context ## **Description** We would like to allow our user to enable more code capabilities.  This includes the ability to use SASS/SCSS in the code editor, but also (in the long term) allow our users to code in Typescript and to choose between ES5 and ES6. ## Workaround No workaround possible, since it is not possible to use these types of code in the code editor. ## **Project justification** **Project type** - Requested capability - New product concept or workflow **Justification** This feature is requested by users. Many customers are using SCSS files for instance. Typescript is also very common among in a lot of companies. This feature would allow us to have a solution that fits better with our customers' technological choices. # 💡 Solution **Package** A/B Testing **Scope** Code editor **User roles** Technical **Design** We would like to add new tabs in the Code Editor to allow user to write code in their preferred context (SASS, Typescript, ES5, ES6). # 🎯 **Measuring Success** **Goal 1** Calculate the influence of this feature on the use of code editor **Success metric** Overall use of code editor in experiments **Goal 2** Engage our user into the newly permitted capabilities **Success metric** Calculate the use of newly permitted capabilities <p></p> --- <p></p> # 📄 Attached documents **Figma file**: optional (paste link) **Spec file**: optional (paste link) **Redmine ticket**: mandatory (paste link) <p></p>",Rejected,,9564793,Developer editor,Mallaury Gruget,_⭐ Campaign Creation Squad,,,,,,,,20,80,,,,,,,,,,,,2,#1  - Frictionless experience,,,,,,,,,,,,,,,,Squad Dev Tools,,,,"Requested by users, more efficient code editor",50,25,,,,,,,,,,,,,,,,,,,,,,,,,,,1,80,,,,,,,,,,,,,,,,,,,,,,,,,,,,,,,,,,,,,,,,,Tribe Developer,
11414456,feature,2022-01-10 17:49:11 UTC,2022-04-12 14:03:23 UTC,"Sites - Setup page redesign (lot 0, part 2)","The idea is to improve the setup page by adding texts, descriptions, links, examples, tooltips. We want it to be more understandable by anyone and the user to be more autonomous on this part of his journey. It will contributes to a better onboarding experience.",Released,,9973300,Sites,Tribe Marketers,🙂 Interface squad,2022-01-01,2022-03-31,,,,,,,,,,,,,,,,,,,,,,,,,,,,,,,,,,,,Squad Interfaces,,,,,,,,,,,,,,,,,,,,,,,,,,,,,,,,,,,,,,,,,,,,,,,,,,,,,,,,,,,,,,,,,,,,,,,,,,,,
11425621,feature,2022-01-11 09:05:11 UTC,2022-01-11 09:05:44 UTC,ISO 27001 compliance,"",In progress (deprecated),,6783364,"Data, Common  & Infrastructure",Frederic DE TODARO,"",,,,,,,,,,,,,,,,,,,,,,,,,,,,,,,,,,,,,,,,,,,,,,,,,,,,,,,,,,,,,,,,,,,,,,,,,,,,,,,,,,,,,,,,,,,,,,,,,,,,,,,,,,,,,,,,,,
11529399,feature,2022-01-18 11:12:02 UTC,2022-02-22 07:07:15 UTC,Element Set Improvements for SPA,"",Released,,6783323,Web Experimentation,Tribe Developer,🙂 Dev Tools Squad,2022-02-01,2022-02-28,,,,,,,,,,,,,,,,,,,,,,,,,,,,,,,,,,,,Squad Dev Tools,,,,,,,,,,,,,,,,,,,,,,,,,,,,,,,,,,,,,,,,,,,,,,,,,,,,,,,,,,,,,,,,,,,,,,,,,,,,
11667209,subfeature,2022-01-26 15:58:00 UTC,2023-06-08 16:37:38 UTC,Cross-campaign analysis,"Analyze the interactions between campaigns \(experiments and personalization\) by applying *another* campaign, or variations, as a filter to your current campaign's performance or breaking down its goals by another campaign\. <span data-preserve-white-space></span> ## 📒 **Feature short description:** Describe what the feature does\. ``` Cross-campaign analysis allows users to check that their campaigns are not inadvertently interfering with one another. Users can break down a campaign's results by its exposition to another one. ``` ## 😥 Problem <u>**Problem statement:**</u> What problem are we trying to solve with this feature? Or, what is the opportunity we are addressing?  ``` As an experimenter, I want to run multiple campaigns at the same time. When analyzing my experiments' results, one of my key assumptions is that there are no statistical interactions between my campaigns. See part 5.2 https://exp-platform.com/Documents/2013%20controlledExperimentsAtScale.pdf A statistical interaction between two treatments A and B exists if their combined effect is not the same as the sum of two individual treatment effects. The existence of interaction violates the basic premise we use to scale experimentation: that each experiment can be analyzed in isolation. The existence of interaction contradicts one basic premise we use to scale experimentation: that each experiment can be analyzed in isolation. The resulting issue would be that the measured uplift is not the true uplift because it is mixed between the real effect of your campaign and the interaction effect. ``` <span data-preserve-white-space></span>  <span data-preserve-white-space></span> <u>**Workaround:**</u> - **Existing workaround:** No - **Workaround description:** If there is a workaround, explain how we can proceed to solve the problem today ## 💡 Solution <u>**Key benefits**</u>: <span data-preserve-white-space></span> What value does this feature bring to the user?  ``` Trustworthy experimentation data: After checking for potential interactions between concurrently running campaigns, users can have more confidence in the validity of their campaigns' result. With the cross-campaign breakdown, users can gain transparency into the impact of being exposed to 2 variations of 2 different campaigns at the same time. ``` <span data-preserve-white-space></span>   <u>**Use Cases:**</u> <span data-preserve-white-space></span> Share use cases where this feature would help our users\. <span data-preserve-white-space></span> ``` Any time a company has several tests running on the same parts of the website (that might interact). ``` <u>**✏️ Product design:**</u> - **Product package:** Web Experimentation \/ Full Stack Experimentation \/ Feature Management \/ AI\-driven Personalization  *\(only keep the right answers\)* - **Product scope:** Product section and pages that will evolve \(if needed, define sections\/pages that will be out of scope\) - **Target Persona**: Which one of our target persona is going to benefit from this feature? \(Marketer \/ Developer \/ Product Manager\) <span data-preserve-white-space></span> - **Main updates:** In bullets, concisely describe what your solution consists of:     - In page X, we add \.\.\.     - On click, \.\.\.     - Optionally, paste images of the solution here \(or paste Figma link\) ## 🎯 **Measuring Success** - **Goal 1:** indicate the goal of this topic - **Success metric:** indicate the key indicator of success that will measure the achievement of goal 1 <span data-preserve-white-space></span>  <span data-preserve-white-space></span> ``` We will be measuring how often this breakdown is used compared to others. ``` --- ## 📄 Attached documents - **Figma file**: optional \(paste link\) - **Spec file**: optional \(paste link\) - **Redmine ticket**: mandatory  \(paste link\) - **Image:** mandatory, to illustrate the topic ",Released,,10887350,Reporting page Update - Lot 1,Tribe Marketers,_⭐ Reporting Squad,,,,,,,,,,,,,,,,,,,,,,,,,,,,,,,,,,,,,,Squad Data,,,,,,,,,,,,,,,,,,,,,,,,,,,,,,,,,,,,,,,,,,,,,,,,,,,,,,,,,,,,,,,,,,,,,,,,,,,Tribe Marketers,
11681440,feature,2022-01-27 10:01:27 UTC,2022-09-28 09:02:34 UTC,Unexposed reasons breakdown for personalization,<p></p> ,In progress (deprecated),,9564643,Data & RP,Tribe Marketers,_⭐ Reporting Squad,,,,,,,,,,,,,,,,,,,,,,,,,,,,,,,,,,,,,,Squad Data,,,,,,,,,,,,,,,,,,,,,,,,,,,,,,,,,,,,,,,,,,,,,,,,,,,,,,,,,,,,,,,,,,,,,,,,,,,Tribe Marketers,
11682376,subfeature,2022-01-27 10:49:33 UTC,2024-02-29 10:32:10 UTC,Alerting feature enhancements,- Fix existing issues about email alerting - Add mobile notifications alerts - Enable Alerts on a global scale \(all the experiments at once\) - Enable alerts to be sent into Slack - <p></p> <p></p> ,Candidate,,10887350,Reporting page Update - Lot 1,Tribe Marketers,_⭐ Reporting Squad,,,,,,,,,,,,,,,,,,,,,,,,,,,,,,,,,,,,,,Squad Data,,,,,,,,,,,,,,,,,,,,,,,,,,,,,,,,,,,,,,,,,,,,,,,,,,,,,,,,,,,,,,,,,,,,,,,,,,,Tribe Marketers,
11689952,feature,2022-01-27 13:52:56 UTC,2022-08-08 11:36:24 UTC,Audiences - new UI,"## 💁‍♂️ Problem/Context <u>**Description:**</u> This new UI comes in a context of front-end architecture migration - this is the first problem (tech debt reduction) we need to tackle with this topic. Along with that, users need to see a form of consistency in the overall Kameleoon platform - currently, the Audiences module is the same as before the global platform redesign.  <p></p> - **Existing workaround:** No (even though most features that will be redesigned already exist, and can be used as such) <p></p> <u>**Project justification:**</u> - **Project type:** Improvement to existing workflow - **Justification:**    - Tech debt reduction through the front-end architecture migration   - Platform harmonization with pages of the platform that were redesigned with the global platform redesign ## 💡 Solution - **Product package:** Personalization - **Product scope:** Audiences first configuration page, Audiences dashboard, Audiences segments detailed pages - **User roles**: Marketing - **Design:**    - On Audiences dashboard:     - KPIs top block enhancements      - Filters redesign (addition of a sidebar, with the same behavior as on dashboards)     - Data tables redesign (more readable, same behavior and design as on dashboards)     - Responsive versions for all types of devices (tablets, smartphones)     <p></p> ![](https://pb-files.s3.amazonaws.com/production/attachments/ac06a2ac49a407ac5da7699c608bf2b5c5ff64aa8aa570ce2439e1b778d7acb6/Audiences_migration_-_main_dashboard_(1).jpg) - <p></p>   - On Audiences dashboard:     - Design enhancements     - Tables rework     - Responsive versions for all types of devices (tablets, smartphones) ## 🎯 **Measuring Success** - **Goal 1:** indicate the goal of this topic - **Success metric:** indicate the key indicator of success that will measure the achievement of goal 1 <p></p> --- ## 📄 Attached documents - **Figma file**: <https://www.figma.com/file/Mp5jJerSeWYnA7Fwf8s7aH/14142---Audiences-front-end-migration?node-id=100%3A1160> - **Redmine ticket**: <https://project.kameleoon.net/issues/14142> ",Released,(Releases) 4th week July 22 (rc109),9564706,Audiences,Tribe Marketers,"Audience, _⭐ Reporting Squad",2022-01-01,2022-07-29,,,,,,,,,,,,,,,,,,,,,,,,,,,,,,,,,,,,Squad Data,,,,,,,,,,,,,,,,,,,,,,,,,,,,,,,,,,,,,,,,,,,,,,,,,,,,,,,,,,,,,,,,,,,,,,,,,,,Tribe Marketers,
11690368,subfeature,2022-01-27 14:16:46 UTC,2022-09-28 09:25:29 UTC,Add squares for reliability stability on breakdowns,<p></p>,Candidate,,10887350,Reporting page Update - Lot 1,Tribe Marketers,_⭐ Reporting Squad,,,,,,,,,,,,,,,,,,,,,,,,,,,,,,,,,,,,,,,,,,,,,,,,,,,,,,,,,,,,,,,,,,,,,,,,,,,,,,,,,,,,,,,,,,,,,,,,,,,,,,,,,,,,,,,,,Tribe Marketers,
11690373,subfeature,2022-01-27 14:17:10 UTC,2022-09-28 09:25:22 UTC,Responsive interface for all devices,<p></p> ,Candidate,,10887350,Reporting page Update - Lot 1,Tribe Marketers,_⭐ Reporting Squad,,,,,,,,,,,,,,,,,,,,,,,,,,,,,,,,,,,,,,,,,,,,,,,,,,,,,,,,,,,,,,,,,,,,,,,,,,,,,,,,,,,,,,,,,,,,,,,,,,,,,,,,,,,,,,,,,Tribe Marketers,
11690410,feature,2022-01-27 14:18:52 UTC,2022-09-28 09:10:14 UTC,Results page - Stability - Disable filters/breakdowns for old campaigns,<p></p>,Candidate,,9564643,Data & RP,Tribe Marketers,_⭐ Reporting Squad,,,,,,,,,,,,,,,,,,,,,,,,,,,,,,,,,,,,,,,,,,,,,,,,,,,,,,,,,,,,,,,,,,,,,,,,,,,,,,,,,,,,,,,,,,,,,,,,,,,,,,,,,,,,,,,,,Tribe Marketers,
11690469,subfeature,2022-01-27 14:22:30 UTC,2022-08-08 11:36:46 UTC,Extend Audiences data availability to 6 months,<p></p>,Released,,11689952,Audiences - new UI,Tribe Marketers,_⭐ Reporting Squad,,,,,,,,,,,,,,,,,,,,,,,,,,,,,,,,,,,,,,,,,,,,,,,,,,,,,,,,,,,,,,,,,,,,,,,,,,,,,,,,,,,,,,,,,,,,,,,,,,,,,,,,,,,,,,,,,Tribe Marketers,
11690476,subfeature,2022-01-27 14:22:50 UTC,2024-05-14 09:45:50 UTC,Audiences Excel exports,"## 💁‍♂️ Problem/Context <u>**Description:**</u> As a marketer, when exporting data on Audiences, I want to have the freedom to perform deeper custom analyses I choose. To do that, PDF export is not adapted \> I need Excel exports. <p></p> - **Existing workaround:** Yes - **Workaround description:** Copy and paste the data from PDF export, or type them manually from the platform to an Excel document (but it's not convenient at all). <p></p> <u>**Project justification:**</u> - **Project type:** Requested capability - **Justification:** This is a customer request (from LIDL namely) ## 💡 Solution - **Product package:** Personalization - **Product scope:** Audiences dashboard, Audiences segments detailed pages - **User roles**: Marketing - **Design:**    - Add a new action in Audiences page to enable Excel exports, in the page actions dropdown   - Excel exports with all the relevant data ## 🎯 **Measuring Success** - **Goal 1:** use of the feature - **Success metric:** number of users who use the Excel exports + ratio vs the number of users that have installed Audiences --- ## 📄 Attached documents - **Redmine ticket**: <https://project.kameleoon.net/issues/15945> <p></p>",Development in progress,,15156987,Enhancements to the Audiences Explorer export function,Tribe Marketers,"rep_deprecated, _⭐ Reporting Squad",2023-02-22,2023-05-26,,,,,,,,,,,,,,,,,,,,,,,,,,,,,,,,,,,,Squad Data,,,,,,,,,,,,,,,,,,,,,,,,,,,,,,,,,,,,,,,,,,,,,,,,,,,,,,,,,,,,,,,,,,,,,,,,,,,Tribe Marketers,
11690533,feature,2022-01-27 14:24:45 UTC,2023-03-22 12:20:18 UTC,Audiences view by visitor,"## 💁‍♂️ Problem\/Context <u>**Description:**</u> As a marketer, when analyzing data on Audiences to get insights on my visitors, I only see data by visit, which isn't the most relevant view for this module\. <p></p> - **Existing workaround:** No <p></p> <u>**Project justification:**</u> - **Project type:** Improvement to existing workflow - **Justification:** This feature has been requested from key customers and key users of Audiences \(LIDL\) ## 💡 Solution - **Product package:** Personalization - **Product scope:** Audiences main dashboard, Audiences detailed segments pages - **User roles**: Marketers - **Design:** <span data-preserve-white-space></span>     - Audiences module will roughly stay the same, but will be more relevant since we will be able to analyze data by visitor         - Set the data Visitor view by default         - Add an option for users to choose between Visit and Visitor view ## 🎯 **Measuring Success** - **Goal 1:** indicate the goal of this topic - **Success metric:** indicate the key indicator of success that will measure the achievement of goal 1 <p></p> *Copy and paste previous paragraph for each goal attached to this topic\.* *Report to PDB Template \- Slide 13 for examples* --- ## 📄 Attached documents - **Redmine ticket**: <https://project.kameleoon.net/issues/15944> ",Released,,9564706,Audiences,Tribe Marketers,"Audience, _⭐ Reporting Squad, seminar",2022-10-04,2023-02-18,,,,,,,,,,,,,,,,,,,,,,,,,,,,,,,,,,,,Squad Data,,,,,,,,,,,,,,,,,,,,,,,,,,,,,,,,,,,,,,,,,,,,,,,,,,,,,,,,,,,,,,,,,,,,,,,,,,,Tribe Marketers,
11690540,subfeature,2022-01-27 14:25:23 UTC,2022-03-08 13:53:47 UTC,Enable to set several time ranges in the dates pop-in,"",Candidate,,6786335,Audience middle-term enhancements,Tribe Marketers,_⭐ Reporting Squad,,,,,,,,,,,,,,,,,,,,,,,,,,,,,,,,,,,,,,,,,,,,,,,,,,,,,,,,,,,,,,,,,,,,,,,,,,,,,,,,,,,,,,,,,,,,,,,,,,,,,,,,,,,,,,,,,Tribe Marketers,
11691177,subfeature,2022-01-27 14:46:28 UTC,2022-03-08 13:53:47 UTC,Data table KPIs quick rework (option to remove hover),"",Candidate,,6786335,Audience middle-term enhancements,Tribe Marketers,_⭐ Reporting Squad,,,,,,,,,,,,,,,,,,,,,,,,,,,,,,,,,,,,,,,,,,,,,,,,,,,,,,,,,,,,,,,,,,,,,,,,,,,,,,,,,,,,,,,,,,,,,,,,,,,,,,,,,,,,,,,,,Tribe Marketers,
11691283,subfeature,2022-01-27 14:51:21 UTC,2022-09-28 09:25:33 UTC,Improve goals/variations blocks design and readability,"",Candidate,,10887350,Reporting page Update - Lot 1,Tribe Marketers,_⭐ Reporting Squad,,,,,,,,,,,,,,,,,,,,,,,,,,,,,,,,,,,,,,,,,,,,,,,,,,,,,,,,,,,,,,,,,,,,,,,,,,,,,,,,,,,,,,,,,,,,,,,,,,,,,,,,,,,,,,,,,Tribe Marketers,
11861937,feature,2022-02-07 10:37:01 UTC,2022-03-09 09:29:49 UTC,Widget Countdown banner,"![](https://pb-files.s3.amazonaws.com/production/attachments/727f44476e0dfd104865d7807b8eacd4f68c819a0443845aade73ae7683c0a53/image.png) **Context:** Before the release of our new widget editor, personalization customers could display countdown banner in their personalization. This widget was one of the most used because it can have a big impact on the visitor's behaviour (as it creates a sense of urgency and give the feeling that “time is running out.”) <p></p> **Pain point:** - Coundown widget is not proposed in our new widget editor - Previous version of our countdown widget was not visual and complex to customize <p></p> **Solution:** - Addition of  a countdown widget in our new widget editor. - Key benefits for users:  provide a good UX and have many customization options.  - Key benefits for Kameleoon: the implementation of this widget can help us to gain additional deals (Monoprix) <p></p>",Released,,9564753,Widgets,Tribe Marketers,"Key Feature, 🙂 Perso Squad",2022-02-01,2022-02-28,,,,,,,,,,,,,,,,,,,,,,,,,,,,,,,,,,,,Squad Perso,,,,,,,,,,,,,,,,,,,,,,,,,,,,,,,,,,,,,,,,,,,,,,,,,,,,,,,,,,,,,,,,,,,,,,,,,,,Tribe Marketers,
11861988,feature,2022-02-07 10:38:50 UTC,2022-04-01 07:30:30 UTC,Widget Editor : addition of preset new templates,"**Pain point:** In our new widget editor, if we have few preset templates proposed.  <p></p> **Solution:** Addition of new preset templates, when we create a new widget with our new editor. <p></p> **Key user benefits:** - Inspire our users, and give them example of use cases that could be useful for their business. - Save them time thanks to a library of preset templates as wide as possible <p></p> **Kameleoon benefits:** - The number of template widgets can be a criterion for choosing an A/B or personalization tool. It is therefore important to offer a catalog of templates as rich as possible, compared to our competitors. ",Released,,12429212,Preset templates,Tribe Marketers,🙂 Perso Squad,2022-02-01,2022-03-31,,,,,,,,,,,,,,,,,,,,,,,,,,,,,,,,,,,,Squad Perso,,,,,,,,,,,,,,,,,,,,,,,,,,,,,,,,,,,,,,,,,,,,,,,,,,,,,,,,,,,,,,,,,,,,,,,,,,,Tribe Marketers,
11861995,feature,2022-02-07 10:39:22 UTC,2022-05-17 16:14:15 UTC,New widget editor available for A/B Testing,"**Pain point :** For the while, it is not possible to use the new widgets created with our new Widget Editor in our A/B Testing Module. <p></p> **Solution:** For personalization customers, or for A/B testing customers paying for our new Widget Editor, make it possible to add the new widgets in A/B Testing variations. <p></p> **Main user benefit:** - Extend the capabilities of our Widget Editor, allowing users to validate hypothesis related to widget content <p></p>",Released,(Releases) rc83 - Widget Editor available on AB,12429128,Core,Tribe Marketers,"Key Feature, 🙂 Perso Squad",2022-02-01,2022-05-31,,,,,,100,100,,,,,,,,,,,,,,,,,,,,,,,,,,,,,Squad Perso,,,,,100,100,,,,,,,,,,,,,,,,,,,,,,,,,,,,,,,,,,,,,,,,,,,,,,,,,,,,,,,,,,,,,,,,,,,,,Tribe Marketers,
11911864,feature,2022-02-09 14:27:14 UTC,2022-07-12 13:58:55 UTC,Sample ratio mismatch,This feature would be a flag which would be raise if we detect that the statistical results we show might not be valid because the observed deviation between the reference and the variations are not what should be expected. One can read about it [here](https://www.microsoft.com/en-us/research/group/experimentation-platform-exp/articles/diagnosing-sample-ratio-mismatch-in-a-b-testing/). <p></p> Implementation wise it would be to a use a test such as a chi-square statistic to determine whether the observed distribution of users in experiment variants statistically differs from the one that was configured. <p></p> To compute it we need the number of visits in the reference and in each variation and the expected deviation for this experiment. If the difference is significative p-value \< 0.0005) we raise the warning.,Released,,9564643,Data & RP,Tribe Marketers,_⭐ Reporting Squad,2022-05-01,2022-07-31,,,,,,,,,,,,,,,,,,,,,,,,,,,,,,,,,,,,Squad Data,,,,,,,,,,,,,,,,,,,,,,,,,,,,,,,,,,,,,,,,,,,,,,,,,,,,,,,,,,,,,,,,,,,,,,,,,,,Tribe Marketers,
11937591,subfeature,2022-02-10 16:23:56 UTC,2022-08-08 11:36:39 UTC,"Audiences dashboard - Add ""Revenue per visit"" on segment level",Add a column in the segments table to have this KPI for each segment (Revenue / Visits),Released,,11689952,Audiences - new UI,Tribe Marketers,_⭐ Reporting Squad,,,,,,,,,,,,,,,,,,,,,,,,,,,,,,,,,,,,,,,,,,,,,,,,,,,,,,,,,,,,,,,,,,,,,,,,,,,,,,,,,,,,,,,,,,,,,,,,,,,,,,,,,,,,,,,,,Tribe Marketers,
11937653,subfeature,2022-02-10 16:26:20 UTC,2022-09-28 09:37:31 UTC,Filters - Keep the activated filters saved when reloading RP,<https://www.notion.so/a211305cebc94bc18fb6b5d6cf002ca8?v=3a07c7b7a86647039a2b95b1585e075a&p=f456434437684ec89c8d5e3cddaac285>,Candidate,,10887350,Reporting page Update - Lot 1,Tribe Marketers,_⭐ Reporting Squad,,,,,,,,,,,,,,,,,,,,,,,,,,,,,,,,,,,,,,,,,,,,,,,,,,,,,,,,,,,,,,,,,,,,,,,,,,,,,,,,,,,,,,,,,,,,,,,,,,,,,,,,,,,,,,,,,Tribe Marketers,
11937843,subfeature,2022-02-10 16:30:33 UTC,2022-07-04 09:59:42 UTC,Enable to custom the goals display order on RP,Useful for instance to make it smoother to look into the success of different steps of the conversion funnel <https://www.notion.so/a211305cebc94bc18fb6b5d6cf002ca8?v=3a07c7b7a86647039a2b95b1585e075a&p=12fc4de2611d4092a7f745f99a66587b>,Candidate,,10887350,Reporting page Update - Lot 1,Tribe Marketers,_⭐ Reporting Squad,,,,,,,,,,,,,,,,,,,,,,,,,,,,,,,,,,,,,,,,,,,,,,,,,,,,,,,,,,,,,,,,,,,,,,,,,,,,,,,,,,,,,,,,,,,,,,,,,,,,,,,,,,,,,,,,,Tribe Marketers,
11938374,subfeature,2022-02-10 16:33:33 UTC,2024-02-06 16:36:47 UTC,Variations Preview on RP,Be able to associate a snapshot of the variations in their corresponding Result Page to easily remember them <https://www.notion.so/a211305cebc94bc18fb6b5d6cf002ca8?v=3a07c7b7a86647039a2b95b1585e075a&p=3f4f6cf965be4d17baa040f049974127> ,New idea,,25088879,Reporting page Update - Lot 3,Tribe Marketers,_⭐ Reporting Squad,,,,,,,,,,,,,,,,,,,,,,,,,,,,,,,,,,,,,,,,,,,0,0,,,,,,,,,,,,,,,,,,,,,,,,,,,,,,,,,,,,,,,,,,,,,,,,,,,,,,,,,,,,,,,,,,,,,Tribe Marketers,
11957021,feature,2022-02-11 14:00:52 UTC,2022-02-11 14:00:52 UTC,Users Rights definition update,"",New idea,,9973312,Team,Tribe Marketers,"",,,,,,,,,,,,,,,,,,,,,,,,,,,,,,,,,,,,,,,,,,,,,,,,,,,,,,,,,,,,,,,,,,,,,,,,,,,,,,,,,,,,,,,,,,,,,,,,,,,,,,,,,,,,,,,,,,
11957095,subfeature,2022-02-11 14:04:18 UTC,2025-03-03 11:58:47 UTC,"Goals - Add multiple URLs for ""Access to a page""","",New idea,,9973296,Goals - Enhancement of Goals dashboard export,Tribe Marketers,"",,,,,,,,,,,,,,,,,,,,,,,,,,,,,,,,,,,,,,,,,,,,,,,,,,,,,,,,,,,,,,,,,,,,,,,,,,,,,,,,,,,,,,,,,,,,,,,,,,,,,,,,,,,,,,,,,,
11957112,feature,2022-02-11 14:06:40 UTC,2025-10-30 16:35:27 UTC,Segment builder redesign,"Our segment builder will be completely redesigned, to make segment creation clearer, more intuitive and faster\.  The aim is to resolve a number of pain points encountered in the segment builder \(notably when there are many conditions\)\. <p></p> **Interesting UI found on Dribble:** ![](https://pb-files.s3.amazonaws.com/production/attachments/950d29d55c3baab2e380d0abb99495aa7aeb15d7cfbe36c639d32cce9795bf5a/image.png) <p></p> ",Deployment in progress,,9564755,Targeting,Loreena,_⭐ App System Squad,2024-11-01,2025-10-15,,,,,,20,,,,,,,,,,,,,,#1  - Frictionless experience,,,,,,,,,,,,,,,,Squad Perso,,,,Top user request,10,10,,,,,,,,,,,,,,,,,,,,,,,,,,,,,,,,,,0,,,,0,,,,,,,,,,,,,,,,,,,,,,,,,,,,,,,,
11957132,feature,2022-02-11 14:08:23 UTC,2025-03-17 16:02:41 UTC,Graphic Editor - Add support of SVG format,"",Released,,9564787,Graphic editor,Tribe Marketers,"",,,,,,,,,,,,,,,,,,,,,,,,,,,,,,,,,,,,,,,,,,,,,,,,,,,,,,,,,,,,,,,,,,,,,,,,,,,,,,,,,,,,,,,,,,,,,,,,,,,,,,,,,,,,,,,,,,
11957247,feature,2022-02-11 14:16:05 UTC,2023-11-10 17:07:51 UTC,Code Editor - Export the experiment code,"",New idea,,8692201,Feature Experimentation,Yassin Hassan,"",,,,,,,,,,,,,,,,,,,,,,,,,,,,,,,,,,,,,,,,,,,,,,,,,,,,,,,,,,,,,,,,,,,,,,,,,,,,,,,,,,,,,,,,,,,,,,,,,,,,,,,,,,,,,,,,,,
11989039,feature,2022-02-14 15:33:44 UTC,2022-09-20 12:05:52 UTC,Improve p-1 wording,Show the previous periods in a more obvious way on segments table,Planned,,6783363,AI-Driven Personalization,Tribe Marketers,_⭐ Reporting Squad,,,,,,,,,,,,,,,,,,,,,,,,,,,,,,,,,,,,,,Squad Data,,,,,,,,,,,,,,,,,,,,,,,,,,,,,,,,,,,,,,,,,,,,,,,,,,,,,,,,,,,,,,,,,,,,,,,,,,,Tribe Marketers,
12082913,feature,2022-02-18 16:02:24 UTC,2022-04-13 15:43:11 UTC,Notifications - Improve user real-time feedback,"",Released,,6783323,Web Experimentation,Tribe Marketers,🙂 Interface squad,2022-02-01,2022-03-31,,,,,,,,,,,,,,,,,,,,,,,,,,,,,,,,,,,,Squad Interfaces,,,,,,,,,,,,,,,,,,,,,,,,,,,,,,,,,,,,,,,,,,,,,,,,,,,,,,,,,,,,,,,,,,,,,,,,,,,,
12133254,feature,2022-02-22 17:42:13 UTC,2023-01-06 17:47:13 UTC,Multiple testing correction method,"This correction helps against the [multiple comparisons problem](https://en.wikipedia.org/wiki/Multiple_comparisons_problem) basically, as we increase the number of variation, we increase the number of test statistics being computed and doing so, we increase the probability of being wrong\. Saying otherwise, as we add more variation, it becomes increasingly likely that one variation appears as a reliable winner due to random sampling error alone\. <p></p> To shield our customer from taking wrong conclusion we should implement a correction to the displayed reliability in case of multi\-variate testing \(it could be extended to goals in a second time\)\. <p></p> A first very simple correction would be the Bonferroni one, where we simply multiply the p\-value by the number of variations\. <p></p> A preferred and more advanced one would be the Holm\-Bonferroni one\. It requires to first sort all the p\-values of the tests, and then to multiply the smallest by the number of variations, the second smallest by the number of variation minus one etc\. ",Released,,9564643,Data & RP,Tribe Marketers,_⭐ Reporting Squad,2022-10-24,2022-12-21,Tribe data,,,,,,,,,,,,,,,,,,,,,,,,,,,,,,,,,,,Squad Data,,,,,,,,,,,,,,,,,,,,,,,,,,,,,,,,,,,,,,,,,,,,,,,,,,,,,,,,,,,,,,,,,,,,,,,,,,,Tribe Marketers,
12133898,feature,2022-02-22 18:03:08 UTC,2022-12-21 13:07:12 UTC,Two-tailed method,"## 💁‍♂️ Problem\/Context <u>**Description:**</u> Currently, we only provide a one\-tailed analysis method, suitable when we suppose that results of an experiment can only go in 1 way\. <span data-preserve-white-space></span> <p></p> - **Existing workaround:** No <p></p> <u>**Project justification:**</u> - **Project type:** Requested capability - **Justification:** Request from LIDL \(key customer\) \- this US will enable us to be statistically more relevant ## 💡 Solution - **Product package:** A\/B Testing \/ Personalization - **Product scope:** Experiments and Personalization Results pages, Admin BO - **User roles**: Marketers - **Design:** <span data-preserve-white-space></span>     - Add a new field in the BO admin where we can pick between one\-tailed and two\-tailed method for each customer \(existing customers will remain on the one\-tailed method unless manually modified, new customers will start on the two\-tailed method\)     - Reevaluation of the results based on the two\-tailed method for existing customers     - A tooltip explains a gap in the results for customers who might have used both methods \(one\- and two\-tailed\) on their experiments ## 🎯 **Measuring Success** - **Goal 1:** use of the feature - **Success metric:** number of customers who activate the feature in the Admin BO --- ## 📄 Attached documents - **Figma file**: [https:\/\/www\.figma\.com\/file\/N5AehI86IoMPYaZj2ipziX\/US\-9853\-\-\-Add\-the\-two\-tailed\-method\-in\-the\-BO\-admin?node\-id=0%3A1](https://www.figma.com/file/N5AehI86IoMPYaZj2ipziX/US-9853---Add-the-two-tailed-method-in-the-BO-admin?node-id=0%3A1) - **Spec file**: <https://docs.google.com/document/d/1eMfVViMUhAdO1Jk5mllFCV5UJoiVWG-61Cn88ttvgHg/edit> - **Redmine ticket**: <https://project.kameleoon.net/issues/9853> <p></p> ",Released,,9564643,Data & RP,Tribe Marketers,"_⭐ Reporting Squad, seminar",2022-08-07,2022-12-21,,,,,,,,,,,,,,,,,,,,,,,,,,,,,,,,,,,,Squad Data,,,,,,,,,,,,,,,,,,,,,,,,,,,,,,,,,,,,,,,,,,,,,,,,,,,,,,,,,,,,,,,,,,,,,,,,,,,Tribe Marketers,
12134177,feature,2022-02-22 18:05:07 UTC,2022-09-22 08:19:50 UTC,Remove the forecast on Bayesian,"## 💁‍♂️ Problem/Context <u>**Description:**</u> As a marketer, when using the Bayesian mode, I need all the data that is displayed to me to be accurate and verified. However, currently, computations for the forecast on Bayesian mode are unsure and it does not make sense nor bring any additional information to do those computations in the context of AB testing. <p></p> - **Existing workaround:** No <p></p> <u>**Project justification:**</u> - **Project type:** Improvement to existing workflow - **Justification:** Goal is to only provide accurate data to our users. It could go with an enhancement / reconsideration of our Bayesian computations which have a lot of room for additions / improvements. For example bayesian confidence intervals. ## 💡 Solution - **Product package:** A/B Testing - **Product scope:** Results pages, on goals blocks and charts - **User roles**: Marketers - **Design:**    - On AB Results pages:      - on the goals tables, remove the forecast part     - on the conversion rate graph, remove the grey forecast area along with its dotted line below it - see ""Frame 80""       <p></p> ## 🎯 **Measuring Success** - **Goal 1:** indicate the goal of this topic - **Success metric:** indicate the key indicator of success that will measure the achievement of goal 1 --- ## 📄 Attached documents - **Redmine ticket**: <https://project.kameleoon.net/issues/15936> <p></p>",Released,,9564643,Data & RP,Tribe Marketers,_⭐ Reporting Squad,2022-05-01,2022-08-31,,,,,,,,,,,,,,,,,,,,,,,,,,,,,,,,,,,,Squad Data,,,,,,,,,,,,,,,,,,,,,,,,,,,,,,,,,,,,,,,,,,,,,,,,,,,,,,,,,,,,,,,,,,,,,,,,,,,Tribe Marketers,
12253350,feature,2022-03-01 10:58:34 UTC,2022-03-29 11:56:04 UTC,Async JS code condition,Add the ability to run asynchronous condition inside JS CODE condition <http://project.kameleoon.net:8082/issues/15825>,Released,,6783323,Web Experimentation,Tribe Developer,🙂 Dev Tools Squad,2022-02-16,2022-02-28,,,,,,,,,,,,,,,,,,,,,,,,,,,,,,,,,,,,Squad Dev Tools,,,,,,,,,,,,,,,,,,,,,,,,,,,,,,,,,,,,,,,,,,,,,,,,,,,,,,,,,,,,,,,,,,,,,,,,,,,,
12253964,feature,2022-03-01 12:01:47 UTC,2023-04-03 15:13:27 UTC,Contentful Integration,"## 📒 **Feature short description:** Describe what the feature does\. ``` The Contentful Integration allows Contentful users to run experiments on content directly from Contentful UI and use Kameleoon powerful analytics solution to analyse the performance of those experiments. ``` <p></p> **What is Contentful ?** <span data-preserve-white-space></span> Contentful is a headless CMS, a composable content platform that meets the unique demands of digital content and all the teams that produce and work with it\. <span data-preserve-white-space></span> Built with an API\-first architecture, Contentful orchestrates content from multiple sources and publishes it to any digital channel\. It ensures content is discoverable and reusable, provides tailored interfaces, and incorporates governance through role\-based access management and workflows\. <p></p> **What is a Headless content management system \(CMS\) ?** A headless CMS comprises three parts: a backend, APIs, and an interface\. The backend stores content and organizes data\. [<u>APIs</u>](https://www.contentful.com/blog/2015/10/22/contentful-a-content-platform/) connect the database to presentation layers\. These presentation layers are independent from the CMS and thus malleable\. Headless CMSes are defined by this lack of presentation layer\. \(If you were looking for it, this is the head in headless CMS\.\) Going headless allows you to distribute content through multiple channels on all sorts of platforms at scale\. <p></p> <p></p> ## 😥 Problem <u>**Problem statement:**</u> What problem are we trying to solve with this feature? Or, what is the opportunity we are addressing?  ``` As a Contentful user, I would like to have Contentful as the single source of truth when creating content for the different projects I manage (website, mobile app, etc). When I want to create an experiment with a version B on a Contentful content, I cannot do it in Contenful, I have to use Kameleoon graphic editor which is not convenient. I'd prefer to run experiments on content using the Contentful UI and use Kameleoon to analyse the performance on my experiment.  ``` <p></p> <u>**Workaround:**</u> - **Existing workaround:** Yes <span data-preserve-white-space></span> - **Workaround description:** asking a developer to use Contentful API in a coded experiment in Kameleoon\. ## 💡 Solution <u>**Key benefits**</u>: <span data-preserve-white-space></span> What value does this feature bring to the user?  ``` → Bringing experimentation capabilities to Contentful for users in charge of managing the website content through Contentful CMS → Keep Contentful as the single source of truth for your content. → Run advanced no-code experiments on structured content (copy, components, layouts and pages) managed in Contentful → Reduce the amount of manual work needed and get the best of both world: managing variants of an experiment in Contentful, benefiting from Kameleoon powerful experimentation engine and analytics solution → Marketers don't have to be dependent on developers to lead experimentation → No flicker: benefiting from server side instant bucketing by serving variations with no latency ``` <span data-preserve-white-space></span>   <u>**Use Cases:**</u> <span data-preserve-white-space></span> Share use cases where this feature would help our users\. <span data-preserve-white-space></span> ``` → Run any experiments based on content (copy, components, layouts and pages) defined in Contentful and benefit from the best of both worlds. ``` <p></p> <u>**✏️ Product design:**</u> - **Product package:**  Full Stack Experimentation \/ Feature Management <span data-preserve-white-space></span> - **Product scope:** It's all on Contentful side \(you have to install the Kameleoon app from their marketplace\) - **Target Persona**: Users in charge of the content and willing to run experiments \(Marketer in charge of the CMS\) - **Main updates:** <span data-preserve-white-space></span> The Kameleoon app allows users to quickly and easily populate content \(e\.g\., CTAs, forms, posts\) from Contentful into each variation of a Kameleoon experiment\. ![](https://pb-files.s3.amazonaws.com/production/attachments/26a6265a91316a73e6d572d879028d78ecdd73644fdd7a7c355d6edcabcae243/image.png) Installing this app will create a new content type called “Kameleoon Container” which will read your projects, experiments, and variations from Kameleoon\. ![](https://pb-files.s3.amazonaws.com/production/attachments/29ff342f5e90114a26709c74d538284c4c2ae3297a8b33fc6b865ed088519f76/image.png) Users can finalize the content of their variations in Contentful, then launch their experiments and track  ## 🎯 **Measuring Success** ``` NA ``` --- ## 📄 Attached documents - **Figma file**: optional \(paste link\) - **Spec file**: optional \(paste link\) - **Redmine ticket**: <https://project.kameleoon.net/issues/18201> - **Image:** mandatory, to illustrate the topic <p></p> ",Released,,9564652,Common integrations,Tribe Developer,🙂 Dev Tools Squad,2022-10-31,2023-03-23,,,,,,100,80,,,,,,,,,,,,3,,,,,,,,,,,,,,,,,Squad Dev Tools,,,,,90,30,,,,,,,,,,,,,,,,,,,,,,,,,,,,,,,,,,,,,,,,,,,,,,,,,,,,,,,,,,,,,,,,,,,,,Tribe Developer,
12295214,feature,2022-03-03 12:16:02 UTC,2022-03-25 08:53:33 UTC,Chrome Extension Timeline,"The feature can be found on Dev tools tab, it will show you different events that occurs during Kameleoon execution.",Released,,6783323,Web Experimentation,Tribe Developer,🙂 Dev Tools Squad,2022-02-16,2022-02-28,,,,,,,,,,,,,,,,,,,,,,,,,,,,,,,,,,,,Squad Dev Tools,,,,,,,,,,,,,,,,,,,,,,,,,,,,,,,,,,,,,,,,,,,,,,,,,,,,,,,,,,,,,,,,,,,,,,,,,,,,
12334607,feature,2022-03-07 11:04:28 UTC,2025-03-18 13:41:19 UTC,Graphic Editor - Show the selected goals at the top o the list,"",New idea,,9564787,Graphic editor,Tribe Marketers,"",,,,,,,,,,,,,,,,,,,,,,,,,,,,,,,,,,,,,,,,,,,,,,,,,,,,,,,,,,,,,,,,,,,,,,,,,,,,,,,,,,,,,,,,,,,,,,,,,,,,,,,,,,,,,,,,,,
12334612,feature,2022-03-07 11:06:24 UTC,2025-03-18 13:41:33 UTC,Graphic Editor - History panel - Show all changes from the beginning,"",Released,,9564787,Graphic editor,Tribe Marketers,"",,,,,,,,,,,,,,,,,,,,,,,,,,,,,,,,,,,,,,,,,,,,,,,,,,,,,,,,,,,,,,,,,,,,,,,,,,,,,,,,,,,,,,,,,,,,,,,,,,,,,,,,,,,,,,,,,,
12338432,feature,2022-03-07 14:35:25 UTC,2023-04-19 18:44:28 UTC,Fast-reliability algorithm for improved experiment sensitivity (CUPED),"## 💁‍♂️ Problem\/Context <u>**Description:**</u> As a marketer, sometimes, I think it takes too much of a long time to get significant results for my campaigns\. <p></p> - **Existing workaround:** No <p></p> <u>**Project justification:**</u> - **Project type:** Requested capability - **Justification:** <span data-preserve-white-space></span>     - Requests from customers ## 💡 Solution - **Product package:** A\/B Testing \/ Personalization - **Product scope:** <span data-preserve-white-space></span> - **User roles**: Roles \(admin \/ super admin \/ marketing \/ production \/ technical \/ all\) that will benefit from this project - **Design:** Explain with bullet points what your solution consits in \(make it synthetic\)     - In page X, we add \.\.\.     - On click, \.\.\.     - Optionnally, paste images of the solution here \(or paste Figma link\) ## 🎯 **Measuring Success** - **Goal 1:** indicate the goal of this topic - **Success metric:** indicate the key indicator of success that will measure the achievement of goal 1 <p></p> - **Goal 2:** indicate the goal of this topic - **Success metric:** indicate the key indicator of success that will measure the achievement of goal 2 <p></p> *Copy and paste previous paragraph for each goal attached to this topic\.* *Report to PDB Template \- Slide 13 for examples* --- ## 📄 Attached documents - **Figma file**: [https:\/\/www\.figma\.com\/file\/dABfXsFIj9RIszXoypohhO\/Fast\-reliability\-algorithm?node\-id=39%3A196](https://www.figma.com/file/dABfXsFIj9RIszXoypohhO/Fast-reliability-algorithm?node-id=39%3A196) - **Spec file**: optional \(paste link\) - **Redmine ticket**: mandatory  \(paste link\) <p></p> ",Released,,9564643,Data & RP,Tribe Marketers,_⭐ Reporting Squad,2022-08-01,2023-03-15,,,,,,,,,,,,,,,,,,,,,,,,,,,,,,,,,,,,Squad Data,,,,,,,,,,,,,,,,,,,,,,,,,,,,,,,,,,,,,,,,,,,,,,,,,,,,,,,,,,,,,,,,,,,,,,,,,,,Tribe Marketers,
12396678,feature,2022-03-09 20:40:19 UTC,2022-03-25 08:53:35 UTC,All engine custom code minification with ES6+ support,Decrease the size of the engine if contains a lot of custom codes,Released,,6783323,Web Experimentation,Tribe Developer,🙂 Dev Tools Squad,2022-03-01,2022-03-15,,,,,,,,,,,,,,,,,,,,,,,,,,,,,,,,,,,,Squad Dev Tools,,,,,,,,,,,,,,,,,,,,,,,,,,,,,,,,,,,,,,,,,,,,,,,,,,,,,,,,,,,,,,,,,,,,,,,,,,,,
12404668,feature,2022-03-10 10:10:01 UTC,2022-03-25 08:40:43 UTC,Light Chrome Extension (beta),Have the ability to run a light version of the chrome extension on any websites and device,Released,,6783323,Web Experimentation,Tribe Developer,🙂 Dev Tools Squad,2022-03-07,2022-03-19,,,,,,,,,,,,,,,,,,,,,,,,,,,,,,,,,,,,Squad Dev Tools,,,,,,,,,,,,,,,,,,,,,,,,,,,,,,,,,,,,,,,,,,,,,,,,,,,,,,,,,,,,,,,,,,,,,,,,,,,,
12412081,feature,2022-03-10 16:23:18 UTC,2022-06-15 08:30:34 UTC,"Widget editor - Add  ""Run custom JS code"" action","## 💁‍♂️ Problem/Context <u>**Description:**</u> As a user, I would like to be able to execute a custom JS code when a visitor do a specific action.  <p></p> - **Existing workaround:** Yes / No *(only keep the right answer)* - **Workaround description:** If yes, explain how we can today proceed to solve the problem <p></p> <u>**Project justification:**</u> - **Project type:** Requested capability  - **Justification:** Topic requested by :    - Natixis    - Graham & Brown ## 💡 Solution - **Product package:** A/B Testing / Personalization  - **Product scope:** Widget editor - **User roles**: Roles Production and technical - **Design:** In the event page   - New Custom JS action    - Configuration pop-in dedicated to :      - Associate a name to the event     - Enter the JS code to run  - This code will be run as soon as the visitor do the event previously defined ## 🎯 **Measuring Success** - **Goal 1:** Allow our users to Run custom JS if their visitors do the trigger the event previously defined.  - **Success metric:**    - Increase our NPS satisfaction measured for widget editor users.    - Number of ""Run custom JS code"" action created --- ## 📄 Attached documents - **Figma file**: <https://www.figma.com/file/vhqCfR04HxX6WhgJSwpS0d/US-13302---Redesign-of-widget-page-%26-widget-editor?node-id=4069%3A43968> - **Redmine ticket**: <https://project.kameleoon.net/issues/16347> <p></p>",Released,(Releases) June Feature Release,6783363,AI-Driven Personalization,Tribe Marketers,"🙂 Perso Squad, portal",2022-04-01,2022-06-30,,,,,,80,80,,,,,,,,,,,,,,,,,,,,,,,,,,,,,Squad Perso,,,,,80,80,,,,,,,,,,,,,,,,,,,,,,,,,,,,,,,,,,,,,,,,,,,,,,,,,,,,,,,,,,,,,,,,,,,,,Tribe Marketers,
12412165,feature,2022-03-10 16:25:12 UTC,2022-11-07 10:44:34 UTC,Be able to use the content of CD value / variables from data layer for display,<p></p>,Released,,12428951,Design Tab,Fabien DIMEGLIO,"Key Feature, N&D, 🙂 Perso Squad, portal",2022-07-01,2022-10-18,,,,,,,,,,,,,,,,,,,,,,,,,,,,,,,,,,,,Squad Perso,,,,,,,,,,,,,,,,,,,,,,,,,,,,,,,,,,,,,,,,,,,,,,,,,,,,,,,,,,,,,,,,,,,,,,,,,,,,
12412245,feature,2022-03-10 16:28:23 UTC,2022-03-11 10:08:55 UTC,Add tooltips to help users create events,"",New idea,,12428956,Events Tab,Fabien DIMEGLIO,"🙂 Perso Squad, portal",,,,,,,,,,,,,,,,,,,,,,,,,,,,,,,,,,,,,,Squad Perso,,,,,,,,,,,,,,,,,,,,,,,,,,,,,,,,,,,,,,,,,,,,,,,,,,,,,,,,,,,,,,,,,,,,,,,,,,,,
12412279,feature,2022-03-10 16:29:20 UTC,2022-06-15 08:30:29 UTC,Widget editor - Duplicate templates,"## 💁‍♂️ Problem/Context <u>**Description:**</u> As a user, I would like to duplicate my template to not be mandatory to create a second screen from scratch.  <p></p> - **Existing workaround:** Yes - \> create a new template from scratch  <p></p> <u>**Project justification:**</u> - **Project type:**  Requested capabilities - **Justification:**    - This feature collected 5 votes in the Widget editor Portal   - The feature is considered as a nice to have and could solve a lot of pain points ## 💡 Solution - **Product package:** A/B Testing / Personalization  - **Product scope:** Widget editor - **User roles**: Roles Production and technical - **Design:** Explain with bullet points what your solution consits in (make it synthetic)   - In the header of the widget editor -\> Templates menu    - A new icon dedicated to duplicate a template is displayed on each line corresponding to templates created   - By clicking on, the template is duplicated.    - The duplication includes the animations, the event and the actions ## 🎯 **Measuring Success** - **Goal 1:** indicate the goal of this topic - **Success metric:** indicate the key indicator of success that will measure the achievement of goal 1 <p></p> - **Goal 2:** indicate the goal of this topic - **Success metric:** indicate the key indicator of success that will measure the achievement of goal 2 <p></p> *Copy and paste previous paragraph for each goal attached to this topic.* *Report to PDB Template - Slide 13 for examples* --- ## 📄 Attached documents - **Figma file**: optional (paste link) - **Spec file**: optional (paste link) - **Redmine ticket**: mandatory  (paste link) <p></p>",Released,(Releases) June Feature Release,6783363,AI-Driven Personalization,Fabien DIMEGLIO,"🙂 Perso Squad, portal",2022-05-01,2022-06-15,,,,,,,,,,,,,,,,,,,,,,,,,,,,,,,,,,,,Squad Perso,,,,,,,,,,,,,,,,,,,,,,,,,,,,,,,,,,,,,,,,,,,,,,,,,,,,,,,,,,,,,,,,,,,,,,,,,,,,
12412887,subfeature,2022-03-10 16:54:10 UTC,2023-03-16 12:18:41 UTC,Set a dynamic custom data value based on users inputs,"",Released,,17868618,Widget editor April 23 Enhancements,Fabien DIMEGLIO,"N&D, 🙂 Perso Squad, portal",2023-02-20,2023-03-30,,,,,,,,,,,,,,,,,,,,,,,,,,,,,,,,,,,,Squad Perso,,,,,,,,,,,,,,,,,,,,,,,,,,,,,,,,,,,,,,,,,,,,,,,,,,,,,,,,,,,,,,,,,,,,,,,,,,,,
12413172,feature,2022-03-10 17:06:44 UTC,2022-08-31 12:18:57 UTC,Widget editor - Enhancement of text content area (Link and Color),"## 💁‍♂️ Problem/Context <u>**Description:**</u> As a user, I would like to have more options, such as hyperlink and color picker, in the text content area to win time when I create my widgets.  <p></p> - **Existing workaround:** Yes partially  - **Workaround description:**    - Color section    - Add element -\> Link element <p></p> - **Project type:** Requested capability  - **Justification:**    - The hyperlink feature was requested by a large number of users. It is considered as a must have.    - It will be more user friendly to set the text color directly in the text content area.  ## 💡 Solution <u>**Project justification:**</u> - **Product package:** A/B testing / Personalization - **Product scope:** Widget editor - Text content area - **User roles**:  Roles Production and technical - **Design:** Enhancement of text content area   - Addition of hyperlink feature for Heading and Text elements     - Highlight the text to hyperlink      - A panel opens      - A field dedicated to paste or type the URL      - An option dedicated to ""open in a new tab"" will be available     - Several link could be associated to a Heading or a Text.   - Move the color picker option in the text content area, and remove the color section.      - Highlight the text to change to color      - The same panel as the current one dedicated to change the color opens      - The highlighted text inherit the color chosen by the user.      - Associate a color per word will be possible ## 🎯 **Measuring Success** - **Goal 1:** Allow user to associate a link to a word, group of words or a sentence.  - **Success metric:** increase the NPS measured for customers <p></p> - **Goal 2:** Allow user to associate a several color to a word, group of words or a sentence.  - **Success metric:** increase the NPS measured for customers --- ## 📄 Attached documents - **Figma file**: <https://www.figma.com/file/TfYOWMcimfGIlpEYGUj4Wc/US-16348---Enhancement-of-text-content-area-(Link-and-color)?node-id=0%3A1> - **Redmine ticket**: <https://project.kameleoon.net/issues/16348> ",Released,(Releases) 4th week July 22 (rc109),12428951,Design Tab,Tribe Marketers,"N&D, 🙂 Perso Squad, portal",2022-04-01,2022-07-31,,,,,,60,80,,,,,,,,,,,,5,,,,,,,,,,,,,,,,,Squad Perso,,,,,70,14,,,,,,,,,,,,,,,,,,,,,,,,,,,,,,,,,,,,,,,,,,,,,,,,,,,,,,,,,,,,,,,,,,,,,Tribe Marketers,
12413202,feature,2022-03-10 17:07:28 UTC,2022-11-07 10:44:46 UTC,Ability to use custom fonts on the widget editor,"## 💁‍♂️ Problem/Context <u>**Description:**</u> As a user, I would like to use custom font not proposed on the widget editor.  <p></p> - **Existing workaround:** No - **Workaround description:**  <p></p> <u>**Project justification:**</u> - **Project type:** Requested capability - **Justification:** This feature was highly requested by our customers and consultants  ## 💡 Solution - **Product package:** A/B Testing / Personalization  - **Product scope:** Widget editor - **User roles**:  Roles Production and technical - **Design:** In the widget editor :    - New option dedicated to add custom font    - Doing it by pasting a font source    - Retrieving from the user website ## 🎯 **Measuring Success** - **Goal 1:** Allow user to user their website font - **Goal 2:** Allow users to use all the font they want <p></p> --- ## 📄 Attached documents - **Redmine ticket**: <https://project.kameleoon.net/issues/17158> <p></p>",Released,,12428951,Design Tab,Fabien DIMEGLIO,"N&D, 🙂 Perso Squad, portal",2022-07-01,2022-10-18,,,,,,,,,,,,,,,,,,,,,,,,,,,,,,,,,,,,Squad Perso,,,,,,,,,,,,,,,,,,,,,,,,,,,,,,,,,,,,,,,,,,,,,,,,,,,,,,,,,,,,,,,,,,,,,,,,,,,,
12413310,subfeature,2022-03-10 17:13:02 UTC,2023-07-27 14:11:05 UTC,Click-to-copy button element,"",Released,,19219381,Widget Summer Release,Fabien DIMEGLIO,"🙂 Perso Squad, portal",2023-05-01,2023-07-20,,,,,,,,,,,,,,,,,,,,,,,,,,,,,,,,,,,,Squad Perso,,,,,,,,,,,,,,,,,,,,,,,,,,,,,,,,,,,,,,,,,,,,,,,,,,,,,,,,,,,,,,,,,,,,,,,,,,,,
12413324,feature,2022-03-10 17:14:16 UTC,2022-03-11 14:24:27 UTC,Automatically create a click tracking goal when closing a widget popin,"It could also be an option that we could propose when we select the ""Popin"" element.",New idea,,12429128,Core,Fabien DIMEGLIO,"🙂 Perso Squad, portal",,,,,,,,,,,,,,,,,,,,,,,,,,,,,,,,,,,,,,Squad Perso,,,,,,,,,,,,,,,,,,,,,,,,,,,,,,,,,,,,,,,,,,,,,,,,,,,,,,,,,,,,,,,,,,,,,,,,,,,,
12413381,feature,2022-03-10 17:18:05 UTC,2022-03-11 10:08:52 UTC,Enhance event removal action,"",New idea,,12428956,Events Tab,Fabien DIMEGLIO,"🙂 Perso Squad, portal",,,,,,,,,,,,,,,,,,,,,,,,,,,,,,,,,,,,,,Squad Perso,,,,,,,,,,,,,,,,,,,,,,,,,,,,,,,,,,,,,,,,,,,,,,,,,,,,,,,,,,,,,,,,,,,,,,,,,,,,
12413408,feature,2022-03-10 17:20:01 UTC,2023-11-29 09:03:20 UTC,Product recommendation widget,"**Context** Today, it is complex for users to add a recommendation block into their personalisation\. Thanks to 'Recommendation Widget Block' within the Widget Editor\., users will be able to easily retrieve their block within the widget editor and blend it with the other elements of their widget\. <span data-preserve-white-space></span>   **Problem** As a user, I want to be able add a recommendation block into my personalisation without having to code in order to: - Simplify the process of adding recommendation blocks into my widgets - Quickly retrieve my block and blend it with other elements within my widget editor   **Solution** - If user doesnn't get ""Recommendation"" option in his package: <span data-preserve-white-space></span> [Embedded content](https://www.youtube.com/embed/o2qqIQPyVos) - If user gets ""Recommendation"" option in his package: <span data-preserve-white-space></span> [Embedded content](https://www.youtube.com/embed/GxcSxY5XN_M) <span data-preserve-white-space></span>  <span data-preserve-white-space></span> ",Released,,12429212,Preset templates,Fabien DIMEGLIO,"Key Feature, 🙂 Perso Squad, portal",2023-03-03,2023-11-30,,,,,,,,,,,,,,,,,,,,,,,,,,,,,,,,,,,,Squad Perso,,,,,,,,,,,,,,,,,,,,,,,,,,,,,,,,,,,,,,,,,,,,,,,,,,,,,,,,,,,,,,,,,,,,,,,,,,,,
12413477,feature,2022-03-10 17:24:27 UTC,2024-04-08 09:25:09 UTC,Timer event in the Widget Studio,<p></p> ##  ##  <p></p> ,Released,,12428956,Events Tab,Fabien DIMEGLIO,_⭐ Visual Builders Squad,2024-03-11,2024-04-11,,,,,,,,,,,,,,,,,,,,,,,,,,,,,,,,,,,,Squad Perso,,,,,,,,,,,,,,,,,,,,,,,,,,,,,,,,,,,,,,,,,,,,,,,,,,,,,,,,,,,,,,,,,,,,,,,,,,,,
12413576,feature,2022-03-10 17:29:24 UTC,2025-03-12 15:39:23 UTC,"Add more triggers based on visitors inputs, mouse, touch events and timers","",Planned,,12428956,Events Tab,Lily from Kameleoon,"_⭐ Visual Builders Squad, #VOC1_2025",,,,,,,,20,,,,,,,,,,,,,,#2 - Needs of mature XP teams,,,,,,,,,,,,,,,,Squad Perso,,,,,10,10,,,,,,,,,,,,,,,,,,,,,,,,,,,,,,,,,,,,,,,,,,,,,,,,,,,,,,,,,,,,,,,,,,,,,,
12413699,feature,2022-03-10 17:36:22 UTC,2022-03-11 10:16:15 UTC,Event Display enhancement : Replace ID input by a dropdown with their name,"",New idea,,12428956,Events Tab,Fabien DIMEGLIO,"🙂 Perso Squad, portal",,,,,,,,,,,,,,,,,,,,,,,,,,,,,,,,,,,,,,Squad Perso,,,,,,,,,,,,,,,,,,,,,,,,,,,,,,,,,,,,,,,,,,,,,,,,,,,,,,,,,,,,,,,,,,,,,,,,,,,,
12414032,feature,2022-03-10 17:41:13 UTC,2023-01-03 10:32:05 UTC,Ability to customize texts depending on the device,"",Released,,12429128,Core,Fabien DIMEGLIO,"🙂 Perso Squad, portal",,,,,,,,,,,,,,,,,,,,,,,,,,,,,,,,,,,,,,Squad Perso,,,,,,,,,,,,,,,,,,,,,,,,,,,,,,,,,,,,,,,,,,,,,,,,,,,,,,,,,,,,,,,,,,,,,,,,,,,,
12414805,feature,2022-03-10 17:47:17 UTC,2024-01-30 13:20:01 UTC,"Add actions in the Event Parts : set a value in localstorage, sessionstorage or cookie","",Released,,12428956,Events Tab,Fabien DIMEGLIO,"🙂 Perso Squad, portal",,,,,,,,,,,,,,,,,,,,,,,,,,,,,,,,,,,,,,Squad Perso,,,,,,,,,,,,,,,,,,,,,,,,,,,,,,,,,,,,,,,,,,,,,,,,,,,,,,,,,,,,,,,,,,,,,,,,,,,,
12414973,feature,2022-03-10 17:49:58 UTC,2023-02-16 11:47:38 UTC,Form elements in the Widget Editor,"## 💁‍♂️ Problem\/Context <u>**Description:**</u> It is impossible to add form elements in widgets, such as checkboxes, radio buttons, which makes it difficult to address some specific use cases such adding acceptane criteria in form\. <p></p> - **Existing workaround:** Yes <span data-preserve-white-space></span> - **Workaround description:** Not user friendly at all, users are forced to represent each state of their ""form element"" with images in different screens <p></p> <u>**Project justification:**</u> - **Project type:** Requested capability - **Justification:** one of the top requested feature on the Widget portal ## 💡 Solution - **Product package:** Personalization <span data-preserve-white-space></span> - **Product scope:** The new form elements will include checkboxes, radio buttons, drop\-down lists, date\/time selectors, text inputs, text areas\. ",Released,,12429296,New elements,Fabien DIMEGLIO,"Eminza, Key Feature, 🙂 Perso Squad",2022-09-02,2023-02-16,,,,,,,,,,,,,,,,,,,,,,,,,,,,,,,,,,,,Squad Perso,,,,,,,,,,,,,,,,,,,,,,,,,,,,,,,,,,,,,,,,,,,,,,,,,,,,,,,,,,,,,,,,,,,,,,,,,,,,
12415077,feature,2022-03-10 17:54:22 UTC,2024-01-30 13:28:32 UTC,Ability to add inline property to position elements next to each other,"",Rejected,,12428951,Design Tab,Fabien DIMEGLIO,"🙂 Perso Squad, portal",,,,,,,,,,,,,,,,,,,,,,,,,,,,,,,,,,,,,,Squad Perso,,,,,,,,,,,,,,,,,,,,,,,,,,,,,,,,,,,,,,,,,,,,,,,,,,,,,,,,,,,,,,,,,,,,,,,,,,,,
12415206,feature,2022-03-10 17:57:02 UTC,2023-03-20 17:11:23 UTC,Addition of multiple columns in a widget,"Currently, we can only add up to 4 columns.  We could give more freedom to our users about this.",Rejected,,12428951,Design Tab,Fabien DIMEGLIO,"🙂 Perso Squad, portal",,,,,,,,,,,,,,,,,,,,,,,,,,,,,,,,,,,,,,Squad Perso,,,,,,,,,,,,,,,,,,,,,,,,,,,,,,,,,,,,,,,,,,,,,,,,,,,,,,,,,,,,,,,,,,,,,,,,,,,,
12415378,feature,2022-03-10 18:02:47 UTC,2023-06-08 08:13:47 UTC,Propose an onboarding tour of the widget editor,"",Released,,12428994,Widget Code Editor,Fabien DIMEGLIO,"🙂 Perso Squad, portal",,,,,,,,,,,,,,,,,,,,,,,,,,,,,,,,,,,,,,Squad Perso,,,,,,,,,,,,,,,,,,,,,,,,,,,,,,,,,,,,,,,,,,,,,,,,,,,,,,,,,,,,,,,,,,,,,,,,,,,,
12428744,feature,2022-03-11 09:26:47 UTC,2023-03-30 09:48:39 UTC,"Refactor Design Tab, to make it a better suited to marketers needs","Many elements of the ""Design Tab"" only speaks to developers. A redesign of the the ""Design"" tab could be useful to make it more understable by marketers. ex: gather all elements related to the same part in the same section (such as background), and make it more visual",New idea,,12428951,Design Tab,Fabien DIMEGLIO,"🙂 Perso Squad, portal",,,,,,,,,,,,,,,,,,,,,,,,,,,,,,,,,,,,,,Squad Perso,,,,,,,,,,,,,,,,,,,,,,,,,,,,,,,,,,,,,,,,,,,,,,,,,,,,,,,,,,,,,,,,,,,,,,,,,,,,
12428869,feature,2022-03-11 09:31:45 UTC,2022-03-11 10:21:12 UTC,"Directly define an event from a selected element on the ""Design Tab""","",New idea,,12428951,Design Tab,Fabien DIMEGLIO,"🙂 Perso Squad, portal",,,,,,,,,,,,,,,,,,,,,,,,,,,,,,,,,,,,,,Squad Perso,,,,,,,,,,,,,,,,,,,,,,,,,,,,,,,,,,,,,,,,,,,,,,,,,,,,,,,,,,,,,,,,,,,,,,,,,,,,
12428883,subfeature,2022-03-11 09:33:02 UTC,2023-11-07 10:43:11 UTC,Translations : define texts for different languages,This feature could be a nice USP\. <https://docs.google.com/presentation/d/1g8FyjOL-cJXKq0lvHn1X7pcGqRZjPnEUmWxZ4w3-Whc/edit?usp=sharing> ,Released,,18346348,Premium Widget offer,Fabien DIMEGLIO,"🙂 Perso Squad, portal",2023-03-05,2023-08-03,,,,,,,,,,,,,,,,,,,,,,,,,,,,,,,,,,,,Squad Perso,,,,,,,,,,,,,,,,,,,,,,,,,,,,,,,,,,,,,,,,,,,,,,,,,,,,,,,,,,,,,,,,,,,,,,,,,,,,
12428890,feature,2022-03-11 09:34:05 UTC,2024-01-30 13:25:40 UTC,Tooltip element,"",Released,,12429296,New elements,Fabien DIMEGLIO,"",,,,,,,,,,,,,,,,,,,,,,,,,,,,,,,,,,,,,,,,,,,,,,,,,,,,,,,,,,,,,,,,,,,,,,,,,,,,,,,,,,,,,,,,,,,,,,,,,,,,,,,,,,,,,,,,,,
12428951,component,2022-03-11 09:37:54 UTC,2024-01-30 13:37:55 UTC,Design Tab,"",New idea,,25770925,Widget Studio,Fabien DIMEGLIO,"",,,,,,,,,,,,,,,,,,,,,,,,,,,,,,,,,,,,,,,,,,,,,,,,,,,,,,,,,,,,,,,,,,,,,,,,,,,,,,,,,,,,,,,,,,,,,,,,,,,,,,,,,,,,,,,,,,
12428956,component,2022-03-11 09:38:04 UTC,2024-01-30 13:37:57 UTC,Events Tab,"",New idea,,25770925,Widget Studio,Fabien DIMEGLIO,"",,,,,,,,,,,,,,,,,,,,,,,,,,,,,,,,,,,,,,,,,,,,,,,,,,,,,,,,,,,,,,,,,,,,,,,,,,,,,,,,,,,,,,,,,,,,,,,,,,,,,,,,,,,,,,,,,,
12428994,component,2022-03-11 09:38:50 UTC,2024-01-30 13:34:46 UTC,Widget Code Editor,"",New idea,,9564753,Widgets,Fabien DIMEGLIO,"",,,,,,,,,,,,,,,,,,,,,,,,,,,,,,,,,,,,,,,,,,,,,,,,,,,,,,,,,,,,,,,,,,,,,,,,,,,,,,,,,,,,,,,,,,,,,,,,,,,,,,,,,,,,,,,,,,
12429018,subfeature,2022-03-11 09:41:01 UTC,2023-05-15 10:34:21 UTC,Add NPS template,"",Released,,17868618,Widget editor April 23 Enhancements,Fabien DIMEGLIO,"Key Feature, 🙂 Perso Squad, portal",2023-03-05,2023-05-04,,,,,,,,,,,,,,,,,,,,,,,,,,,,,,,,,,,,Squad Perso,,,,,,,,,,,,,,,,,,,,,,,,,,,,,,,,,,,,,,,,,,,,,,,,,,,,,,,,,,,,,,,,,,,,,,,,,,,,
12429067,feature,2022-03-11 09:45:12 UTC,2022-06-15 08:30:37 UTC,Widget editor - Enhance the way we can select elements to edit them,"## 💁‍♂️ Problem/Context <u>**Description:**</u> As a user, I would like to make the widget building easier by enhancing the elements selection method. <p></p> - **Existing workaround:** Yes - **Workaround description:** When an element is focused, go back on the content list to select another element.  <p></p> <u>**Project justification:**</u> - **Project type:** Improvement to existing workflow - **Justification:**    - Consultant quote : *Nice if building the widget is easier*   - Consultant quote : *could be more intuitive* ## 💡 Solution - **Product package:** A/B Testing / Personalization - **Product scope:** Widget editor  - **User roles**: Roles Production and technical - **Design:** If an element is focused, double click on another element (from the widget content -\> central block) to select it.  ## 🎯 **Measuring Success** - **Goal 1:** Enhance the way to select an element when another one is focused.  - **Success metric:** Increase our NPS satisfaction measured for widget editor users.  --- ## 📄 Attached documents - **Redmine ticket**: <https://project.kameleoon.net/issues/16349> <p></p>",Released,(Releases) June Feature Release,12429128,Core,Tribe Marketers,"🙂 Perso Squad, portal",2022-04-01,2022-06-30,,,,,,40,60,,,,,,,,,,,,1,,,,,,,,,,,,,,,,,Squad Perso,,,,,50,50,,,,,,,,,,,,,,,,,,,,,,,,,,,,,,,,,,,,,,,,,,,,,,,,,,,,,,,,,,,,,,,,,,,,,Tribe Marketers,
12429128,component,2022-03-11 09:50:20 UTC,2024-01-30 13:40:04 UTC,Core,"",New idea,,25770925,Widget Studio,Fabien DIMEGLIO,"",,,,,,,,,,,,,,,,,,,,,,,,,,,,,,,,,,,,,,,,,,,,,,,,,,,,,,,,,,,,,,,,,,,,,,,,,,,,,,,,,,,,,,,,,,,,,,,,,,,,,,,,,,,,,,,,,,
12429212,component,2022-03-11 09:54:20 UTC,2024-01-30 13:39:29 UTC,Preset templates,"",New idea,,25770977,Themes,Fabien DIMEGLIO,"",,,,,,,,,,,,,,,,,,,,,,,,,,,,,,,,,,,,,,,,,,,,,,,,,,,,,,,,,,,,,,,,,,,,,,,,,,,,,,,,,,,,,,,,,,,,,,,,,,,,,,,,,,,,,,,,,,
12429234,feature,2022-03-11 09:56:35 UTC,2023-11-15 17:14:17 UTC,Add slideshow elements (carousel),"Allow for the creation carousels or “sliders” via the widget editor\. <span data-preserve-white-space></span> This widget would make it possible for users to utilize the top real estate of webpages with some dynamism, diverse imagery, and an opportunity for multiple different CTAs\. <span data-preserve-white-space></span> ",Released,,12429296,New elements,Fabien DIMEGLIO,"Key Feature, 🙂 Perso Squad",2022-10-14,2023-02-28,,,,,,,,,,,,,,,,,,,,,,,,,,,,,,,,,,,,Squad Perso,,,,,,,,,,,,,,,,,,,,,,,,,,,,,,,,,,,,,,,,,,,,,,,,,,,,,,,,,,,,,,,,,,,,,,,,,,,,
12429269,feature,2022-03-11 09:59:34 UTC,2022-11-07 10:44:48 UTC,Add iframe element to embed any third-party content,This feature is important: - A/B Tasty gets it - This feature was possible in our old platform ,Released,,12429296,New elements,Fabien DIMEGLIO,"Key Feature, 🙂 Perso Squad",2022-07-08,2022-10-18,,,,,,,,,,,,,,,,,,,,,,,,,,,,,,,,,,,,Squad Perso,,,,,,,,,,,,,,,,,,,,,,,,,,,,,,,,,,,,,,,,,,,,,,,,,,,,,,,,,,,,,,,,,,,,,,,,,,,,
12429296,component,2022-03-11 10:03:38 UTC,2022-03-11 10:03:38 UTC,New elements,"",New idea,,12428951,Design Tab,Fabien DIMEGLIO,"",,,,,,,,,,,,,,,,,,,,,,,,,,,,,,,,,,,,,,,,,,,,,,,,,,,,,,,,,,,,,,,,,,,,,,,,,,,,,,,,,,,,,,,,,,,,,,,,,,,,,,,,,,,,,,,,,,
12479927,feature,2022-03-15 10:38:34 UTC,2025-09-01 10:09:13 UTC,Refactor of the Events tab in the Widget Studio,"Many elements of the ""Design Tab"" only speaks to developers. A redesign of the the ""Design"" tab could be useful to make it more understandable by marketers.",Design in progress,,12428956,Events Tab,Fabien DIMEGLIO,_⭐ Visual Builders Squad,2024-09-30,2025-12-31,,,,,,,,,,,,,,,,,,,,,,,,,,,,,,,,,,,,,,,,,,,,,,,,,,,,,,,,,,,,,,,,,,,,,,,,,,,,,,,,,,,,,,,,,,,,,,,,,,,,,,,,,,,,,,,,
12508007,feature,2022-03-16 16:03:06 UTC,2024-01-30 13:25:52 UTC,"Shape elements (lines, circles...)","",Released,,12429296,New elements,Fabien DIMEGLIO,"",,,,,,,,,,,,,,,,,,,,,,,,,,,,,,,,,,,,,,,,,,,,,,,,,,,,,,,,,,,,,,,,,,,,,,,,,,,,,,,,,,,,,,,,,,,,,,,,,,,,,,,,,,,,,,,,,,
12508438,feature,2022-03-16 16:18:03 UTC,2023-02-16 11:54:10 UTC,Design different states for a same element,"Allow users to directly design the different states an element can get. For example, for buttons, users should be able to design hover state. <p></p> **How could it work in practice ?** - Users should be able to activate this feature from the Design Tab on the Widget Editor. - Then, they can choose which state they want to design. - Then, the sections displayed below will depend on the selected state <p></p>",Released,,12428951,Design Tab,Fabien DIMEGLIO,"Key Feature, 🙂 Perso Squad",2022-11-03,2023-02-16,,,,,,,,,,,,,,,,,,,,,,,,,,,,,,,,,,,,Squad Perso,,,,,,,,,,,,,,,,,,,,,,,,,,,,,,,,,,,,,,,,,,,,,,,,,,,,,,,,,,,,,,,,,,,,,,,,,,,,
12513160,feature,2022-03-16 20:07:07 UTC,2024-01-30 13:39:46 UTC,Create components to easily reuse any element anywhere,"**Use case :** It can be very useful to reuse a same element either in the same widget (in the same screen or on other screens) or even in other widgets. For example, if you create a multi screens widget, you might need to reuse a same button on each screen.  <p></p> **Solution proposed:** - From any screen of the ""Design Tab"", you can select any element and ""Create a component"" (clicking on the 3 dots icon) - Then, in the ""Add element"" section (on click on + icon), a new section ""Components"" appears, with the list of all components already defined. Choose on component of the section to add it to the screen being editied. - Later, if you decide to edit this component to update its design, all the changes will be applied for each instance of the component (in other words, you update the component only once, and the changes apply wherever the component is used) - If you want to apply a change only for a specific instance, you will be able to ""Detach instance"" (to make it independant from the component) <p></p> This ""Component"" feature can save designers a lot of time when creating their screens.",New idea,,25770977,Themes,Fabien DIMEGLIO,"",,,,,,,,,,,,,,,,,,,,,,,,,,,,,,,,,,,,,,,,,,,,,,,,,,,,,,,,,,,,,,,,,,,,,,,,,,,,,,,,,,,,,,,,,,,,,,,,,,,,,,,,,,,,,,,,,,
12514177,feature,2022-03-16 21:10:29 UTC,2022-03-16 21:19:27 UTC,Propose a french & german version of the Widget Editor,"Currently, the Widget Editor is only available in english (which is an exception) To harmonize the Widget Editor with the other pages of the app, we could propose to our users a version in other languages: - a french version - a german version <p></p> The version that will be displayed when opening the Widget Editor will be the one defined in the ""User account settings"".  <p></p>",New idea,,12429128,Core,Fabien DIMEGLIO,"",,,,,,,,,,,,,,,,,,,,,,,,,,,,,,,,,,,,,,,,,,,,,,,,,,,,,,,,,,,,,,,,,,,,,,,,,,,,,,,,,,,,,,,,,,,,,,,,,,,,,,,,,,,,,,,,,,
12527822,component,2022-03-17 16:11:33 UTC,2022-03-17 16:22:29 UTC,Widget Dashboard,"",New idea,,9564753,Widgets,Fabien DIMEGLIO,"",,,,,,,,,,,,,,,,,,,,,,,,,,,,,,,,,,,,,,,,,,,,,,,,,,,,,,,,,,,,,,,,,,,,,,,,,,,,,,,,,,,,,,,,,,,,,,,,,,,,,,,,,,,,,,,,,,
12527828,feature,2022-03-17 16:12:08 UTC,2022-11-07 10:44:51 UTC,View / copy widget code,"It could be useful for our users to view and copy the JS and CSS code generated by the Widget Visual Editor. Even if the Widget Editor is first aimed at marketers, there are different uses cases where it could be useful, such as implementing natively the code of a widget on its site (so without going through Kameleoon; in this situation, a marketer can provide the generated code to a developer working in his/her company). <p></p> **Proposed solution:** - Addition of a new secondary action, called ""View code"" in the Widget Dashboard - On click, it opens a right side bar, composed of two tabs : JS and CSS.  - On each tab, we can view the entire code, and two other actions are available: copy all code, and extend the code area to view it full screen. ",Released,,12527822,Widget Dashboard,Fabien DIMEGLIO,"🙂 Perso Squad, portal, widget",2022-07-01,2022-10-18,,,,,,,,,,,,,,,,,,,,,,,,,,,,,,,,,,,,Squad Perso,,,,,,,,,,,,,,,,,,,,,,,,,,,,,,,,,,,,,,,,,,,,,,,,,,,,,,,,,,,,,,,,,,,,,,,,,,,,
12528543,feature,2022-03-17 16:28:17 UTC,2023-11-07 10:43:25 UTC,Duplicate elements in other screens,"When designing a widget composed of different screens, it can be very useful to be able to duplicate an element in the other screens. <p></p> **Proposed solution:** - In the design tab \> left sidebar \> on click on the 3 dots for the element of your choice, a new action named ""Duplicate in"" appears.  - On click, we can choose on which screen we want to duplicate the element. <p></p> **Notes:**  - if the widget is only composed of 1 screen, the action is named ""Duplicate"" (as we don't have any screen to choose). - this feature is a bit similar to the ""Create component"" feature. The main difference is that the ""Duplicate in"" feature is only related to the widget currently being edited, and that each copy of an element is independant (which means if you apply changes on the raw element, the changes won't be applied on the different copies of the element) ",Released,,12428951,Design Tab,Fabien DIMEGLIO,"",,,,,,,,,,,,,,,,,,,,,,,,,,,,,,,,,,,,,,,,,,,,,,,,,,,,,,,,,,,,,,,,,,,,,,,,,,,,,,,,,,,,,,,,,,,,,,,,,,,,,,,,,,,,,,,,,,
12544265,feature,2022-03-18 13:39:38 UTC,2022-04-08 10:59:20 UTC,Extend code on the code editor,"# **User Story** As a user, I want to extend the code part of the code editor so that I can code with a full window. # **Tickets**  https://project.kameleoon.net/issues/16066 # **Summary** Allow the user to extend the code part of the code editor to code with a full window. <p></p>",Released,,6783323,Web Experimentation,Tribe Developer,🙂 Dev Tools Squad,2022-03-16,2022-03-31,,,,,,,,,,,,,,,,,,,,,,,,,,,,,,,,,,,,Squad Dev Tools,,,,,,,,,,,,,,,,,,,,,,,,,,,,,,,,,,,,,,,,,,,,,,,,,,,,,,,,,,,,,,,,,,,,,,,,,,,,
12607750,feature,2022-03-23 13:57:49 UTC,2023-10-13 04:14:49 UTC,Feature flags scenarisation,<p></p>,New idea,,9564875,Feature Management & Experimentation (FM&E),Tribe Developer,🙂 FF/SDK Squad,2023-04-01,2023-06-30,,,,,,,,,,,,,,,,,,,,,,,,,,,,,,,,,,,,Squad FM&E,,,,,,,,,,,,,,,,,,,,,,,,,,,,,,,,,,,,,,,,,,,,,,,,,,,,,,,,,,,,,,,,,,,,,,,,,,,,
12607875,feature,2022-03-23 14:05:09 UTC,2024-01-30 13:30:13 UTC,Hypothesis-driven Feature Experimentation,"From the FF edit page, possibility to:  - Define 1 or several hypothesis associated with a feature flag  - Configure and trigger experimentations to test theses hypothesis  ",Planned,,9564875,Feature Management & Experimentation (FM&E),Tribe Developer,"_⭐ Feature Experimentation Squad, 🙂 FF/SDK Squad, forrester",2022-07-01,2022-09-30,,,,,,,,,,,,,,,,,,,,,,,,,,,,,,,,,,,,Squad FM&E,,,,,,,,,,,,,,,,,,,,,,,,,,,,,,,,,,,,,,,,,,,,,,,,,,,,,,,,,,,,,,,,,,,,,,,,,,,,
12607885,feature,2022-03-23 14:05:35 UTC,2023-10-13 04:14:49 UTC,Hypothesis-driven Results page,"Adapt the results page to be able to see, analyze and compare tested hypothesis associated with a feature flag",New idea,,9564875,Feature Management & Experimentation (FM&E),Tribe Developer,🙂 FF/SDK Squad,2023-01-01,2023-03-31,,,,,,,,,,,,,,,,,,,,,,,,,,,,,,,,,,,,Squad FM&E,,,,,,,,,,,,,,,,,,,,,,,,,,,,,,,,,,,,,,,,,,,,,,,,,,,,,,,,,,,,,,,,,,,,,,,,,,,,
12607890,feature,2022-03-23 14:06:02 UTC,2023-10-13 04:14:49 UTC,Hypothesis Knowledge bank,"",New idea,,9564875,Feature Management & Experimentation (FM&E),Tribe Developer,🙂 FF/SDK Squad,2023-04-01,2023-09-30,,,,,,,,,,,,,,,,,,,,,,,,,,,,,,,,,,,,Squad FM&E,,,,,,,,,,,,,,,,,,,,,,,,,,,,,,,,,,,,,,,,,,,,,,,,,,,,,,,,,,,,,,,,,,,,,,,,,,,,
12608159,feature,2022-03-23 14:06:57 UTC,2023-10-13 04:14:49 UTC,Possibility to define feature's stage in the delivery process,"These stages can be for example:  - Development Ready  - Development  - Functional testing (using a boolean toggle and testing in production for example)  - Experimentation (a variation associated to this flag is being tested)  - Release Ready (testing is done, final variation is selected, ready to plan the release)  - Releasing (the releasing is on going, for example through a progressive or stage rollout)  - Released (the feature is released, keep on eye on it and don't forget to remove the flag from source code at some point)  - Architectural (long-term flags that are meant to stay in the code)  <p></p> Proposition of name for these stages: Delivery Rooms",New idea,,9564875,Feature Management & Experimentation (FM&E),Tribe Developer,🙂 FF/SDK Squad,2022-10-01,2022-12-31,,,,,,,,,,,,,,,,,,,,,,,,,,,,,,,,,,,,Squad FM&E,,,,,,,,,,,,,,,,,,,,,,,,,,,,,,,,,,,,,,,,,,,,,,,,,,,,,,,,,,,,,,,,,,,,,,,,,,,,
12608212,feature,2022-03-23 14:10:03 UTC,2023-10-13 04:17:42 UTC,Flag event trigger,A that trigger lets you initiate flag changes remotely and automatically.  <p></p> <https://docs.launchdarkly.com/home/feature-workflows/triggers> <p></p>,New idea,,9564875,Feature Management & Experimentation (FM&E),Tribe Developer,🙂 FF/SDK Squad,2023-01-01,2023-03-31,,,,,,,,,,,,,,,,,,,,,,,,,,,,,,,,,,,,Squad FM&E,,,,,,,,,,,,,,,,,,,,,,,,,,,,,,,,,,,,,,,,,,,,,,,,,,,,,,,,,,,,,,,,,,,,,,,,,,,,
12608248,feature,2022-03-23 14:12:10 UTC,2023-01-30 10:32:35 UTC,Login page - Terms of service & Privacy policy,<p></p> ,Released,(Releases) 2023,13286445,Common APP,Tribe Marketers,🙂 Interface squad,2023-01-16,2023-01-31,,,,,,,,,,,,,,,,,,,,,,,,,,,,,,,,,,,,Squad Interfaces,,,,,,,,,,,,,,,,,,,,,,,,,,,,,,,,,,,,,,,,,,,,,,,,,,,,,,,,,,,,,,,,,,,,,,,,,,,,
12608425,feature,2022-03-23 14:17:54 UTC,2023-10-13 04:15:16 UTC,Release board,"A board to have an overview, within a timeline, of all flags releases and their stage in the delivery process ",New idea,,9564875,Feature Management & Experimentation (FM&E),Tribe Developer,🙂 FF/SDK Squad,2022-11-01,2023-01-31,,,,,,,,,,,,,,,,,,,,,,,,,,,,,,,,,,,,Squad FM&E,,,,,,,,,,,,,,,,,,,,,,,,,,,,,,,,,,,,,,,,,,,,,,,,,,,,,,,,,,,,,,,,,,,,,,,,,,,,
12608463,feature,2022-03-23 14:20:24 UTC,2023-10-13 04:15:16 UTC,Experimentation dashboard,A dashboard to manage experiments that are created from a feature flag. ,New idea,,9564875,Feature Management & Experimentation (FM&E),Tribe Developer,🙂 FF/SDK Squad,2022-07-01,2022-09-30,,,,,,,,,,,,,,,,,,,,,,,,,,,,,,,,,,,,Squad FM&E,,,,,,,,,,,,,,,,,,,,,,,,,,,,,,,,,,,,,,,,,,,,,,,,,,,,,,,,,,,,,,,,,,,,,,,,,,,,
12608555,feature,2022-03-23 14:24:24 UTC,2023-10-13 04:15:16 UTC,FF/Release Dashboard redesign,"Designing a better way to switch from one environment view to another one.  Now we are using filters, which is more a workaround that a proper design. ",New idea,,9564875,Feature Management & Experimentation (FM&E),Tribe Developer,🙂 FF/SDK Squad,2023-01-01,2023-01-31,,,,,,,,,,,,,,,,,,,,,,,,,,,,,,,,,,,,Squad FM&E,,,,,,,,,,,,,,,,,,,,,,,,,,,,,,,,,,,,,,,,,,,,,,,,,,,,,,,,,,,,,,,,,,,,,,,,,,,,
12624532,feature,2022-03-24 11:17:43 UTC,2022-09-13 09:31:36 UTC,Kameleoon Administration : Redash Statistics,# 💁‍♂️ Problem/Context ## **Description** Building analytics dashboard for administration purposes. ## Workaround No ## **Project justification** **Project type** Operational improvement **Justification** Redash statistics can help to manage the Kameleoon app and make data-based decisions. # 💡 Solution **Package** NA **Scope** Redash **User roles** Admin **Design** - # 🎯 **Measuring Success** NA <p></p> --- <p></p> # 📄 Attached documents **Figma file**: No **Spec file**: No **Redmine ticket**: <https://project.kameleoon.net/issues/16132> <p></p>,Released,,10849936,Internal Product,Tribe Developer,🙂 Dev Tools Squad,2022-03-25,2022-05-31,,,,,,20,40,,,,,,,,,,,,5,,,,,,,,,,,,,,,,,Squad Dev Tools,,,,,30,6,,,,,,,,,,,,,,,,,,,,,,,,,,,,,2,60,,,,,,,,,,,,,,,,,,,,,,,,,,,,,,,,,,,,,,,,
12631258,feature,2022-03-24 16:50:00 UTC,2022-07-12 15:49:51 UTC,Rollout Planner v1,"## 🚀 Feature Summary The new **Rollout Planne**r is a flexible workflow builder that allows scheduling various flag changes such as: - Turn ON/OFF changes to a FF - Progressive (canary) releases of a feature - Targeted delivery to custom segment(s) - Feature experiments (coming soon) <p></p> This will unlock capabilities to create and automate seamless, scalable, and repeatable release workflows. --- ## 💁‍♂️ Problem/Context <p></p> **Description:** Product teams are unable to easily schedule when flags changes occur and what the rules should be. In our solution (and others without this functionality), flag changes have to made in real-time and without any complex use cases possible.  <p></p> - **Existing workaround:** None.  --- ## 💡 Solution <p></p> - **Product package:** Full stack  - **User roles**: PM, EM, QA, RM - or anyone concerned with product/version releases. - **Product scope:** The Rollout Planner will be a central and permanent fixture in the FME product. All planned features to enable flag scheduling (such as Progressive rollouts, Turn On/Off changes, Targeted delivery, Experiments) will reside inside the Rollout Planner.  - **Product design:** The Rollout Planner can be accessed from the left sidebar and is part. Click on it to open it.    - By default, the **power toggle** is in the off state and no rules are queued   - Click on Add a rule    - Select one of the options for types of rules that appear in the right overlay → Once a rule is selected, it is instantly displayed in the **Rule Queue**. <p></p> ![](https://pb-files.s3.amazonaws.com/production/attachments/47b9667250b9d016fb670b372b1514e8ebb57a4d128864daedf56d0a2dcee757/image.png) <p></p> **Long-term Vision:** ![](https://pb-files.s3.amazonaws.com/production/attachments/8cf4fb8f244ba3c8d8257aac7af65dd12504cee7e45830858a2dba426a5b419b/image.png) --- ## 🎯 **Measuring Success** <p></p> - **Market-Fit:** This feature brings us on par with LaunchDarkly, the only platform offering this functionality. This also opens up additional possible features and functionalities that can be plugged into the planner. --- ## 📄 Attached documents <p></p> - **Figma file**: <https://www.figma.com/file/b8VwBwFMilgBCTJUH7DRKe/Hybrid-Plan?node-id=400%3A75886> - **Redmine ticket**: <https://project.kameleoon.net/issues/15897> ",Released,(Releases) June Feature Release;(Releases) Mid July 22 - Collective actions (rc-86),9564875,Feature Management & Experimentation (FM&E),Tribe Developer,🙂 FF/SDK Squad,2022-04-15,2022-06-15,,,,,,,,,,,,,,,,,,,,,,,,,,,,,,,,,,,,Squad FM&E,,,,,,,,,,,,,,,,,,,,,,,,,,,,,,,,,,,,,,,,,,,,,,,,,,,,,,,,,,,,,,,,,,,,,,,,,,,Tribe Developer,
12989560,feature,2022-04-19 13:17:50 UTC,2025-03-18 13:42:37 UTC,Graphic Editor - Button to make an element sticky,"",New idea,,9564787,Graphic editor,Ivan Kulagin,_⭐ Campaign Creation Squad,,,,,,,,,,,,,,,,,,,,,,,,,,,,,,,,,,,,,,,,,,,,,,,,,,,,,,,,,,,,,,,,,,,,,,,,,,,,,,,,,,,,,,,,,,,,,,,,,,,,,,,,,,,,,,,,,,
13008712,feature,2022-04-20 12:20:51 UTC,2023-01-05 14:33:45 UTC,Reassure users about the option switch to the other editor,"It seems that customers are not very confident by performing this action, and fear that this generates some bugs\. We want to clarify what is the impact of performing this action\. ",Released,(Releases) November 22 - Feature Release,13286445,Common APP,Tribe Marketers,🙂 Interface squad,2022-04-01,2022-11-14,,,,,,,,,,,,,,,,,,,,,,,,,,,,,,,,,,,,Squad Interfaces,,,,,,,,,,,,,,,,,,,,,,,,,,,,,,,,,,,,,,,,,,,,,,,,,,,,,,,,,,,,,,,,,,,,,,,,,,,,
13030092,feature,2022-04-21 12:19:57 UTC,2022-06-15 08:32:01 UTC,Widget editor - Video component,"## 💁‍♂️ Problem/Context <u>**Description:**</u> As a marketer, I would like to be able to add video in the widgets I create.  <p></p> - **Existing workaround:** No <p></p> <u>**Project justification:**</u> - **Project type:** Requested capability.  - **Justification:** Topic requested by a large number of users. A/B tasty get it.  ## 💡 Solution - **Product package:** A/B Testing / Personalization  - **Product scope:** Widget editor - **User roles**: Roles Production and technical - **Design:**    - Addition of a new video type of template   - Addition of a new video element on the ""Add element"" section   - As soon as the video element is added, ability to add URL linked to Youtube, Video or self hosted video  ## 🎯 **Measuring Success** - **Goal 1:** Allow users to extend their capabilities with our widgets - **Success metric:** Number of widgets created with video --- ## 📄 Attached documents - **Figma file**: <https://www.figma.com/file/vhqCfR04HxX6WhgJSwpS0d/US-13302---Redesign-of-widget-page-%26-widget-editor?node-id=4166%3A44044> - **Redmine ticket**: [User story #15920](https://project.kameleoon.net/issues/15920) <p></p>",Released,(Releases) June Feature Release,6783363,AI-Driven Personalization,Tribe Marketers,🙂 Perso Squad,2022-04-01,2022-06-30,,,,,,60,80,,,,,,,,,,,,2,,,,,,,,,,,,,,,,,Squad Perso,,,,,70,35,,,,,,,,,,,,,,,,,,,,,,,,,,,,,,,,,,,,,,,,,,,,,,,,,,,,,,,,,,,,,,,,,,,,,Tribe Marketers,
13033511,feature,2022-04-21 15:18:08 UTC,2023-03-02 15:11:07 UTC,Feature Experimentation,Users will now have the option create **variations** of their features and serve them as feature experiments to determine which one yields the best user experience or KPIs\. Feature experiments will allow users you to test and optimize the quality of their product\.    ![](https://pb-files.s3.amazonaws.com/production/attachments/33565461beb49c423e91933e79938d33c4dff0b057a4a333d577e35c6c2bcbac/image.png) <p></p> ,Released,(Releases) End september 22 - Feature Release,9564875,Feature Management & Experimentation (FM&E),Tribe Developer,🙂 FF/SDK Squad,2022-08-31,2022-10-31,,,,,,,,,,,,,,,,,,,,,,,,,,,,,,,,,,,,Squad FM&E,,,,,,,,,,,,,,,,,,,,,,,,,,,,,,,,,,,,,,,,,,,,,,,,,,,,,,,,,,,,,,,,,,,,,,,,,,,,
13047939,feature,2022-04-22 09:59:06 UTC,2022-05-18 12:45:17 UTC,Audiences migration to Clickhouse,"## 💁‍♂️ Problem/Context <u>**Description:**</u> Marketers need to have the same data model in the Audiences module as in the other reporting pages (Experiments, Personalizations) on the platform. <p></p> <u>**Project justification:**</u> - **Project type:** to fill in *(refer to PDB Template - slide 9)* - **Justification:**    - Using the new data model through Clickhouse will enable more consistency through the overall platform ## 💡 Solution - **Product package:** Personalization - **Product scope:** Audiences module data (Audiences main dashboard and segments pages) - **User roles**: Marketing - **Design:**    - Data model modifications \> no design changes ## 🎯 **Measuring Success** - **Goal 1:** Enable marketers to have accurate, consistent data on Audiences vs the rest of the platform - **Success metric:** indicate the key indicator of success that will measure the achievement of goal 1 <p></p> --- ## 📄 Attached documents - **Redmine ticket**: <https://project.kameleoon.net/issues/15628> <p></p>",Released,(Releases) rc95 - Audience Revenue KPIs temporary solution,9564706,Audiences,Tribe Data Analysts,_⭐ Reporting Squad,2022-04-01,2022-05-15,,,,,,,,,,,,,,,,,,,,,,,,,,,,,,,,,,,,Squad Data,,,,,,,,,,,,,,,,,,,,,,,,,,,,,,,,,,,,,,,,,,,,,,,,,,,,,,,,,,,,,,,,,,,,,,,,,,,Tribe Marketers,
13047949,feature,2022-04-22 10:00:31 UTC,2022-07-19 09:42:37 UTC,Remove data older than 2 years,"## 💁‍♂️ Problem/Context <u>**Description:**</u> Kameleoon needs to match European GDPR requirements, stating that data older than 2 years shouldn't be stored for privacy reasons. <p></p> - **Existing workaround:** No <p></p> <u>**Project justification:**</u> - **Project type:** Risk mitigation - **Justification:**    - Need to meet European GDPR rules ## 💡 Solution - **Product package:** A/B Testing / Personalization - **Product scope:** Experiments and Personalizations reporting pages - **User roles**: Marketing - **Design:**    - For campaigns stopped or paused for more than 2 years, a specific reporting page with removed data along with an explanation message   - For campaigns active for more than 2 years, data older than 2 years only is removed and an explanation tooltip is added in the top block and in the charts ## 🎯 **Measuring Success** - **Goal 1:** indicate the goal of this topic - **Success metric:** indicate the key indicator of success that will measure the achievement of goal 1 --- ## 📄 Attached documents - **Figma file**: <https://www.figma.com/file/fBC7ntvqSq2K2A6vk8WFTy/16165---Remove-data-older-than-2-years?node-id=67%3A1205> - **Redmine ticket**: <https://project.kameleoon.net/issues/16165> <p></p>",Released,(Releases) Mid July 22 - Collective actions (rc-86),6783364,"Data, Common  & Infrastructure",Tribe Data Analysts,_⭐ Reporting Squad,2022-04-01,2022-07-13,,,,,,,,,,,,,,,,,,,,,,,,,,,,,,,,,,,,Squad Data,,,,,,,,,,,,,,,,,,,,,,,,,,,,,,,,,,,,,,,,,,,,,,,,,,,,,,,,,,,,,,,,,,,,,,,,,,,Tribe Marketers,
13101104,feature,2022-04-26 14:26:31 UTC,2023-12-14 17:18:02 UTC,RudderStack Source Integration,"# 💁‍♂️ Problem\/Context ## **Description** Adding RudderStack as a source integration \(Kameleoon sending data to RudderStack\) <https://www.rudderstack.com/docs/event-spec/standard-events/track/> ## Workaround No\. ## **Project justification** **Project type** - Requested capability **Justification** This was requested by our common customer **Jus Brasil**\. RudderStack is also one of Segment's competitor, they are very similar\. <span data-preserve-white-space></span> # 💡 Solution **Package** A\/B Testing \/ Personalization **Scope** Integration page **User roles** All **Design** Being able to choose RudderStack as an analytic tool\. # 🎯 **Measuring Success** Will be done with our current KPI, tracking what integration is used or not\. <span data-preserve-white-space></span> <p></p> --- <p></p> # 📄 Attached documents **Figma file**: optional \(paste link\) **Spec file**: optional \(paste link\) **Redmine ticket**: User story \#22601 \- RudderStack Integration   <https://project.kameleoon.net/issues/22601> ",Released,,9564652,Common integrations,Tribe Developer,🙂 Dev Tools Squad,2023-07-01,2023-12-14,,,,,,40,60,,,,,,,,,,,,1,,,,,,,,,,,,,,,,,Squad Dev Tools,,,,,50,50,,,,,,,,,,,,,,,,,,,,,,,,,,,,,,,,,,,,,,,,,,,,,,,,,,,,,,,,,,,,,,,,,,,,,Tribe Developer,
13156757,feature,2022-04-29 10:16:24 UTC,2023-02-03 13:20:14 UTC,Vue Storefront Integration,"# 💁‍♂️ Problem/Context ## **Description** Vue Storefront customers will be able to implement AB tests in their PWA. ## Workaround Maybe, using the SDK. ## **Project justification** **Project type** New product concept or workflow **Justification** Vue Storefront could be our first partner to be in the PWA market. # 💡 Solution **Package** A/B Testing / Personalization / Full stack **Scope** NA **User roles** Technical **Design** To be defined. # 🎯 **Measuring Success** To be defined. <p></p> --- <p></p> # 📄 Attached documents **Figma file**: optional (paste link) **Spec file**: optional (paste link) **Redmine ticket**: mandatory (paste link) <p></p>",Rejected,,9564652,Common integrations,Tribe Developer,🙂 Dev Tools Squad,,,,,,,,40,40,,,,,,,,,,,,1,,,,,,,,,,,,,,,,,Squad Dev Tools,,,,,40,40,,,,,,,,,,,,,,,,,,,,,,,,,,,,,,,,,,,,,,,,,,,,,,,,,,,,,,,,,,,,,,,,,,,,,Tribe Developer,
13181718,feature,2022-05-02 12:49:33 UTC,2024-01-30 15:48:07 UTC,Remove Login spaces,"# **User Story** As a user not authenticated, I want to authenticate with a copy/paste of my email containing spaces (before or after the email address) so that I can authenticate to the app without errors because of the spaces in the email. # **Tickets**  <http://project.kameleoon.net:8082/issues/16485> # **Summary** Detect and delete spaces before and after the email address in the login page to avoid errors. # **Functional specifications** ## Use cases It will reduce copy and paste problems on our and customers side. ## Functional scope *Where will this feature be used?*  The login page only. ## Expected behaviors & Diagrams If the user enter an email with a space **before or after** it, those spaces will not be considered as being a part of the email and will be automatically deleted after submission.   Exemple: ""test@email.com"" + ""password"" = OK then ""     [test@email.com](mailto:test@email.com)"" + ""password"" = also OK   and ""[test@email.com](mailto:test@email.com)      "" + ""password"" = also OK too ## Errors The email (without the spaces before and after it) need to match the associated password, otherwise a classic error will be displayed, just like it is right now. # **Technical specifications** ## Risk assessment The login page is very critical for the app and any modification on it need to be deeply tested before deployment. # **Wireframes & Mockups** The interface stays the same. <p></p>",New idea,,13286305,Advanced tool,Tribe Marketers,🙂 Interface squad,,,,,,,,20,20,,,,,,,,,,,,0.1,,,,,,,,,,,,,,,,,Squad Interfaces,,,,,20,200,,,,,,,,,,,,,,,,,,,,,,,,,,,,,,,,,,,,,,,,,,,,,,,,,,,,,,,,,,,,,,,,,,,,,Tribe Marketers,
13184149,feature,2022-05-02 15:01:18 UTC,2024-02-06 09:27:29 UTC,Code versioning (Code editor and GS),"# 💁‍♂️ Problem/Context ## **Description** As a developer, I would like to create versions of my code, this way I can go back to a previous version of my code. ## Workaround Yes, using the VS Code extension and Git or by duplicating campaigns to create different versions of campaign. ## **Project justification** **Project type** New product concept or workflow **Justification** Apparently, AB Tasty has this feature ([documentation link](https://abtasty.zendesk.com/hc/en-us/articles/200237827-How-to-add-JavaScript-code-on-AB-Tasty-)) but only for its account global script (script that is executed on all the pages where the AB Tasty tag is detected, whether there's a campaign or not). VWO also allows their users to have an history but for each version of a campaign, which is a slightly different way to have a code versioning ([documentation link](https://help.vwo.com/hc/en-us/articles/900004257963-Working-with-Version-History-in-VWO)). Same for Optimizely ([documentation link](https://webhelp.optimizely.com/latest/en/content-cloud-for-editors/working-with-versions.htm#Managingversions)).   We need to see if this feature can be replaced by another behavior. Using VS Code + Git is still a cleaner way to keep track of the different versions. So maybe we can build a Git integration that will be used within the Code Editor. Git server usually have that API that allows us to do it. # 💡 Solution **Package** A/B Testing / Personalization / Full stack **Scope** Code Editor and GS page **User roles** Technical ***Design** Need to be done # 🎯 **Measuring Success** **Goal 1** Measure the use of code versioning among our users. **Success metric** Number of users/customers that are using code versioning **Success metric** Number of experiments that are using code versioning <p></p> --- <p></p> # 📄 Attached documents **Figma file**: optional (paste link) **Spec file**: optional (paste link) **Redmine ticket**: mandatory (paste link)",New idea,,9564793,Developer editor,Mallaury Gruget,"_⭐ Campaign Creation Squad, 🎨 design needed",,,,,,,,40,100,,,,,,,,,,,,2,,,,,,,,,,,,,,,,,Squad Dev Tools,,,,,70,35,,,,,,,,,,,,,,,,,,,,,,,,,,,1,100,,,,,,,,,,,,,,,,,,,,,,,,,,,,,,,,,,,,,,,,,Tribe Developer,
13199372,subfeature,2022-05-03 13:06:08 UTC,2023-01-09 13:24:12 UTC,Traffic reallocation option on Code Editor - Frontend part,"# 💁‍♂️ Problem/Context ## **Description** As a developer, I want to do be able to use the traffic reallocation option directly from the Code Editor. <p></p> - **Existing workaround:** Yes  - **Workaround description:** Traffic reallocation is available on the [Graphic Editor](https://help.kameleoon.com/set-up-and-launch-classic-ab-experiment/#6). <p></p> ## **Project justification** - **Project type:** Requested capability - **Justification:** See insights # 💡 Solution - **Product package:** A/B Testing - Developer Editor - **Product scope:** Code Editor page (example : [https://app.kameleoon.com/experiments/codeEditor/**[id]](https://app.kameleoon.com/experiments/codeEditor/**%5Bid%5D)** ) - **User roles**: All - **Design:** Explain with bullet points what your solution consists in (make it synthetic)   - In Code Editor page, in the **Traffic allocation** pop-up, we will add the traffic reallocation option, just like it is in the Graphic Editor   - <p></p> ![](https://pb-files.s3.amazonaws.com/production/attachments/f7925a642697f7431a961c93581cc5ce61d7621d4e270edc15971a6de0457a61/image.png) # 🎯 **Measuring Success** - **Goal 1:** Exploring the reallocation option on the Code Editor - **Success metric:** Number of clicks on the *Traffic reallocation* button <p></p> - **Goal 2:** Use of Traffic reallocation on code-based experiments - **Success metric:** Number of code-based experiments using the traffic reallocation option  --- # 📄 Attached documents - **Figma file**: optional (paste link) - **Spec file**: [Google docs](https://docs.google.com/document/d/1KgNyTmxBUfLT0qvf0CWdxWQwt2X0Rt9TfVbMNv5tVng/edit?usp=sharing) - **Redmine ticket**: <https://project.kameleoon.net/issues/16719> <p></p>",Rejected,,14218701,Traffic reallocation option on Code Editor,Tribe Developer,🙂 Dev Tools Squad,2022-06-01,2022-06-30,,,,,,40,80,,,,,,,,,Completed,,Completed,1,,,,,,,,,,,,,,,,,,,,,,60,60,,,,,,,,,,,,,,,,,,,,,,,,,,,,,,,,,,,,,,,,,,,,,,,,,,,,,,,,,,,,,,,,,,,,,Tribe Developer,
13201465,feature,2022-05-03 14:13:31 UTC,2022-11-07 10:45:02 UTC,Scheduling - Improvement of the scheduling behavior,"## 💁‍♂️ Problem/Context <u>**Description:**</u> As a BPCE users, I would like to be able to restart a scheduling for personalization when the previous one is over.  <p></p> - **Existing workaround:** No <p></p> <u>**Project justification:**</u> - **Project type:** Improvement to existing workflow - **Justification:** This feature is frequently requested by BPCE users.  ## 💡 Solution - **Product package:** Personalization. - **Product scope:** Personalization edition page / Personalization dashboard - **User roles**: All - **Design:**    - In the personalization edition page, rework on the CTAs located at the bottom of the page   - Changement of scheduling logic. (CF google sheet below)    - Improvement of personalization status based on if a planning has been added  ## 🎯 **Measuring Success** - **Goal 1:** Allow users to be able to restart a scheduling when the previous one is over - **Success metric:** Increase our NPS satisfaction measured for personalization customer. (especially BPCE) --- ## 📄 Attached documents - **Redmine ticket**: <https://project.kameleoon.net/issues/16328> <p></p>",Released,(Releases) August 22,9564700,Classic Personalization,Tribe Marketers,🙂 Perso Squad,2022-05-02,2022-10-13,,,,,,,,,,,,,,,,,,,,,,,,,,,,,,,,,,,,Squad Perso,,,,,,,,,,,,,,,,,,,,,,,,,,,,,,,,,,,,,,,,,,,,,,,,,,,,,,,,,,,,,,,,,,,,,,,,,,,,
13204436,feature,2022-05-03 16:22:35 UTC,2025-07-08 09:46:24 UTC,Chrome Extension Evolution,# 💁‍♂️ Problem/Context ## **Description** This item is about updating the Chrome Extension. # 💡 Solution - **Product package:** Other - **Product scope:** Chrome Extension - **User roles**: All - **Design:** New version of the Chrome Extension available in the Chrome Store # 🎯 **Measuring Success** This new version of the Chrome Extension will contain click tracking using Mixpanel. We will be tracking a lot of things in order to be able to improve the Chrome Extension in the future. [Click here](https://docs.google.com/presentation/d/1py-0fZZm9pVNnklmH5aZXD-2Pb3tTu7EBLBVsFvfsNQ/edit?usp=sharing) to see the tracking plan. --- # 📄 Attached documents - **Redmine ticket**: No ticket for this item. <p></p>,Released,(Releases) July Feature release,32146615,Integrations,Isabelle Ung,🙂 Dev Tools Squad,2022-05-01,2022-05-31,,,,,,60,60,,,,,,,,,Completed,Completed,Completed,1,,,,,,,,,,,,,,,,,Squad Dev Tools,,,,,60,60,,,,,,,,,2,60,,,,,,,,,,,,,,,,,2,60,,,,,,,,,,,,,,,,,,,,,,,,,,,,,,,,,,,,,,,,,Tribe Developer,
13241214,feature,2022-05-05 12:56:00 UTC,2022-10-11 12:13:11 UTC,Targeted Delivery,"## 🚀 Feature Summary <p></p> Accurate user targeting to enable new features on any segment or subset of audience\.  Users will have the flexibility to decide who to roll out feature changes to based on geographical region, demographical data, operating system or any attribute of their choice\. --- ##  ## 💁‍♂️ Problem\/Context <p></p> **Description:** As a Product, Engineering or QA user, I have no way of being flexible to which segment\(s\) I rollout my feature to, and what percentage of it to expose to\. This means it's impossible to be selective with feature and who can access them\. Planning releases around user attributes such as geographical location, type of subscription, device\/platform, and any other use case involving advanced segmentation is currently not possible\. <span data-preserve-white-space></span> <p></p> - **Existing workaround:** None\. <p></p> - **Justification:** A huge value\-add for our product, similar to how Custom Data opens up advanced possibilities for our A\/B testing product\. Paired with the new rollout planner, this feature effectively also allows staged deliveries to be executed\. <p></p> --- <p></p> ## 💡 Solution <p></p> - **Product package:** Full stack <span data-preserve-white-space></span> - **User roles**: PM, EM, QA, RM \- or anyone concerned with product\/version releases\. - **Product scope:** The option can be found in the right overlay when adding a new rule in the Rollout Planner\. All UI changes reside in the same overlay\. <span data-preserve-white-space></span> - **Product design:** Selecting this option will prompt the user to define a few parameters: <p></p> <p></p> 1. Choose Targeted Delivery when adding a new rule ![](https://pb-files.s3.amazonaws.com/production/attachments/e63f4530761a059825ee20bdf1f5248d7358e6f4c4c2ef66505e4f7696a29520/image.png) <p></p> 1. Choose audience\/segment for this rule \(or create a new one\) 1. Define the exposure rate for your segment 1. Define when to execute this rule \(Upon applying or at a later date\) <p></p> ![](https://pb-files.s3.amazonaws.com/production/attachments/176b3f287ca844c34337a1bd28b65ca0fd0b0eb5a06c4eab2f294cda9ebec5c7/image.png) <p></p> --- <p></p> ## 🎯 **Measuring Success** <p></p> **Market\-Fit:** Except for the scheduling of rule execution in the last step, this functionality exists in all FME platforms available today\. The scheduling option itself opens up various use cases that push us into a tied lead alongside LaunchDarkly\. <span data-preserve-white-space></span> <p></p> **Adoption:** Once released, active customers try out targeted delivery at least once\. --- ## 📄 Attached documents <p></p> - **Figma file**: [https:\/\/www\.figma\.com\/file\/b8VwBwFMilgBCTJUH7DRKe\/Hybrid\-Plan?node\-id=400%3A75886](https://www.figma.com/file/b8VwBwFMilgBCTJUH7DRKe/Hybrid-Plan?node-id=400%3A75886) - **Redmine ticket\(s\)**: <https://project.kameleoon.net/issues/16532> <p></p> ",Released,(Releases) June Feature Release,9564875,Feature Management & Experimentation (FM&E),Tribe Developer,🙂 FF/SDK Squad,2022-04-15,2022-06-15,,,,,,,,,,,,,,,,,,,,,,,,,,,,,,,,,,,,Squad FM&E,,,,,,,,,,,,,,,,,,,,,,,,,,,,,,,,,,,,,,,,,,,,,,,,,,,,,,,,,,,,,,,,,,,,,,,,,,,Tribe Developer,
13280929,feature,2022-05-09 09:57:23 UTC,2022-07-12 15:54:12 UTC,Feature (ON/OFF) Activation,"## 🚀 Feature Summary <p></p> This is the most basic form of automated flag changes that can either be applied immediately or at a specified date and time to turn a feature on or off. --- ## 💁‍♂️ Problem/Context <p></p> **Description:** Product teams are unable to easily schedule flags changes. Turning flags ON or OFF at a later date is currently not possible.  <p></p> - **Existing workaround:** None.  --- ## 💡 Solution <p></p> - **Product package:** Full stack  - **User roles**: PM, EM, QA, RM - or anyone concerned with product/version releases. - **Product scope:** Inside the Rollout Planner. - **Product design:** Add a new rule in the Rollout Planner to have the option to select the Turn ON or Turn OFF rule.   <p></p>   1. Turn ON → Selecting this option will present the user with two options     1. Turn on the rule upon clicking “Apply”     2. Turn on the rule at a specific date and time → A calendar should automatically expand → Enter time, date and select timezone   <p></p>   2. Turn OFF → Selecting this option will present the user with two options     1. Turn off the rule upon clicking “Apply”     2. Turn off the rule at a specific date and time → A calendar should automatically expand → Enter time, date and select timezone <p></p> ![](https://pb-files.s3.amazonaws.com/production/attachments/cb9a54a68055d59cb1dec8dcd07199bb33d0265e571a6163928cab00ec24e65d/image.png) <p></p> ![](https://pb-files.s3.amazonaws.com/production/attachments/f556567f92e9a4b6fbf15d72f362079072c8509c78ce3145d51ba7d1dad34573/image.png) --- ## 🎯 **Measuring Success** <p></p> - **Market-Fit:** This feature brings us on par with LaunchDarkly, the only platform offering this functionality. This also opens up additional possible features and functionalities that can be plugged into the planner. --- ## 📄 Attached documents <p></p> - **Figma file**: <https://www.figma.com/file/b8VwBwFMilgBCTJUH7DRKe/Hybrid-Plan?node-id=400%3A75886> - **Redmine ticket**: [https://project.kameleoon.net/issues/15897](https://project.kameleoon.net/issues/15989) ",Released,(Releases) June Feature Release,9564875,Feature Management & Experimentation (FM&E),Tribe Developer,🙂 FF/SDK Squad,2022-04-15,2022-06-15,,,,,,,,,,,,,,,,,,,,,,,,,,,,,,,,,,,,Squad FM&E,,,,,,,,,,,,,,,,,,,,,,,,,,,,,,,,,,,,,,,,,,,,,,,,,,,,,,,,,,,,,,,,,,,,,,,,,,,Tribe Developer,
13286305,component,2022-05-09 13:54:40 UTC,2022-05-09 15:03:42 UTC,Advanced tool,<p></p>,New idea,,6783323,Web Experimentation,Tribe Marketers,"",,,,,,,,,,,,,,,,,,,,,,,,,,,,,,,,,,,,,,,,,,,,,,,,,,,,,,,,,,,,,,,,,,,,,,,,,,,,,,,,,,,,,,,,,,,,,,,,,,,,,,,,,,,,,,,,,,
13286324,component,2022-05-09 13:55:30 UTC,2022-05-09 13:55:35 UTC,Goals,"",New idea,,6783323,Web Experimentation,Tribe Marketers,"",,,,,,,,,,,,,,,,,,,,,,,,,,,,,,,,,,,,,,,,,,,,,,,,,,,,,,,,,,,,,,,,,,,,,,,,,,,,,,,,,,,,,,,,,,,,,,,,,,,,,,,,,,,,,,,,,,
13286351,component,2022-05-09 13:56:22 UTC,2022-05-09 13:56:27 UTC,Common app,"",New idea,,6783323,Web Experimentation,Tribe Marketers,"",,,,,,,,,,,,,,,,,,,,,,,,,,,,,,,,,,,,,,,,,,,,,,,,,,,,,,,,,,,,,,,,,,,,,,,,,,,,,,,,,,,,,,,,,,,,,,,,,,,,,,,,,,,,,,,,,,
13286375,feature,2022-05-09 13:57:31 UTC,2022-08-31 10:01:30 UTC,Admin UI,Redesign and recoding of the admin (internal) Kameleoon back-office from scratch. The current one is too old and messy : it becomes more and more complex when developers have to add new features.  redmine: <https://project.kameleoon.net/issues/13998> <p></p> <p></p> <p></p> <p></p> <p></p> <p></p> <p></p> <p></p> <p></p> <p></p> <p></p> <p></p> <p></p> <p></p> <p></p> <p></p> <p></p> <p></p>,Released,(Releases) Q2 2022,13286305,Advanced tool,Tribe Marketers,🙂 Interface squad,2022-04-01,2022-06-30,,,,,,,,,,,,,,,,,,,,,,,,,,,,,,,,,,,,Squad Interfaces,,,,,,,,,,,,,,,,,,,,,,,,,,,,,,,,,,,,,,,,,,,,,,,,,,,,,,,,,,,,,,,,,,,,,,,,,,,,
13286432,feature,2022-05-09 13:59:40 UTC,2022-11-18 10:40:51 UTC,"Collective actions - A/B & Perso - Lot 2 : manage tags, archive, delete","<p></p> ## 💁‍♂️ Problem\/Context **Description:** As a BO user, I would like to make a multiple selection of experiments or personalizations , in order to apply actions to all elements at the same time <p></p> *Improve the “select all” behaviour available on our experiments or personalizations pages\. Currently, only the elements displayed in frontend are selected\. The enhancement will enable to select all elements from backend \/ in database\. Finally, users will save time by applying an action to multiple items at once\.* <u>List of actions:</u> manage tags, export, archive, delete <p></p> \-\-\-\-\-\-\-\-— - **Existing workaround:** Yes - **Workaround Description:** You can select all elements displayed on the front \(around 20\), and repeat the action until all elements selected **Project justification:** - **Project type:** Requested capability \(existing customers or prospects\) - **Justification:** 2 insights one of which was critical request from 2021 in productboard > Selecting multiple Perso and A\/B test to perform group actions:Pause \/ Put online \/ Stopped \/ Delete \/ tag A select all button when I have a filterOne click to perform a lot of actions ## 💡 Solution - **Product package:** Full stack - **Product scope:** On the BO *experiments* dashboard , On the BO *personalizations* dashboard - **User roles**: All - **Design:** Steps of the solution <span data-preserve-white-space></span>     - We can access on *experiments* dashboard or *personalizations*       <span data-preserve-white-space></span> dashboard     - On the right side of each element, there is a 3 dots button     - On click, we have access to a checkbox and several options     - We can do one of the actions, on all experiments\/*personalizations*       <span data-preserve-white-space></span> selected \( manage tags, export, archive, delete\)     - We can make the selection: individually, for several items, or for all items \(not only in the front\) <p></p> ## 🎯 **Measuring Success** - **Goal 1:** satisfaction\/ allows user to select all items as indicated on the actions “select all” - **Success metric:** Satisfaction of customers with this feature --- ## 📄 Attached documents - **Figma file**: Processus: [https:\/\/www\.figma\.com\/file\/3EbufFaJxocU3yT3DR5V8E\/16376\-\-\-Collective\-actions\-\-\-A%2FB\-%26\-Perso?node\-id=0%3A1](https://www.figma.com/file/3EbufFaJxocU3yT3DR5V8E/16376---Collective-actions---A%2FB-%26-Perso?node-id=0%3A1) Mockups :[https:\/\/www\.figma\.com\/file\/vdgg7i8lgVkQuYsApdCO7P\/16376\-\-\-Collective\-actions\-\-\-A%2FB\-%26\-Perso](https://www.figma.com/file/vdgg7i8lgVkQuYsApdCO7P/16376---Collective-actions---A%2FB-%26-Perso) - **Spec file**: None - **Redmine ticket**: [https:\/\/project\.kameleoon\.net\/issues\/15080](https://project.kameleoon.net/issues/16376) <p></p> ",Released,(Releases) November 22 - Feature Release,13286445,Common APP,Tribe Marketers,"🙂 Interface squad, N&D, seminar",2022-07-03,2022-11-08,,,,,,,,,,,,,,,,,,,,,,,,,,,,,,,,,,,,Squad Interfaces,,,,,,,,,,,,,,,,,,,,,,,,,,,,,,,,,,,,,,,,,,,,,,,,,,,,,,,,,,,,,,,,,,,,,,,,,,,,
13286445,component,2022-05-09 14:00:20 UTC,2022-05-09 15:40:05 UTC,Common APP,<p></p>,New idea,,6783323,Web Experimentation,Tribe Marketers,🙂 Interface squad,,,,,,,,,,,,,,,,,,,,,,,,,,,,,,,,,,,,,,,,,,,,,,,,,,,,,,,,,,,,,,,,,,,,,,,,,,,,,,,,,,,,,,,,,,,,,,,,,,,,,,,,,,,,,,,,,,
13287703,subfeature,2022-05-09 14:48:54 UTC,2025-03-03 11:58:47 UTC,Goals creation popup migration,"<p></p> INTERNAL US ## 💁‍♂️ Problem\/Context **Description:** This US is a part of the EPIC: Global backoffice redesign \(menu, dashboards, other BO pages\) \- LOT 0 & 1 For this US, the goal is to do a redesign of several sections of goal in BO client \(Pop ups and in the dashboard\) and migrate goal creation Pop up from grails \(old code\) to App\. <p></p> - **Existing workaround:** Yes - **Workaround Description:** The existing elements ## 💡 Solution - **Product package:** BO client - **Product scope:** Goal dashboard - **User roles**: All - **Design:** <span data-preserve-white-space></span>     - On New goal creation pop up     - On goal dashboard: Notification after creation     - On goal edition pop up     - Goal creation pop specific for ""click tracking""     - Goal creation pop\-up specific for ""access to a page""     - Goal creation pop\-up specific for ""custom goal""     - Goal creation pop\-up specific for ""time spent""     - Goal creation pop\-up specific for ""number page viewed""     - Goal creation pop\-up specific for ""Retention rate"" ## 🎯 **Measuring Success** - **Goal 1:** Stability - **Success metric:** Efficiency by migrating element form the old code to the new one <p></p> ## 📄 Attached documents **Figma links** Reserved goal ID mockup:   [https:\/\/www\.figma\.com\/file\/Y55oWd1vedJXjPyTmJiY6o\/15971\-\-\-Custom\-goals\-reserve\-ID?node\-id=14%3A2640](https://www.figma.com/file/Y55oWd1vedJXjPyTmJiY6o/15971---Custom-goals-reserve-ID?node-id=14%253A2640) <p></p> Global mockup:   [https:\/\/www\.figma\.com\/file\/sQXW9zWhYZIjlml7vEOs4w\/EP\-1071\-%2F\-US\-6850\-\-\-Goals\-page?node\-id=1413%3A6201](https://www.figma.com/file/sQXW9zWhYZIjlml7vEOs4w/EP-1071-%252F-US-6850---Goals-page?node-id=1413%253A6201) <p></p> - **Redmine ticket**: <https://project.kameleoon.net/issues/15122> ",Released,(Releases) Q4 2022,9973296,Goals - Enhancement of Goals dashboard export,Tribe Marketers,🙂 Interface squad,2022-10-01,2023-01-31,,,,,,,,,,,,,,,,,,,,,,,,,,,,,,,,,,,,Squad Interfaces,,,,,,,,,,,,,,,,,,,,,,,,,,,,,,,,,,,,,,,,,,,,,,,,,,,,,,,,,,,,,,,,,,,,,,,,,,,,
13288225,feature,2022-05-09 15:11:36 UTC,2024-01-31 14:58:24 UTC,Metasite migration,Migration from Grails to Automation\-API of all the metasite logic \(BPCE\)\. ,Released,(Releases) 2023,6783323,Web Experimentation,Tribe Marketers,🙂 Interface squad,2024-04-01,2024-09-30,,,,,,,,,,,,,,,,,,,,,,,,,,,,,,,,,,,,Squad Interfaces,,,,,,,,,,,,,,,,,,,,,,,,,,,,,,,,,,,,,,,,,,,,,,,,,,,,,,,,,,,,,,,,,,,,,,,,,,,,
13288351,feature,2022-05-09 15:14:47 UTC,2023-01-17 16:15:13 UTC,Graphic editor redesign and migration,"INTERNAL for migration <span data-preserve-white-space></span> ## 💁‍♂️ Problem\/Context **Description:** As a internal developper at Kameleoon, I want to developp easily and smoothly on graphic editor with an adapted and updated technology \(Automation API for editor graphic & iframe on finalized panel\) in order to have a more fluid and fast editor \(for internal & external clients\) - **Existing workaround:** Yes - **Workaround description:** develop in the graphic editor with grails **Project justification:** - **Project type:** Requested capability from developers - **Justification:** developing on a very old and complex framework as grails can be painful and not satisfying for dev team ## 💡 Solution - **Product package:** A\/B Testing - **Product scope:** Graphic editor \( & finalize panel\) - **User roles**: All - **Concept:** The goal is to migrate the graphic editor from grails to automation API, at the same time, we will remove some parts of the editor \(segment builder, open existing experiment\.\.\.\) and use iframe for the finalize panel\. ## 🎯 **Measuring Success** - **Goal 1: Satisfaction \(external\)** - **Success metric:** Average time to load editor and launch experiment \(a faster a more efficient graphic editor will benefit clients \) - **Goal 2:** **Satisfaction \(Internal\)** - **Success metric:**  \*\*\*\*Average time to load editor, dev satisfaction on working with automation API instead of grails --- ## 📄 Attached documents - **Figma file**: none - **Spec file**: [link 1](https://api.kameleoon-dev.net/v1/graphql) \- [link 2](https://api.kameleoon-dev.net/graphiql) - **Redmine ticket**: mandatory \(paste link\) ",Design in progress,,9564787,Graphic editor,Tribe Marketers,🙂 Interface squad,2022-10-01,2023-12-31,,,,,,,,,,,,,,,,,,,,,,,,,,,,,,,,,,,,Squad Interfaces,,,,,,,,,,,,,,,,,,,,,,,,,,,,,,,,,,,,,,,,,,,,,,,,,,,,,,,,,,,,,,,,,,,,,,,,,,,,
13288417,feature,2022-05-09 15:18:08 UTC,2025-04-03 10:01:01 UTC,Projects custom colors,"## 📒 **Feature short description:** Describe what the feature does\. ``` Projects custom colors allows users to navigate more easily on their dashboards, by customizing the color attributed to a project. ``` ## 😥 Problem <u>**Problem statement:**</u> What problem are we trying to solve with this feature? Or, what is the opportunity we are addressing?  ``` As a marketer, when my account has lots of projects, I would like to be able to pick their associated color to move around and find them more easily. It would be particularly useful for enterprise key customers like BPCE, whose brands match a certain color.  ``` <u>**Workaround:**</u> - **Existing workaround:** No ## 💡 Solution <u>**Key benefits**</u>: <span data-preserve-white-space></span> What value does this feature bring to the user?  ``` They are the following: - find projects more easily in the dashboards, if they match the color the user picked - make a project match its associated brand color for instance, for more relevance ``` <span data-preserve-white-space></span>   <u>**Use Cases:**</u> <span data-preserve-white-space></span> Share use cases where this feature would help our users\. <span data-preserve-white-space></span> ``` When the user has a quick look on a dashboard (Experiments for instance), they want to visually identify the experiments associated with a given website. ``` <u>**✏️ Product design:**</u> - **Product package:** Web Experimentation \/ Full Stack Experimentation \/ Feature Management - **Product scope:** <span data-preserve-white-space></span>     - Project configuration page, where the user will be able to customize the color     - By extension, all pages where the color of a website is displayed - **Target Persona**: Marketer \/ Developer \/ Product Manager - **Main updates:** <span data-preserve-white-space></span>     - In Project configuration page, add the possibility to custom the color of a website     - As soon as it is updated, new color is repercuted <span data-preserve-white-space></span> ## 🎯 **Measuring Success** - **Goal 1:** use of the feature - **Success metric:** number and proportion of users\/accounts customizing their projects colors --- ## 📄 Attached documents - **Figma file**: optional \(paste link\) - **Redmine ticket**: <https://project.kameleoon.net/issues/15483> ",Design in progress,,31139485,Projects,Mallaury Gruget,_⭐ Admin & Engine Squad,,,,,,,,,,,,,,,,,,,,,,,,,,,,,,,,,,,,,,Squad Interfaces,,,,,,,,,,,,,,,,,,,,,,,,,,,,,,,,,,,,,,,,,,,,,,,,,,,,,,,,,,,,,,,,,,,,,,,,,,,,
13292368,feature,2022-05-09 18:42:55 UTC,2023-03-02 12:41:50 UTC,Rollout Summary,"This section provides a quick overview of 2 key aspects of your rollout rules: **variations** and **segments**\. Changing the order of cards, deleting a rule, or change of rule status from active to planned or vice versa will reflect the ordering and values inside summary cards\. <span data-preserve-white-space></span> <p></p> While the summary section accounts for untargeted \(remaining users\) that can be passed down to the next rule, any partial or complete overlaps between different user segments across different rules will not be accounted for or identified\.   ### Variations Summary:  ![](https://lh5.googleusercontent.com/YflvPqumSLthuw9rl7-uTkv0WfbzgHkCw7tTH6xObHEphZnoV9etkYQFBNx6-zWUYOs2HOdyv4Jfx-mBNTojwHg-T1r4eZdPanB_x7N4xUyNwvaOhbIVGpMiXbNrbjOqVuU8ZMHSThGj50tKjiCt4jU) <p></p> This section serves you an overview of which variations have been used in your delivery and experiment rules\. Variations that are targeting multiple segments have multiple bars inside them also displaying the percentage of the audience that you have targeted\.  ### Segments Summary:  ![](https://lh4.googleusercontent.com/8Ako-pIU01miFIrW5oBeRL0PajcwCgygeY7XLejKchVlLuH00qpErRO6-FbzX-lWdNwoRpdhgQZStAKfItXNBCe3HypLflMddaoSP8Xgmdzr3k3_Zv2xNWCO-g5WPdfEBWEcbEWgbysLoJz4axuw0Ws) This section summarizes the different user segments that are being targeted in your rollout rules\. Segments who are split into the variations being delivered to them will have them in the same bar, adding up a maximum of 100% after which any additional variations being targeted towards the segment will be ignored\. <p></p> ",Released,,9564875,Feature Management & Experimentation (FM&E),Tribe Developer,🙂 FF/SDK Squad,2023-01-01,2023-02-18,,,,,,,,,,,,,,,,,,,,,,,,,,,,,,,,,,,,Squad FM&E,,,,,,,,,,,,,,,,,,,,,,,,,,,,,,,,,,,,,,,,,,,,,,,,,,,,,,,,,,,,,,,,,,,,,,,,,,,,
13292517,feature,2022-05-09 18:51:20 UTC,2024-07-05 14:24:22 UTC,Redis Support,<https://docs.launchdarkly.com/sdk/features/storing-data/redis/>,Planned,,9564875,Feature Management & Experimentation (FM&E),Tribe Developer,"_⭐ Feature Experimentation Squad, 🙂 FF/SDK Squad",2025-12-01,2026-01-01,,,,,,,,,,,,,,,,,,,,,,,,,,,,,,,,,,,,Squad FM&E,,,,,,,,,,,,,,,,,,,,,,,,,,,,,,,,,,,,,,,,,,,,,,,,,,,,,,,,,,,,,,,,,,,,,,,,,,,,
13306204,subfeature,2022-05-10 13:12:41 UTC,2024-01-30 15:42:57 UTC,Option to add another page to the test,<p></p> <p></p> <p></p> <p></p> <p></p> <p></p> <p></p> <p></p> <p></p> <p></p> <p></p> <p></p> <p></p> <p></p> <p></p> <p></p> <p></p> <p></p> <p></p> <p></p> <p></p> <p></p> <p></p> <p></p>,New idea,,15911765,New Graphic Editor,Mallaury Gruget,"_⭐ Campaign Creation Squad, 🙂 Interface squad",,,,,,,,,,,,,,,,,,,,,,,,,,,,,,,,,,,,,,Squad Interfaces,,,,,,,,,,,,,,,,,,,,,,,,,,,,,,,,,,,,,,,,,,,,,,,,,,,,,,,,,,,,,,,,,,,,,,,,,,,,
13306275,feature,2022-05-10 13:16:03 UTC,2022-11-24 14:15:07 UTC,Change the message when the data does not load.,<p></p> <p></p> <p></p> <p></p> <p></p> <p></p> <p></p> <p></p> <p></p> <p></p> <p></p> <p></p> <p></p> <p></p> <p></p> <p></p> <p></p> <p></p> <p></p> <p></p> <p></p> <p></p> <p></p> <p></p> <p></p> <p></p> <p></p> ,New idea,,10693628,Communication,Tribe Marketers,"",,,,,,,,,,,,,,,,,,,,,,,,,,,,,,,,,,,,,,Squad Interfaces,,,,,,,,,,,,,,,,,,,,,,,,,,,,,,,,,,,,,,,,,,,,,,,,,,,,,,,,,,,,,,,,,,,,,,,,,,,,
13306574,feature,2022-05-10 13:26:21 UTC,2025-03-18 13:50:51 UTC,Load a dynamic URL more easily in graphic editor,"",Released,,9564787,Graphic editor,Tribe Marketers,"",,,,,,,,,,,,,,,,,,,,,,,,,,,,,,,,,,,,,,,,,,,,,,,,,,,,,,,,,,,,,,,,,,,,,,,,,,,,,,,,,,,,,,,,,,,,,,,,,,,,,,,,,,,,,,,,,,
13306646,feature,2022-05-10 13:29:31 UTC,2025-03-18 13:53:51 UTC,Enhance Image modification from graphical editor,Updated of Image library ,New idea,,9564787,Graphic editor,Lily from Kameleoon,"_⭐ Campaign Creation Squad, _⭐ Visual Builders Squad",,,,,,,,,,,,,,,,,,,,,,,,,,,,,,,,,,,,,,Squad Interfaces,,,,,,,,,,,,,,,,,,,,,,,,,,,,,,,,,,,,,,,,,,,,,,,,,,,,,,,,,,,,,,,,,,,,,,,,,,,,
13308711,feature,2022-05-10 13:42:23 UTC,2022-05-10 13:42:23 UTC,"new native KPI for ""retention""","",New idea,,9564798,Common APP pages,Tribe Marketers,"",,,,,,,,,,,,,,,,,,,,,,,,,,,,,,,,,,,,,,,,,,,,,,,,,,,,,,,,,,,,,,,,,,,,,,,,,,,,,,,,,,,,,,,,,,,,,,,,,,,,,,,,,,,,,,,,,,
13308784,feature,2022-05-10 13:45:25 UTC,2022-05-10 13:45:25 UTC,Timestamp in order to track changes made in the tests in BO by Kam,"",New idea,,9564798,Common APP pages,Tribe Marketers,"",,,,,,,,,,,,,,,,,,,,,,,,,,,,,,,,,,,,,,,,,,,,,,,,,,,,,,,,,,,,,,,,,,,,,,,,,,,,,,,,,,,,,,,,,,,,,,,,,,,,,,,,,,,,,,,,,,
13308906,feature,2022-05-10 13:49:43 UTC,2022-05-10 13:49:43 UTC,Save view on experiment and perso,"",New idea,,13286445,Common APP,Tribe Marketers,"",,,,,,,,,,,,,,,,,,,,,,,,,,,,,,,,,,,,,,,,,,,,,,,,,,,,,,,,,,,,,,,,,,,,,,,,,,,,,,,,,,,,,,,,,,,,,,,,,,,,,,,,,,,,,,,,,,
13310983,feature,2022-05-10 13:58:26 UTC,2022-05-10 13:58:26 UTC,add the info about the results of an experiment on dashboard,"",New idea,,9564798,Common APP pages,Tribe Marketers,"",,,,,,,,,,,,,,,,,,,,,,,,,,,,,,,,,,,,,,,,,,,,,,,,,,,,,,,,,,,,,,,,,,,,,,,,,,,,,,,,,,,,,,,,,,,,,,,,,,,,,,,,,,,,,,,,,,
13311062,feature,2022-05-10 14:01:19 UTC,2025-03-18 13:54:26 UTC,Alert when client change Traffic allocation (with active campaign),"",Released,,9564787,Graphic editor,Tribe Marketers,"",,,,,,,,,,,,,,,,,,,,,,,,,,,,,,,,,,,,,,,,,,,,,,,,,,,,,,,,,,,,,,,,,,,,,,,,,,,,,,,,,,,,,,,,,,,,,,,,,,,,,,,,,,,,,,,,,,
13311077,feature,2022-05-10 14:02:34 UTC,2022-05-10 14:02:34 UTC,"Add a confirmation request before ""stopping"" an experiment/personalization.","",New idea,,9564798,Common APP pages,Tribe Marketers,"",,,,,,,,,,,,,,,,,,,,,,,,,,,,,,,,,,,,,,,,,,,,,,,,,,,,,,,,,,,,,,,,,,,,,,,,,,,,,,,,,,,,,,,,,,,,,,,,,,,,,,,,,,,,,,,,,,
13311154,feature,2022-05-10 14:06:32 UTC,2022-05-10 14:06:32 UTC,When start a new Experiment prefill with URL website,"",New idea,,9564798,Common APP pages,Tribe Marketers,"",,,,,,,,,,,,,,,,,,,,,,,,,,,,,,,,,,,,,,,,,,,,,,,,,,,,,,,,,,,,,,,,,,,,,,,,,,,,,,,,,,,,,,,,,,,,,,,,,,,,,,,,,,,,,,,,,,
13311212,feature,2022-05-10 14:08:58 UTC,2022-05-10 14:08:58 UTC,Save view goals,"",New idea,,9564798,Common APP pages,Tribe Marketers,"",,,,,,,,,,,,,,,,,,,,,,,,,,,,,,,,,,,,,,,,,,,,,,,,,,,,,,,,,,,,,,,,,,,,,,,,,,,,,,,,,,,,,,,,,,,,,,,,,,,,,,,,,,,,,,,,,,
13311327,feature,2022-05-10 14:15:43 UTC,2025-03-18 13:55:16 UTC,"On Graphic editor set the default simulated view with variation before clicking on ""simulate""","",Rejected,,9564787,Graphic editor,Tribe Marketers,"",,,,,,,,,,,,,,,,,,,,,,,,,,,,,,,,,,,,,,,,,,,,,,,,,,,,,,,,,,,,,,,,,,,,,,,,,,,,,,,,,,,,,,,,,,,,,,,,,,,,,,,,,,,,,,,,,,
13335486,feature,2022-05-11 12:23:43 UTC,2022-06-09 13:36:52 UTC,Data for Demo Environments,"# 💁‍♂️ Problem/Context ## **Description** Building scripts to add fake data in demo accounts. <p></p> **Key benefits** This can be used to have a demo account ready to be presented to prospects.  ## Workaround No, except by using a customer account, which can't be considering as a workaround. ## **Project justification** **Project type** Operational improvement **Justification** For making demos. # 💡 Solution **Package** A/B Testing / Personalization **Scope** All app and the result page in particular **User roles** All **Design** NA # 🎯 **Measuring Success** NA <p></p> --- <p></p> # 📄 Attached documents **Figma file**: optional (paste link) **Spec file**: optional (paste link) **Redmine ticket**: mandatory (paste link) <p></p>",Released,,6783364,"Data, Common  & Infrastructure",Tribe Developer,🙂 Dev Tools Squad,2022-05-01,2022-06-04,,,,,,60,60,,,,,,,,,,,,3,,,,,,,,,,,,,,,,,Squad Dev Tools,,,,,60,20,,,,,,,,,,,,,,,,,,,,,,,,,,,,,,,,,,,,,,,,,,,,,,,,,,,,,,,,,,,,,,,,,,,,,Tribe Developer,
13386608,feature,2022-05-13 19:53:53 UTC,2023-01-23 12:21:42 UTC,RudderStack Destination Integration,"# 💁‍♂️ Problem/Context ## **Description** Adding Kameleoon as a possible destination in RudderStack, which means that we will handle events coming from RudderStack just like we did with Segment.  **RudderStack will send events to Kameleoon.** <p></p> **Key benefits** Allow Kameleoon users to set targeting conditions based on RudderStack events. <p></p> ## Workaround No ## **Project justification** **Project type** Requested capability **Justification** Wanted by *Jus Brasil*. # 💡 Solution **Package** A/B Testing / Personalization / Full stack  **Scope** This includes the creation of a dedicated service that will handle RudderStack events. **User roles** All **Design** We will allow our users to choose Kameleoon as a destination in RudderStack. So the user will have to give RudderStack his Kameleoon credentials to push data in Kameleoon. # 🎯 **Measuring Success** **Goal 1** Make sure that this integration is working, especially for Jus Brasil. <p></p> --- <p></p> # 📄 Attached documents **Spec file**: optional (paste link) **Redmine ticket**: mandatory (paste link) **Freshdesk ticket**: <https://kameleoon.freshdesk.com/a/tickets/5154>",Released,,9564652,Common integrations,Tribe Developer,🙂 Dev Tools Squad,2022-05-01,2022-05-31,,,,,,40,60,,,,,,,,,,,,1,,,,,,,,,,,,,,,,,Squad Dev Tools,,,,,50,50,,,,,,,,,,,,,,,,,,,,,,,,,,,,,,,,,,,,,,,,,,,,,,,,,,,,,,,,,,,,,,,,,,,,,Tribe Developer,
13392833,feature,2022-05-15 14:41:43 UTC,2023-01-19 19:44:36 UTC,Two-way integration with Amplitude,# 💁‍♂️ Problem\/Context ## **Description** This is about creating an [Event Streaming Integration](https://www.docs.developers.amplitude.com/partners/event-streaming-integration-guide/) with Amplitude\. Kameleoon will receive track events from Amplitude and create goals and goal conversions from these events\. This is similar to what we already do with Segment\.io\. <span data-preserve-white-space></span> <p></p> ## Workaround No\. ## **Project justification** **Project type** New product concept or workflow **Justification** Amplitude customers could be interested in using their data in Kameleoon\. # 💡 Solution **Package** A\/B Testing \/ Personalization **Scope** - <p></p> **User roles** All **Design** To be defined\. # 🎯 **Measuring Success** To be defined\. <p></p> --- <p></p> # 📄 Attached documents **Figma file**: optional \(paste link\) **Spec file**: optional \(paste link\) **Redmine ticket**: <https://project.kameleoon.net/issues/18202> ,Released,,9564652,Common integrations,Tribe Developer,🙂 Dev Tools Squad,2022-10-03,2023-01-19,,,,,,40,60,,,,,,,,,,,,2,,,,,,,,,,,,,,,,,Squad Dev Tools,,,,,50,25,,,,,,,,,,,,,,,,,,,,,,,,,,,,,,,,,,,,,,,,,,,,,,,,,,,,,,,,,,,,,,,,,,,,,Tribe Developer,
13422418,feature,2022-05-17 10:07:49 UTC,2023-06-15 13:26:25 UTC,Custom data page,"## 💁‍♂️ Problem\/Context **Description:** As a Bo user, I would like to have a clear overview of my existing custom data so I can easily create and manage my custom data Custom data is currently in a section available on a setting\/ advanced tool between Interest and Acquisition channels\. Create a dedicated dashboard on BO will provide to the user a better views of their custom data\. With specific card by items the user will manage custom data like segment : having detailed informations of the items and can easily do secondary actions \(delete, rename, duplicate\) or collective actions\. ![](https://pb-files.s3.amazonaws.com/production/attachments/7cafa9640356273538f1ae2df6302d7405fd649142b9f21fbaf5b6acbd1efc41/Capture_d_ecran_2022-06-23_a_15.18.25.png) - **Existing workaround:** Yes - **Workaround Description:** Current access via  custom data is a setting\/ advanced tool\/ custom data\. Custom data is this currently a subsection not a whole page **Project justification:** - **Project type:** Full stack - **Justification:** The small section of custom data prevent the user to have a clear view of his items and manage easily them\. - **User roles**: All **Design:** Steps of the solution: - On side bar menu on configure section, we can access on custom data - You have acces to a dedicated custom data dashboard, the sections: **I\. Top area** - same creation \/ edition pop\-ins than currently on the app - new search bar **II\. Cards \/ List view with basic columns** - list view as for other pages - basic columns = index, website, modified, created, author\. - Information overlay - secondary actions : rename, duplicate, delete, select \(collective actions\) **III\. Basic filters** - basic filters = site, key dates, creator\. ## 🎯 **Measuring Success** - **Goal 1:** Engagement: allows the user to manage custom data with more freedom and with ease - **Success metric:** Number of complaints from user who can’t manager their custom data\/ Satisfaction of customers with this feature \(work with consultants\) --- ## 📄 Attached documents - **Figma file**: [https:\/\/www\.figma\.com\/file\/lI3BnmLCKVSMahvECrlAPe\/EP\-10885\-\-\-Advanced\-tools\-%26\-Custom\-data\-pages?node\-id=219%3A728](https://www.figma.com/file/lI3BnmLCKVSMahvECrlAPe/EP-10885---Advanced-tools-%2526-Custom-data-pages?node-id=219%253A728) - **Spec file**: None - **Redmine ticket**: <https://project.kameleoon.net/issues/13713> ",Released,(Releases) Q1 2023,13286445,Common APP,Tribe Marketers,🙂 Interface squad,2022-12-01,2023-06-13,,,,,,,,,,,,,,,,,,,,,,,,,,,,,,,,,,,,Squad Interfaces,,,,,,,,,,,,,,,,,,,,,,,,,,,,,,,,,,,,,,,,,,,,,,,,,,,,,,,,,,,,,,,,,,,,,,,,,,,,
13422461,feature,2022-05-17 10:09:46 UTC,2025-04-03 10:01:11 UTC,Project page redesign,"## 💁‍♂️ Problem\/Context **Description:** As I when I want to install a new site or project, I want correct and pertinent informations regarding of the type of installation I want to make This US includes : - A complete redesign of the project creation dashboard \- User flow: creation of a new project - A migration of project dashboard  from old code to new code - **Existing workaround:** Yes - **Workaround description:** If yes, explain how we can today proceed to solve the problem   <p></p> **Project justification:** - **Project type:** Improvement to existing workflow - **Justification:** Improving the site installation user flow is mandatory to create a complete process for package server side client but without frustrating non technical clients ## 💡 Solution - **Product package:** All - **Product scope:** Admin\/site dashboard - **User roles**: All     - A complete redesign of the project creation dashboard \- User flow: creation of a new project     - A migration of project dashboard  from old code to new code ## Overall redesign: - Several enhancements have been made of this page :     - Adapt the existing user flow with needs of package server side users     - Create a dedicated page for global script installation     - Put a side bar to have access to project options \(Installation, Configuration, Global script\) & project detailed informations at every moment     - And lastly redesign of icons, site card and filter ## On project dashboard - For installation section:   We have a more detailed step by step to install project\/site :     - Step 1: Download the static Kameleoon cross tracking file     - Step 2: Copy the kameleoon script     - Ste 3: Paste the Kameleoon script ![](https://pb-files.s3.amazonaws.com/production/attachments/7d3de87b97f7438ec7e72d94a13d9826929ec6b6e17cf90d5049feae63b27672/image.png) For Configuration section : <p></p> We have now a menu on top for those sections:  general \- experimentation \- personalization \- Audience \(PUT IMAGE\) <p></p> Those sections are on the same page can navigate easily between thanks to a advanced menu bar ![](https://www.notion.so/image/https%25253A%25252F%25252Fs3-us-west-2.amazonaws.com%25252Fsecure.notion-static.com%25252F809a3742-5a1f-42dc-a387-566a41490051%25252FCapture_decran_2022-06-16_a_14.23.45.png?table=block&id=3de7b9d7-c63a-4a77-8ac3-90ba21541376&spaceId=500cbfaf-69be-4897-ab6e-d74a421585a9&width=2000&userId=f5b1bc45-6bb3-468f-8957-c1f5103d47a8&cache=v2) - For global script section :     - A dedicated and full screen section was create to have a clear view of the script of installation\. Before, we had a narrow section, the user couldn’t read properly script lines of code ![](https://pb-files.s3.amazonaws.com/production/attachments/d81dddc2313f9332afba6e754d607d49e4ba7618d76f2164322461d791558c62/image.png) <p></p> ## 🎯 **Measuring Success** - **Goal 1:** Engagement - **Success metric:** Allow the user install easily a site or project on the BO - **Goal 2:** Satisfaction - **Design:** This US includes - **Success metric:** Create a adapted project installation access for package server side users --- ## 📄 Attached documents - **Figma file**: [optional \(paste link\)](https://www.figma.com/file/hQbDC0a4b1Rp8voNcEPiC7/US-%3F%3F---Projects-pages---Lot-1---Step-1?node-id=2%3A9667) - **Spec file**: ongoing - **Redmine ticket**: <https://project.kameleoon.net/issues/7812> ",Planned,(Releases) 2023,31139485,Projects,Yassin Hassan,_⭐ Admin & Engine Squad,,,,,,,,,,,,,,,,,,,,,,,,,,,,,,,,,,,,,,Squad Interfaces,,,,,,,,,,,,,,,,,,,,,,,,,,,,,,,,,,,,,,,,,,,,,,,,,,,,,,,,,,,,,,,,,,,,,,,,,,,,
13424397,feature,2022-05-17 12:17:54 UTC,2022-05-17 12:17:54 UTC,"Reduce with UI,  latency time when selecting a new tag","",New idea,,9564798,Common APP pages,Tribe Marketers,"",,,,,,,,,,,,,,,,,,,,,,,,,,,,,,,,,,,,,,,,,,,,,,,,,,,,,,,,,,,,,,,,,,,,,,,,,,,,,,,,,,,,,,,,,,,,,,,,,,,,,,,,,,,,,,,,,,
13424468,feature,2022-05-17 12:20:29 UTC,2022-05-17 12:20:29 UTC,Possibility to copy to clipboard the IDs and Names associated with a test,"",New idea,,9564798,Common APP pages,Tribe Marketers,"",,,,,,,,,,,,,,,,,,,,,,,,,,,,,,,,,,,,,,,,,,,,,,,,,,,,,,,,,,,,,,,,,,,,,,,,,,,,,,,,,,,,,,,,,,,,,,,,,,,,,,,,,,,,,,,,,,
13424502,feature,2022-05-17 12:23:16 UTC,2022-05-17 12:24:16 UTC,Share a public view on goals,"",New idea,,9564798,Common APP pages,Tribe Marketers,"",,,,,,,,,,,,,,,,,,,,,,,,,,,,,,,,,,,,,,,,,,,,,,,,,,,,,,,,,,,,,,,,,,,,,,,,,,,,,,,,,,,,,,,,,,,,,,,,,,,,,,,,,,,,,,,,,,
13442159,feature,2022-05-18 07:31:34 UTC,2023-03-30 11:19:36 UTC,Exclusive Campaign Targeting (SS Exp) - NodeJS,"Currently, this targeting condition is available for client-side experiments, but will be added to server-side experiments as well. Updates will be made to the NodeJS SDK to achieve this.  <p></p> <p></p>",Released,(Releases) July Feature release,8692201,Feature Experimentation,Tribe Developer,🙂 FF/SDK Squad,2022-05-11,2022-06-15,,,,,,,,,,,,,,,,,,,,,,,,,,,,,,,,,,,,Squad FM&E,,,,,,,,,,,,,,,,,,,,,,,,,,,,,,,,,,,,,,,,,,,,,,,,,,,,,,,,,,,,,,,,,,,,,,,,,,,,
13443566,feature,2022-05-18 08:23:57 UTC,2024-02-16 16:45:56 UTC,Snowflake Integration,# 💁‍♂️ Problem\/Context ## **Description** Allow our users to use their Kameleoon data \(all events\) in their Snowflake\. <p></p> # 📄 Attached documents **Figma file**: optional \(paste link\) **Spec file**: optional \(paste link\) **Redmine ticket**: User story \#25290 \- Snowflake Integration   <https://project.kameleoon.net/issues/25290> <p></p> ,Released,,9564652,Common integrations,Tribe Developer,"🎨 design needed, _⭐ Integrations Squad",2023-11-01,2024-02-29,,,,,,100,80,,,,,,,,,,,,5,,,,,,,,,,,,,,,,,Squad Dev Tools,,,,,90,18,,,,,,,,,,,,,,,,,,,,,,,,,,,,,,,,,,,,,,,,,,,,,,,,,,,,,,,,,,,,,,,,,,,,,Tribe Developer,
13448017,feature,2022-05-18 12:44:57 UTC,2024-02-08 13:02:15 UTC,Sample ratio mismatch - Definitive solution,"",Planned,,9564643,Data & RP,Tribe Data Analysts,_⭐ Reporting Squad,,,,,,,,,,,,,,,,,,,,,,,,,,,,,,,,,,,,,,Squad Data,,,,,,,,,,,,,,,,,,,,,,,,,,,,,,,,,,,,,,,,,,,,,,,,,,,,,,,,,,,,,,,,,,,,,,,,,,,Tribe Marketers,
13448114,feature,2022-05-18 12:49:41 UTC,2022-07-06 08:43:07 UTC,Results pages - XLS Export migration,"",Released,,9564643,Data & RP,Tribe Data Analysts,_⭐ Reporting Squad,2022-04-01,2022-07-06,,,,,,,,,,,,,,,,,,,,,,,,,,,,,,,,,,,,Squad Data,,,,,,,,,,,,,,,,,,,,,,,,,,,,,,,,,,,,,,,,,,,,,,,,,,,,,,,,,,,,,,,,,,,,,,,,,,,Tribe Marketers,
13448314,feature,2022-05-18 13:04:25 UTC,2022-12-23 10:22:20 UTC,Clickhouse Data Model migration,<p></p>,Released,,6783364,"Data, Common  & Infrastructure",Tribe Data Analysts,_⭐ Reporting Squad,2022-05-22,2022-12-21,,,,,,,,,,,,,,,,,,,,,,,,,,,,,,,,,,,,Squad Data,,,,,,,,,,,,,,,,,,,,,,,,,,,,,,,,,,,,,,,,,,,,,,,,,,,,,,,,,,,,,,,,,,,,,,,,,,,Tribe Marketers,
13448330,feature,2022-05-18 13:05:39 UTC,2025-07-08 09:46:59 UTC,Chrome Extension - Adding Element Set,# 💁‍♂️ Problem/Context ## **Description** Adding a view in the Chrome Extension where we can see all the elements settings including CSS selectors and if they are detected or not.  ## Workaround No. ## **Project justification** **Project type** New product concept or workflow **Justification** Being able to see how elements are set is a very useful feature for debugging campaigns. # 💡 Solution **Package** A/B Testing / Personalization **Scope** Chrome Extension **User roles** All **Design** <p></p> ![](https://pb-files.s3.amazonaws.com/production/attachments/f8ad3f9e137bf331505dcfed48e7da109905f88c18fc08b6ec049e9ecdfaac5a/element-set-design.png) <p></p> # 🎯 **Measuring Success** Classic click tracking to see if the feature is used.  <p></p> --- <p></p> # 📄 Attached documents **Figma file**: optional (paste link) **Spec file**: optional (paste link) **Redmine ticket**: mandatory (paste link) <p></p>,Released,(Releases) 3rd week July 22 (rc108),32146615,Integrations,Isabelle Ung,🙂 Dev Tools Squad,2022-06-27,2022-09-18,,,,,,60,100,,,,,,,,,,,,2,,,,,,,,,,,,,,,,,Squad Dev Tools,,,,,80,40,,,,,,,,,2,100,,,,,,,,,,,,,,,,,2,100,,,,,,,,,,,,,,,,,,,,,,,,,,,,,,,,,,,,,,,,,Tribe Developer,
13451182,subfeature,2022-05-18 15:11:40 UTC,2022-05-18 15:11:48 UTC,iOS and Android SDKS,"",Released,,10090227,Real time streaming architecture,Tribe Developer,"",,,,,,,,,,,,,,,,,,,,,,,,,,,,,,,,,,,,,,,,,,,,,,,,,,,,,,,,,,,,,,,,,,,,,,,,,,,,,,,,,,,,,,,,,,,,,,,,,,,,,,,,,,,,,,,,,,
13451188,subfeature,2022-05-18 15:12:02 UTC,2022-06-16 16:34:00 UTC,NodeJS SDK,"",Released,,10090227,Real time streaming architecture,Tribe Developer,"",,,,,,,,,,,,,,,,,,,,,,,,,,,,,,,,,,,,,,,,,,,,,,,,,,,,,,,,,,,,,,,,,,,,,,,,,,,,,,,,,,,,,,,,,,,,,,,,,,,,,,,,,,,,,,,,,,
13451275,subfeature,2022-05-18 15:17:10 UTC,2025-09-26 14:04:07 UTC,Edit Page,[https:\/\/www\.figma\.com\/file\/XCeroJVNp3J9xOS5dP9eH3\/FF\-In\-Process?node\-id=569%3A22858](https://www.figma.com/file/XCeroJVNp3J9xOS5dP9eH3/FF-In-Process?node-id=569%3A22858) [](https://www.figma.com/file/XCeroJVNp3J9xOS5dP9eH3/FF-In-Process?node-id=569%3A22858) ,Development in progress,,23026305,New DS - UI Alignment,Junaid Gulzar Malik,_⭐ Feature Experimentation Squad,,,,,,,,,,,,,,,,,,,,,,,,,,,,,,,,,,,,,,Squad FM&E,,,,,,,,,,,,,,,,,,,,,,,,,,,,,,,,,,,,,,,,,,,,,,,,,,,,,,,,,,,,,,,,,,,,,,,,,,,,
13451304,feature,2022-05-18 15:18:15 UTC,2023-03-28 07:35:59 UTC,Hybrid Capability: 3P Analytics Tools,"## 📒 **Feature short description:** Allows users to use integrations with 3P Analytics platforms \(e\.g\. Mixpanel, GA\.\.\.\) and export results of delivery and experiment rules to analyze outside Kameleoon\. <span data-preserve-white-space></span>  <span data-preserve-white-space></span> ## 😥 Problem <u>**Problem statement:**</u> Today, Hybrid capabilities don't extend to FME and is a deal\-breaker for customers whose users are already using an analytics platform and would like to keep reporting streamlined within it\. <span data-preserve-white-space></span> <span data-preserve-white-space></span>  <span data-preserve-white-space></span> <u>**Workaround:**</u> - **Existing workaround:**  No <span data-preserve-white-space></span>  <span data-preserve-white-space></span> ## 💡 Solution <u>**Key benefits**</u>: <span data-preserve-white-space></span> - With hybrid experimentation, developers do not need to configure code for analytics tracking or set up third\-party integrations\. Once the PM configures the feature experiment or delivery rule, anyone can iterate on and analyze it\. Analysts or PMs can activate data derived from the feature flag with relying on the developer\. - Customers can continue to use their preferred analytics tools without any breaks in the UX\. <span data-preserve-white-space></span> - For cost\-saving flexibility, users can customize **per flag** whether to track delivery rules, experiments, or both\. <span data-preserve-white-space></span> - Absolutely market\-competitive feature <span data-preserve-white-space></span>  <span data-preserve-white-space></span> ![](https://pb-files.s3.amazonaws.com/production/attachments/6350f1c1437e9b777a1f2e918dc0eed4281ba2d760e134a23e47cb954f8c66fa/image.png) <u>**✏️ Product design:**</u> - **Product package:** Feature Management & Experimentation - **Product scope:** Rollout Planner \(but affects entire FME offering\) - **Target Persona**: PM, Developer, Analyst - **Main updates:** <span data-preserve-white-space></span>     - An additional menu item under the **Reporting** section     - On clicking, user sees all of the \(globally\) existing integrations associated with the account     - Optionally, users can toggle whether to track data for delivery rules, experiment rules, or both ## 🎯 **Measuring Success** - **Goal 1:** Get more integration facilitation for fullstack customers - **Success metric:** Number of integrations used \/ flag --- ## 📄 Attached documents - **Figma file**: [designs](https://www.figma.com/file/Oc73xdE3Zmu1OSJmQxSXyU/US_Integrations-Section-in-FF?node-id=1%3A10306) - **Redmine ticket**: [US](https://project.kameleoon.net/issues/19323) ",Released,,9564875,Feature Management & Experimentation (FM&E),Tribe Developer,🙂 FF/SDK Squad,2023-02-01,2023-03-23,,,,,,,,,,,,,,,,,,,,,,,,,,,,,,,,,,,,Squad FM&E,,,,,,,,,,,,,,,,,,,,,,,,,,,,,,,,,,,,,,,,,,,,,,,,,,,,,,,,,,,,,,,,,,,,,,,,,,,,
13510819,feature,2022-05-23 15:07:29 UTC,2022-05-23 15:07:29 UTC,Generate a goal which will be triggered only on Targeting,"",New idea,,9564798,Common APP pages,Tribe Marketers,"",,,,,,,,,,,,,,,,,,,,,,,,,,,,,,,,,,,,,,,,,,,,,,,,,,,,,,,,,,,,,,,,,,,,,,,,,,,,,,,,,,,,,,,,,,,,,,,,,,,,,,,,,,,,,,,,,,
13511163,feature,2022-05-23 15:19:20 UTC,2022-05-23 15:19:20 UTC,graphic editor insert an HTML-coder as a new element,"",New idea,,9564787,Graphic editor,Tribe Marketers,"",,,,,,,,,,,,,,,,,,,,,,,,,,,,,,,,,,,,,,,,,,,,,,,,,,,,,,,,,,,,,,,,,,,,,,,,,,,,,,,,,,,,,,,,,,,,,,,,,,,,,,,,,,,,,,,,,,
13511237,feature,2022-05-23 15:21:15 UTC,2022-05-23 15:26:10 UTC,creation paragraph element enhancement in the graphic editor,<p></p>,New idea,,9564787,Graphic editor,Tribe Marketers,"",,,,,,,,,,,,,,,,,,,,,,,,,,,,,,,,,,,,,,,,,,,,,,,,,,,,,,,,,,,,,,,,,,,,,,,,,,,,,,,,,,,,,,,,,,,,,,,,,,,,,,,,,,,,,,,,,,
13532390,feature,2022-05-24 15:49:57 UTC,2023-01-20 15:36:06 UTC,Crazy Egg - Snapshot feature integration,"# 💁‍♂️ Problem/Context ## **Description** Crazy Egg has a [snapshot feature](https://www.crazyegg.com/snapshots). This integration is about allowing user to easily use their Crazy Egg snapshot with their Kameleoon campaigns. ## Workaround No ## **Project justification** **Project type** - Requested capability - New product concept or workflow **Justification** Crazy Egg has requested it, and they already have [the same integration with Optimizely](https://support.crazyegg.com/hc/en-us/articles/1500000935762-Optimizely-Integration). # 💡 Solution **Package** A/B Testing / Personalization **Scope** To be defined **User roles** All **Design** To be defined # 🎯 **Measuring Success** *To be defined* <p></p> --- <p></p> # 📄 Attached documents **Figma file**: optional (paste link) **Spec file**: optional (paste link) **Redmine ticket**: mandatory (paste link) <p></p>",Released,,9564652,Common integrations,Tribe Developer,🙂 Dev Tools Squad,2022-11-11,2022-12-12,,,,,,60,60,,,,,,,,,,,,,,,,,,,,,,,,,,,,,Squad Dev Tools,,,,,60,60,,,,,,,,,,,,,,,,,,,,,,,,,,,,,,,,,,,,,,,,,,,,,,,,,,,,,,,,,,,,,,,,,,,,,Tribe Developer,
13556479,subfeature,2022-05-25 12:12:47 UTC,2022-08-08 11:36:53 UTC,Enable Audiences for all packages,<p></p>,Released,(Releases) 4th week July 22 (rc109),11689952,Audiences - new UI,Tribe Data Analysts,_⭐ Reporting Squad,2022-06-01,2022-07-29,,,,,,,,,,,,,,,,,,,,,,,,,,,,,,,,,,,,,,,,,,,,,,,,,,,,,,,,,,,,,,,,,,,,,,,,,,,,,,,,,,,,,,,,,,,,,,,,,,,,,,,,,,,,,,,Tribe Marketers,
13726006,feature,2022-06-07 09:39:48 UTC,2022-06-07 09:39:48 UTC,track the exit rate of my visitors on specific URLs,"",New idea,,9564798,Common APP pages,Tribe Marketers,"",,,,,,,,,,,,,,,,,,,,,,,,,,,,,,,,,,,,,,,,,,,,,,,,,,,,,,,,,,,,,,,,,,,,,,,,,,,,,,,,,,,,,,,,,,,,,,,,,,,,,,,,,,,,,,,,,,
13734024,feature,2022-06-07 15:40:31 UTC,2023-09-30 09:57:54 UTC,Multivariate Tests Support on SDKs,"# 💁‍♂️ Problem/Context ## **Description** As a developer, I want to use SDKs to create MVTs (multivariate tests). ## Workaround No, except hard coded handler. ## **Project justification** **Project type** - Requested capability **Justification** This will allow the developers using Kameleoon to make them engage more with the SDKs since they can build MVTs.  # 💡 Solution **Package** Full stack **Scope** SDKs libraries **User roles** Technical **Design** To be defined # 🎯 **Measuring Success** To be defined <p></p> --- <p></p> # 📄 Attached documents **Figma file**: optional (paste link) **Spec file**: optional (paste link) **Redmine ticket**: mandatory (paste link) <p></p>",New idea,,8692201,Feature Experimentation,Tribe Developer,🙂 Dev Tools Squad,,,,,,,,60,60,,,,,,,,,,,,3,,,,,,,,,,,,,,,,,Squad Dev Tools,,,,,60,20,,,,,,,,,2,60,,,,,,,,,,,,,,,,,2,60,,,,,,,,,,,,,,,,,,,,,,,,,,,,,,,,,,,,,,,,,Tribe Developer,
13735603,feature,2022-06-07 16:22:34 UTC,2024-02-06 09:27:29 UTC,Image library in Code Editor,"# 💁‍♂️ Problem/Context ## **Description** As a developer, I want to use images in the code editor, in particular :  - Uploading images in the image library from my computer from the code editor page - Using images that are in the library in the code section (generated URL) ## Workaround No. ## **Project justification** **Project type** - Requested capability **Justification** Requested by our customer **L'Equipe** (insight from Sacha Warin). # 💡 Solution **Package** A/B Testing **Scope** Code Editor **User roles** All **Design** To be defined.  Here what the pop-up from the Graphic Editor looks like: ![](https://pb-files.s3.amazonaws.com/production/attachments/63c03c8a0cfa9a41d3a90003ec59aa9a64eb63a448a89e2e144e67171965528f/image.png) <p></p> # 🎯 **Measuring Success** **Goal 1** Measuring the use of the library from the code editor. - Number of customer using the image library from the code editor - Number of clicks related to the image library from the code editor <p></p> --- <p></p> # 📄 Attached documents **Figma file**: optional (paste link) **Spec file**: optional (paste link) **Redmine ticket**: mandatory (paste link) <p></p>",New idea,,9564793,Developer editor,Mallaury Gruget,"_⭐ Campaign Creation Squad, 🎨 design needed",,,,,,,,60,80,,,,,,,,,,,,3,,,,,,,,,,,,,,,,,Squad Dev Tools,,,,,70,23.33,,,,,,,,,,,,,,,,,,,,,,,,,,,1,80,,,,,,,,,,,,,,,,,,,,,,,,,,,,,,,,,,,,,,,,,Tribe Developer,
13876644,feature,2022-06-16 09:33:14 UTC,2022-09-12 23:03:48 UTC,Administration Redesign : SSO Google,"# 💁‍♂️ Problem/Context ## **Description** Internal administrators should login to administration app via SSO Google.   Integration is now possible via Gravitee SSO.   We will define groups in google, full admin and admin, these groups will be passed in the SSO response. - For internal admin app : We can directly login via Google SSO. - For admin access to app : Once logged in via SSO we can show a page to enter the client's email and then check the rights and redirect to app =\> This is more complex to do, so could be done later, once the SSO for admin app is working well. ## Workaround No ## **Project justification** **Project type** - Operational improvement - Risk mitigation **Justification** Google will allow users to use the Multifactor authentication. It reduces the rick of piracy. # 💡 Solution **Package** *-* **Scope** BO Admin **User roles** Users of BO Admin **Design** To be defined. # 🎯 **Measuring Success** *NA* <p></p> --- <p></p> # 📄 Attached documents **Figma file**: optional (paste link) **Spec file**: optional (paste link) **Redmine ticket**:[ <http://project.kameleoon.net//issues/16974>](http://project.kameleoon.net//issues/16974) <p></p> <p></p> <p></p>",Released,,6783364,"Data, Common  & Infrastructure",Tribe Developer,🙂 Dev Tools Squad,2022-06-15,2022-07-31,,,,,,80,100,,,,,,,,,,,,,,,,,,,,,,,,,,,,,Squad Dev Tools,,,,,90,90,,,,,,,,,,,,,,,,,,,,,,,,,,,,,3,60,,,,,,,,,,,,,,,,,,,,,,,,,,,,,,,,,,,,,,,,
13879487,feature,2022-06-16 12:33:31 UTC,2024-01-30 15:48:56 UTC,Project page - lot 1- step 2,"## 💁‍♂️ Problem/Context **Description:** Describe the problem you are trying to solve. As a user of BO client kameleoon when I want consult informations of a website/project I want to have overall informations in order to take decisions quickly - **Existing workaround:** Yes - **Workaround description:** Informations of a specific site are dispatched between several dashboard in the BO **Project justification:** - **Project type:** Improvement to existing workflow - **Justification:** It is very difficult to have a overview of a project/site activity, The dashboard enhancement has good advantage to user who want to know exactly in one glimpse what campaigns was created for one site ## 💡 Solution - **Product package:** All - **Product scope:** Site dashboard - **User roles**: All - **Design:** The goal is to have a better orveview of activity on my site/project and have access to general informations and CTA in the same dashboard <p></p> This US is composed of : - a new page for sites  and project (a king of welcoming screen) to get a clear view on the state of the site/projects - additional enhancements of installation flow for the client-side offer only (after lot 1) - a dedicated page for the global script, with ability to simulate it - a dedicated page for legal consent - a dedicated page for the other configuration On the right side of site dashboard we will have a right side bar with all those new categories of pages on it ## 🎯 **Measuring Success** - **Goal 1:** Engagement - **Success metric:** Allow the user install easily a site or project on the BO - **Goal 2:** Satisfaction - **Success metric:** Create a adapted project installation access for package client side & server side users --- ## 📄 Attached documents - **Figma file**: [link](https://www.figma.com/file/ZUAid0hgINXxwpaLUwMj4h/US-7377---Projects-pages---Lot-1---Step-2?node-id=168%3A1) - **Spec file**: ongoing - **Redmine ticket**: ongoing ",Planned,(Releases) 2023,13286445,Common APP,Tribe Marketers,🙂 Interface squad,,,,,,,,,,,,,,,,,,,,,,,,,,,,,,,,,,,,,,Squad Interfaces,,,,,,,,,,,,,,,,,,,,,,,,,,,,,,,,,,,,,,,,,,,,,,,,,,,,,,,,,,,,,,,,,,,,,,,,,,,,
13882617,feature,2022-06-16 14:31:00 UTC,2022-08-31 10:05:11 UTC,"Collective actions - goals & segments - Lot 1 : activate, disable, manage tags, export, delete","## 💁‍♂️ Problem/Context **Description:** As a BO user, I would like to make multiple selection of segments or goals, in order to apply actions to all elements at the same time *Improve the “select all” behaviour available on our Goals & Segments pages. Currently, only the elements displayed in frontend are selected. The enhancement will enable to select all elements from backend / in database. Finally, users will save time by applying an action to multiple items at once.* --------— - **Existing workaround:** Yes - **Workaround Description:** You can select all elements displayed on the front (around 20), and repeat the action until all elements selected **Project justification:** - **Project type:** Requested capability (existing customers or prospects) - **Justification:** Critical request from 2021 in productboard > FDJ Insights (brought up by CS team): >  > ""FDJ wanted an extract of all the goals but only 20 stand out"" ## 💡 Solution - **Product package:** Full stack - **Product scope:** On the BO segment dashboard , On the BO goals dashboard - **User roles**: All - **Design:** Steps of the solution    - We can access on goal dashboard or segment dashboard   - On the right side of each element, there is a 3 dots button   - On click, we have access to a checkbox and several options   - We can do one of the actions, on all goals/segments selected (goal: activate, disable, manage tags, export, delete / segment: manage tags, export, delete)   - We can make the selection: individually, for several items, or for all items (not only in the front) ## 🎯 **Measuring Success** - **Goal 1:** satisfaction/ allows user to select all information as indicated on the actions “select all” - **Success metric:** Satisfaction of customers with this feature (work with consultants) --- ## 📄 Attached documents - **Figma file**: For ""Export"" : <https://www.figma.com/file/sQXW9zWhYZIjlml7vEOs4w/EP-1071-%2F-US-6850---Goals-page?node-id=2723%3A7652> For ""Delete"" : <https://www.figma.com/file/sQXW9zWhYZIjlml7vEOs4w/EP-1071-%2F-US-6850---Goals-page?node-id=2722%3A6695> For ""Manage tags"" : <https://www.figma.com/file/sQXW9zWhYZIjlml7vEOs4w/EP-1071-%2F-US-6850---Goals-page?node-id=2723%3A6340> - **Spec file**: None - **Redmine ticket**: <https://project.kameleoon.net/issues/15080> ",Released,(Releases) July Feature release,6783323,Web Experimentation,Tribe Marketers,🙂 Interface squad,,,,,,,,,,,,,,,,,,,,,,,,,,,,,,,,,,,,,,Squad Interfaces,,,,,,,,,,,,,,,,,,,,,,,,,,,,,,,,,,,,,,,,,,,,,,,,,,,,,,,,,,,,,,,,,,,,,,,,,,,,
13885559,subfeature,2022-06-16 16:36:24 UTC,2022-07-11 03:08:44 UTC,Rollout Planner v1.1 | UX Improvements,**v1.1** includes improvements and tweaks to the UI/UX : 1. Move submenu to main sidebar and update icons 2. Add tabs to rules queue for filtering between different statuses of rules. 3. Restrict users from accessing results page for a feature flag if a main goal is not selected  4. Display scheduled start time information on queued rule cards 5. Rule selection changes to a one click action - pressing continue no longer required 6. Improve the copy and help texts for English ,Released,(Releases) June Feature Release,12631258,Rollout Planner v1,Tribe Developer,🙂 FF/SDK Squad,2022-06-15,2022-06-28,,,,,,,,,,,,,,,,,,,,,,,,,,,,,,,,,,,,,,,,,,,,,,,,,,,,,,,,,,,,,,,,,,,,,,,,,,,,,,,,,,,,,,,,,,,,,,,,,,,,,,,,,,,,,,,,
13895239,feature,2022-06-17 09:30:36 UTC,2022-11-07 12:48:54 UTC,Rollout Planner v2,"🚧 To be updated 🚧 <p></p> **v2** is our major upcoming update that will change both, the user experience as well as the backend workings of how the rollout planner works.  <p></p> <p></p>",Released,(Releases) Mid september 22 Feature Release,9564875,Feature Management & Experimentation (FM&E),Tribe Developer,🙂 FF/SDK Squad,2022-07-13,2022-10-31,,,,,,80,80,,,,,,,,,,,,,,,,,,,,,,,,,,,,,Squad FM&E,,,,,80,80,,,,,,,,,,,,,,,,,,,,,,,,,,,,,,,,,,,,,,,,,,,,,,,,,,,,,,,,,,,,,,,,,,,,,,
13921452,feature,2022-06-20 11:47:53 UTC,2022-06-20 11:47:53 UTC,Goal creation /switch the Selector over the displayed page,"",New idea,,6783323,Web Experimentation,Tribe Marketers,"",,,,,,,,,,,,,,,,,,,,,,,,,,,,,,,,,,,,,,,,,,,,,,,,,,,,,,,,,,,,,,,,,,,,,,,,,,,,,,,,,,,,,,,,,,,,,,,,,,,,,,,,,,,,,,,,,,
13921508,feature,2022-06-20 11:50:30 UTC,2022-06-20 11:51:03 UTC,Timeline / the option to edit your changes,"",New idea,,9973372,Activity,Tribe Marketers,"",,,,,,,,,,,,,,,,,,,,,,,,,,,,,,,,,,,,,,,,,,,,,,,,,,,,,,,,,,,,,,,,,,,,,,,,,,,,,,,,,,,,,,,,,,,,,,,,,,,,,,,,,,,,,,,,,,
13923683,feature,2022-06-20 13:26:52 UTC,2022-12-29 14:55:24 UTC,Package Server-Side lot 2,"## 💁‍♂️ Problem\/Context - **Description:**   As a FME or Hybrid package user, I want to have access to a BO client wich fits with my needs     - **Existing workaround:** Yes     - **Workaround description:** Existing solution, not using options and parameters not related to the current package   <p></p>   **Project justification:**     - **Project type:** Improvement to existing workflow     - **Justification:** User expected to have only parameter useful to fulfill his task and linked to his current package\. For example, Personnalisation campaigns creation doesn't include non useful feature flag element\. This indicator can be measured on mixpanel \( Analyse if the client click on non necessary elements for his campaign \)\. This US is also necessary to prevent upgrade and downgrade of campaigns\. ## 💡 Solution - **Product package:** Full stack - **Product scope:** Product section and pages that will evolve \(on the contrary, you can specify what is out of scope\) - **User roles**: all - **Design:** After a full diagnostic, adaptations on what it displays according the to package will be made\. Elements will be deleted Element will be shedded Element will switch to “optional” - Those changes will be on <span data-preserve-white-space></span>     - Installation project page     - New experiment project page     - Experiment dashboard     - Advanced tool dashboard     - SDK code editor finalize panel     - Hybrid code editor panel ## 🎯 **Measuring Success** - **Goal 1:** Satisfaction \- Provide a dedicated BO according to the user needs will reduce friction in the user flow and make a smoother experience - **Success metric 1:** NB of experiments \(SDK and hybrid\) created for server side clients - **Success metric 2 :** NB of subscription to Fullstack only package ## 📄 Attached documents - **Figma file**: on going - **Spec file**:  on going - **Redmine ticket**:  on going <p></p> ",Planned,(Releases) 2023,9564798,Common APP pages,Tribe Marketers,"",,,,,,,,,,,,,,,,,,,,,,,,,,,,,,,,,,,,,,Squad Interfaces,,,,,,,,,,,,,,,,,,,,,,,,,,,,,,,,,,,,,,,,,,,,,,,,,,,,,,,,,,,,,,,,,,,,,,,,,,,,
14095719,feature,2022-06-28 08:26:14 UTC,2025-03-17 16:06:43 UTC,Graphic editor: Possibility to edit elements on a submenu,idea: Add switch nav\<\>edition short cut to access to sub menu ,Released,,9564787,Graphic editor,Tribe Marketers,"",,,,,,,,,,,,,,,,,,,,,,,,,,,,,,,,,,,,,,,,,,,,,,,,,,,,,,,,,,,,,,,,,,,,,,,,,,,,,,,,,,,,,,,,,,,,,,,,,,,,,,,,,,,,,,,,,,
14095733,feature,2022-06-28 08:27:36 UTC,2022-06-28 08:27:36 UTC,Be able to select an action based on a custom data value,"",New idea,,9564798,Common APP pages,Tribe Marketers,"",,,,,,,,,,,,,,,,,,,,,,,,,,,,,,,,,,,,,,,,,,,,,,,,,,,,,,,,,,,,,,,,,,,,,,,,,,,,,,,,,,,,,,,,,,,,,,,,,,,,,,,,,,,,,,,,,,
14095764,feature,2022-06-28 08:32:01 UTC,2022-06-28 08:32:01 UTC,Make JS script code section bigger,"",New idea,,9564798,Common APP pages,Tribe Marketers,"",,,,,,,,,,,,,,,,,,,,,,,,,,,,,,,,,,,,,,,,,,,,,,,,,,,,,,,,,,,,,,,,,,,,,,,,,,,,,,,,,,,,,,,,,,,,,,,,,,,,,,,,,,,,,,,,,,
14120459,subfeature,2022-06-29 11:36:42 UTC,2023-01-09 13:24:22 UTC,Traffic reallocation option on Code Editor - Backend part,"# 💁‍♂️ Problem/Context ## **Description** As a developer, I want to do be able to use the traffic reallocation option directly from the Code Editor. <p></p> - **Existing workaround:** Yes  - **Workaround description:** Traffic reallocation is available on the [Graphic Editor](https://help.kameleoon.com/set-up-and-launch-classic-ab-experiment/#6). <p></p> ## **Project justification** - **Project type:** Requested capability - **Justification:** See insights # 💡 Solution - **Product package:** A/B Testing - Developer Editor - **Product scope:** Code Editor page (example : [https://app.kameleoon.com/experiments/codeEditor/**[id]](https://app.kameleoon.com/experiments/codeEditor/**%5Bid%5D)** ) - **User roles**: All - **Design:** Explain with bullet points what your solution consists in (make it synthetic)   - In Code Editor page, in the **Traffic allocation** pop-up, we will add the traffic reallocation option, just like it is in the Graphic Editor   - <p></p> ![](https://pb-files.s3.amazonaws.com/production/attachments/f7925a642697f7431a961c93581cc5ce61d7621d4e270edc15971a6de0457a61/image.png) # 🎯 **Measuring Success** - **Goal 1:** Exploring the reallocation option on the Code Editor - **Success metric:** Number of clicks on the *Traffic reallocation* button <p></p> - **Goal 2:** Use of Traffic reallocation on code-based experiments - **Success metric:** Number of code-based experiments using the traffic reallocation option  --- # 📄 Attached documents - **Figma file**: optional (paste link) - **Spec file**: [Google docs](https://docs.google.com/document/d/1KgNyTmxBUfLT0qvf0CWdxWQwt2X0Rt9TfVbMNv5tVng/edit?usp=sharing) - **Redmine ticket**: <https://project.kameleoon.net/issues/16719> <p></p>",Rejected,,14218701,Traffic reallocation option on Code Editor,Tribe Developer,🙂 Dev Tools Squad,2023-01-29,2023-02-28,,,,,,40,80,,,,,,,,,Completed,,Completed,2,,,,,,,,,,,,,,,,,,,,,,60,30,,,,,,,,,,,,,,,,,,,,,,,,,,,,,,,,,,,,,,,,,,,,,,,,,,,,,,,,,,,,,,,,,,,,,Tribe Developer,
14139699,subfeature,2022-06-30 08:28:04 UTC,2022-07-11 15:54:50 UTC,Kameleoon Extension - Element Set - V1 - Colored blocks,"# Internal Release Note <https://docs.google.com/presentation/d/16xaaUoHx3UfmJmXfwUSbS-c5mfmfZyxeXXkhWH4jpW4/edit?usp=sharing> # 💁‍♂️ Problem/Context ## **Description** As a user, I want to be able to use the Chrome extension to see all the selectors of the elements settings attached to my experiments. ## Workaround No. ## **Project justification** **Project type** - Requested capability **Justification** *Requested by our teams.*  # 💡 Solution **Package** A/B Testing **Scope** Chrome Extension **User roles** All **Design** No design. # 🎯 **Measuring Success** *To be defined.* <p></p> --- <p></p> # 📄 Attached documents **Figma file**: optional (paste link) **Spec file**: optional (paste link) **Redmine ticket**: <https://project.kameleoon.net/issues/16936>",Released,,13448330,Chrome Extension - Adding Element Set,Tribe Developer,🙂 Dev Tools Squad,2022-06-27,2022-07-08,,,,,,,,,,,,,,,,,,,,,,,,,,,,,,,,,,,,,,,,,,,,,,,,,,,,,,,,,,,,,,,,,,,,,,,,,,,,,,,,,,,,,,,,,,,,,,,,,,,,,,,,,,,,,,,,
14139821,subfeature,2022-06-30 08:33:50 UTC,2022-07-28 13:34:23 UTC,Kameleoon Extension - Element Set - V3 - On hover interaction,"# 💁‍♂️ Problem/Context ## **Description** As a user of the Chrome Extension, I want to be able to see the corresponding elements (selectors with status) attached to my experiments in the page. ## Workaround No. ## **Project justification** **Project type** - Requested capability **Justification** *Requested by our teams.*  # 💡 Solution **Package** A/B Testing **Scope** Chrome Extension **User roles** All **Design** No design. # 🎯 **Measuring Success** *To be defined.* <p></p> --- <p></p> # 📄 Attached documents **Figma file**: optional (paste link) **Spec file**: optional (paste link) **Redmine ticket**:[ ](https://project.kameleoon.net/issues/17131)<https://project.kameleoon.net/issues/17072>",Released,,13448330,Chrome Extension - Adding Element Set,Tribe Developer,🙂 Dev Tools Squad,2022-07-11,2022-07-22,,,,,,,,,,,,,,,,,,,,,,,,,,,,,,,,,,,,,,,,,,,,,,,,,,,,,,,,,,,,,,,,,,,,,,,,,,,,,,,,,,,,,,,,,,,,,,,,,,,,,,,,,,,,,,,,
14139827,subfeature,2022-06-30 08:34:31 UTC,2022-09-12 23:03:52 UTC,Kameleoon Extension - Element Set - V4 - Block selection,"I reject this, because I found a better way to implement it. # 💁‍♂️ Problem/Context ## **Description** As a user of the Chrome Extension, I want to be able to select one or more blocks of element to see the corresponding element in the page in the page without having to have the cursor on a block (on hover). ## Workaround No. ## **Project justification** **Project type** - Requested capability **Justification** *Requested by our teams.*  # 💡 Solution **Package** A/B Testing **Scope** Chrome Extension **User roles** All **Design** No design. # 🎯 **Measuring Success** *To be defined.* <p></p> --- <p></p> # 📄 Attached documents **Figma file**: optional (paste link) **Spec file**: optional (paste link) **Redmine ticket**:[ ](https://project.kameleoon.net/issues/17072)<https://project.kameleoon.net/issues/17073>",Rejected,,13448330,Chrome Extension - Adding Element Set,Tribe Developer,🙂 Dev Tools Squad,2022-07-29,2022-08-09,,,,,,,,,,,,,,,,,,,,,,,,,,,,,,,,,,,,,,,,,,,,,,,,,,,,,,,,,,,,,,,,,,,,,,,,,,,,,,,,,,,,,,,,,,,,,,,,,,,,,,,,,,,,,,,,
14142739,feature,2022-06-30 10:46:08 UTC,2025-01-22 09:32:31 UTC,Click tracking goal creation in GE2,Recap: Click tracking: Request a CSS selector only when creating a click tracking goal <p></p> This user story include 3  Insights of consultant team: -enhancement of selector CSS -give option to select wich URL’ will be include in the retention rate -Hide the gray screen when the website is not allowed to accept Iframe <p></p>,Released,,9564787,Graphic editor,Ivan Kulagin,_⭐ Campaign Creation Squad,2024-12-01,2025-01-16,,,,,,,,,,,,,,,,,,,,,,,,,,,,,,,,,,,,,,,,,,,,,,,,,,,,,,,,,,,,,,,,,,,,,,,,,,,,,,,,,,,,,,,,,,,,,,,,,,,,,,,,,,,,,,,,
14149608,subfeature,2022-06-30 15:55:37 UTC,2022-08-01 09:30:04 UTC,Kameleoon Extension - Element Set - V2 - Update list,"# Internal Release Note <https://docs.google.com/presentation/d/16xaaUoHx3UfmJmXfwUSbS-c5mfmfZyxeXXkhWH4jpW4/edit?usp=sharing> # 💁‍♂️ Problem/Context ## **Description** As a user of the Chrome Extension, I want elements (selectors with status) attached to my experiments to be updated every 3 seconds. ## Workaround No. ## **Project justification** **Project type** - Requested capability **Justification** *Requested by our teams.*  # 💡 Solution **Package** A/B Testing **Scope** Chrome Extension **User roles** All **Design** No design. # 🎯 **Measuring Success** *To be defined.* <p></p> --- <p></p> # 📄 Attached documents **Figma file**: optional (paste link) **Spec file**: optional (paste link) **Redmine ticket**: <https://project.kameleoon.net/issues/17131>",Released,,13448330,Chrome Extension - Adding Element Set,Tribe Developer,🙂 Dev Tools Squad,2022-06-27,2022-07-08,,,,,,,,,,,,,,,,,,,,,,,,,,,,,,,,,,,,,,,,,,,,,,,,,,,,,,,,,,,,,,,,,,,,,,,,,,,,,,,,,,,,,,,,,,,,,,,,,,,,,,,,,,,,,,,,
14171899,subfeature,2022-07-01 12:56:41 UTC,2023-11-10 17:05:07 UTC,VS Code Extension - Goal creation,"# 💁‍♂️ Problem/Context ## **Description** As a developer, I want to be able to use the VS Code extension to create a goal. ## Workaround Yes, by using the app. ## **Project justification** **Project type** - Requested capability **Justification** *Requested by our teams.*  # 💡 Solution **Package** A/B Testing **Scope** VS Code extension **User roles** All **Design** No design. # 🎯 **Measuring Success** *To be defined.* <p></p> --- <p></p> # 📄 Attached documents **Figma file**: optional (paste link) **Spec file**: optional (paste link) **Redmine ticket**: <https://project.kameleoon.net/issues/16951>",Released,,14218979,VS Code Extension Version 3+,Tribe Developer,🙂 Dev Tools Squad,2022-06-27,2022-07-22,,,,,,,,,,,,,,,,,,,,,,,,,,,,,,,,,,,,,,,,,,,,,,,,,,,,,,,,,,,,,,,,,,,,,,,,,,,,,,,,,,,,,,,,,,,,,,,,,,,,,,,,,,,,,,,,
14171915,subfeature,2022-07-01 12:57:08 UTC,2023-11-10 17:05:08 UTC,VS Code Extension - Custom Data creation,"# 💁‍♂️ Problem/Context ## **Description** As a developer, I want to be able to use the VS Code extension to create a custom data. ## Workaround Yes, by using the app. ## **Project justification** **Project type** - Requested capability **Justification** *Requested by our teams.*  # 💡 Solution **Package** A/B Testing **Scope** VS Code extension **User roles** All **Design** No design. # 🎯 **Measuring Success** *To be defined.* <p></p> --- <p></p> # 📄 Attached documents **Figma file**: optional (paste link) **Spec file**: optional (paste link) **Redmine ticket**: <https://project.kameleoon.net/issues/16952>",Released,,14218979,VS Code Extension Version 3+,Tribe Developer,🙂 Dev Tools Squad,2022-07-25,2022-09-18,,,,,,,,,,,,,,,,,,,,,,,,,,,,,,,,,,,,,,,,,,,,,,,,,,,,,,,,,,,,,,,,,,,,,,,,,,,,,,,,,,,,,,,,,,,,,,,,,,,,,,,,,,,,,,,,
14171933,subfeature,2022-07-01 12:58:20 UTC,2023-11-10 17:05:08 UTC,VS Code Extension - Variation creation,"# 💁‍♂️ Problem/Context ## **Description** As a developer, I want to be able to use the VS Code extension to create a variation. ## Workaround Yes, by using the app. ## **Project justification** **Project type** - Requested capability **Justification** *Requested by our teams.*  # 💡 Solution **Package** A/B Testing **Scope** VS Code extension **User roles** All **Design** No design. # 🎯 **Measuring Success** *To be defined.* <p></p> --- <p></p> # 📄 Attached documents **Figma file**: optional (paste link) **Spec file**: optional (paste link) **Redmine ticket**: <https://project.kameleoon.net/issues/16950>",Released,,14218979,VS Code Extension Version 3+,Tribe Developer,🙂 Dev Tools Squad,2022-07-11,2022-08-05,,,,,,,,,,,,,,,,,,,,,,,,,,,,,,,,,,,,,,,,,,0,,,,,,,,,,,,,,,,,,,,,,,,,,,,,,,,,,,,,,,,,,,,,,,,,,,,,,,,,,,,,,,,,,,,,,
14218701,feature,2022-07-05 14:07:02 UTC,2023-01-09 13:24:15 UTC,Traffic reallocation option on Code Editor,"# 💁‍♂️ Problem/Context ## **Description** As a developer, I want to do be able to use the traffic reallocation option directly from the Code Editor. <p></p> - **Existing workaround:** Yes  - **Workaround description:** Traffic reallocation is available on the [Graphic Editor](https://help.kameleoon.com/set-up-and-launch-classic-ab-experiment/#6). <p></p> ## **Project justification** - **Project type:** Requested capability - **Justification:** See insights # 💡 Solution - **Product package:** A/B Testing - Developer Editor - **Product scope:** Code Editor page (example : [https://app.kameleoon.com/experiments/codeEditor/**[id]](https://app.kameleoon.com/experiments/codeEditor/**%5Bid%5D)** ) - **User roles**: All - **Design:** Explain with bullet points what your solution consists in (make it synthetic)   - In Code Editor page, in the **Traffic allocation** pop-up, we will add the traffic reallocation option, just like it is in the Graphic Editor   - <p></p> ![](https://pb-files.s3.amazonaws.com/production/attachments/f7925a642697f7431a961c93581cc5ce61d7621d4e270edc15971a6de0457a61/image.png) # 🎯 **Measuring Success** - **Goal 1:** Exploring the reallocation option on the Code Editor - **Success metric:** Number of clicks on the *Traffic reallocation* button <p></p> - **Goal 2:** Use of Traffic reallocation on code-based experiments - **Success metric:** Number of code-based experiments using the traffic reallocation option  --- # 📄 Attached documents - **Figma file**: optional (paste link) - **Spec file**: [Google docs](https://docs.google.com/document/d/1KgNyTmxBUfLT0qvf0CWdxWQwt2X0Rt9TfVbMNv5tVng/edit?usp=sharing) - **Redmine ticket**: <https://project.kameleoon.net/issues/16719> <p></p>",Rejected,,9564793,Developer editor,Tribe Developer,"",2022-06-01,2023-02-28,,,,,,,,,,,,,,,,,,,,,,,,,,,,,,,,,,,,Squad Dev Tools,,,,,,,,,,,,,,,,,,,,,,,,,,,,,,,,,,,,,,,,,,,,,,,,,,,,,,,,,,,,,,,,,,,,,,,,,,,,
14218878,subfeature,2022-07-05 14:16:44 UTC,2023-11-10 17:05:08 UTC,VS Code Extension - Segment creation,"# 💁‍♂️ Problem/Context ## **Description** As a developer, I want to be able to use the VS Code extension to create a segment. ## Workaround Yes, by using the app. ## **Project justification** **Project type** - Requested capability **Justification** *Requested by our teams.*  # 💡 Solution **Package** A/B Testing **Scope** VS Code extension **User roles** All **Design** No design. # 🎯 **Measuring Success** *To be defined.* <p></p> --- <p></p> # 📄 Attached documents **Figma file**: optional (paste link) **Spec file**: optional (paste link) **Redmine ticket**: <https://project.kameleoon.net/issues/17183>",Released,,14218979,VS Code Extension Version 3+,Tribe Developer,🙂 Dev Tools Squad,2022-07-25,2022-08-05,,,,,,,,,,,,,,,,,,,,,,,,,,,,,,,,,,,,,,,,,,,,,,,,,,,,,,,,,,,,,,,,,,,,,,,,,,,,,,,,,,,,,,,,,,,,,,,,,,,,,,,,,,,,,,,,
14218979,feature,2022-07-05 14:19:46 UTC,2023-11-10 17:05:08 UTC,VS Code Extension Version 3+,"New version of the VS Code extension, including the following features: - Automatic creation of the file architecture - Create an experiment and deploy it - Create a variation <span data-preserve-white-space></span> - Create a segment - Create a goal <span data-preserve-white-space></span> - Create a custom data ",Released,(Releases) July Feature release,9564955,Other,Tribe Developer,🙂 Dev Tools Squad,2022-03-01,2022-09-18,,,,,,,,,,,,,,,,,,,,,,,,,,,,,,,,,,,,Squad Dev Tools,,,,,,,,,,,,,,,,,,,,,,,,,,,,,,,,,,,,,,,,,,,,,,,,,,,,,,,,,,,,,,,,,,,,,,,,,,,,
14276400,feature,2022-07-08 12:39:08 UTC,2024-01-31 15:44:35 UTC,Holdout group for A/B Testing,"## 💁‍♂️ Problem\/Context <u>**Description:**</u> As a data analyst, I would like to measure the long\-term impact of Kameleoon experiments always based on the same segment of excluded visitor\. We currently already get this feature on our personalization module \(we call it ""control group"" and allow users to define a percentage of excluded visitors from the configuration section of each project\), but not for our A\/B testing one\. <p></p> - **Existing workaround:** Not for the while \- starting from Q4 22, yes - **Workaround description:** Starting from Q4 22, yes, via Kameleoon Segment <p></p> <u>**Project justification:**</u> - **Project type:** Requested capability - **Justification:** <span data-preserve-white-space></span>     - Feature requested by some prospects\. On 8th of July 22, requested by MongoDB     - Deal lost \(Pandora, US customer\)\. One of the reason was the lack of reporting capabilities including Holdout\)\. <p></p> ",New idea,,9564798,Common APP pages,Calixthe Mattei,_⭐ Reporting Squad,,,,,,,,,,,,,,,,,,,,,,,,,,,,,,,,,,,,,,Squad Interfaces,,,,,,,,,,,,,,,,,,,,,,,,,,,,,,,,,,,,,,,,,,,,,,,,,,,,,,,,,,,,,,,,,,,,,,,,,,,,
14281842,feature,2022-07-08 17:36:36 UTC,2022-07-26 03:48:09 UTC,Package server side - urgent US,"<p></p> ## What needs to be done? 1. For customers who subscribed to all our packages, A/B + Fullstack (FME), from the new ""Projects"" page, on click on ""Add project"": - project type field appears. We need first to rename the different options displayed in the dropdown. - we need to add a new option, in third position, called ""Site: All types of campaigns"". The goal of this option is to allow our customers who do both client side and SDK campaigns to have a fully customized javascript snippet suited to their needs (which was not the case with previous option Site SDK) - then, if this new option is selected, their is a specific installation process. The detailed specification related to these three points is avalaible on Figma, here:   <https://www.figma.com/file/KFVGBKL0WdBppHluH2he7u/13711---Package-%22Server-side%22?node-id=1041%3A20286> Note that the installation process doesn't change for already existing options (that are just renamed) 2. For customers who only get our fullstack (FME) package, from the new ""Projects"" page, on click on ""Add project"": - project type field appears (no change here) - just two options need to appear in the dropdown: ""Site: SDK and hybrid campaigns"" and ""Mobile app (SDK campaigns)"". In other words, the 2 other options displayed in this same dropdown in case 1 need to be removed. The behaviour when clicking on these options remains unchanged. 3. For all packages, when creating experiments, adapt the ""project list"" to make it coherent with the type of campaign: - from the experiment dashboard, when clicking on ""New experiment"" CTA, we first need to choose a type of campaign: graphic editor, or JS/CSS, SDK or hybrid - then, on the next popin, user needs to choose a project - in this list, we should only display the projects that are compatible with the chosen campaign type. Please refer to this table where I have summarized the expected behaviour (go the the second tab, called ""By experiment type"") :   <https://docs.google.com/spreadsheets/d/1eKnuAoX4kJT5sQVw-lu5-sJvzHgn9_TN2iz-S985bjA/edit?usp=sharing> 4. Once all the points mentioned above are done, we will need to do a Database update for all our existing customers who get all our packages: A/B and fullstack (FME).   For them, we will need to consider that all of their projects type are configured on the new option ""Site: All types of campaigns"" <p></p> ## Attached document: - A table with a complete summary of what is expected in each package to make it clear : <https://docs.google.com/spreadsheets/d/1eKnuAoX4kJT5sQVw-lu5-sJvzHgn9_TN2iz-S985bjA/edit?usp=sharing> - Figma link with specification of this new option: <https://www.figma.com/file/KFVGBKL0WdBppHluH2he7u/13711---Package-%22Server-side%22?node-id=1041%3A20286> - Translation file (work still in progress): <https://docs.google.com/spreadsheets/d/1zt0G2Sl6efDUH8dVYlx9WGejwo275d2VoOMO4I6Tp7Q/edit?usp=sharing> <p></p>",Released,(Releases) 3rd week July 22 (rc108),6783323,Web Experimentation,Tribe Marketers,🙂 Interface squad,2022-07-01,2022-07-31,,,,,,,,,,,,,,,,,,,,,,,,,,,,,,,,,,,,Squad Interfaces,,,,,,,,,,,,,,,,,,,,,,,,,,,,,,,,,,,,,,,,,,,,,,,,,,,,,,,,,,,,,,,,,,,,,,,,,,,,
14292493,subfeature,2022-07-11 02:06:27 UTC,2022-07-12 15:25:46 UTC,Rollout Planner v1.2 | UX Improvements,**v1.2** includes improvements and tweaks to the UI/UX : 1. Translations for French and German added 2. Progressive delivery cards will now display current rollout percentage 3. Queued rule cards will now display information about their targeted segment 4. 'Weeks' and 'Months' removed from the options when choosing the *increment interval* for progressive delivery 5. Goals created outside the FME package will now be available for feature flags as well ,Released,(Releases) Mid July 22 - Collective actions (rc-86),12631258,Rollout Planner v1,Tribe Developer,🙂 FF/SDK Squad,2022-06-28,2022-07-12,,,,,,,,,,,,,,,,,,,,,,,,,,,,,,,,,,,,,,,,,,,,,,,,,,,,,,,,,,,,,,,,,,,,,,,,,,,,,,,,,,,,,,,,,,,,,,,,,,,,,,,,,,,,,,,,
14292535,subfeature,2022-07-11 02:17:14 UTC,2022-11-07 12:47:36 UTC,Variation creation & management,"",Released,,13895239,Rollout Planner v2,Tribe Developer,🙂 FF/SDK Squad,,,,,,,,,,,,,,,,,,,,,,,,,,,,,,,,,,,,,,Squad FM&E,,,,,,,,,,,,,,,,,,,,,,,,,,,,,,,,,,,,,,,,,,,,,,,,,,,,,,,,,,,,,,,,,,,,,,,,,,,,
14292536,subfeature,2022-07-11 02:17:33 UTC,2022-09-16 04:27:57 UTC,New variable management,<p></p>,Released,,13895239,Rollout Planner v2,Tribe Developer,🙂 FF/SDK Squad,,,,,,,,,,,,,,,,,,,,,,,,,,,,,,,,,,,,,,Squad FM&E,,,,,,,,,,,,,,,,,,,,,,,,,,,,,,,,,,,,,,,,,,,,,,,,,,,,,,,,,,,,,,,,,,,,,,,,,,,,
14292537,subfeature,2022-07-11 02:18:38 UTC,2022-09-16 04:35:14 UTC,New layout and nesting of left sidebar,"",Released,,13895239,Rollout Planner v2,Tribe Developer,🙂 FF/SDK Squad,,,,,,,,,,,,,,,,,,,,,,,,,,,,,,,,,,,,,,Squad FM&E,,,,,,,,,,,,,,,,,,,,,,,,,,,,,,,,,,,,,,,,,,,,,,,,,,,,,,,,,,,,,,,,,,,,,,,,,,,,
14292538,subfeature,2022-07-11 02:19:08 UTC,2022-11-07 12:47:33 UTC,Concurrent segments ,"",Released,,13895239,Rollout Planner v2,Tribe Developer,🙂 FF/SDK Squad,,,,,,,,,,,,,,,,,,,,,,,,,,,,,,,,,,,,,,Squad FM&E,,,,,,,,,,,,,,,,,,,,,,,,,,,,,,,,,,,,,,,,,,,,,,,,,,,,,,,,,,,,,,,,,,,,,,,,,,,,
14292539,subfeature,2022-07-11 02:19:22 UTC,2022-11-07 12:47:25 UTC,Manual targeting toggle ,"",Released,,13895239,Rollout Planner v2,Tribe Developer,🙂 FF/SDK Squad,,,,,,,,,,,,,,,,,,,,,,,,,,,,,,,,,,,,,,Squad FM&E,,,,,,,,,,,,,,,,,,,,,,,,,,,,,,,,,,,,,,,,,,,,,,,,,,,,,,,,,,,,,,,,,,,,,,,,,,,,
14292554,subfeature,2022-07-11 02:28:43 UTC,2023-02-09 11:22:23 UTC,Rule start/stop scheduling,<p></p> ,Released,,13895239,Rollout Planner v2,Tribe Developer,🙂 FF/SDK Squad,,,,,,,,,,,,,,,,,,,,,,,,,,,,,,,,,,,,,,Squad FM&E,,,,,,,,,,,,,,,,,,,,,,,,,,,,,,,,,,,,,,,,,,,,,,,,,,,,,,,,,,,,,,,,,,,,,,,,,,,,
14292612,subfeature,2022-07-11 02:43:18 UTC,2022-11-07 12:47:22 UTC,Draggable rule cards to change order of priority ,"",Released,,13895239,Rollout Planner v2,Tribe Developer,🙂 FF/SDK Squad,,,,,,,,,,,,,,,,,,,,,,,,,,,,,,,,,,,,,,Squad FM&E,,,,,,,,,,,,,,,,,,,,,,,,,,,,,,,,,,,,,,,,,,,,,,,,,,,,,,,,,,,,,,,,,,,,,,,,,,,,
14292667,subfeature,2022-07-11 03:10:03 UTC,2023-10-13 04:17:17 UTC,Product tour - Appcues readiness,"",Released,,13895239,Rollout Planner v2,Tribe Developer,🙂 FF/SDK Squad,,,,,,,,,,,,,,,,,,,,,,,,,,,,,,,,,,,,,,Squad FM&E,,,,,,,,,,,,,,,,,,,,,,,,,,,,,,,,,,,,,,,,,,,,,,,,,,,,,,,,,,,,,,,,,,,,,,,,,,,,
14296076,feature,2022-07-11 08:14:43 UTC,2023-10-13 04:15:16 UTC,Ability to switch a server-side test into a hybrid one,"",New idea,,9564875,Feature Management & Experimentation (FM&E),Tribe Marketers,"",,,,,,,,,,,,,,,,,,,,,,,,,,,,,,,,,,,,,,Squad Interfaces,,,,,,,,,,,,,,,,,,,,,,,,,,,,,,,,,,,,,,,,,,,,,,,,,,,,,,,,,,,,,,,,,,,,,,,,,,,,
14327841,feature,2022-07-12 14:36:05 UTC,2022-11-30 13:12:24 UTC,Convert last visit Elasticsearch use cases to ClickHouse,<p></p>,Released,,6783364,"Data, Common  & Infrastructure",Tribe Marketers,_⭐ Reporting Squad,2022-07-12,2022-11-30,,,,,,,,,,,,,,,,,,,,,,,,,,,,,,,,,,,,Squad Data,,,,,,,,,,,,,,,,,,,,,,,,,,,,,,,,,,,,,,,,,,,,,,,,,,,,,,,,,,,,,,,,,,,,,,,,,,,Tribe Marketers,
14348911,subfeature,2022-07-13 13:28:15 UTC,2022-09-19 15:49:28 UTC,Internal BO Admin Redesign V1,"## In French - Login via Google SSO pour accéder à l’administration - Login via Google SSO pour accéder à l’app en mode admin (impersonation) - Customers dashboard avec la recherche, filtres, views et la possibilité de modifier toutes les settings de customer - Sites dashboard avec la recherche, filtres et la possibilité de modifier toutes les settings - Accounts dashboard avec la recherche, filtres et settings - La gestion des accès admin pour les accounts qui ont les droits limités (donner ou enlever l’accès à un customer pour un consultant) - Dashboard avec les statistiques Redash <p></p> ## In English - Login with Google SSO to get access to the Admin BO - Login with Google SSO to get access to the Kameleoon app in admin mode (impersonation) - Customers dashboard with search bar,  filters, views and ability to edit the customer's settings - Sites dashboard with search bar,  filters, and ability to edit all the settings - Accounts dashboard with search bar, filters and settings - Access management (give or delete right for accounts - Dashboard with Redash statistics <p></p> <https://project.kameleoon.net/issues/16312>",Released,,9511314,Internal BO Admin Redesign,Tribe Developer,🙂 Dev Tools Squad,2021-11-01,2022-07-27,,,,,,20,80,,,,,,,,,,,,,,,,,,,,,,,,,,,,,,,,,,50,50,,,,,,,,,,,,,,,,,,,,,,,,,,,,,,,,,,,,,,,,,,,,,,,,,,,,,,,,,,,,,,,,,,,,,,
14348915,subfeature,2022-07-13 13:28:33 UTC,2022-09-21 13:01:17 UTC,Internal BO Admin Redesign V2,"<https://project.kameleoon.net/issues/17474> - Create a new customer - Rebuild the kameleoon\.js script - Improvements <p></p> It contains some bug fixes and improvements, but also two new features : - Customer creation is now available \( When creating a customer you don’t need to put a password anymore, an activation email will be sent to the user to set up his password\) - Kameleoon\.js script rebuild is now available on projects page ",Released,,9511314,Internal BO Admin Redesign,Tribe Developer,🙂 Dev Tools Squad,2022-06-27,2022-09-18,,,,,,20,80,,,,,,,,,,,,,,,,,,,,,,,,,,,,,,,,,,50,50,,,,,,,,,,,,,,,,,,,,,,,,,,,,,,,,,,,,,,,,,,,,,,,,,,,,,,,,,,,,,,,,,,,,,,
14427046,feature,2022-07-19 08:43:36 UTC,2025-04-03 10:03:17 UTC,Experimentation Roadmap (Gantt roadmap),"# 💁‍♂️ Problem\/Context ## **Description** As a Kameleoon consultant, I want to know what is the roadmap for a customer, the state for its campaigns \(past, present and future\)\. Because, **customers don't share their campaign roadmap**, so it can be useful to have a **visualization of their campaigns in a timeline**\. It should be in a **Gantt chart**\. ## Workaround Yes, by looking at the campaigns in the dashboard, one by one\. <span data-preserve-white-space></span> ## **Project justification** **Project type** - Requested capability - Operational improvement **Justification** Requested by our consultants, improving our operational knowledge\. <span data-preserve-white-space></span> # 💡 Solution **Package** NA **Scope** BO Admin **User roles** Kameleoon BO Admin users **Design** Gantt diagram representing the campaigns in their different states\. # 🎯 **Measuring Success** NA <p></p> --- <p></p> # 📄 Attached documents **Figma file**: optional \(paste link\) **Spec file**: optional \(paste link\) **Redmine ticket**: User story \#30250 \- \[SPIKE\] Experimentation Roadmap \(Gantt roadmap\)   <https://project.kameleoon.net/issues/30250> <p></p> ",Planned,,31139396,Admin BO,Yassin Hassan,"_⭐ Admin & Engine Squad, 🎨 design needed",,,,,,,,40,100,,,,,,,,,,,,,,,,,,,,,,,,,,,,,Squad Dev Tools,,,,,70,70,,,,,,,,,,,,,,,,,,,,,,,,,,,,,,,,,,,,,,,,,,,,,,,,,,,,,,,,,,,,,,,,,,,,,Tribe Developer,
14427927,feature,2022-07-19 09:15:16 UTC,2024-01-18 10:53:11 UTC,Breakdowns/Filters: Allow labels for CD to be displayed,"## 📒 **Feature short description:** Describe what the feature does\. ``` Structure this as:  [Feature] allows [target persona] to [accomplish a task] by [capability / the “how” of the feature]. ``` ## 😥 Problem <u>**Problem statement:**</u> What problem are we trying to solve with this feature? Or, what is the opportunity we are addressing?  ``` Example: ""As a developer, when I want to do ..., I get the following problems."" ``` <u>**Workaround:**</u> - **Existing workaround:** Yes \/ No - **Workaround description:** If there is a workaround, explain how we can proceed to solve the problem today ## 💡 Solution <u>**Key benefits**</u>: <span data-preserve-white-space></span> What value does this feature bring to the user?  ``` Answer the question, “What are the benefits for the end user?” as if you were talking to Customer Success. example: * benefit 1 * benefit 2 ``` <span data-preserve-white-space></span>   <u>**Use Cases:**</u> <span data-preserve-white-space></span> Share use cases where this feature would help our users\. <span data-preserve-white-space></span> ``` Use the Jobs To Be Done framework to illustrate our user's motivation and behaviour. Structure this as: When the user [situation], they want to [motivation], so they can [expected outcome]. ``` <u>**✏️ Product design:**</u> - **Product package:** Web Experimentation \/ Full Stack Experimentation \/ Feature Management \/ AI\-driven Personalization  *\(only keep the right answers\)* - **Product scope:** Product section and pages that will evolve \(if needed, define sections\/pages that will be out of scope\) - **Target Persona**: Which one of our target persona is going to benefit from this feature? \(Marketer \/ Developer \/ Product Manager\) <span data-preserve-white-space></span> - **Main updates:** In bullets, concisely describe what your solution consists of:     - In page X, we add \.\.\.     - On click, \.\.\.     - Optionally, paste images of the solution here \(or paste Figma link\) ## 🎯 **Measuring Success** - **Goal 1:** indicate the goal of this topic - **Success metric:** indicate the key indicator of success that will measure the achievement of goal 1 <p></p> ``` Copy and paste previous paragraph for each goal attached to this topic. Report to PDB Template - Slide 13 for examples ``` --- ## 📄 Attached documents - **Figma file**: optional \(paste link\) - **Spec file**: optional \(paste link\) - **Redmine ticket**: mandatory  \(paste link\) - **Image:** mandatory, to illustrate the topic <p></p> ",New idea,,9564643,Data & RP,Tribe Marketers,_⭐ Reporting Squad,,,,,,,,,,,,,,,,,,,,,,,,,,,,,,,,,,,,,,Squad Data,,,,,,,,,,,,,,,,,,,,,,,,,,,,,,,,,,,,,,,,,,,,,,,,,,,,,,,,,,,,,,,,,,,,,,,,,,,Tribe Marketers,
14427973,feature,2022-07-19 09:20:18 UTC,2024-02-06 17:14:10 UTC,Automation API: Embbed all the indicators currently displayed on the RP,"",New idea,,6783364,"Data, Common  & Infrastructure",Tribe Marketers,_⭐ Reporting Squad,,,,,,,,,,,,,,,,,,,,,,,,,,,,,,,,,,,,,,Squad Data,,,,,,,,,,,,,,,,,,,,,,,,,,,,,,,,,,,,,,,,,,,,,,,,,,,,,,,,,,,,,,,,,,,,,,,,,,,,
14428172,subfeature,2022-07-19 09:32:16 UTC,2024-03-21 11:50:59 UTC,"Multiple currencies management: Be able to have a unique RP, with combined and converted data for all currencies (processconversion API)",See Dynamic Yield and investigate the topic <p></p> ,Planned,,23066886,Goal Metadata in CSV,Calixthe Mattei,_⭐ Reporting Squad,,,,,,,,60,,,,,,,,,,,,,,#2 - Needs of mature XP teams,,,,,,,,,,,,,,,,Squad Data,,,,GA4 has it + some customers do not launch some desired experilments cause of this,30,30,,,,,,,,,,,,,,,,,,,,,,,,,,,,,,,,,,,,,,,,,,,,,,,,,,,,,,,,,,,,,,,,,,,,,,
14431169,feature,2022-07-19 12:59:04 UTC,2022-11-15 14:41:03 UTC,Shopify Integration and updates,"# 💁‍♂️ Problem\/Context ## **Description** Our current **Shopify Plus** integration needs to be updated\. We have several objectives : - Reuse the current code of the Shopify Plus integration, understand and update it - Fix existing bugs - Support multiple theme configuration\. This will allow our users to use Kameleoon in all the themes that they are using on their website\. <span data-preserve-white-space></span> ## Source Code Source code : <https://drive.google.com/file/d/1N_M8hyT3IHoxTDH0l1Kwrze8JPXOPwT7/view?usp=sharing> ## Documentation This is how our users can currently use the Shopify Plus integration: <https://help.kameleoon.com/setting-up-shopify-plus/> ## Our app in the store Here's the app page in the shopify app store: <https://apps.shopify.com/kameleoon-abtesting-app> ## The Shopify Partners dashboard Ask Yassin Hassan to get access to the partner dashboard\. ## Workaround No ## **Project justification** **Project type** - Requested capability - Improvement to existing workflow <p></p> --- <p></p> # 📄 Attached documents **Figma file**: optional \(paste link\) **Spec file**: optional \(paste link\) **Redmine ticket**: <https://project.kameleoon.net/issues/17945> ",Released,,9564652,Common integrations,Tribe Developer,🙂 Dev Tools Squad,2022-09-01,2022-11-14,,,,,,,,,,,,,,,,,,,,,,,,,,,,,,,,,,,,Squad Dev Tools,,,,,,,,,,,,,,,,,,,,,,,,,,,,,,,,,,,,,,,,,,,,,,,,,,,,,,,,,,,,,,,,,,,,,,,,,,,,
14432075,subfeature,2022-07-19 13:42:19 UTC,2024-10-28 09:10:20 UTC,Ability to add comments on the Result pages,Be able to add comments: -  on some specific part of the chart - general comments ,New idea,,10887350,Reporting page Update - Lot 1,Calixthe Mattei,_⭐ Reporting Squad,2024-04-05,2024-07-04,,,,,,,,,,,,,,,,,,,,,,,,,,,,,,,,,,,,,,,,,,,,,,,,,,,,,,,,,,,,,,,,,,,,,,,,,,,,,,,,,,,,,,,,,,,,,,,,,,,,,,,,,,,,,,,,
14470903,feature,2022-07-21 13:00:13 UTC,2023-04-26 00:49:11 UTC,Google Analytics 4 (GA4) Audiences Integration,"## 📒 **Feature short description:** Describe what the feature does\. <p></p> Thanks to this integration, our customers will be able to use their GA4 Audiences as a Kameleoon custom data, and then target visitors based on their related GA4 Audiences they belong to\. ## 😥 Problem <u>**Problem statement:**</u> What problem are we trying to solve with this feature? Or, what is the opportunity we are addressing?  <p></p> Here, we want to allow our customers to target their visitors based on a GA4 Audience\. <p></p> <u>**Workaround:**</u> - **Existing workaround:** No - **Workaround description:** \- ## 💡 Solution <u>**Key benefits**</u>: <span data-preserve-white-space></span> What value does this feature bring to the user?  <p></p> - A customer can use a GA4 Audience that he thinks is relevant enough to be targeted by a Kameleoon campaign\. - A customer can enrich the data collected for a visitor by attaching the Audience name to it\. <span data-preserve-white-space></span> <span data-preserve-white-space></span>   <u>**Use Cases:**</u> <span data-preserve-white-space></span> <p></p> - IDK, ask prospects :\) <span data-preserve-white-space></span> <p></p> <u>**✏️ Product design:**</u> - **Product package:** Web Experimentation <span data-preserve-white-space></span> - **Product scope:** Custom data - **Target Persona**: Marketer \/ PM - **Main updates:** NA ## 🎯 **Measuring Success** NA <p></p> --- ## 📄 Attached documents - **Figma file**: optional \(paste link\) - **Spec file**: optional \(paste link\) - **Redmine ticket**: <https://project.kameleoon.net/issues/20115> - **Image:** mandatory, to illustrate the topic <p></p> ",Released,,9564652,Common integrations,Tribe Developer,🙂 Dev Tools Squad,2023-02-13,2023-04-24,,,,,,100,100,,,,,,,,,,,,,,,,,,,,,,,,,,,,,Squad Dev Tools,,,,,100,100,,,,,,,,,,,,,,,,,,,,,,,,,,,,,,,,,,,,,,,,,,,,,,,,,,,,,,,,,,,,,,,,,,,,,Tribe Developer,
14474891,feature,2022-07-21 14:49:08 UTC,2022-07-22 10:49:10 UTC,Too much conditions for one segment (more than 100)- alert the user for new and exisiting segments,redmine: <https://project.kameleoon.net/issues/17409> <p></p> <p></p> <p></p> <p></p> <p></p> <p></p> <p></p> <p></p> <p></p> <p></p> <p></p> <p></p> <p></p> <p></p> <p></p> <p></p> <p></p> <p></p> <p></p> <p></p> <p></p> <p></p> <p></p> <p></p> <p></p> <p></p> <p></p>,In progress (deprecated),(Releases) August 22,6783323,Web Experimentation,Tribe Marketers,🙂 Perso Squad,2022-08-01,2022-08-31,,,,,,,,,,,,,,,,,,,,,,,,,,,,,,,,,,,,Squad Perso,,,,,,,,,,,,,,,,,,,,,,,,,,,,,,,,,,,,,,,,,,,,,,,,,,,,,,,,,,,,,,,,,,,,,,,,,,,,
14491469,feature,2022-07-22 13:34:48 UTC,2022-07-22 13:42:12 UTC,Product API,"# 💁‍♂️ Problem/Context ## **Description** This module is an entry point to interact with your product catalog. For instance, it can be used to register a product view or purchase, add a product to the cart, obtain a set of automatic product recommendations, or obtain statistics about a given product (how many times it was bought or viewed in the last hour or day). <https://developers.kameleoon.com/activation-api.html#kameleoon-api-products> ## Workaround No ## **Project justification** **Project type** - New product concept or workflow **Justification** *-* # 💡 Solution **Package** A/B Testing / Personalization / Full stack **Scope** Activation API **User roles** - **Design** No design <p></p> --- <p></p> # 📄 Attached documents **Redmine ticket**: - <https://project.kameleoon.net/issues/12428> - <https://project.kameleoon.net/issues/17257> ",Released,,6783364,"Data, Common  & Infrastructure",Tribe Developer,🙂 Dev Tools Squad,2022-06-27,2022-07-13,,,,,,,,,,,,,,,,,,,,,,,,,,,,,,,,,,,,Squad Dev Tools,,,,,,,,,,,,,,,,,,,,,,,,,,,,,,,,,,,,,,,,,,,,,,,,,,,,,,,,,,,,,,,,,,,,,,,,,,,Tribe Developer,
14512687,feature,2022-07-25 09:33:17 UTC,2022-11-07 10:44:57 UTC,Drag and drop templates,"## 💁‍♂️ Problem/Context <u>**Description:**</u> As a user, I would like to be able to set the element position with my mouse on the segment builder.  <p></p> - **Existing workaround:** No <p></p> <u>**Project justification:**</u> - **Project type:** Improvement to existing workflow ## 💡 Solution - **Product package:** A/B Testing / Personalization - **Product scope:** Widget editor - **User roles**: Roles Production and technical - **Design:** For all the new created widgets, on the template selection pop-in of the widget editor, there will be a checkbox dedicated to display the template that can be used with this feature. If one of these templates is chosen, user will be able to :    - Set the element position with their mouse   - Access and modify the element size, and their exact position on a specific area  ## 🎯 **Measuring Success** - **Goal 1:** Enhance and simplify the widget design  - **Success metric: NPS**   <p></p> --- ## 📄 Attached documents - **Redmine ticket**: <https://project.kameleoon.net/issues/17159> <p></p>",Released,,6783363,AI-Driven Personalization,Tribe Marketers,🙂 Perso Squad,2022-07-01,2022-10-18,,,,,,,,,,,,,,,,,,,,,,,,,,,,,,,,,,,,Squad Perso,,,,,,,,,,,,,,,,,,,,,,,,,,,,,,,,,,,,,,,,,,,,,,,,,,,,,,,,,,,,,,,,,,,,,,,,,,,,
14513807,subfeature,2022-07-25 10:20:03 UTC,2023-11-10 17:05:08 UTC,Automation API - Associate a Variation to an Experiment,<https://project.kameleoon.net/issues/17408>,Released,,14218979,VS Code Extension Version 3+,Tribe Developer,🙂 Dev Tools Squad,2022-07-25,2022-08-05,,,,,,,,,,,,,,,,,,,,,,,,,,,,,,,,,,,,,,,,,,,,,,,,,,,,,,,,,,,,,,,,,,,,,,,,,,,,,,,,,,,,,,,,,,,,,,,,,,,,,,,,,,,,,,,Tribe Developer,
14520575,feature,2022-07-25 14:49:44 UTC,2022-08-29 12:57:27 UTC,test ref,<p></p>,New idea,(Releases) Q3 2022,6783323,Web Experimentation,Tribe Marketers,"",,,,,,,,,,,,,,,,,,,,,,,,,,,,,,,,,,,,,,,,,,,,,,,,,,,,,,,,,,,,,,,,,,,,,,,,,,,,,,,,,,,,,,,,,,,,,,,,,,,,,,,,,,,,,,,,,,
14634393,subfeature,2022-08-01 09:16:48 UTC,2022-09-20 15:16:40 UTC,Elements Action buttons - Show/hide target element button,"# 💁‍♂️ Problem/Context ## **Description** The goal is to allow the user to show or hide the green target rectangle (displayed over an element on the page). ## Workaround Yes/No? If yes, explain how we can today proceed to solve the problem ## **Project justification** **Project type** - New product concept or workflow **Justification** *-* # 💡 Solution **Package** A/B Testing / Personalization **Scope** Chrome Extension **User roles** - **Design** Explained in ticket. # 🎯 **Measuring Success** **Goal** *Click tracking with mixpanel* <p></p> --- <p></p> # 📄 Attached documents **Figma file**: optional (paste link) **Spec file**: optional (paste link) **Redmine ticket**: <https://project.kameleoon.net/issues/17500> <p></p>",Released,,13448330,Chrome Extension - Adding Element Set,Tribe Developer,"🎨 design needed, 🙂 Dev Tools Squad",2022-08-22,2022-09-18,,,,,,,,,,,,,,,,,,,,,,,,,,,,,,,,,,,,,,,,,,,,,,,,,,,,,,,,,,,,,,,,,,,,,,,,,,,,,,,,,,,,,,,,,,,,,,,,,,,,,,,,,,,,,,,,
14634396,subfeature,2022-08-01 09:17:10 UTC,2022-09-20 15:16:42 UTC,Elements Action buttons - Copy button,"# 💁‍♂️ Problem/Context ## **Description** The goal is to allow the user to copy the selector by clicking on a button. ## Workaround Yes/No? If yes, explain how we can today proceed to solve the problem ## **Project justification** **Project type** - New product concept or workflow **Justification** *-* # 💡 Solution **Package** A/B Testing / Personalization **Scope** Chrome Extension **User roles** - **Design** Explained in ticket. # 🎯 **Measuring Success** **Goal** *Click tracking with mixpanel* <p></p> --- <p></p> # 📄 Attached documents **Figma file**: optional (paste link) **Spec file**: optional (paste link) **Redmine ticket**: [<https://project.kameleoon.net/issues/17499>](https://project.kameleoon.net/issues/17500) <p></p>",Released,,13448330,Chrome Extension - Adding Element Set,Tribe Developer,"🎨 design needed, 🙂 Dev Tools Squad",2022-08-22,2022-09-18,,,,,,,,,,,,,,,,,,,,,,,,,,,,,,,,,,,,,,,,,,,,,,,,,,,,,,,,,,,,,,,,,,,,,,,,,,,,,,,,,,,,,,,,,,,,,,,,,,,,,,,,,,,,,,,,
14637146,subfeature,2022-08-01 11:38:39 UTC,2024-02-06 08:59:25 UTC,Login Interface with MFA (email method) - Lot #1,"# 💁‍♂️ Problem\/Context ## **Description** As a **user**, I want to **use the MFA email method to authenticate**\. ## Workaround No # 💡 Solution **Package** A\/B Testing \/ Personalization \/ Full stack **Scope** Login page **User roles** - <p></p> **Design** In the **login page**, the user can:  - Authenticate using the MFA process - Ask for another code # 🎯 **Measuring Success** *To be defined* <p></p> --- <p></p> # 📄 Attached documents **Figma file**: optional \(paste link\) **Spec file**: optional \(paste link\) **Redmine ticket**: <https://project.kameleoon.net/issues/18322> <p></p> ",Released,,10295199,Multi-factor Authentication,Tribe Developer,"_⭐ Admin & Engine Squad, 🎨 design needed, 🙂 Dev Tools Squad",2023-10-01,2023-12-14,,,,,,60,60,,,,,,,,,,,,4,,,,,,,,,,,,,,,,,,,,,,60,15,,,,,,,,,,,,,,,,,,,,,,,,,,,,,,,,,,,,,,,,,,,,,,,,,,,,,,,,,,,,,,,,,,,,,Tribe Developer,
14637153,subfeature,2022-08-01 11:39:06 UTC,2023-10-25 08:39:12 UTC,Login Interface with MFA (OTP method) - Lot #2,"# 💁‍♂️ Problem\/Context ## **Description** As a **user**, I want to **use the MFA OTP method to authenticate**\. ## Workaround No # 💡 Solution **Package** A\/B Testing \/ Personalization \/ Full stack **Scope** Login page **User roles** - <p></p> **Design** In the **login page**, the user can:  - Authenticate using the MFA process - Ask for another code # 🎯 **Measuring Success** *To be defined* <p></p> --- <p></p> # 📄 Attached documents **Figma file**: optional \(paste link\) **Spec file**: optional \(paste link\) **Redmine ticket**: <https://project.kameleoon.net/issues/18324> <p></p> ",New idea,,10295199,Multi-factor Authentication,Tribe Developer,"🎨 design needed, 🙂 Dev Tools Squad",2024-04-01,2024-06-30,,,,,,60,60,,,,,,,,,,,,,,,,,,,,,,,,,,,,,,,,,,60,60,,,,,,,,,,,,,,,,,,,,,,,,,,,,,,,,,,,,,,,,,,,,,,,,,,,,,,,,,,,,,,,,,,,,,Tribe Developer,
14637155,subfeature,2022-08-01 11:39:36 UTC,2023-10-25 08:39:38 UTC,Login Interface with MFA (SMS method) - Lot #5,"# 💁‍♂️ Problem\/Context ## **Description** As a **user**, I want to **use the MFA SMS method to authenticate**\. ## Workaround No # 💡 Solution **Package** A\/B Testing \/ Personalization \/ Full stack **Scope** Login page **User roles** - <p></p> **Design** In the **login page**, the user can:  - Authenticate using the MFA process - Ask for another code <p></p> In the **user setting page**, the user can:  - Activate the MFA SMS method by providing and verifying your phone number - Edit the phone number, and again verifying it # 🎯 **Measuring Success** *To be defined* <p></p> --- <p></p> # 📄 Attached documents **Figma file**: optional \(paste link\) **Spec file**: optional \(paste link\) **Redmine ticket**: <https://project.kameleoon.net/issues/18330> <p></p> ",New idea,,10295199,Multi-factor Authentication,Tribe Developer,"🎨 design needed, 🙂 Dev Tools Squad",2024-12-30,2025-06-30,,,,,,60,60,,,,,,,,,,,,,,,,,,,,,,,,,,,,,,,,,,60,60,,,,,,,,,,,,,,,,,,,,,,,,,,,,,,,,,,,,,,,,,,,,,,,,,,,,,,,,,,,,,,,,,,,,,Tribe Developer,
14637160,subfeature,2022-08-01 11:40:11 UTC,2023-12-14 17:17:32 UTC,Enable/disable MFA for a specific client from the Admin BO - Lot #1,"# 💁‍♂️ Problem\/Context ## **Description** As an **Admin BO user**, I want to **disable\/enable MFA for a specific client**\. ## Workaround No # 💡 Solution **Package** A\/B Testing \/ Personalization \/ Full stack **Scope** Admin BO **User roles** Super admin **Design** In the **Admin BO, in a customer setting**, the **Kameleoon administrator** can: - Switch on\/off for the MFA feature # 🎯 **Measuring Success** *To be defined* <p></p> --- <p></p> # 📄 Attached documents **Figma file**: optional \(paste link\) **Spec file**: optional \(paste link\) **Redmine ticket**: <https://project.kameleoon.net/issues/18323> <p></p> ",Released,,10295199,Multi-factor Authentication,Tribe Developer,"🎨 design needed, 🙂 Dev Tools Squad",2023-10-01,2024-01-30,,,,,,60,60,,,,,,,,,,,,,,,,,,,,,,,,,,,,,,,,,,60,60,,,,,,,,,,,,,,,,,,,,,,,,,,,,,,,,,,,,,,,,,,,,,,,,,,,,,,,,,,,,,,,,,,,,,Tribe Developer,
14637163,subfeature,2022-08-01 11:40:30 UTC,2024-02-06 09:00:04 UTC,Admin user can turn on/off the MFA in the settings - Lot #3,"# 💁‍♂️ Problem\/Context ## **Description** As an **admin user**, I want to **enable\/disable MFA for the entire company**\. ## Workaround No # 💡 Solution **Package** A\/B Testing \/ Personalization \/ Full stack **Scope** Account setting in the app **User roles** Admin **Design** In the **admin user settings** \(or company settings page\), the **admin user** can:  - Click on a button to activate\/deactivate the MFA feature for the company # 🎯 **Measuring Success** *To be defined* <p></p> --- <p></p> # 📄 Attached documents **Figma file**: optional \(paste link\) **Spec file**: optional \(paste link\) **Redmine ticket**: <https://project.kameleoon.net/issues/18325> <p></p> ",Released,,10295199,Multi-factor Authentication,Tribe Developer,"_⭐ Admin & Engine Squad, 🎨 design needed, 🙂 Dev Tools Squad",2023-10-01,2023-12-14,,,,,,60,60,,,,,,,,,,,,,,,,,,,,,,,,,,,,,,,,,,60,60,,,,,,,,,,,,,,,,,,,,,,,,,,,,,,,,,,,,,,,,,,,,,,,,,,,,,,,,,,,,,,,,,,,,,Tribe Developer,
14637170,subfeature,2022-08-01 11:41:11 UTC,2023-10-25 08:39:25 UTC,User can turn on/off the MFA for his own account - Lot #4,"# 💁‍♂️ Problem\/Context ## **Description** As a **user**, I want to **enable\/disable MFA for my own account**\. ## Workaround No # 💡 Solution **Package** A\/B Testing \/ Personalization \/ Full stack **Scope** User setting page **User roles** - <p></p> **Design** In the **user setting page**, the **user** can: - Click on a button to activate\/deactivate the MFA feature for the current account only # 🎯 **Measuring Success** *To be defined* <p></p> --- <p></p> # 📄 Attached documents **Figma file**: optional \(paste link\) **Spec file**: optional \(paste link\) **Redmine ticket**: <https://project.kameleoon.net/issues/18327> <p></p> ",New idea,,10295199,Multi-factor Authentication,Tribe Developer,"🎨 design needed, 🙂 Dev Tools Squad",2024-10-01,2024-12-29,,,,,,60,60,,,,,,,,,,,,,,,,,,,,,,,,,,,,,,,,,,60,60,,,,,,,,,,,,,,,,,,,,,,,,,,,,,,,,,,,,,,,,,,,,,,,,,,,,,,,,,,,,,,,,,,,,,Tribe Developer,
14637257,subfeature,2022-08-01 11:48:44 UTC,2023-10-25 08:39:28 UTC,Ability to use another method -  user can change MFA method - Lot #4,"# 💁‍♂️ Problem\/Context ## **Description** As a **user**, I want to **change my MFA method to use another one**\. ## Workaround No # 💡 Solution **Package** A\/B Testing \/ Personalization \/ Full stack **Scope** User setting page **User roles** - <p></p> **Design** To be defined # 🎯 **Measuring Success** *To be defined* <p></p> --- <p></p> # 📄 Attached documents **Figma file**: optional \(paste link\) **Spec file**: optional \(paste link\) **Redmine ticket**: <https://project.kameleoon.net/issues/18329> <p></p> ",New idea,,10295199,Multi-factor Authentication,Tribe Developer,"🎨 design needed, 🙂 Dev Tools Squad",2024-10-01,2024-12-29,,,,,,60,60,,,,,,,,,,,,,,,,,,,,,,,,,,,,,,,,,,60,60,,,,,,,,,,,,,,,,,,,,,,,,,,,,,,,,,,,,,,,,,,,,,,,,,,,,,,,,,,,,,,,,,,,,,Tribe Developer,
14637294,subfeature,2022-08-01 11:51:43 UTC,2023-10-25 08:39:21 UTC,Ability to use another method - admin user can change MFA method for the entire company - Lot #3,"# 💁‍♂️ Problem\/Context ## **Description** As an **admin user**, I want to **change the MFA method used for the entire company**\. ## Workaround No # 💡 Solution **Package** A\/B Testing \/ Personalization \/ Full stack **Scope** Account setting **User roles** Admin **Design** To be defined # 🎯 **Measuring Success** *To be defined* <p></p> --- <p></p> # 📄 Attached documents **Figma file**: optional \(paste link\) **Spec file**: optional \(paste link\) **Redmine ticket**: <https://project.kameleoon.net/issues/18326> <p></p> ",New idea,,10295199,Multi-factor Authentication,Tribe Developer,"🎨 design needed, 🙂 Dev Tools Squad",2024-07-01,2024-09-30,,,,,,60,60,,,,,,,,,,,,,,,,,,,,,,,,,,,,,,,,,,60,60,,,,,,,,,,,,,,,,,,,,,,,,,,,,,,,,,,,,,,,,,,,,,,,,,,,,,,,,,,,,,,,,,,,,,Tribe Developer,
14637315,subfeature,2022-08-01 11:53:29 UTC,2023-10-25 08:39:47 UTC,Ability to use another method - Admin BO user can activate/deactivate a (paid) method for a customer - Lot #5,"# 💁‍♂️ Problem\/Context ## **Description** If it's a method with a dedicated pricing \(the SMS method\), as an **Admin BO user**, I want to **activate\/deactivate this specific method for a customer**\. ## Workaround No # 💡 Solution **Package** A\/B Testing \/ Personalization \/ Full stack **Scope** Admin BO \(account setting\) **User roles** Super admin **Design** To be defined # 🎯 **Measuring Success** *To be defined* <p></p> --- <p></p> # 📄 Attached documents **Figma file**: optional \(paste link\) **Spec file**: optional \(paste link\) **Redmine ticket**: <https://project.kameleoon.net/issues/18331> <p></p> ",New idea,,10295199,Multi-factor Authentication,Tribe Developer,"🎨 design needed, 🙂 Dev Tools Squad",2024-12-30,2025-06-30,,,,,,60,60,,,,,,,,,,,,,,,,,,,,,,,,,,,,,,,,,,60,60,,,,,,,,,,,,,,,,,,,,,,,,,,,,,,,,,,,,,,,,,,,,,,,,,,,,,,,,,,,,,,,,,,,,,Tribe Developer,
14793078,subfeature,2022-08-09 12:24:33 UTC,2023-11-10 17:05:08 UTC,VS Code Extension - Import one experiment command,"# 💁‍♂️ Problem/Context ## **Description** As a developer using the VS Code extension, I would like to import only one experiment of my choice.  ## Workaround Yes, by using the ""Import all"" command. ## **Project justification** **Project type** - Requested capability **Justification** The ""import all"" command is too heavy.  # 💡 Solution **Package** - **Scope** VS Code Extension **User roles** - **Design** - <p></p> --- <p></p> # 📄 Attached documents **Redmine ticket**: <https://project.kameleoon.net/issues/17652> <p></p>",Released,,14218979,VS Code Extension Version 3+,Tribe Developer,🙂 Dev Tools Squad,2022-08-22,2022-09-18,,,,,,,,,,,,,,,,,,,,,,,,,,,,,,,,,,,,,,,,,,,,,,,,,,,,,,,,,,,,,,,,,,,,,,,,,,,,,,,,,,,,,,,,,,,,,,,,,,,,,,,,,,,,,,,Tribe Developer,
14793164,subfeature,2022-08-09 12:28:27 UTC,2023-11-10 17:05:08 UTC,VS Code Extension - Import one personalization command,"# 💁‍♂️ Problem/Context ## **Description** As a developer using the VS Code extension, I would like to import only one personalization of my choice.  ## Workaround Yes, by using the ""Import all"" command. ## **Project justification** **Project type** - Requested capability **Justification** The ""import all"" command is too heavy.  # 💡 Solution **Package** - **Scope** VS Code Extension **User roles** - **Design** - <p></p> --- <p></p> # 📄 Attached documents **Redmine ticket**:[ <https://project.kameleoon.net/issues/17653>](https://project.kameleoon.net/issues/17653) <p></p>",Released,,14218979,VS Code Extension Version 3+,Tribe Developer,🙂 Dev Tools Squad,2022-08-22,2022-09-18,,,,,,,,,,,,,,,,,,,,,,,,,,,,,,,,,,,,,,,,,,,,,,,,,,,,,,,,,,,,,,,,,,,,,,,,,,,,,,,,,,,,,,,,,,,,,,,,,,,,,,,,,,,,,,,Tribe Developer,
14794807,feature,2022-08-09 13:27:48 UTC,2023-11-10 17:05:08 UTC,VS Code Extension Version 4+ (File architecture independence),# 💁‍♂️ Problem\/Context ## **Description** We would like the VS Code extension to be independent of the file naming conventions\. This will allow our teams to work with external partners like Optiphenix\. ## Workaround No ## **Project justification** **Project type** - Requested capability **Justification** Needed by Kameleoon # 💡 Solution **Package** A\/B Testing \/ Personalization \/ Full stack *\(only keep the right answer\)* **Scope** VS Code extension **User roles** - <p></p> **Design** - <p></p> # 🎯 **Measuring Success** *\-* <p></p> --- <p></p> # 📄 Attached documents **Figma file**: optional \(paste link\) **Spec file**: <https://docs.google.com/document/d/1x_9865uM7trRk8vHSN8GqCno8_wWnW7FyUYdiF2vrKs/edit> **Redmine ticket**: <https://project.kameleoon.net/issues/18231> <p></p> ,Released,,9564955,Other,Tribe Developer,🙂 Dev Tools Squad,2022-08-31,2022-12-23,,,,,,100,100,,,,,,,,,,,,5,,,,,,,,,,,,,,,,,Squad Dev Tools,,,,,100,20,,,,,,,,,3,100,,,,,,,,,,,,,,,,,3,100,,,,,,,,,,,,,,,,,,,,,,,,,,,,,,,,,,,,,,,,,Tribe Developer,
14799141,subfeature,2022-08-09 15:35:21 UTC,2023-11-10 17:05:08 UTC,VS Code Extension - Add a refresh button in the Kameleoon Campaigns view,# 💁‍♂️ Problem/Context ## **Description** Add a button to refresh the **Kameleoon Campaigns** view. [**https://code.visualstudio.com/api/ux-guidelines/views#view-actions**](https://code.visualstudio.com/api/ux-guidelines/views#view-actions) ## Workaround No ## **Project justification** **Project type** - New product concept or workflow **Justification** *-* # 💡 Solution **Package** A/B Testing / Personalization / Full stack **Scope** VS Code extension **User roles** All **Design** No # 🎯 **Measuring Success** *-* <p></p> --- <p></p> # 📄 Attached documents **Figma file**: optional (paste link) **Spec file**: optional (paste link) **Redmine ticket**: <https://project.kameleoon.net/issues/18039> <p></p>,Released,,14218979,VS Code Extension Version 3+,Tribe Developer,🙂 Dev Tools Squad,2022-09-05,2022-09-18,,,,,,,,,,,,,,,,,,,,,,,,,,,,,,,,,,,,,,,,,,,,,,,,,,,,,,,,,,,,,,,,,,,,,,,,,,,,,,,,,,,,,,,,,,,,,,,,,,,,,,,,,,,,,,,Tribe Developer,
14812788,feature,2022-08-10 09:41:12 UTC,2025-04-03 10:02:53 UTC,GraphQL API - Public Release,"# 💁‍♂️ Problem\/Context ## **Description** This ticket is about making the GraphQL API available for everyone \(Kameleoon teams and customers\)\. <span data-preserve-white-space></span> <p></p> Related tickets : <span data-preserve-white-space></span> - <https://project.kameleoon.net/issues/17679> <p></p> That includes the following tasks: - Build a documentation for the GraphQL API - Make sure there's no back holes \(like enabling FF without proper permission for your account\) - Make sure user access permission is property configured within GraphQL - Add proper weight limits \(Denis is working on this task\)\. <p></p> Important points : <span data-preserve-white-space></span> 1. It would be great to have a better quality documentation than the REST API\. In REST API there were lots of errors in documentation, fields named badly also \(poor design\)\. Customers complained about this\.  1. It has to be done without Jean\-Noël's involvement\. 1. We need to generate the documentation from the source code\. 1. As part of that project, [\@Yassin Hassan](https://kameleoon.slack.com/team/U034N93B9RV) should change the documentation engine\. ## Workaround Yes, the Automation API\. ## **Project justification** **Project type** - New product concept or workflow **Justification** Because we often have bugs in the REST API that are already fixed in GraphQL as GraphQL API is used by most of our internal services\. # 💡 Solution **Package** A\/B Testing \/ Personalization \/ Full stack **Scope** API **User roles** - <p></p> **Design** - <p></p> # 🎯 **Measuring Success** *I don't know\.* <p></p> --- <p></p> # 📄 Attached documents **Redmine ticket**: <https://project.kameleoon.net/issues/17679> <p></p> ",New idea,,31139411,Others,Tribe Developer,_⭐ Admin & Engine Squad,,,,,,,,80,80,,,,,,,,,,,,,,,,,,,,,,,,,,,,,Squad Dev Tools,,,,,80,80,,,,,,,,,,,,,,,,,,,,,,,,,,,,,,,,,,,,,,,,,,,,,,,,,,,,,,,,,,,,,,,,,,,,,Tribe Developer,
14817712,feature,2022-08-10 13:36:04 UTC,2024-02-06 09:27:29 UTC,Code Editor Pop Out,"# 💁‍♂️ Problem/Context ## **Description** As a user of the Code Editor, I would like to have my code editor in its own window.  This way, the code editor will be wider, without header and without the left navigation menu. This window will be synchronized with the ""main"" window.  <p></p> It is useful when coding with several screens.  <p></p> Example:  Connect to the product account ([product.kameleoon@gmail.com](mailto:product.kameleoon@gmail.com)) and put this in the console: ``` window.open(""https://back-office-redesign.kameleoon.com/abTest/codeEditor/168506"", ""mozillaWindow"", ""popup""); ``` ## Workaround Yes, simply open the code editor as usual. ## **Project justification** **Project type** - New product concept or workflow **Justification** Have a wider view of my code. # 💡 Solution **Package** A/B Testing  **Scope** Code editor **User roles** - **Design** Explain with bullet points what your solution consists in (make it synthetic) In the code editor, we add a button to make the code part pop-out # 🎯 **Measuring Success** *To be defined.* <p></p> --- <p></p> # 📄 Attached documents **Figma file**: optional (paste link) **Spec file**: optional (paste link) **Redmine ticket**: mandatory (paste link) <p></p>",New idea,,9564793,Developer editor,Mallaury Gruget,_⭐ Campaign Creation Squad,,,,,,,,20,,,,,,,,,,,,,,#1  - Frictionless experience,,,,,,,,,,,,,,,,Squad Dev Tools,,,,,10,10,,,,,,,,,,,,,,,,,,,,,,,,,,,,,,,,,,,,,,,,,,,,,,,,,,,,,,,,,,,,,,,,,,,,,Tribe Developer,
15077098,feature,2022-08-26 12:53:53 UTC,2025-07-08 10:12:06 UTC,Zeotap Integration,To be defined,New idea,,32146897,New integrations,Isabelle Ung,_⭐ Integrations Squad,,,,,,,,40,40,,,,,,,,,,,,,#2 - Needs of mature XP teams,,,,,,,,,,,,,,,,Squad Dev Tools,,,,,40,40,,,,,,,,,,,,,,,,,,,,,,,,,,,,,,,,,,,,,,,,,,,,,,,,,,,,,,,,,,,,,,,,,,,,,Tribe Developer,
15122069,feature,2022-08-30 15:51:31 UTC,2023-03-06 15:30:12 UTC,Engine last rebuild date in app,"# 💁‍♂️ Problem\/Context ## **Description** When users are doing changes in production, a request is sent to start rebuilding the kameleoon\.js script, to update the CDN with the last version of kameleoon\.js\. <span data-preserve-white-space></span> <p></p> The problem is that users can't see anything from this process\. They don't know if the process started or if script has finished rebuilding\. <span data-preserve-white-space></span> <p></p> So the goal here is to provide the user more information like the ""last rebuild done"" so they will know if their script is updated\. <p></p> ## Solution We are now displaying the last rebuild date in the project page\. ![](https://pb-files.s3.amazonaws.com/production/attachments/4efbf77c0b5f4f35cf30eb56a76087be63320bf4f1ec7c74b80275d39e9b8c9f/image.png) ## Workaround No\. ## **Project justification** **Project type** - Requested capability **Justification** I think customers are complaining about this, or at least it can help our consultants in providing a better support to our customers\. # 💡 Solution **Package** A\/B Testing \/ Personalization **Scope** To be defined **User roles** All **Design** To be defined # 🎯 **Measuring Success** To be defined <p></p> --- <p></p> # 📄 Attached documents **Figma file**: optional \(paste link\) **Spec file**: optional \(paste link\) **Redmine ticket**: <https://project.kameleoon.net/issues/18239> <p></p> ",Released,,9564793,Developer editor,Tribe Developer,🙂 Dev Tools Squad,2022-10-03,2023-02-19,,,,,,,,,,,,,,,,,,,,,,,,,,,,,,,,,,,,Squad Dev Tools,,,,,,,,,,,,,,,,,,,,,,,,,,,,,,,,,,,,,,,,,,,,,,,,,,,,,,,,,,,,,,,,,,,,,,,,,,,Tribe Developer,
15130814,subfeature,2022-08-31 04:18:18 UTC,2022-09-16 04:28:27 UTC,New overlay (right menu) design,"",Released,,13895239,Rollout Planner v2,Tribe Developer,🙂 FF/SDK Squad,,,,,,,,,,,,,,,,,,,,,,,,,,,,,,,,,,,,,,Squad FM&E,,,,,,,,,,,,,,,,,,,,,,,,,,,,,,,,,,,,,,,,,,,,,,,,,,,,,,,,,,,,,,,,,,,,,,,,,,,,
15130820,subfeature,2022-08-31 04:20:28 UTC,2022-11-15 17:32:49 UTC,New rule card design,"",Released,,13895239,Rollout Planner v2,Tribe Developer,🙂 FF/SDK Squad,,,,,,,,,,,,,,,,,,,,,,,,,,,,,,,,,,,,,,Squad FM&E,,,,,,,,,,,,,,,,,,,,,,,,,,,,,,,,,,,,,,,,,,,,,,,,,,,,,,,,,,,,,,,,,,,,,,,,,,,,
15133280,subfeature,2022-08-31 08:28:04 UTC,2022-10-13 15:24:24 UTC,Engine - Sending queue messages,"For the engine part, we have two options: - Option 1 : The rebuild is successful \(we have a success status\), then we send a message in the queue \( `queue-kameleoon-js-file-ms` \) containing the sitecode\. This is what we are currently doing : we send a message \( through `queue-kameleoon-js-file-ms` \) to notify the CDN to purge the cache\. This action is triggered when the rebuild is successful\. - Option 2 : The rebuild respond with an OK\/KO status, then the engine will create a new queue \(like `queue-kameleoon-rebuild-status` \) and send an object containing the sitecode and the status\. This is what we can do if we would like to send a status with the sitecode, so this queue will be triggered whether the rebuild is successful or not \(compare to the `queue-kameleoon-js-file-ms` queue that is triggered only when the rebuild is successful, this is why there's no status in it\)\. <p></p> <https://project.kameleoon.net/issues/18489> ",Rejected,,15122069,Engine last rebuild date in app,Tribe Developer,🙂 Dev Tools Squad,2022-10-03,2022-10-16,,,,,,,,,,,,,,,,,,,,,,,,,,,,,,,,,,,,,,,,,,,,,,,,,,,,,,,,,,,,,,,,,,,,,,,,,,,,,,,,,,,,,,,,,,,,,,,,,,,,,,,,,,,,,,,Tribe Developer,
15133314,subfeature,2022-08-31 08:31:19 UTC,2022-11-03 13:26:16 UTC,Backend - Saving queue objects in the database,"On the backend side, we wait for the queue objects, and save them using the sitecode associated with the data as an array containing the date \(or the status in the case of option 2\)\. <p></p> Done the same time as ADMIN BO\. <p></p> <https://project.kameleoon.net/issues/18240> [<https://project.kameleoon.net/issues/18309>](https://project.kameleoon.net/issues/18240) ",Released,,15122069,Engine last rebuild date in app,Tribe Developer,🙂 Dev Tools Squad,2022-10-03,2022-10-16,,,,,,,,,,,,,,,,,,,,,,,,,,,,,,,,,,,,,,,,,,,,,,,,,,,,,,,,,,,,,,,,,,,,,,,,,,,,,,,,,,,,,,,,,,,,,,,,,,,,,,,,,,,,,,,Tribe Developer,
15133320,subfeature,2022-08-31 08:32:26 UTC,2023-04-24 14:54:32 UTC,App - Changing the GraphQL query and displaying the data,"On the app, we need to add extra field in the existing graphql query and display the data on the page\. <p></p> <https://project.kameleoon.net/issues/18241> [<https://project.kameleoon.net/issues/18834>](https://project.kameleoon.net/issues/18241) ",Released,,15122069,Engine last rebuild date in app,Tribe Developer,"🎨 design needed, 🙂 Dev Tools Squad",2022-12-04,2022-12-31,,,,,,,,,,,,,,,,,,,,,,,,,,,,,,,,,,,,,,,,,,,,,,,,,,,,,,,,,,,,,,,,,,,,,,,,,,,,,,,,,,,,,,,,,,,,,,,,,,,,,,,,,,,,,,,Tribe Developer,
15140957,feature,2022-08-31 15:39:47 UTC,2025-07-08 10:17:53 UTC,Endpoint bridge - Kameleoon pushing data through a customer's endpoint,"# 💁‍♂️ Problem/Context ## **Description** The idea is to allow the customer to provide an endpoint (it can be in the integrations page, for example) that Kameleoon will use to push data continuously.  So the customers won't have to ask us to do it, they will just do it by themselves providing their endpoint in the app (BO).  ## Workaround No, except setting everything manually, customer by customer.  ## **Project justification** **Project type** - Requested capability **Justification** We had the discussion with JusBrasil, and this can be a very requested feature in the future, considering the use of server side experiments.  # 💡 Solution **Package** A/B Testing **Scope** Integration page **User roles** All **Design** To be defined # 🎯 **Measuring Success** To be defined <p></p> --- <p></p> # 📄 Attached documents **Figma file**: optional (paste link) **Spec file**: optional (paste link) **Redmine ticket**: mandatory (paste link) <p></p>",New idea,,9564652,Common integrations,Isabelle Ung,"_⭐ Integrations Squad, #VOC2",,,,,,,,80,80,,,,,,,,,,,,,#2 - Needs of mature XP teams,,,,,,,,,,,,,,,,Squad Dev Tools,,,,,80,80,,,,,,,,,,,,,,,,,,,,,,,,,,,,,,,,,,,,,,,,,,,,,,,,,,,,,,,,,,,,,,,,,,,,,Tribe Developer,
15156987,feature,2022-09-01 12:24:08 UTC,2024-05-14 09:45:50 UTC,Enhancements to the Audiences Explorer export function,<https://project.kameleoon.net/issues/17763>,Development in progress,,9564706,Audiences,Tribe Marketers,"Audience, rep_deprecated, _⭐ Reporting Squad",2024-08-15,2024-11-14,,,,,,,,,,,,,,,,,,,,,,,,,,,,,,,,,,,,Squad Data,,,,,,,,,,,,,,,,,,,,,,,,,,,,,,,,,,,,,,,,,,,,,,,,,,,,,,,,,,,,,,,,,,,,,,,,,,,Tribe Marketers,
15174376,feature,2022-09-02 10:06:44 UTC,2025-07-08 10:17:51 UTC,Live streaming/debugging,<https://flagship.zendesk.com/hc/en-us/articles/4679229678748--Verifying-your-hit-setup> <p></p> ,New idea,,9564652,Common integrations,Isabelle Ung,"_⭐ Integrations Squad, #VOC2",,,,,,,,60,60,,,,,,,,,,,,,#1  - Frictionless experience,,,,,,,,,,,,,,,,Squad Dev Tools,,,,,60,60,,,,,,,,,,,,,,,,,,,,,,,,,,,,,,,,,,,,,,,,,,,,,,,,,,,,,,,,,,,,,,,,,,,,,Tribe Developer,
15234137,feature,2022-09-07 08:53:18 UTC,2022-10-06 07:58:10 UTC,Audiences - Share URL enhancements,"",Released,,9564706,Audiences,Tribe Marketers,"Audience, _⭐ Reporting Squad",2022-07-01,2022-09-27,,,,,,,,,,,,,,,,,,,,,,,,,,,,,,,,,,,,Squad Data,,,,,,,,,,,,,,,,,,,,,,,,,,,,,,,,,,,,,,,,,,,,,,,,,,,,,,,,,,,,,,,,,,,,,,,,,,,Tribe Marketers,
15251315,feature,2022-09-07 22:22:16 UTC,2023-01-03 10:32:25 UTC,Major widgets enhancements,"",Released,,12429128,Core,Fabien DIMEGLIO,seminar,2022-07-03,2022-10-13,,,,,,,,,,,,,,,,,,,,,,,,,,,,,,,,,,,,Squad Perso,,,,,,,,,,,,,,,,,,,,,,,,,,,,,,,,,,,,,,,,,,,,,,,,,,,,,,,,,,,,,,,,,,,,,,,,,,,,
15309936,feature,2022-09-12 12:58:17 UTC,2024-01-30 15:47:03 UTC,Hightouch Integration,"# 💁‍♂️ Problem/Context ## **Description** Describe the problem you are trying to solve. Ex: ""As a developer, when I want to do ..., I get the following problems."" <p></p> <https://hightouch.com/> <https://hightouch.com/blog/announcing-the-custom-destination-toolkit-build-your-own-destination-in-minutes/> <https://hightouch.com/docs/destinations/http-request/> ## Workaround No ## **Project justification** **Project type** - Requested capability **Justification** Requested by New Relic # 💡 Solution **Package** A/B Testing / Personalization / Full stack *(only keep the right answer)* **Scope** Product section and pages that will evolve (on the contrary, you can specify what is out of scope) **User roles** Roles (admin / super admin / marketing / production / technical / all) that will benefit from this project **Design** Explain with bullet points what your solution consists in (make it synthetic) In page X, we add ... On click, ... Optionally, paste images of the solution here (or paste Figma link) <p></p> --- <p></p> # 📄 Attached documents **Figma file**: optional (paste link) **Spec file**: optional (paste link) **Redmine ticket**: mandatory (paste link) <p></p>",Released,,9564652,Common integrations,Tribe Developer,🙂 Dev Tools Squad,,,,,,,,40,40,,,,,,,,,,,,,,,,,,,,,,,,,,,,,Squad Dev Tools,,,,,40,40,,,,,,,,,,,,,,,,,,,,,,,,,,,,,,,,,,,,,,,,,,,,,,,,,,,,,,,,,,,,,,,,,,,,,Tribe Developer,
15332687,subfeature,2022-09-13 14:40:47 UTC,2023-11-10 17:05:08 UTC,VS Code Extension - Migration of gulp-tasks to VS Code extention,<https://project.kameleoon.net//issues/18245> ,Released,,14794807,VS Code Extension Version 4+ (File architecture independence),Tribe Developer,🙂 Dev Tools Squad,2022-09-19,2022-10-02,,,,,,,,,,,,,,,,,,,,,,,,,,,,,,,,,,,,,,,,,,,,,,,,,,,,,,,,,,,,,,,,,,,,,,,,,,,,,,,,,,,,,,,,,,,,,,,,,,,,,,,,,,,,,,,Tribe Developer,
15345131,subfeature,2022-09-14 09:07:21 UTC,2022-11-03 12:49:24 UTC,Internal BO Admin Redesign V3,- Customer deletion - A lot of backend changes - Cleaning up project options - Last script rebuild date and status <p></p> ![](https://pb-files.s3.amazonaws.com/production/attachments/1daffc2087b8600f1f8aa7a16193d4d422c826fbd883ce35d5e0bcafb1ddd52e/image.png) <p></p> <p></p> <https://project.kameleoon.net//issues/18095> ,Released,,9511314,Internal BO Admin Redesign,Tribe Developer,🙂 Dev Tools Squad,2022-09-14,2022-11-02,,,,,,,,,,,,,,,,,,,,,,,,,,,,,,,,,,,,,,,,,,,,,,,,,,,,,,,,,,,,,,,,,,,,,,,,,,,,,,,,,,,,,,,,,,,,,,,,,,,,,,,,,,,,,,,Tribe Developer,
15345372,feature,2022-09-14 09:17:19 UTC,2023-03-02 15:18:43 UTC,Clarity Integration,"# 💁‍♂️ Problem\/Context ## **Description** We have a prospect that don't want to use Hotjar, we had to propose an alternative\. Clarity could be the right alternative to them\. So, we might need to build an integration with it\. <span data-preserve-white-space></span> <p></p> <https://clarity.microsoft.com/> <https://docs.microsoft.com/en-us/clarity/> <https://learn.microsoft.com/en-us/clarity/clarity-api#add-custom-tags> ## Workaround Yes, maybe by using custom analytics\. ## **Project justification** **Project type** - Requested capability **Justification** For prospects AB Tasty has a partnership with Microsoft <https://learn.microsoft.com/en-us/clarity/abtasty-integration> # 💡 Solution **Package** A\/B Testing \/ Personalization \/ Full stack **Scope** integrations **User roles** - <p></p> **Design** - <p></p> <span data-preserve-white-space></span>   --- <p></p> # 📄 Attached documents **Figma file**: optional \(paste link\) **Spec file**: optional \(paste link\) **Redmine ticket**: <https://project.kameleoon.net/issues/20116> <span data-preserve-white-space></span>      ",Released,,9564652,Common integrations,Tribe Developer,🙂 Dev Tools Squad,2023-02-01,2023-02-28,,,,,,40,40,,,,,,,,,,,,,,,,,,,,,,,,,,,,,Squad Dev Tools,,,,,40,40,,,,,,,,,,,,,,,,,,,,,,,,,,,,,,,,,,,,,,,,,,,,,,,,,,,,,,,,,,,,,,,,,,,,,Tribe Developer,
15366705,feature,2022-09-15 08:23:48 UTC,2022-11-10 06:49:36 UTC,POEditor migration,[https:\/\/project\.kameleoon\.net\/issues\/18156       ](https://project.kameleoon.net/issues/18156)Migration old pages from POEditor to Polyglot localization service\.   Impacted pages: legacy BO pages and editor pages ,Released,,6783364,"Data, Common  & Infrastructure",Tribe Marketers,_⭐ Reporting Squad,2022-09-17,2022-11-03,,,,,,,,,,,,,,,,,,,,,,,,,,,,,,,,,,,,Squad Data,,,,,,,,,,,,,,,,,,,,,,,,,,,,,,,,,,,,,,,,,,,,,,,,,,,,,,,,,,,,,,,,,,,,,,,,,,,Tribe Marketers,
15385043,feature,2022-09-16 04:29:45 UTC,2025-03-12 15:27:18 UTC,Forced SDK Decision method for testing and debugging,"**Overview:**   The Forced SDK Decision feature empowers developers to test and debug various application flows by overriding standard variation assignment\. <span data-preserve-white-space></span> It will allow developers to force specific users into predetermined variations, helping with  experiment setup and debugging processes without using the Kameleoon app\. <span data-preserve-white-space></span> <p></p> **Key Benefits:** - **Controlled Testing:** Precisely manage which variation users experience, ideal for troubleshooting and validating experiments\. - **Enhanced Debugging:** Simplify debugging by forcing decisions at the SDK level, allowing quick identification of potential issues\. - **Customizable Flow:** Modify or remove forced decisions as needed, ensuring flexibility during testing\. <p></p> **Use Cases:** - Validating experiment setup before full rollout\. - Debugging user flows in development or production environments\. - Isolating specific variations for testing with specific user groups\. <p></p> <p></p> <p></p> ",Released,,9564877,SDKs,Tribe Developer,"_⭐ Feature Experimentation Squad, 🙂 FF/SDK Squad",2023-02-01,2023-03-01,,,,,,,,,,,,,,,,,,,,,,,,,,,,,,,,,,,,Squad FM&E,,,,,,,,,,,,,,,,,,,,,,,,,,,,,,,,,,,,,,,,,,,,,,,,,,,,,,,,,,,,,,,,,,,,,,,,,,,,
15416900,feature,2022-09-19 16:12:14 UTC,2023-12-11 10:27:33 UTC,Exclusive Targeting conditions,"- **Targeted Feature Flags:** Include or exclude visitors already targeted by another feature flag - **Targeted Web Experiment:** Include or exclude visitors already targeted by a web experiment\. - **Exclusive Feature Flag:** Includes only the users who are not already included in any active feature flag, web experiment, or both\. - **App version:** Target users based on the version of their mobile app\.  <p></p> ",Released,,9564875,Feature Management & Experimentation (FM&E),Tribe Developer,🙂 FF/SDK Squad,2023-09-01,2023-11-30,,,,,,,,,,,,,,,,,,,,,,,,,,,,,,,,,,,,Squad FM&E,,,,,,,,,,,,,,,,,,,,,,,,,,,,,,,,,,,,,,,,,,,,,,,,,,,,,,,,,,,,,,,,,,,,,,,,,,,,
15430587,subfeature,2022-09-20 12:01:48 UTC,2024-05-14 09:45:51 UTC,Audiences PDF exports enhancements,"",In progress (deprecated),,15156987,Enhancements to the Audiences Explorer export function,Tribe Data Analysts,"rep_deprecated, _⭐ Reporting Squad",2023-02-02,2023-08-24,,,,,,,,,,,,,,,,,,,,,,,,,,,,,,,,,,,,,,,,,,,,,,,,,,,,,,,,,,,,,,,,,,,,,,,,,,,,,,,,,,,,,,,,,,,,,,,,,,,,,,,,,,,,,,,Tribe Data Analysts,
15431228,feature,2022-09-20 12:33:00 UTC,2023-01-06 18:03:05 UTC,Collective actions on Dashboard pages,"<p></p> ## 💁‍♂️ Problem\/Context **Description:** As a BO user, I would like to make a multiple selection of experiments or personalizations , in order to apply actions to all elements at the same time <p></p> *Improve the “select all” behaviour available on our experiments or personalizations pages\. Currently, only the elements displayed in frontend are selected\. The enhancement will enable to select all elements from backend \/ in database\. Finally, users will save time by applying an action to multiple items at once\.* <u>List of actions:</u> manage tags, export, archive, delete <p></p> \-\-\-\-\-\-\-\-— - **Existing workaround:** Yes - **Workaround Description:** You can select all elements displayed on the front \(around 20\), and repeat the action until all elements selected **Project justification:** - **Project type:** Requested capability \(existing customers or prospects\) - **Justification:** 2 insights one of which was critical request from 2021 in productboard > Selecting multiple Perso and A\/B test to perform group actions:Pause \/ Put online \/ Stopped \/ Delete \/ tag A select all button when I have a filterOne click to perform a lot of actions ## 💡 Solution - **Product package:** Full stack - **Product scope:** On the BO *experiments* dashboard , On the BO *personalizations* dashboard - **User roles**: All - **Design:** Steps of the solution <span data-preserve-white-space></span>     - We can access on *experiments* dashboard or *personalizations*       <span data-preserve-white-space></span> dashboard     - On the right side of each element, there is a 3 dots button     - On click, we have access to a checkbox and several options     - We can do one of the actions, on all experiments\/*personalizations*       <span data-preserve-white-space></span> selected \( manage tags, export, archive, delete\)     - We can make the selection: individually, for several items, or for all items \(not only in the front\) <p></p> ## 🎯 **Measuring Success** - **Goal 1:** satisfaction\/ allows user to select all items as indicated on the actions “select all” - **Success metric:** Satisfaction of customers with this feature --- ## 📄 Attached documents - **Figma file**: Processus: [https:\/\/www\.figma\.com\/file\/3EbufFaJxocU3yT3DR5V8E\/16376\-\-\-Collective\-actions\-\-\-A%2FB\-%26\-Perso?node\-id=0%3A1](https://www.figma.com/file/3EbufFaJxocU3yT3DR5V8E/16376---Collective-actions---A%2FB-%26-Perso?node-id=0%3A1) Mockups :[https:\/\/www\.figma\.com\/file\/vdgg7i8lgVkQuYsApdCO7P\/16376\-\-\-Collective\-actions\-\-\-A%2FB\-%26\-Perso](https://www.figma.com/file/vdgg7i8lgVkQuYsApdCO7P/16376---Collective-actions---A%2FB-%26-Perso) - **Spec file**: None - **Redmine ticket**: [https:\/\/project\.kameleoon\.net\/issues\/15080](https://project.kameleoon.net/issues/16376) <p></p> ",Released,(Releases) Q4 2022,13286445,Common APP,Tribe Marketers,"🙂 Interface squad, N&D, seminar",2022-10-01,2022-12-31,,,,,,,,,,,,,,,,,,,,,,,,,,,,,,,,,,,,Squad Interfaces,,,,,,,,,,,,,,,,,,,,,,,,,,,,,,,,,,,,,,,,,,,,,,,,,,,,,,,,,,,,,,,,,,,,,,,,,,,,
15433601,feature,2022-09-20 14:19:22 UTC,2023-01-06 18:04:54 UTC,New KPI for Revenue per Visit/Visitor,"## 💁‍♂️ Problem\/Context <u>**Description:**</u> Analyst users heavily rely on the Revenue per visit \/ visitor to measure the success of a campaign\. The current problem is that this KPI isn't available in the results pages, so they have to perform their own calculation \- but it's not convenient and makes them lose time\. <p></p> - **Existing workaround:** Yes - **Workaround description:** Use the Revenue and the Number of visits \/ visitors to perform the calculation on your own <span data-preserve-white-space></span> <p></p> <u>**Project justification:**</u> - **Project type:** Requested capability - **Justification:** Recurring requests from consultants and customers ## 💡 Solution - **Product package:** A\/B Testing \/ Personalization - **Product scope:** Experiments and Personalizations reporting pages - **User roles**: Roles \(admin \/ super admin \/ marketing \/ production \/ technical \/ all\) that will benefit from this project - **Design:**     - In Experiments and Personalizations reporting pages, on goals blocks \(each time a goal contains a Revenue attribute\), add a column ""Revenue per visit"" \(or ""Revenue per visitor"", depending on the data view the user chose at the top of the page\)\.     - Calculation is the following: Revenue \/ Number of visits \(or Revenue \/ Number of visitors\) ## 🎯 **Measuring Success** - **Impacted input metric:** <span data-preserve-white-space></span>     - Number of KPIs used within a live campaign <p></p> --- ## 📄 Attached documents - **Redmine ticket**: <https://project.kameleoon.net/issues/18305> <p></p> ",Released,,9564643,Data & RP,Tribe Marketers,_⭐ Reporting Squad,2022-09-27,2022-12-08,,,,,,,,,,,,,,,,,,,,,,,,,,,,,,,,,,,,Squad Data,,,,,,,,,,,,,,,,,,,,,,,,,,,,,,,,,,,,,,,,,,,,,,,,,,,,,,,,,,,,,,,,,,,,,,,,,,,Tribe Marketers,
15465941,feature,2022-09-22 08:11:16 UTC,2022-09-22 08:13:23 UTC,Goals API - processConversion enhancements,<p></p> ,Candidate,,9564643,Data & RP,Tribe Data Analysts,_⭐ Reporting Squad,,,,,,,,,,,,,,,,,,,,,,,,,,,,,,,,,,,,,,Squad Data,,,,,,,,,,,,,,,,,,,,,,,,,,,,,,,,,,,,,,,,,,,,,,,,,,,,,,,,,,,,,,,,,,,,,,,,,,,Tribe Marketers,
15475242,feature,2022-09-22 15:33:20 UTC,2025-07-08 09:48:12 UTC,Login with Google button,"# 💁‍♂️ Problem\/Context ## **Description** Use your Google account to log in\. <span data-preserve-white-space></span> ## Workaround Yes, username \+ password <span data-preserve-white-space></span> ## **Project justification** **Project type** - Requested capability **Justification** *\-* # 💡 Solution **Package** A\/B Testing \/ Personalization \/ Full stack **Scope** Log in page **User roles** All **Design** You click on the ""Continue with Google"" button, if a Kameleoon account matches your Google email address, you're logged in\. # 🎯 **Measuring Success** *\-* <p></p> --- <p></p> # 📄 Attached documents **Figma file**: [https:\/\/www\.figma\.com\/file\/7fEKk9BL3f12ciubAYNpQS\/US\-\-\-Google\-Button?node\-id=71%3A1497](https://www.figma.com/file/7fEKk9BL3f12ciubAYNpQS/US---Google-Button?node-id=71%25253A1497) **Spec file**: optional \(paste link\) **Redmine ticket**: <https://project.kameleoon.net/issues/18349> <span data-preserve-white-space></span>  <span data-preserve-white-space></span> <p></p> ",Released,,6783364,"Data, Common  & Infrastructure",Yassin Hassan,"🎨 design needed, 🙂 Dev Tools Squad",2022-10-01,2022-11-14,,,,,,40,100,,,,,,,,,,,,,,,,,,,,,,,,,,,,,Squad Dev Tools,,,,,70,70,,,,,,,,,,,,,,,,,,,,,,,,,,,,,,,,,,,,,,,,,,,,,,,,,,,,,,,,,,,,,,,,,,,,,Tribe Developer,
15510971,feature,2022-09-26 06:45:57 UTC,2022-11-15 14:41:49 UTC,Updating the Amplitude integration to the new SDK,<https://project.kameleoon.net/issues/18385> ,Released,,9564652,Common integrations,Tribe Developer,🙂 Dev Tools Squad,2022-09-21,2022-11-03,,,,,,,,,,,,,,,,,,,,,,,,,,,,,,,,,,,,Squad Dev Tools,,,,,,,,,,,,,,,,,,,,,,,,,,,,,,,,,,,,,,,,,,,,,,,,,,,,,,,,,,,,,,,,,,,,,,,,,,,Tribe Developer,
15512989,feature,2022-09-26 08:32:19 UTC,2025-04-03 09:58:41 UTC,Enrich features of our Product API,<https://project.kameleoon.net/issues/18332> ,Candidate,,31139434,Engine,Tribe Developer,_⭐ Admin & Engine Squad,,,,,,,,60,60,,,,,,,,,,,,,,,,,,,,,,,,,,,,,Squad Dev Tools,,,,,60,60,,,,,,,,,,,,,,,,,,,,,,,,,,,,,,,,,,,,,,,,,,,,,,,,,,,,,,,,,,,,,,,,,,,,,Tribe Developer,
15540139,feature,2022-09-27 13:11:35 UTC,2022-09-27 13:11:42 UTC,Results page - Make URLs in Tags and Description clickable,"",Planned,,6783364,"Data, Common  & Infrastructure",Tribe Data Analysts,"",,,,,,,,,,,,,,,,,,,,,,,,,,,,,,,,,,,,,,Squad Data,,,,,,,,,,,,,,,,,,,,,,,,,,,,,,,,,,,,,,,,,,,,,,,,,,,,,,,,,,,,,,,,,,,,,,,,,,,,
15559644,subfeature,2022-09-28 09:12:05 UTC,2022-09-28 09:13:32 UTC,Custom page elements layout,"",New idea,,10887350,Reporting page Update - Lot 1,Tribe Marketers,_⭐ Reporting Squad,,,,,,,,,,,,,,,,,,,,,,,,,,,,,,,,,,,,,,Squad Data,,,,,,,,,,,,,,,,,,,,,,,,,,,,,,,,,,,,,,,,,,,,,,,,,,,,,,,,,,,,,,,,,,,,,,,,,,,Tribe Marketers,
15559673,subfeature,2022-09-28 09:13:51 UTC,2022-09-28 09:14:06 UTC,Create and save custom charts,"",New idea,,10887350,Reporting page Update - Lot 1,Tribe Marketers,_⭐ Reporting Squad,,,,,,,,,,,,,,,,,,,,,,,,,,,,,,,,,,,,,,,,,,,,,,,,,,,,,,,,,,,,,,,,,,,,,,,,,,,,,,,,,,,,,,,,,,,,,,,,,,,,,,,,,,,,,,,,,Tribe Marketers,
15559685,subfeature,2022-09-28 09:14:35 UTC,2022-10-04 12:41:38 UTC,Kameleoon takeaway,"",New idea,,10887350,Reporting page Update - Lot 1,Tribe Marketers,_⭐ Reporting Squad,,,,,,,,,,,,,,,,,,,,,,,,,,,,,,,,,,,,,,,,,,,,,,,,,,,,,,,,,,,,,,,,,,,,,,,,,,,,,,,,,,,,,,,,,,,,,,,,,,,,,,,,,,,,,,,,,Tribe Marketers,
15560033,subfeature,2022-09-28 09:36:38 UTC,2022-11-10 13:40:38 UTC,Create Views on the results pages,"",New idea,,10887350,Reporting page Update - Lot 1,Tribe Marketers,_⭐ Reporting Squad,,,,,,,,,,,,,,,,,,,,,,,,,,,,,,,,,,,,,,,,,,,,,,,,,,,,,,,,,,,,,,,,,,,,,,,,,,,,,,,,,,,,,,,,,,,,,,,,,,,,,,,,,,,,,,,,,Tribe Marketers,
15591005,subfeature,2022-09-29 16:08:30 UTC,2022-12-15 14:32:28 UTC,Internal BO Admin Redesign V4,1. Rebuild kameleoon\.js scripts for site codes : \<input for site codes list\> 1. Rebuild kameleoon\.js scripts for all customers 1. Rebuild kameleoon\.js scripts for customers with products : \<list of products checkboxes\> <https://project.kameleoon.net/issues/18898> <p></p> ,Released,,9511314,Internal BO Admin Redesign,Tribe Developer,🙂 Dev Tools Squad,2022-11-14,2022-12-15,,,,,,40,60,,,,,,,,,,,,,,,,,,,,,,,,,,,,,,,,,,50,50,,,,,,,,,,,,,,,,,,,,,,,,,,,,,,,,,,,,,,,,,,,,,,,,,,,,,,,,,,,,,,,,,,,,,Tribe Developer,
15654588,subfeature,2022-10-04 09:19:52 UTC,2022-10-04 09:20:23 UTC,Be able to switch from one currency to another,"",New idea,,10887350,Reporting page Update - Lot 1,Tribe Marketers,_⭐ Reporting Squad,,,,,,,,,,,,,,,,,,,,,,,,,,,,,,,,,,,,,,,,,,,,,,,,,,,,,,,,,,,,,,,,,,,,,,,,,,,,,,,,,,,,,,,,,,,,,,,,,,,,,,,,,,,,,,,,,,
15659874,subfeature,2022-10-04 12:02:48 UTC,2024-11-14 16:50:21 UTC,Time left indicator,Users want information of the estimated remaining time for their experiment to  know when to stop it or if the results are meaningful yet or not ,Development in progress,,25088853,Reporting page Update - Lot 2,Calixthe Mattei,_⭐ Reporting Squad,,,,,,,,,,,,,,,,,,,,,,,,,,,,,,,,,,,,,,,,,,,,,,,,,,,,,,,,,,,,,,,,,,,,,,,,,,,,,,,,,,,,,,,,,,,,,,,,,,,,,,,,,,,,,,,,,,
15661987,feature,2022-10-04 13:30:26 UTC,2022-10-04 13:31:17 UTC,Export global indicators on all campaigns' overall performance,"",New idea,,9564643,Data & RP,Tribe Marketers,_⭐ Reporting Squad,,,,,,,,,,,,,,,,,,,,,,,,,,,,,,,,,,,,,,Squad Data,,,,,,,,,,,,,,,,,,,,,,,,,,,,,,,,,,,,,,,,,,,,,,,,,,,,,,,,,,,,,,,,,,,,,,,,,,,,
15662112,subfeature,2022-10-04 13:34:51 UTC,2024-03-18 13:31:15 UTC,Campaign's insights PDF export,"",Planned,,25088853,Reporting page Update - Lot 2,Tribe Data Analysts,_⭐ Reporting Squad,,,,,,,,,,,,,,,,,,,,,,,,,,,,,,,,,,,,,,,,,,,,,,,,,,,,,,,,,,,,,,,,,,,,,,,,,,,,,,,,,,,,,,,,,,,,,,,,,,,,,,,,,,,,,,,,,,
15663241,subfeature,2022-10-04 14:18:52 UTC,2022-10-04 14:25:02 UTC,Device notifications alerting,"",New idea,,10887350,Reporting page Update - Lot 1,Tribe Marketers,_⭐ Reporting Squad,,,,,,,,,,,,,,,,,,,,,,,,,,,,,,,,,,,,,,,,,,,,,,,,,,,,,,,,,,,,,,,,,,,,,,,,,,,,,,,,,,,,,,,,,,,,,,,,,,,,,,,,,,,,,,,,,Tribe Marketers,
15665192,subfeature,2022-10-04 15:35:40 UTC,2024-03-18 13:31:13 UTC,Charts annotations,"",Planned,,25088853,Reporting page Update - Lot 2,Tribe Data Analysts,"",,,,,,,,,,,,,,,,,,,,,,,,,,,,,,,,,,,,,,,,,,,,,,,,,,,,,,,,,,,,,,,,,,,,,,,,,,,,,,,,,,,,,,,,,,,,,,,,,,,,,,,,,,,,,,,,,,
15724443,feature,2022-10-07 09:24:20 UTC,2022-10-07 09:27:29 UTC,Installation page > wording enhancements for cross domain,"Enhance the wording of the cross domain option that could be misleading\. <p></p> ![](https://pb-files.s3.amazonaws.com/production/attachments/26750035ab47629205f478425a33ea6050484810ee8911bf19f57970b0ea5cb6/image.png) ![](https://files.slack.com/files-pri/T0392603X-F045DM80C0M/screenshot_2022-10-06_at_15.11.43.png) Indeed, users will always have the temptation to choose ""Yes"" \(see the details sent by Aurélie Pépin in the Insights section\) <p></p> ",New idea,,9973300,Sites,Fabien DIMEGLIO,"",,,,,,,,,,,,,,,,,,,,,,,,,,,,,,,,,,,,,,,,,,,,,,,,,,,,,,,,,,,,,,,,,,,,,,,,,,,,,,,,,,,,,,,,,,,,,,,,,,,,,,,,,,,,,,,,,,
15754672,subfeature,2022-10-10 13:00:49 UTC,2022-12-14 16:06:33 UTC,New KPI for Number of Pages Viewed,"",New idea,,10887350,Reporting page Update - Lot 1,Tribe Marketers,_⭐ Reporting Squad,,,,,,,,,,,,,,,,,,,,,,,,,,,,,,,,,,,,,,,,,,,,,,,,,,,,,,,,,,,,,,,,,,,,,,,,,,,,,,,,,,,,,,,,,,,,,,,,,,,,,,,,,,,,,,,,,Tribe Marketers,
15756615,feature,2022-10-10 14:16:03 UTC,2023-04-05 08:13:44 UTC,Activity Log for Feature Flags,"## 🚀 Feature Summary **Activity Logs** will effectively maintain a track of all Kameleoon user activities pertaining to Feature Flags that happened within a customer's account\. Users' activity will be logged automatically for any **creation**, **toggling**, **deletion**, or **editing** actions performed inside a feature flag, as well as show the status of the rule that was changed\.  <span data-preserve-white-space></span> --- ## 😥 Problem - As a PM or Tech lead, when I want to see what changes were made within a feature flag, there is currently no way\. - <u>**Workaround:**</u> None <span data-preserve-white-space></span> <span data-preserve-white-space></span>  <span data-preserve-white-space></span> ## 💡 Solution Benefits <span data-preserve-white-space></span>  <span data-preserve-white-space></span> <span data-preserve-white-space></span>  <span data-preserve-white-space></span> 1. **Keep track of changes:** Logs help leave a historical trail of all changes made to a flag's configuration\. In high\-stakes environments, logs are critical to be able to trace your steps back for debugging, potential rollbacks or identifying incorrect targeting conditions\. <span data-preserve-white-space></span> 1. **Transparent workflow management:** When experimentation, feature flags or delivery management have several stakeholders involved, not having a clear way to uphold accountability for actions can lead to problems and uncomfortable situations\. Logging ensures each action performed on Kameleoon can be linked back to individual users and thus ensure sanctity of daily operations 1. **Monitoring & Compliance:** Given the substantial overlap of DevOps with feature flagging, logs help find needles in a haystack, and subsequently make the software delivery cycle more secure and compliant 1. **Tech\. Debt Management:** A major challenge of working with feature flagging is the tech debt that accumulates over time\. Logs also help weed out flags that have become obsolete or orphaned\. <span data-preserve-white-space></span> ![](https://pb-files.s3.amazonaws.com/production/attachments/65e172ac15722631480c4d95145f78af3286712c2398c13a0e166b526bd10904/image.png) <p></p> <span data-preserve-white-space></span>  <span data-preserve-white-space></span> <u>**✏️ Product design:**</u> - **Product package:**  Feature Management and Experiment - **Product scope:** Rollout Planner - **Target Persona**: PM, Developer <span data-preserve-white-space></span> - **Main updates:** An additional menu item under the **Reporting** section, with a similar activity log as the main platform \(\+ filters adapted to the reported changes\) <span data-preserve-white-space></span>  <span data-preserve-white-space></span> ## 🎯 **Measuring Success** - **Goal 1:** Drive more value for larger teams interested in this feature - **Success metric:** Feature adoption <span data-preserve-white-space></span>  <span data-preserve-white-space></span> --- ## 📄 Attached documents - [Figma designs](https://www.figma.com/file/XCeroJVNp3J9xOS5dP9eH3/FF-In-Process?node-id=269%3A6536) - Redmine ticket: <https://project.kameleoon.net/issues/19750> <span data-preserve-white-space></span>  <span data-preserve-white-space></span> <span data-preserve-white-space></span>  <span data-preserve-white-space></span> ",Released,,9564875,Feature Management & Experimentation (FM&E),Tribe Developer,🙂 FF/SDK Squad,2023-01-21,2023-04-05,,,,,,,,,,,,,,,,,,,,,,,,,,,,,,,,,,,,Squad FM&E,,,,,,,,,,,,,,,,,,,,,,,,,,,,,,,,,,,,,,,,,,,,,,,,,,,,,,,,,,,,,,,,,,,,,,,,,,,,
15756641,feature,2022-10-10 14:17:41 UTC,2023-10-06 07:20:18 UTC,Automatic Rollbacks,"## 📒 **Feature short description:** <p></p> This feature will allow users of FME to turn off a feature automatically if predefined KPI thresholds are met\. The user will be able to choose the KPIs that will act as triggers for the rollback, as well as the values at which the feature should turn off\. <span data-preserve-white-space></span> <p></p> The user can also choose the minimum number of visitors evaluated or time elapsed before the rollback condition takes effect, as well as the option to notify themselves or others if a rollback occurs\. <p></p> ## 😥 Problem <p></p> **Problem statement:** - As a PM, dev or analyst, when I want to proactively turn off a poorly performing feature with minimal monitoring, there’s no way to set and forget\. <span data-preserve-white-space></span> - Even Progressive delivery rules, despite their slow ramp\-up, still need to be monitored manually\. - Implementing automatic feature rollbacks can be complex and time\-consuming, requiring significant effort to set up and maintain - I don’t have control over critical mass of customers to have been exposed before my guardrail takes action \(to ensure the rollback is not a false positive\) - I have to configure alerts from the results page and can only do so for experiments at the moment \- and the entire process is very disjoint from the creation step\. **Workaround:** - **Existing workaround:** Partially - **Workaround description:** Only for Feature Experiments ➜ Using the results page of experiments to create manual alerts for specific KPIs\. <p></p> ## 💡 Solution **Key benefits**: <span data-preserve-white-space></span> 1. **Saves time and effort:** Automatic feature rollbacks save developers time and effort by automatically rolling back features that are causing issues or bugs, rather than having to manually identify and revert them\. 1. **Reduces downtime:** By quickly detecting and rolling back problematic features, automatic feature rollbacks can help reduce system downtime and minimize the impact on end\-users\. 1. **Improves stability:** By automatically detecting and rolling back problematic features, the overall stability of the system can be improved, reducing the likelihood of future issues\. <span data-preserve-white-space></span>  <span data-preserve-white-space></span> <u>**✏️ Product design:**</u> - **Product package:**  Feature Management <span data-preserve-white-space></span> - **Product scope:** Inside rule configuration overlay <span data-preserve-white-space></span> - **Target Persona**: All - **Main updates:** <span data-preserve-white-space></span>     - Additional step when creating or editing a rule\. <span data-preserve-white-space></span>     - User selects parameters for triggering rollback and the minimum thresholds\. <p></p> ![](https://pb-files.s3.amazonaws.com/production/attachments/6d814765e3f1aaef1f4cf71292df26958e3e326bf6d4317e2381bb4197b91ba9/image.png) ## 🎯 **Measuring Success** - **Goal 1:** Feature adoption - **Success metric:** No\. of rollbacks configured --- ## 📄 Attached documents - **Figma file**: <span data-preserve-white-space></span> [Embedded content](https://www.figma.com/embed?embed_host=share&url=https%3A%2F%2Fwww.figma.com%2Ffile%2Fs2i4MS9OpfJ9RidwRgPGCM%2FFF_Goals%2526Rollbacks%3Fnode-id%3D0-1) - <p></p> ",Released,,9564875,Feature Management & Experimentation (FM&E),Tribe Developer,🙂 FF/SDK Squad,2023-07-27,2023-09-27,,,,,,,,,,,,,,,,,,,,,,,,,,,,,,,,,,,,Squad FM&E,,,,,,,,,,,,,,,,,,,,,,,,,,,,,,,,,,,,,,,,,,,,,,,,,,,,,,,,,,,,,,,,,,,,,,,,,,,,
15779413,feature,2022-10-11 13:55:44 UTC,2023-03-01 13:32:17 UTC,Bayesian feature wording improvements,<https://project.kameleoon.net/issues/18734> ,Released,,6783364,"Data, Common  & Infrastructure",Tribe Data Analysts,_⭐ Reporting Squad,2022-09-22,2022-10-31,,,,,,,,,,,,,,,,,,,,,,,,,,,,,,,,,,,,Squad Data,,,,,,,,,,,,,,,,,,,,,,,,,,,,,,,,,,,,,,,,,,,,,,,,,,,,,,,,,,,,,,,,,,,,,,,,,,,,
15825682,feature,2022-10-13 10:14:05 UTC,2026-01-12 13:39:50 UTC,Heap Cohorts Integration,How to pull segments from Heap Analytics <https://abtasty.zendesk.com/hc/en-us/articles/6080263207196-How-to-pull-segments-from-Heap-Analytics> ,Development in progress,,32146897,New integrations,Isabelle Ung,_⭐ Integrations Squad,2025-07-01,2025-12-31,,,,,,40,40,,,,,,,,,,,,,,,,,,,,,,,,,,,,,Squad Dev Tools,,,,,40,40,,,,,,,,,,,,,,,,,,,,,,,,,,,,,,,,,,,,,,,,,,,,,,,,,,,,,,,,,,,,,,,,,,,,,,
15851500,feature,2022-10-14 08:36:33 UTC,2023-06-21 14:21:15 UTC,Cross campaign analysis,"``` The Cross campaign analysis feature allows users to filter/breakdown the data on the result page by ""Campaign"", to analyze the impact of a campaign on another. ``` <p></p> ## 😥 Problem <u>**Problem statement:**</u> What problem are we trying to solve with this feature? Or, what is the opportunity we are addressing?  ``` When analyzing the results of a campaign, a user is not currently able to know the effects of a campaign on another, which would bring a lot of insights as a visitor might have been subject to multiple campaigns, affecting his behavior. It will give more transparency to data analysis on Kameleoon. ``` <u>**Workaround:**</u> - **Existing workaround:**  No ## 💡 Solution <u>**Key benefits**</u>: <span data-preserve-white-space></span> What value does this feature bring to the user?  ``` -Allow deeper analysis -Knowing if a visitor has seen multiple campaigns and not only the one of the result page the user is on -Knowing what impact the combination of multiple campaigns might have had on visitors  ``` <span data-preserve-white-space></span>   <u>**Use Cases:**</u> <span data-preserve-white-space></span> Share use cases where this feature would help our users\. <span data-preserve-white-space></span> ``` I have 3 campaigns running on my website, and I don't understand why my results seem off. I will breakdown my results by campaign to check if it might be the combination of my campaigns that have a certain effect on visitors, as it could just be one of my campaign that is bringing the others down. I can breakdown and filter by campaign but also by a specific variation of a campaign. ``` <u>**✏️ Product design:**</u> - **Product package:** Web Experimentation \/ Full Stack Experimentation \/ Feature Management \/ AI\-driven Personalization  <span data-preserve-white-space></span> - **Product scope:** Experiments and Personalizations Result pages - **Target Persona**: Marketer \/ Product Manager <span data-preserve-white-space></span> - **Main updates:** <span data-preserve-white-space></span>     - On the result page of a campaign, I click on breakdown\/filter and select ""campaign""     - <span data-preserve-white-space></span> I choose which perso\/experiment or variation I want to filter\/breakdown on and validate <span data-preserve-white-space></span>     - Filter : The filter will be applied and appear in ""Filter by"", and the results will be filtered by the chosen campaigns\.     - Breakdown : The breakdown will be applied and the details of every variation will appear ## 🎯 **Measuring Success** - **Goal 1:** More depth - **Success metric:** The number of times this filter\/breakdown is used on result pages\. --- ## 📄 Attached documents - **Figma file**: [Figma](https://www.figma.com/file/3hYeslHqAJSQ5queEbayhP/19221---Cross-campaign-analysis?node-id=0-1&t=TbTNrnVCWyuDGYlg-0) - **Spec file**: [Same Figma](https://www.figma.com/file/3hYeslHqAJSQ5queEbayhP/19221---Cross-campaign-analysis?node-id=0-1&t=TbTNrnVCWyuDGYlg-0) - **Redmine ticket**: <https://project.kameleoon.net/issues/19221> - **Image:** <span data-preserve-white-space></span> <p></p> ![](https://pb-files.s3.amazonaws.com/production/attachments/082b1e4742155f320b3070a631d99589c6d9debc2af04514f0c9d323780da10b/image.png) ![](https://pb-files.s3.amazonaws.com/production/attachments/9bed3f7dba78e871274d6597a5497fcea6b60a6bf86664ef8354b83e248d0e16/image.png) ![](https://pb-files.s3.amazonaws.com/production/attachments/bf067d34af024b38a69ace7995556bd1fcbe9954bd4e51a9a9f5d6b7038e920b/image.png) ![](https://pb-files.s3.amazonaws.com/production/attachments/2be13c98102de6371e1a314d493e93544b5dbfdcb5166d783ad4adbc11b006ad/image.png) <p></p> ",Released,,6783364,"Data, Common  & Infrastructure",Tribe Data Analysts,_⭐ Reporting Squad,2022-11-25,2023-04-28,,,,,,,,,,,,,,,,,,,,,,,,,,,,,,,,,,,,Squad Data,,,,,,,,,,,,,,,,,,,,,,,,,,,,,,,,,,,,,,,,,,,,,,,,,,,,,,,,,,,,,,,,,,,,,,,,,,,,
15851549,feature,2022-10-14 08:40:41 UTC,2023-08-17 10:28:23 UTC,Raw visit/visitor export,"## 📒 **Feature short description:** Describe what the feature does\. ``` Raw visit/visitor export allows every user to get the raw data of an experiment by adding the option to export the data ""raw"" in the ""export"" menu in the ""Actions"" dropdown, on the result page. ``` ## 😥 Problem <u>**Problem statement:**</u> What problem are we trying to solve with this feature? Or, what is the opportunity we are addressing?  ``` As a user, I can't currently get the data Kameleoon is collecting in order to display the result page, and can only get the data showing on the result page. I would like to get the raw data of an experiment when I'm on a result page, to be able to analyze it with my own tools for example. ``` <u>**Workaround:**</u> - **Existing workaround:** Yes - **Workaround description:** : Users can specifically ask Kameleoon to access the raw data of an experiment, and we can provide them such data, because we do have it, we just didn't make it available to everyone easily yet\.   <p></p> ## 💡 Solution <u>**Key benefits**</u>: <span data-preserve-white-space></span> What value does this feature bring to the user?  ``` -It brings more transparency to the users, as they can see the data we are getting on their website before we transform it and display it on the result page. -It will give more flexibility to users as they will be able to manipulate the data on their end, and they might want insights we don't currently offer on the result page. ``` <span data-preserve-white-space></span>   <u>**Use Cases:**</u> <span data-preserve-white-space></span> Share use cases where this feature would help our users\. <span data-preserve-white-space></span> ``` When  user wants to analyze data of an experiment run on their website, as they love Kameleoon experiments but rather experiment with their data themselves, they will be able to get this data and do whatever they want with it. ``` <u>**✏️ Product design:**</u> - **Product package:** Web Experimentation \/ Full Stack Experimentation \/ Feature Management \/ AI\-driven Personalization <span data-preserve-white-space></span> - **Product scope:** Product section and pages that will evolve \(if needed, define sections\/pages that will be out of scope\) - **Target Persona**: Which one of our target persona is going to benefit from this feature? \(Marketer \/ Developer \/ Product Manager\) <span data-preserve-white-space></span> - **Main updates:** <span data-preserve-white-space></span>     - In the result page \>\>  in the actions dropdown \>\> in the export section     - There will be a new field, above all the others, called "" type of export"", with 2 options : raw  \(new\) or aggregated data \(what we currently offer\)     - If aggregated is selected, nothing changes, it stays the same as it is now     - If raw is selected, we remove the last 2 fields \(""include"" , and ""view by goal""\) and  add a new field called ""email address"", where the default email will be the account one, but the user can edit this field and type his own mail if it's not the same \( as many users can use the same account \) <span data-preserve-white-space></span>     - User validates and receives, when it's ready, either the file with the format he selected, or a link to download the file \( we're not sure yet  about what's the best\) <span data-preserve-white-space></span>     - We have not decided of a time\/size limit yet, but we might add one if needed\. ## 🎯 **Measuring Success** - **Goal 1:** The goal of this topic is to add more transparency and flexibility in the analysis capacity we offer to our customers     - **Success metric:** The key metric indicator will be the number of raw exports done across our customers' accounts --- ## 📄 Attached documents - **Figma file**: There won't be any Figma as it's mostly back\-end work\. - **Spec file**: We have [this draft for now ](https://navy-top-697.notion.site/Raw-data-export-209c8c9f1154408292687ca7684be935#a7f34388ab2348fa94226ab43644c07c) - **Redmine ticket**: <https://project.kameleoon.net/issues/15948> <p></p> <p></p> <p></p> <p></p> ",Released,,9564643,Data & RP,Tribe Data Analysts,_⭐ Reporting Squad,2023-04-29,2023-07-15,,,,,,,,,,,,,,,,,,,,,,,,,,,,,,,,,,,,Squad Data,,,,,,,,,,,,,,,,,,,,,,,,,,,,,,,,,,,,,,,,,,,,,,,,,,,,,,,,,,,,,,,,,,,,,,,,,,,Tribe Marketers,
15851676,subfeature,2022-10-14 08:47:26 UTC,2024-10-28 09:10:20 UTC,Revenue reliability computation,<p></p> ,Planned,,10887350,Reporting page Update - Lot 1,Tribe Data Analysts,_⭐ Reporting Squad,2023-05-05,2023-07-04,,,,,,,,,,,,,,,,,,,,,,,,,,,,,,,,,,,,Squad Data,,,,,,,,,,,,,,,,,,,,,,,,,,,,,,,,,,,,,,,,,,,,,,,,,,,,,,,,,,,,,,,,,,,,,,,,,,,,
15854304,feature,2022-10-14 10:58:50 UTC,2023-01-06 17:54:59 UTC,Bot Filtering for Full Stack Experimentation,"Websites today are commonly visited by **bots** and **spiders** which skew event tracking and conversion data by posing as actual human visitors\. <span data-preserve-white-space></span> <p></p> Experiment results can lose their value if numbers get inflated due to bot visits, which is why Kameleoon provides an easy solution for Full Stack customers to filter out bots with known [user agents](https://en.wikipedia.org/wiki/User_agent) that are listed on the actively maintained [**IAB\/ABC**](https://www.iab.com/guidelines/iab-abc-international-spiders-bots-list/) database\. <p></p> > *The IAB has enlisted The Alliance for Audited Media to perform evaluation and management services associated with maintaining and publishing the industry Spider and Robot list, the use of which is required for compliance to the IAB’s Client Side Counting \(CSC\) Measurement Guidelines for “double pass” filtering\.* <span data-preserve-white-space></span> When tracking events with an SDK, Full Stack customers will need to simply pass their visitors' *user agent* attribute along with the other information for the bot to automatically be filtered\.  <span data-preserve-white-space></span> <p></p> ",Released,,9564877,SDKs,Tribe Developer,🙂 FF/SDK Squad,2022-11-15,2022-12-14,,,,,,,,,,,,,,,,,,,,,,,,,,,,,,,,,,,,Squad FM&E,,,,,,,,,,,,,,,,,,,,,,,,,,,,,,,,,,,,,,,,,,,,,,,,,,,,,,,,,,,,,,,,,,,,,,,,,,,,
15889742,subfeature,2022-10-17 12:29:10 UTC,2024-10-28 09:10:20 UTC,Uplift calculation,Purpose: calculate the Uplift for each goal Uplift = \(RPV var \- RPV reference\) \* nb visit\(or\)s var <p></p> See column J \> <https://docs.google.com/spreadsheets/d/1tAZncDo1_f0j3EH1J63cybcpyRdL_LCDPXVoQWSdadE/edit#gid=1938138070> ,Planned,,10887350,Reporting page Update - Lot 1,Tribe Marketers,_⭐ Reporting Squad,2023-05-05,2023-07-04,,,,,,20,80,,,,,,,,,,,,,,,,,,,,,,,,,,,,,Squad Data,,,,,50,50,,,,,,,,,,,,,,,,,,,,,,,,,,,,,,,,,,,,,,,,,,,,,,,,,,,,,,,,,,,,,,,,,,,,,Tribe Marketers,
15891785,feature,2022-10-17 13:50:14 UTC,2023-01-03 12:38:21 UTC,Custom Attribution window by campaign,Ability to define a custom attribution window by campaign ,New idea,,6783364,"Data, Common  & Infrastructure",Tribe Data Analysts,_⭐ Reporting Squad,,,,,,,,,,,,,,,,,,,,,,,,,,,,,,,,,,,,,,Squad Data,,,,,,,,,,,,,,,,,,,,,,,,,,,,,,,,,,,,,,,,,,,,,,,,,,,,,,,,,,,,,,,,,,,,,,,,,,,,
15909456,feature,2022-10-18 11:04:57 UTC,2024-01-31 14:20:37 UTC,Enhance new request feature button,"",New idea,,9564798,Common APP pages,Tribe Marketers,🙂 Interface squad,,,,,,,,,,,,,,,,,,,,,,,,,,,,,,,,,,,,,,Squad Interfaces,,,,,,,,,,,,,,,,,,,,,,,,,,,,,,,,,,,,,,,,,,,,,,,,,,,,,,,,,,,,,,,,,,,,,,,,,,,,
15909488,feature,2022-10-18 11:07:53 UTC,2025-03-18 14:01:16 UTC,Use the graphic editor with no code to change an image on a shopify based website.,"",Released,,9564787,Graphic editor,Tribe Marketers,"",,,,,,,,,,,,,,,,,,,,,,,,,,,,,,,,,,,,,,,,,,,,,,,,,,,,,,,,,,,,,,,,,,,,,,,,,,,,,,,,,,,,,,,,,,,,,,,,,,,,,,,,,,,,,,,,,,
15909512,feature,2022-10-18 11:10:39 UTC,2022-10-18 11:10:39 UTC,Excluded IP from a entire site code,"",New idea,,9973308,Account settings,Tribe Marketers,"",,,,,,,,,,,,,,,,,,,,,,,,,,,,,,,,,,,,,,,,,,,,,,,,,,,,,,,,,,,,,,,,,,,,,,,,,,,,,,,,,,,,,,,,,,,,,,,,,,,,,,,,,,,,,,,,,,
15909529,feature,2022-10-18 11:11:29 UTC,2022-10-18 11:11:29 UTC,Add responsive image support (picture) for visual editor (on the App),"",New idea,,9564798,Common APP pages,Tribe Marketers,"",,,,,,,,,,,,,,,,,,,,,,,,,,,,,,,,,,,,,,,,,,,,,,,,,,,,,,,,,,,,,,,,,,,,,,,,,,,,,,,,,,,,,,,,,,,,,,,,,,,,,,,,,,,,,,,,,,
15909545,feature,2022-10-18 11:12:30 UTC,2022-10-18 11:12:30 UTC,code ability to load jQuery on the client site,"",New idea,,9564793,Developer editor,Tribe Marketers,"",,,,,,,,,,,,,,,,,,,,,,,,,,,,,,,,,,,,,,,,,,,,,,,,,,,,,,,,,,,,,,,,,,,,,,,,,,,,,,,,,,,,,,,,,,,,,,,,,,,,,,,,,,,,,,,,,,
15909573,feature,2022-10-18 11:13:16 UTC,2022-10-18 11:13:16 UTC,Host images,"",New idea,,9564793,Developer editor,Tribe Marketers,"",,,,,,,,,,,,,,,,,,,,,,,,,,,,,,,,,,,,,,,,,,,,,,,,,,,,,,,,,,,,,,,,,,,,,,,,,,,,,,,,,,,,,,,,,,,,,,,,,,,,,,,,,,,,,,,,,,
15909618,feature,2022-10-18 11:14:49 UTC,2022-10-18 11:14:49 UTC,sticky footer,"",New idea,,9564798,Common APP pages,Tribe Marketers,"",,,,,,,,,,,,,,,,,,,,,,,,,,,,,,,,,,,,,,,,,,,,,,,,,,,,,,,,,,,,,,,,,,,,,,,,,,,,,,,,,,,,,,,,,,,,,,,,,,,,,,,,,,,,,,,,,,
15911765,feature,2022-10-18 13:02:24 UTC,2024-10-15 09:00:26 UTC,New Graphic Editor,"Migrate and redesign the current WYSIWYG editor, to enhance the user experience <p></p> ",Released,,9564787,Graphic editor,Ivan Kulagin,"_⭐ Campaign Creation Squad, 🙂 Interface squad",2022-10-01,2024-10-02,,,,,,,,,,,,,,,,,,,,,,,,,,,,,,,,,,,,Squad Interfaces,,,,,,,,,,,,,,,,,,,,,,,,,,,,,,,,,,,,,,,,,,,,,,,,,,,,,,,,,,,,,,,,,,,,,,,,,,,,
15984165,feature,2022-10-21 15:19:27 UTC,2023-02-16 11:52:40 UTC,"""HTML code"" option in text elements","Addition of a new ""Code"" option for all text elements\. This option will allow users to: - view the HTML code of the text field - edit the HTML code ",Released,,12429296,New elements,Fabien DIMEGLIO,"Key Feature, 🙂 Perso Squad",2022-11-01,2023-02-16,,,,,,,,,,,,,,,,,,,,,,,,,,,,,,,,,,,,Squad Perso,,,,,,,,,,,,,,,,,,,,,,,,,,,,,,,,,,,,,,,,,,,,,,,,,,,,,,,,,,,,,,,,,,,,,,,,,,,,
15984411,feature,2022-10-21 15:31:57 UTC,2024-01-30 13:32:32 UTC,Ability to customize images depending on device,"",New idea,,12429296,New elements,Fabien DIMEGLIO,"",,,,,,,,,,,,,,,,,,,,,,,,,,,,,,,,,,,,,,,,,,,,,,,,,,,,,,,,,,,,,,,,,,,,,,,,,,,,,,,,,,,,,,,,,,,,,,,,,,,,,,,,,,,,,,,,,,
15985243,feature,2022-10-21 16:00:25 UTC,2024-02-02 10:55:50 UTC,Edit z-index property for better widget integration in-page,"",New idea,,12428951,Design Tab,Fabien DIMEGLIO,_⭐ Visual Builders Squad,,,,,,,,,,,,,,,,,,,,,,,,,,,,,,,,,,,,,,,,,,,,,,,,,,,,,,,,,,,,,,,,,,,,,,,,,,,,,,,,,,,,,,,,,,,,,,,,,,,,,,,,,,,,,,,,,,
16020217,feature,2022-10-24 17:03:44 UTC,2022-11-15 17:26:03 UTC,React + React Native → SDK Merge,"As React development services grow in demand and increasing organizations considering software solutions that are crafted from the framework, Kameleoon feels it is a great time for Full Stack customers to leverage the code sharing capabilities of React with React Native\. <span data-preserve-white-space></span> <p></p> Some of the benefits of making the change, range from: - Easier maintenance and support provided to customers - Less code overall thanks to the reusability of code - Debugging and maintenance \-  Bugs need only be discovered once\. and get fixed for all platforms <p></p> ",Released,,9564877,SDKs,Tribe Developer,🙂 FF/SDK Squad,2022-10-07,2022-11-06,,,,,,,,,,,,,,,,,,,,,,,,,,,,,,,,,,,,Squad FM&E,,,,,,,,,,,,,,,,,,,,,,,,,,,,,,,,,,,,,,,,,,,,,,,,,,,,,,,,,,,,,,,,,,,,,,,,,,,,
16045886,feature,2022-10-25 16:00:53 UTC,2024-01-30 15:56:50 UTC,Make websites colors more visible,<p></p> <p></p> ,New idea,,9564798,Common APP pages,Tribe Marketers,_⭐ App System Squad,,,,,,,,,,,,,,,,,,,,,,,,,,,,,,,,,,,,,,Squad Interfaces,,,,,,,,,,,,,,,,,,,,,,,,,,,,,,,,,,,,,,,,,,,,,,,,,,,,,,,,,,,,,,,,,,,,,,,,,,,,
16088028,feature,2022-10-27 13:08:29 UTC,2025-04-03 10:01:39 UTC,Reassure the user on the kameleoon script update process,"We want to give more suitable informations to the user on script installation progress & rebuild status <p></p> Design: \-If possible give more suitable informations on installation status   \-On the specific project page: In addition of the status of installation of the script kameleoon , add kameleoon\.js last rebuild date <span data-preserve-white-space></span> \-Having a status when it is installed and when it is rebuilded \-Format: status, date, hour \(or X minutes ago\) <p></p> Pain point:   User want to be reassure on their script installation process, because the status ""installed script"" is not reliable <span data-preserve-white-space></span> ",New idea,,31139434,Engine,Yassin Hassan,_⭐ Admin & Engine Squad,,,,,,,,,,,,,,,,,,,,,,,,,,,,,,,,,,,,,,Squad Interfaces,,,,,,,,,,,,,,,,,,,,,,,,,,,,,,,,,,,,,,,,,,,,,,,,,,,,,,,,,,,,,,,,,,,,,,,,,,,,
16209578,feature,2022-11-03 12:52:16 UTC,2025-04-03 09:59:48 UTC,Performance Center,"# 💁‍♂️ Problem\/Context ## **Description** AB Tasty released a ""Campaign [Performance Center](https://abtasty.zendesk.com/hc/en-us/articles/6422595488156-October-2022-Release-Notes-)"" and I think it would be a good idea if we have a similar \(but way better\) Performance Center\. ## Workaround No ## **Project justification** **Project type** - Requested capability - New product concept or workflow **Justification** Very useful to help our customer optimize their script\. We had this problem with Fnac\/Darty as they were complaining about the information they had in the Chrome extension\. # 💡 Solution **Package** A\/B Testing \/ Personalization <span data-preserve-white-space></span> **Scope** To be defined, maybe the project page\. **User roles** Technical **Design** To be defined # 🎯 **Measuring Success** *\-* <p></p> --- <p></p> # 📄 Attached documents **Figma file**: optional \(paste link\) **Spec file**: optional \(paste link\) **Redmine ticket**: mandatory \(paste link\) <span data-preserve-white-space></span>   ",New idea,,31139434,Engine,Tribe Developer,"_⭐ Admin & Engine Squad, 🎨 design needed",,,,,,,,80,100,,,,,,,,,,,,,,,,,,,,,,,,,,,,,Squad Dev Tools,,,,,90,90,,,,,,,,,,,,,,,,,,,,,,,,,,,,,,,,,,,,,,,,,,,,,,,,,,,,,,,,,,,,,,,,,,,,,,
16215902,feature,2022-11-03 16:17:09 UTC,2025-07-24 15:32:42 UTC,Integration Page Redesign,"# 💁‍♂️ Problem\/Context ## **Description** Redesigning the integration page, to make it better :\) ## Workaround Yes Lack of informations <span data-preserve-white-space></span> ## **Project justification** **Project type** - Improvement to existing workflow **Justification** *\-* # 💡 Solution **Package** \- **Scope** Integration page **User roles** All **Design** To be done # 🎯 **Measuring Success** *\-* <p></p> --- <p></p> # 📄 Attached documents **Figma file**: optional \(paste link\) **Spec file**: optional \(paste link\) **Redmine ticket**: User story \#30742 \- Integration Page Redesign   <https://project.kameleoon.net/issues/30742> ",Design in progress,,9564652,Common integrations,Isabelle Ung,_⭐ Integrations Squad,2025-01-01,2025-06-30,,,,,,60,80,,,,,,,,,,,,20,,,,,,,,,,,,,,,,,Squad Dev Tools,,,,,70,3.5,,,,,,,,,,,,,,,,,,,,,,,,,,,,,,,,,,,,,,,,,,,,,,,,,,,,,,,,,,,,,,,,,,,,,,
16280105,feature,2022-11-07 15:26:16 UTC,2023-01-18 12:36:58 UTC,Fastly Module,Research this topic beforehand to be comfortable with co\-implementation if and when needed\. <span data-preserve-white-space></span> ,Released,,9564877,SDKs,Tribe Developer,🙂 FF/SDK Squad,2022-11-01,2023-01-15,,,,,,,,,,,,,,,,,,,,,,,,,,,,,,,,,,,,Squad FM&E,,,,,,,,,,,,,,,,,,,,,,,,,,,,,,,,,,,,,,,,,,,,,,,,,,,,,,,,,,,,,,,,,,,,,,,,,,,,
16280215,feature,2022-11-07 15:28:44 UTC,2023-04-03 16:00:16 UTC,v2 Compatible SDKs,Making all our SDKs compatible with the new v2 Rollout rules\. <span data-preserve-white-space></span> This is a gradual process dedicatedly requiring ~ 2\-3 days per SDK\. GA can be once these SDKs are ready: 1. iOS \(Ready\) 1. \.NET 1. Ruby 1. Python 1. Node js 1. PHP <p></p> ,Released,,9564877,SDKs,Tribe Developer,🙂 FF/SDK Squad,2022-12-01,2022-12-31,,,,,,,,,,,,,,,,,,,,,,,,,,,,,,,,,,,,Squad FM&E,,,,,,,,,,,,,,,,,,,,,,,,,,,,,,,,,,,,,,,,,,,,,,,,,,,,,,,,,,,,,,,,,,,,,,,,,,,,
16280253,feature,2022-11-07 15:29:54 UTC,2023-11-10 17:28:34 UTC,Ruby Update (Exclusive XP + other features),Decided on priority level assigned to Ruby: **High**\. <span data-preserve-white-space></span> Current request is to implement Exclusive XPs but other features should also be updated\. ,Released,,9564877,SDKs,Tribe Developer,🙂 FF/SDK Squad,2022-11-05,2022-12-04,,,,,,,,,,,,,,,,,,,,,,,,,,,,,,,,,,,,Squad FM&E,,,,,,,,,,,,,,,,,,,,,,,,,,,,,,,,,,,,,,,,,,,,,,,,,,,,,,,,,,,,,,,,,,,,,,,,,,,,
16280275,feature,2022-11-07 15:30:57 UTC,2023-11-10 17:29:17 UTC,Migration of SDK API → Microservice,<p></p> ,Planned,,9564877,SDKs,Tribe Developer,"_⭐ Feature Experimentation Squad, 🙂 FF/SDK Squad",2022-11-27,2023-02-24,,,,,,,,,,,,,,,,,,,,,,,,,,,,,,,,,,,,Squad FM&E,,,,,,,,,,,,,,,,,,,,,,,,,,,,,,,,,,,,,,,,,,,,,,,,,,,,,,,,,,,,,,,,,,,,,,,,,,,,
16280293,feature,2022-11-07 15:31:55 UTC,2023-08-03 07:55:48 UTC,Update REST API for v2,Fixes for v2 readiness <span data-preserve-white-space></span> ,Released,,9564877,SDKs,Tribe Developer,🙂 FF/SDK Squad,2022-11-15,2022-12-31,,,,,,,,,,,,,,,,,,,,,,,,,,,,,,,,,,,,Squad FM&E,,,,,,,,,,,,,,,,,,,,,,,,,,,,,,,,,,,,,,,,,,,,,,,,,,,,,,,,,,,,,,,,,,,,,,,,,,,,
16291959,subfeature,2022-11-08 05:21:45 UTC,2023-01-04 07:11:11 UTC,Experiment-specific results page,## 🚀 Feature Summary <p></p> **Each experiment** will have its individual reporting page under secondary actions inside the kebab menu\. <span data-preserve-white-space></span> <p></p> <p></p> --- ## 💡 Benefits <p></p> <p></p> **Keep track of multiple exps per flag:** Moving away from FF\-based results page to Experiment\-based ones gives us plenty of time to overhaul the results page and launch a new version in Q1 23 ,Released,,13033511,Feature Experimentation,Tribe Developer,🙂 FF/SDK Squad,2022-11-01,2022-11-30,,,,,,,,,,,,,,,,,,,,,,,,,,,,,,,,,,,,,,,,,,,,,,,,,,,,,,,,,,,,,,,,,,,,,,,,,,,,,,,,,,,,,,,,,,,,,,,,,,,,,,,,,,,,,,,,
16296520,feature,2022-11-08 10:34:52 UTC,2023-11-10 17:23:45 UTC,Sandbox Environment,Discuss with Jean\-Baptiste <p></p> ,Planned,,9564875,Feature Management & Experimentation (FM&E),Tribe Developer,"_⭐ Feature Experimentation Squad, 🙂 FF/SDK Squad",2024-01-01,2024-03-31,,,,,,,,,,,,,,,,,,,,,,,,,,,,,,,,,,,,Squad FM&E,,,,,,,,,,,,,,,,,,,,,,,,,,,,,,,,,,,,,,,,,,,,,,,,,,,,,,,,,,,,,,,,,,,,,,,,,,,,
16391488,feature,2022-11-14 11:11:33 UTC,2022-11-14 11:11:33 UTC,"Browser filter and breakdown / ""Others"" improvement","",New idea,,6783364,"Data, Common  & Infrastructure",Tribe Data Analysts,_⭐ Reporting Squad,,,,,,,,,,,,,,,,,,,,,,,,,,,,,,,,,,,,,,Squad Data,,,,,,,,,,,,,,,,,,,,,,,,,,,,,,,,,,,,,,,,,,,,,,,,,,,,,,,,,,,,,,,,,,,,,,,,,,,,
16417881,feature,2022-11-15 14:04:17 UTC,2024-01-30 12:42:31 UTC,Campaigns anomalies alerts on dashboards,We can look into similar back\-end work for this insight we got for the Data Squad : <https://kameleoon.productboard.com/all-notes/notes/34100744> ,New idea,,9564798,Common APP pages,Tribe Marketers,"",,,,,,,,,,,,,,,,,,,,,,,,,,,,,,,,,,,,,,,,,,,,,,,,,,,,,,,,,,,,,,,,,,,,,,,,,,,,,,,,,,,,,,,,,,,,,,,,,,,,,,,,,,,,,,,,,,
16422116,subfeature,2022-11-15 16:44:38 UTC,2022-12-02 10:47:13 UTC,Node js,"",Released,,16280215,v2 Compatible SDKs,Tribe Developer,🙂 FF/SDK Squad,,,,,,,,,,,,,,,,,,,,,,,,,,,,,,,,,,,,,,,,,,,,,,,,,,,,,,,,,,,,,,,,,,,,,,,,,,,,,,,,,,,,,,,,,,,,,,,,,,,,,,,,,,,,,,,,,,
16422118,subfeature,2022-11-15 16:44:45 UTC,2023-11-10 17:17:45 UTC,iOS (Swift),"",Released,,16280215,v2 Compatible SDKs,Tribe Developer,"",,,,,,,,,,,,,,,,,,,,,,,,,,,,,,,,,,,,,,,,,,,,,,,,,,,,,,,,,,,,,,,,,,,,,,,,,,,,,,,,,,,,,,,,,,,,,,,,,,,,,,,,,,,,,,,,,,
16422127,subfeature,2022-11-15 16:45:01 UTC,2023-01-04 07:19:02 UTC,.NET (C#),"",Released,,16280215,v2 Compatible SDKs,Tribe Developer,🙂 FF/SDK Squad,,,,,,,,,,,,,,,,,,,,,,,,,,,,,,,,,,,,,,,,,,,,,,,,,,,,,,,,,,,,,,,,,,,,,,,,,,,,,,,,,,,,,,,,,,,,,,,,,,,,,,,,,,,,,,,,,,
16422128,subfeature,2022-11-15 16:45:03 UTC,2023-11-10 17:17:48 UTC,Ruby,"",Released,,16280215,v2 Compatible SDKs,Tribe Developer,"",,,,,,,,,,,,,,,,,,,,,,,,,,,,,,,,,,,,,,,,,,,,,,,,,,,,,,,,,,,,,,,,,,,,,,,,,,,,,,,,,,,,,,,,,,,,,,,,,,,,,,,,,,,,,,,,,,
16422130,subfeature,2022-11-15 16:45:08 UTC,2023-11-10 17:17:51 UTC,Python,"",Released,,16280215,v2 Compatible SDKs,Tribe Developer,🙂 FF/SDK Squad,,,,,,,,,,,,,,,,,,,,,,,,,,,,,,,,,,,,,,,,,,,,,,,,,,,,,,,,,,,,,,,,,,,,,,,,,,,,,,,,,,,,,,,,,,,,,,,,,,,,,,,,,,,,,,,,,,
16422133,subfeature,2022-11-15 16:45:15 UTC,2023-11-10 17:17:53 UTC,PHP,"",Released,,16280215,v2 Compatible SDKs,Tribe Developer,🙂 FF/SDK Squad,,,,,,,,,,,,,,,,,,,,,,,,,,,,,,,,,,,,,,,,,,,,,,,,,,,,,,,,,,,,,,,,,,,,,,,,,,,,,,,,,,,,,,,,,,,,,,,,,,,,,,,,,,,,,,,,,,
16422229,subfeature,2022-11-15 16:47:38 UTC,2023-11-10 17:17:55 UTC,Ruby,"",Released,,16280215,v2 Compatible SDKs,Tribe Developer,🙂 FF/SDK Squad,,,,,,,,,,,,,,,,,,,,,,,,,,,,,,,,,,,,,,,,,,,,,,,,,,,,,,,,,,,,,,,,,,,,,,,,,,,,,,,,,,,,,,,,,,,,,,,,,,,,,,,,,,,,,,,,,,
16437142,feature,2022-11-16 11:51:27 UTC,2023-07-04 08:58:25 UTC,On-demand credential creation,# 💁‍♂️ Problem\/Context ## **Description** Instead of creating credentials for each user\. We would like to create the credentials only when the user is asking for it\. <span data-preserve-white-space></span> ## Workaround No ## **Project justification** **Project type** - Operational improvement - Risk mitigation **Justification** Because it reduces the risk of having your credentials stolen if they do not exit and also good for us to make the user account creation lighter\. # 💡 Solution **Package** All **Scope** NA **User roles** All **Design** NA # 🎯 **Measuring Success** *NA* <p></p> --- <p></p> # 📄 Attached documents **Figma file**: optional \(paste link\) **Spec file**: optional \(paste link\) **Redmine ticket**: <https://project.kameleoon.net/issues/19031> <span data-preserve-white-space></span>  <span data-preserve-white-space></span> ,Released,,6783364,"Data, Common  & Infrastructure",Tribe Developer,"🎨 design needed, 🙂 Dev Tools Squad",2023-04-01,2023-06-11,,,,,,20,60,,,,,,,,,,,,,,,,,,,,,,,,,,,,,Squad Dev Tools,,,,,40,40,,,,,,,,,,,,,,,,,,,,,,,,,,,,,,,,,,,,,,,,,,,,,,,,,,,,,,,,,,,,,,,,,,,,,,
16439801,feature,2022-11-16 13:52:31 UTC,2024-03-27 13:49:52 UTC,MAB Improvement,\-\-\> Add timeline events for auto\-optimized job \-\-\> Rework MAB logic \(decrease reference traffic \!\!\) ,Planned,,6783364,"Data, Common  & Infrastructure",Tribe Data Analysts,_⭐ Reporting Squad,2024-07-03,2024-08-31,,,,,,,,,,,,,,,,,,,,,,,,,,,,,,,,,,,,Squad Data,,,,,,,,,,,,,,,,,,,,,,,,,,,,,,,,,,,,,,,,,,,,,,,,,,,,,,,,,,,,,,,,,,,,,,,,,,,,
16467282,feature,2022-11-17 16:15:22 UTC,2023-01-24 15:17:21 UTC,Move our Zapier integration out of beta,"# 💁‍♂️ Problem\/Context ## **Description** From Zapier email : <span data-preserve-white-space></span> - [Create and publish 2 Zap templates](https://t.sidekickopen84.com/Ctc/5F+23284/d2tYsy04/JkM2-6q7W6N1vHY6lZ3lfVkm4712JtHWjW3gWN7f2xZmQjW88Y7dR8QM_N0W3SBV8r8lT99mW3F90mY3w_X_KW6sMqym4FfBLlW2h8Qsw7LYsWkN91pTyF__gcRW1rXDW35DGWClW7NrwJY7RXWKnVHnys53PTK9jW1mF0-J7qZ_BBW6Rp2Mg2m7P-pN8Wq1YwLMJ9MW29psV_4DBnXRW7NjpHZ6ZRJMGV4Yp3C1hgg95W5zHptY279Z50N2VlWVgCRt6hW6YVkK66XD2KFW7GG3XL5HQgswV6Bs1j4zkbdvf6GPb8804) \(~10 minutes to complete\) - [Embed Zapier into your product](https://t.sidekickopen84.com/Ctc/5F+23284/d2tYsy04/Jks2-6q7W69sMD-6lZ3m5W1r7ZYk8y__5ZW1WVY5q15SFs5W73wFqs6RBlJZW37dxtG6ZCBnjW6vPDF36RRzhMW4Gcpv12DsSDPW8Py7167HXPKdW7GKXGt8JKxZzVyFtSj4HXKPQN1t1BT5SDHXYW99DFZn6sPfD2W5rSqhV6QTV1ZN1_LfKBGh5NTN1msjgFsBmWkW3wKNh82zWTJSW1qdkYZ1HxBwCN3GwGWS2v4JyW6qN4Zr7cRD_BW1SLnSJ10Td6wN98n1GxK1VLVf8Ql95g04) \(~15 minutes to complete\)     - Once you’ve embedded, [let us know here](https://t.sidekickopen84.com/Ctc/5F+23284/d2tYsy04/Jk82-6q7W5BW0B06lZ3q1W8s6wcQ8gf9WmW7Qs17B1TZ3-pW1lk4348BFZv9V_zL6g5c4jjDW9fqkBd7xNprJW9886ml7sTlY4W4l99Px45JG6vW8SXdwW6jvSRYW7pF7q558ZLS7W3--Gkw83PR9LW86y8fT1TtDjbW6zTzdq6RkxLYVwXsRC5Cgf_YW9llys-4nd70SW6TntS76WYnSCW7KkR446nbKbCW1MHfWK3TwrJWW1zNjRx93SPnSd5GpsH04) \(~2 minutes to complete\) ## Workaround No ## **Project justification** **Project type** - Improvement to existing workflow **Justification** Improving the current Zapier integration\. # 💡 Solution **Package** All **Scope** Zapier integration \(partner portal\) **User roles** \- **Design** \- # 🎯 **Measuring Success** *\-* <p></p> --- <p></p> # 📄 Attached documents **Figma file**: optional \(paste link\) **Spec file**: optional \(paste link\) **Redmine ticket**: <https://project.kameleoon.net/issues/19033> <span data-preserve-white-space></span>  <span data-preserve-white-space></span> ",Released,,9564652,Common integrations,Tribe Developer,🙂 Dev Tools Squad,2022-11-21,2023-01-22,,,,,,40,100,,,,,,,,,,,,,,,,,,,,,,,,,,,,,Squad Dev Tools,,,,,70,70,,,,,,,,,,,,,,,,,,,,,,,,,,,,,,,,,,,,,,,,,,,,,,,,,,,,,,,,,,,,,,,,,,,,,,
16480853,feature,2022-11-18 10:41:35 UTC,2023-01-16 15:34:02 UTC,Mobile / responsive editor & other enhancements LOT 2,"## 💁‍♂️ Problem\/Context **Description:** As a user of the graphical editor, when using it on a mobile device, I don't have full access to all the elements of the graphical editor ![](https://pb-files.s3.amazonaws.com/production/attachments/c7722ddbc38c626538d8c949e3adcaecb4d79ac55ab06fec76a88f2bce687e47/Capture_d_ecran_2022-10-18_a_12.45.31.png) - **Existing workaround:** No **Project justification:** - **Project type:** Improvement to existing workflow - **Justification:** We can lose a major client if the graphic editor is not responsive ## 💡 Solution - **Product package:** A\/B Testing - **Product scope:** - Graphic editor, burger icon Graphic editor, history panel Graphic editor, CSS selector panel Graphic editor, édition panel Graphic editor, header Graphic editor, popin Graphic editor, loading screen - Product section and pages that will evolve \(on the contrary, you can specify what is out of scope\): On the app, we want to create a dedicated section on the app for finalization menu - **User roles**: all - **Design:** Explain with bullet points what your solution consist in \(make it synthetic\) <span data-preserve-white-space></span>     - For loading screen and popin : we want to make them responsive     - The header: <span data-preserve-white-space></span>         - The header is responsive         - Creation of a drop down system to have access to variations, original version and variations cta \(to have access to those information on the vertical way and use space on the header for other CTA’s\)         - Creation of a drop down button for edition mode and simulation at the right side of the header         - Replacement the drop\-down finalize by next button that give access to a dedicate finalize menu on the app       <p></p>     - The edition panel: <span data-preserve-white-space></span>         - Rework of the panel reduction system         - Adaptation the panel size       <p></p>     - The CSS selector panel: <span data-preserve-white-space></span>         - Creation of a default emplacement for the panel         - Adaptation the panel size       <p></p>     - The history panel <span data-preserve-white-space></span>         - Creation of a default emplacement for the panel         - Adaptation the panel size       <p></p>     - The burger icon: <span data-preserve-white-space></span>         - Adaptation of element of the burger icon         - Delation of elements non useful for graphic editor use ## 🎯 **Measuring Success** - **Goal 1:** Engagement - **Success metric:** Nb of use of the graphic editor on a screen size \/ month - **Goal 2:** Satisfaction - **Success metric:** NPS of graphic editor users --- ## 📄 Attached documents - **Figma file**: [link](https://www.figma.com/file/oVAd4kAzA4NiCiwlzdxTrE/Responsive-graphic-editor) - **Redmine ticket**: [link](https://project.kameleoon.net/issues/18294) ",Development in progress,(Releases) 2023,9564787,Graphic editor,Tribe Marketers,🙂 Interface squad,2022-10-01,2023-01-31,,,,,,40,80,,,,,,,,,,,,,,,,,,,,,,,,,,,,,Squad Interfaces,,,,,60,60,,40,,0,,,,,,,,,,,,,,,,,,,,,,,,,,,,,,,,,,,,,,,,,,,,,,,,,,,,,,,,,,,,,,,,,Tribe Marketers,
16480854,feature,2022-11-18 10:41:43 UTC,2023-01-16 15:34:09 UTC,Mobile / responsive editor & other enhancements LOT 3,"## 💁‍♂️ Problem\/Context **Description:** As a user of the graphical editor, when using it on a mobile device, I don't have full access to all the elements of the graphical editor ![](https://pb-files.s3.amazonaws.com/production/attachments/c7722ddbc38c626538d8c949e3adcaecb4d79ac55ab06fec76a88f2bce687e47/Capture_d_ecran_2022-10-18_a_12.45.31.png) - **Existing workaround:** No **Project justification:** - **Project type:** Improvement to existing workflow - **Justification:** We can lose a major client if the graphic editor is not responsive ## 💡 Solution - **Product package:** A\/B Testing - **Product scope:** - Graphic editor, burger icon Graphic editor, history panel Graphic editor, CSS selector panel Graphic editor, édition panel Graphic editor, header Graphic editor, popin Graphic editor, loading screen - Product section and pages that will evolve \(on the contrary, you can specify what is out of scope\): On the app, we want to create a dedicated section on the app for finalization menu - **User roles**: all - **Design:** Explain with bullet points what your solution consist in \(make it synthetic\) <span data-preserve-white-space></span>     - For loading screen and popin : we want to make them responsive     - The header: <span data-preserve-white-space></span>         - The header is responsive         - Creation of a drop down system to have access to variations, original version and variations cta \(to have access to those information on the vertical way and use space on the header for other CTA’s\)         - Creation of a drop down button for edition mode and simulation at the right side of the header         - Replacement the drop\-down finalize by next button that give access to a dedicate finalize menu on the app       <p></p>     - The edition panel: <span data-preserve-white-space></span>         - Rework of the panel reduction system         - Adaptation the panel size       <p></p>     - The CSS selector panel: <span data-preserve-white-space></span>         - Creation of a default emplacement for the panel         - Adaptation the panel size       <p></p>     - The history panel <span data-preserve-white-space></span>         - Creation of a default emplacement for the panel         - Adaptation the panel size       <p></p>     - The burger icon: <span data-preserve-white-space></span>         - Adaptation of element of the burger icon         - Delation of elements non useful for graphic editor use ## 🎯 **Measuring Success** - **Goal 1:** Engagement - **Success metric:** Nb of use of the graphic editor on a screen size \/ month - **Goal 2:** Satisfaction - **Success metric:** NPS of graphic editor users --- ## 📄 Attached documents - **Figma file**: [link](https://www.figma.com/file/oVAd4kAzA4NiCiwlzdxTrE/Responsive-graphic-editor) - **Redmine ticket**: [link](https://project.kameleoon.net/issues/18294) ",Development in progress,(Releases) 2023,9564787,Graphic editor,Tribe Marketers,🙂 Interface squad,2022-10-01,2023-01-31,,,,,,40,80,,,,,,,,,,,,,,,,,,,,,,,,,,,,,Squad Interfaces,,,,,60,60,,40,,0,,,,,,,,,,,,,,,,,,,,,,,,,,,,,,,,,,,,,,,,,,,,,,,,,,,,,,,,,,,,,,,,,Tribe Marketers,
16484962,feature,2022-11-18 15:06:06 UTC,2023-03-02 15:19:14 UTC,Piano Integration,"# 💁‍♂️ Problem\/Context ## **Description** Piano is the new AT Internet, I've been told\. <span data-preserve-white-space></span> So we need to prepare an integration with Piano\. <span data-preserve-white-space></span> ## Workaround Yes, using custom integration\. ## **Project justification** **Project type** - Requested capability **Justification** For example, we have OVH that can use it\. # 💡 Solution **Package** A\/B Testing \/ Personalization **Scope** Integration page and other page where you have to pick a tracking tool\. **User roles** All **Design** \- # 🎯 **Measuring Success** *In database\.* <p></p> --- <p></p> # 📄 Attached documents **Figma file**: optional \(paste link\) **Spec file**: optional \(paste link\) **Redmine ticket**: <https://project.kameleoon.net/issues/19030> <span data-preserve-white-space></span>  <span data-preserve-white-space></span> ",Released,,9564652,Common integrations,Tribe Developer,🙂 Dev Tools Squad,2022-11-28,2023-02-28,,,,,,60,100,,,,,,,,,,,,,,,,,,,,,,,,,,,,,Squad Dev Tools,,,,,80,80,,,,,,,,,,,,,,,,,,,,,,,,,,,,,,,,,,,,,,,,,,,,,,,,,,,,,,,,,,,,,,,,,,,,,,
16485779,feature,2022-11-18 15:52:11 UTC,2022-12-26 10:55:35 UTC,GA4 - Being able to choose between gtag and GTM,"# 💁‍♂️ Problem\/Context ## **Description** We would like to update the integration, so users can choose whether to use gtag or GTM\. ## Workaround Yes, by changing the code I guess\. ## **Project justification** **Project type** - Requested capability **Justification** Requested by Christoph Ernst for customers\. # 💡 Solution **Package** A\/B Testing \/ Personalization **Scope** \- **User roles** \- **Design** \- # 🎯 **Measuring Success** <p></p> \- --- <p></p> # 📄 Attached documents **Figma file**: optional \(paste link\) **Spec file**: optional \(paste link\) **Redmine ticket**: <https://project.kameleoon.net/issues/19027> <span data-preserve-white-space></span>  <span data-preserve-white-space></span> ",Rejected,,9564652,Common integrations,Tribe Developer,🙂 Dev Tools Squad,2022-11-21,2023-01-08,,,,,,40,100,,,,,,,,,,,,,,,,,,,,,,,,,,,,,Squad Dev Tools,,,,,70,70,,,,,,,,,,,,,,,,,,,,,,,,,,,,,,,,,,,,,,,,,,,,,,,,,,,,,,,,,,,,,,,,,,,,,,
16521913,feature,2022-11-21 00:57:48 UTC,2025-07-08 09:49:13 UTC,Chrome Extension 3.7.0 (Badge Counters and “Highlight all” button),# Release Note <https://docs.google.com/document/d/194lst_Og3QTB2hDmlOU_be8two9qY3y5nggbOwQRJgI/edit?usp=sharing> <p></p> ## Redmine tickets <https://project.kameleoon.net/issues/19007> <https://project.kameleoon.net/issues/18200> <https://project.kameleoon.net/issues/18199> <https://project.kameleoon.net/issues/18915> <https://project.kameleoon.net/issues/17925> <p></p> ,Released,,6783364,"Data, Common  & Infrastructure",Isabelle Ung,🙂 Dev Tools Squad,2022-11-09,2022-11-21,,,,,,,,,,,,,,,,,,,,,,,,,,,,,,,,,,,,Squad Dev Tools,,,,,,,,,,,,,,,,,,,,,,,,,,,,,,,,,,,,,,,,,,,,,,,,,,,,,,,,,,,,,,,,,,,,,,,,,,,,
16521917,subfeature,2022-11-21 00:58:45 UTC,2022-11-22 10:41:54 UTC,Chrome Extension - Badge Counters,# 💁‍♂️ Problem\/Context ## **Description** Adding new counters to know how many items we have in a dashboard\. ## Workaround No ## **Project justification** - Requested capability **Justification** \- # 💡 Solution **Package** \- **Scope** Chrome extension **User roles** \- **Design** \- # 🎯 **Measuring Success** <p></p> NA --- <p></p> # 📄 Attached documents **Figma file**: optional \(paste link\) **Spec file**: optional \(paste link\) **Redmine ticket**: <https://project.kameleoon.net/issues/19007> [<https://project.kameleoon.net/issues/18200>](https://project.kameleoon.net/issues/19007) <span data-preserve-white-space></span>  <span data-preserve-white-space></span> ,Released,,16521913,Chrome Extension 3.7.0 (Badge Counters and “Highlight all” button),Tribe Developer,🙂 Dev Tools Squad,2022-11-09,2022-11-21,,,,,,,,,,,,,,,,,,,,,,,,,,,,,,,,,,,,,,,,,,,,,,,,,,,,,,,,,,,,,,,,,,,,,,,,,,,,,,,,,,,,,,,,,,,,,,,,,,,,,,,,,,,,,,,,
16521921,subfeature,2022-11-21 00:59:36 UTC,2022-11-22 10:41:56 UTC,Chrome Extension - Show/hide all elements button,"# 💁‍♂️ Problem\/Context ## **Description** in the Elements section, we would like to add a new button to show\/hide all the elements in the page\. ## Workaround Yes, click on the highlight buttons one by one\. ## **Project justification** **Project type** - Requested capability **Justification** \- # 💡 Solution **Package** \- **Scope** Chrome Extension **User roles** \- **Design** \- # 🎯 **Measuring Success** *Mixpanel tracking implemented* <p></p> --- <p></p> # 📄 Attached documents **Figma file**: optional \(paste link\) **Spec file**: optional \(paste link\) **Redmine ticket**: <https://project.kameleoon.net/issues/18199> <span data-preserve-white-space></span>  <span data-preserve-white-space></span> ",Released,,16521913,Chrome Extension 3.7.0 (Badge Counters and “Highlight all” button),Tribe Developer,🙂 Dev Tools Squad,2022-11-09,2022-11-21,,,,,,,,,,,,,,,,,,,,,,,,,,,,,,,,,,,,,,,,,,,,,,,,,,,,,,,,,,,,,,,,,,,,,,,,,,,,,,,,,,,,,,,,,,,,,,,,,,,,,,,,,,,,,,,,
16525576,feature,2022-11-21 09:53:30 UTC,2025-07-08 09:49:21 UTC,Shopify Integration - Update the snippet to support all currencies,"# 💁‍♂️ Problem\/Context ## **Description** The script created by the Kameleoon Shopify app was not compatible with certain currency formats, which resulted in a bug in the JS script\. <span data-preserve-white-space></span> ## Workaround Yes, changing the code manually ## **Project justification** **Project type** - Requested capability **Justification** \- # 💡 Solution **Package** \- **Scope** Kameleoon Shopify App **User roles** \- **Design** \- # 🎯 **Measuring Success** *\-* <p></p> --- <p></p> # 📄 Attached documents **Figma file**: optional \(paste link\) **Spec file**: optional \(paste link\) **Redmine ticket**: <https://project.kameleoon.net/issues/19008> ",Released,,6783364,"Data, Common  & Infrastructure",Isabelle Ung,🙂 Dev Tools Squad,2022-11-17,2022-11-21,,,,,,,,,,,,,,,,,,,,,,,,,,,,,,,,,,,,Squad Dev Tools,,,,,,,,,,,,,,,,,,,,,,,,,,,,,,,,,,,,,,,,,,,,,,,,,,,,,,,,,,,,,,,,,,,,,,,,,,,,
16527179,feature,2022-11-21 11:37:16 UTC,2022-12-07 18:38:56 UTC,Grails : Clean up perso creation page,Linked to this ticket: <https://project.kameleoon.net/issues/19024> [](https://project.kameleoon.net/issues/19024) ,Released,,6783363,AI-Driven Personalization,Fabien DIMEGLIO,🙂 Perso Squad,2022-11-20,2022-12-05,,,,,,,,,,,,,,,,,,,,,,,,,,,,,,,,,,,,Squad Perso,,,,,,,,,,,,,,,,,,,,,,,,,,,,,,,,,,,,,,,,,,,,,,,,,,,,,,,,,,,,,,,,,,,,,,,,,,,,
16527240,feature,2022-11-21 11:40:03 UTC,2022-12-23 17:14:14 UTC,Widget editor enhancements,"- Ability to select an element ""out of the screen"" on a device - Various bug fixes linked to the positioning of element \(in % or pixels \/\/ alignement option that don't work on some devices\) ",Released,,12428951,Design Tab,Fabien DIMEGLIO,🙂 Perso Squad,2022-11-20,2022-12-10,,,,,,,,,,,,,,,,,,,,,,,,,,,,,,,,,,,,Squad Perso,,,,,,,,,,,,,,,,,,,,,,,,,,,,,,,,,,,,,,,,,,,,,,,,,,,,,,,,,,,,,,,,,,,,,,,,,,,,
16527375,feature,2022-11-21 11:48:36 UTC,2023-02-16 11:53:34 UTC,Ability to hide an element for specific devices,"**Problem description:**   For each element of the widget, we get a ""Hide"" action allowing the user to make the element disappear from preview zone\.   Yet, when used, this action is common to all devices, and it impossible to only hide an element for a specific device\.   This feature makes sense, especially for mobile \(as we have less space, and our users will naturally tend to get rid of some elements on mobile\)\. <p></p> With this feature, we will allow users to choose on which device they want to hide an element\. <p></p> **Linked ticket:** <https://project.kameleoon.net/issues/18944> ",Released,,12429128,Core,Fabien DIMEGLIO,"Key Feature, 🙂 Perso Squad",2022-12-04,2023-02-16,,,,,,,,,,,,,,,,,,,,,,,,,,,,,,,,,,,,Squad Perso,,,,,,,,,,,,,,,,,,,,,,,,,,,,,,,,,,,,,,,,,,,,,,,,,,,,,,,,,,,,,,,,,,,,,,,,,,,,
16587705,feature,2022-11-24 13:51:33 UTC,2025-07-08 10:02:18 UTC,Update the Matomo integration,"# 💁‍♂️ Problem\/Context ## **Description** Update the integration because we are currently using deprecated methods\. <p></p> <https://matomo.org/faq/how-to/guide-to-using-custom-variables-deprecated/> <https://development.kameleoon.net/kameleoon-main/kameleoon-js-builder/-/blob/master/src/templater/tracking/piwik.ts> Doc talking about the plugin : <https://developer.matomo.org/guides/tracking-javascript-guide#custom-dimensions> Talking about the plugin too : <https://matomo.org/faq/reports/how-to-install-the-custom-dimensions-plugin-for-older-versions-of-matomo/> ## Workaround Yes, using custom analytics\. ## **Project justification** **Project type** - Maintenance <span data-preserve-white-space></span> **Justification** \- # 💡 Solution **Package** \- **Scope** \- **User roles** \- **Design** \- # 🎯 **Measuring Success** *\-* <p></p> --- <p></p> # 📄 Attached documents **Figma file**: optional \(paste link\) **Spec file**: optional \(paste link\) **Redmine ticket**: <https://project.kameleoon.net/issues/19159> <span data-preserve-white-space></span>  <span data-preserve-white-space></span> ",New idea,,9564652,Common integrations,Isabelle Ung,_⭐ Integrations Squad,,,,,,,,40,40,,,,,,,,,,,,,,,,,,,,,,,,,,,,,Squad Dev Tools,,,,,40,40,,,,,,,,,,,,,,,,,,,,,,,,,,,,,,,,,,,,,,,,,,,,,,,,,,,,,,,,,,,,,,,,,,,,,,
16587748,feature,2022-11-24 13:52:52 UTC,2025-07-08 10:12:17 UTC,Piwik PRO Integration,"# 💁‍♂️ Problem\/Context ## **Description** User story \#31606: <https://project.kameleoon.net/issues/31606> <p></p> <https://developers.piwik.pro/en/latest/data_collection/web/javascript_tracking_client/api.html#custom-variables> ## Workaround Yes, we currently have Piwik Pro custom integration available from the open source analytics library\. ## **Project justification** **Project type** - Requested capability **Justification** ""*We are currently in the pitch at ADAC \(biggest automobile club in Germany\)\.   They have Piwik Pro as primary analytics system\.*"" # 💡 Solution **Package** \- **Scope** integration Page **User roles** All **Design** Same as Matomo except for the logo and name # 🎯 **Measuring Success** *\-* <p></p> --- <p></p> # 📄 Attached documents **Figma file**: optional \(paste link\) **Spec file**: optional \(paste link\) **Redmine ticket**: <https://project.kameleoon.net/issues/19160> <span data-preserve-white-space></span>  <span data-preserve-white-space></span> ",New idea,,32146897,New integrations,Isabelle Ung,_⭐ Integrations Squad,,,,,,,,60,60,,,,,,,,,,,,,,,,,,,,,,,,,,,,,Squad Dev Tools,,,,,60,60,,,,,,,,,,,,,,,,,,,,,,,,,,,,,,,,,,,,,,,,,,,,,,,,,,,,,,,,,,,,,,,,,,,,,,
16588149,feature,2022-11-24 14:16:35 UTC,2022-11-24 14:20:47 UTC,Variations - Choose colors,"",New idea,,13286445,Common APP,Tribe Data Analysts,🙂 Interface squad,,,,,,,,,,,,,,,,,,,,,,,,,,,,,,,,,,,,,,Squad Interfaces,,,,,,,,,,,,,,,,,,,,,,,,,,,,,,,,,,,,,,,,,,,,,,,,,,,,,,,,,,,,,,,,,,,,,,,,,,,,
16588527,feature,2022-11-24 14:35:43 UTC,2022-11-24 14:35:43 UTC,Ease feature request process,"",New idea,,6783323,Web Experimentation,Tribe Data Analysts,"_⭐ App System Squad, 🙂 Interface squad",,,,,,,,,,,,,,,,,,,,,,,,,,,,,,,,,,,,,,Squad Interfaces,,,,,,,,,,,,,,,,,,,,,,,,,,,,,,,,,,,,,,,,,,,,,,,,,,,,,,,,,,,,,,,,,,,,,,,,,,,,
16588763,subfeature,2022-11-24 14:47:16 UTC,2024-01-31 14:58:47 UTC,"Graphic editor - Change ""Paragraph"" wording","",New idea,,15911765,New Graphic Editor,Mallaury Gruget,"_⭐ Campaign Creation Squad, 🙂 Interface squad",,,,,,,,,,,,,,,,,,,,,,,,,,,,,,,,,,,,,,Squad Interfaces,,,,,,,,,,,,,,,,,,,,,,,,,,,,,,,,,,,,,,,,,,,,,,,,,,,,,,,,,,,,,,,,,,,,,,,,,,,,
16588923,feature,2022-11-24 14:53:43 UTC,2024-01-30 15:46:44 UTC,Archive feature for goals,"",Planned,,6783323,Web Experimentation,Mallaury Gruget,"_⭐ App System Squad, 🙂 Interface squad",,,,,,,,,,,,,,,,,,,,,,,,,,,,,,,,,,,,,,Squad Interfaces,,,,,,,,,,,,,,,,,,,,,,,,,,,,,,,,,,,,,,,,,,,,,,,,,,,,,,,,,,,,,,,,,,,,,,,,,,,,
16720100,subfeature,2022-12-02 09:36:29 UTC,2024-02-08 13:05:13 UTC,Add possibility to set goal as guardrail,Allow customer to tag \/ define some goals as guardrail metric \/ goal\. The goals tagged as guardrail would be automatically included in all the test\. Add tooltip to warn about multiple comparison ? \(look for lower p\-values\) ,New idea,,23066886,Goal Metadata in CSV,Calixthe Mattei,_⭐ Reporting Squad,,,,,,,,,,,,,,,,,,,,,,,,,,,,,,,,,,,,,,Squad Data,,,,,,,,,,,,,,,,,,,,,,,,,,,,,,,,,,,,,,,,,,,,,,,,,,,,,,,,,,,,,,,,,,,,,,,,,,,,
16720786,feature,2022-12-02 10:13:36 UTC,2023-01-16 15:33:53 UTC,Mobile / responsive editor & other enhancements LOT 1,"## 💁‍♂️ Problem\/Context **Description:** As a user of the graphical editor, when using it on a mobile device, I don't have full access to all the elements of the graphical editor ![](https://pb-files.s3.amazonaws.com/production/attachments/c7722ddbc38c626538d8c949e3adcaecb4d79ac55ab06fec76a88f2bce687e47/Capture_d_ecran_2022-10-18_a_12.45.31.png) - **Existing workaround:** No **Project justification:** - **Project type:** Improvement to existing workflow - **Justification:** We can lose a major client if the graphic editor is not responsive ## 💡 Solution - **Product package:** A\/B Testing - **Product scope:** - Graphic editor, burger icon Graphic editor, history panel Graphic editor, CSS selector panel Graphic editor, édition panel Graphic editor, header Graphic editor, popin Graphic editor, loading screen - Product section and pages that will evolve \(on the contrary, you can specify what is out of scope\): On the app, we want to create a dedicated section on the app for finalization menu - **User roles**: all - **Design:** Explain with bullet points what your solution consist in \(make it synthetic\) <span data-preserve-white-space></span>     - For loading screen and popin : we want to make them responsive     - The header: <span data-preserve-white-space></span>         - The header is responsive         - Creation of a drop down system to have access to variations, original version and variations cta \(to have access to those information on the vertical way and use space on the header for other CTA’s\)         - Creation of a drop down button for edition mode and simulation at the right side of the header         - Replacement the drop\-down finalize by next button that give access to a dedicate finalize menu on the app       <p></p>     - The edition panel: <span data-preserve-white-space></span>         - Rework of the panel reduction system         - Adaptation the panel size       <p></p>     - The CSS selector panel: <span data-preserve-white-space></span>         - Creation of a default emplacement for the panel         - Adaptation the panel size       <p></p>     - The history panel <span data-preserve-white-space></span>         - Creation of a default emplacement for the panel         - Adaptation the panel size       <p></p>     - The burger icon: <span data-preserve-white-space></span>         - Adaptation of element of the burger icon         - Delation of elements non useful for graphic editor use ## 🎯 **Measuring Success** - **Goal 1:** Engagement - **Success metric:** Nb of use of the graphic editor on a screen size \/ month - **Goal 2:** Satisfaction - **Success metric:** NPS of graphic editor users --- ## 📄 Attached documents - **Figma file**: [link](https://www.figma.com/file/oVAd4kAzA4NiCiwlzdxTrE/Responsive-graphic-editor) - **Redmine ticket**: [link](https://project.kameleoon.net/issues/18294) ",Development in progress,,9564787,Graphic editor,Tribe Marketers,🙂 Interface squad,2022-10-01,2023-01-31,,,,,,40,80,,,,,,,,,,,,,,,,,,,,,,,,,,,,,Squad Interfaces,,,,,60,60,,40,,0,,,,,,,,,,,,,,,,,,,,,,,,,,,,,,,,,,,,,,,,,,,,,,,,,,,,,,,,,,,,,,,,,Tribe Marketers,
16721478,subfeature,2022-12-02 10:51:52 UTC,2023-05-15 11:24:57 UTC,Internal BO Admin Redesign V5,Collective actions : <span data-preserve-white-space></span> - Add the possibility to update settings for multiple sites at once in the UI \(we can start by IP range settings\)\. - Add the possibility to disable\/delete many customers at once\. - Add collective actions method for adding consultants to customers\. - Add the possibility to rebuild kameleoon\.js script for many sites at once\. <https://project.kameleoon.net/issues/18449> ,Released,,9511314,Internal BO Admin Redesign,Tribe Developer,🙂 Dev Tools Squad,2022-09-29,2023-05-10,,,,,,40,60,,,,,,,,,,,,,,,,,,,,,,,,,,,,,,,,,,50,50,,,,,,,,,,,,,,,,,,,,,,,,,,,,,,,,,,,,,,,,,,,,,,,,,,,,,,,,,,,,,,,,,,,,,,
16897149,subfeature,2022-12-12 09:53:02 UTC,2022-12-15 14:32:43 UTC,Embed Zapier - Full Zapier Experience,"",Released,,16467282,Move our Zapier integration out of beta,Tribe Developer,🙂 Dev Tools Squad,2022-11-21,2022-12-13,,,,,,,,,,,,,,,,,,,,,,,,,,,,,,,,,,,,,,,,,,,,,,,,,,,,,,,,,,,,,,,,,,,,,,,,,,,,,,,,,,,,,,,,,,,,,,,,,,,,,,,,,,,,,,,,
16897183,subfeature,2022-12-12 09:54:07 UTC,2023-01-24 15:17:18 UTC,Embed Zapier - Partner API,<https://project.kameleoon.net/issues/19423> ,Released,,16467282,Move our Zapier integration out of beta,Tribe Developer,🙂 Dev Tools Squad,2022-12-12,2023-01-22,,,,,,,,,,,,,,,,,,,,,,,,,,,,,,,,,,,,,,,,,,,,,,,,,,,,,,,,,,,,,,,,,,,,,,,,,,,,,,,,,,,,,,,,,,,,,,,,,,,,,,,,,,,,,,,,
16897251,feature,2022-12-12 09:57:06 UTC,2025-07-08 10:02:18 UTC,Trello Integration from Zapier,# 💁‍♂️ Problem\/Context ## **Description** Integration with Trello using Zapier\. ## Workaround No ## **Project justification** **Project type** - New product concept or workflow **Justification** ??????? # 💡 Solution **Package** A\/B Testing \/ Personalization <span data-preserve-white-space></span> **Scope** Zapier Zap templates **User roles** All **Design** NA # 🎯 **Measuring Success** *NA* <p></p> --- <p></p> # 📄 Attached documents **Figma file**: optional \(paste link\) **Spec file**: optional \(paste link\) **Redmine ticket**: mandatory \(paste link\) <span data-preserve-white-space></span>   ,New idea,,9564652,Common integrations,Isabelle Ung,_⭐ Integrations Squad,,,,,,,,40,40,,,,,,,,,,,,,,,,,,,,,,,,,,,,,Squad Dev Tools,,,,,40,40,,,,,,,,,,,,,,,,,,,,,,,,,,,,,,,,,,,,,,,,,,,,,,,,,,,,,,,,,,,,,,,,,,,,,,
16923898,subfeature,2022-12-13 09:26:06 UTC,2025-03-17 16:04:20 UTC,WYSIWYG - update data-src when changing an image,"",Released,,9789694,Allow the usage of emojis,Tribe Data Analysts,"_⭐ Campaign Creation Squad, 🙂 Interface squad",,,,,,,,,,,,,,,,,,,,,,,,,,,,,,,,,,,,,,Squad Interfaces,,,,,,,,,,,,,,,,,,,,,,,,,,,,,,,,,,,,,,,,,,,,,,,,,,,,,,,,,,,,,,,,,,,,,,,,,,,,
16989965,feature,2022-12-16 11:50:42 UTC,2024-01-08 10:42:10 UTC,Experiment finalization flow redesign,"## 📒 **Feature short description:** Describe what the feature does\. ``` The new finalization and configuration flow will enable all users to enjoy a user-friendlier process to parameter their campaigns, first on the graphic & MVT experiments and in the future, for developer experiments and personalizations. ``` ## 😥 Problem <u>**Problem statement:**</u> What problem are we trying to solve with this feature? Or, what is the opportunity we are addressing?  ``` As a marketer or a developer, I want the experiment configuration flow to be as user-friendly and clear as possible: I need a clear vision of what I already configured. It also needs to be easily accessible. I would also benefit from having the same configuration flow structure for all modules of the platform, to be able to keep my reflexes at all time.  This US is also the opportunity to relocate the graphic experiment finalization flow in the app (vs the editor interface), which is aligned to our future's vision of this tool which will all be in the app too. ``` <u>**Workaround:**</u> - **Existing workaround:** Yes - **Workaround description:** The future finalization and configuration flow does the exact same as the current one \(overall, no new feature is in the new flow\) \- it will just be way more user\-friendly\. ## 💡 Solution <u>**Key benefits**</u>: <span data-preserve-white-space></span> What value does this feature bring to the user?  ``` Enjoy a clearer and user-friendlier interface for campaign finalization and configuration. Enhanced performance through the relocation of the configuration flow on the app side.  * In the long-term, all modules (all experiments interfaces and personalization configuration too) will enjoy the same structure and users will thus be able to keep their habits and configure their campaigns more easily and efficiently.  ``` ``` ``` <u>**✏️ Product design:**</u> - **Product package:** Web Experimentation for now - **Product scope:** Experiment finalization flow will be removed from current graphic editor interface \- it will be relocated within the app, in a new page - **Target Persona**: Marketer - **Main updates:** <span data-preserve-white-space></span>     - On the graphic editor, we are removing all configurations steps for experiments     - On click on Finalize on the Graphic editor, or Edit on the AB dashboard, we will land on a brand new page on the app with the whole configuration\/finalization flow available ## 🎯 **Measuring Success** - **Goal 1:** user satisfaction with the new flow - **Success metric:** rate \/5 --- ## 📄 Attached documents - **Figma file**: <span data-preserve-white-space></span> [Embedded content](https://www.figma.com/embed?embed_host=share&url=https%3A%2F%2Fwww.figma.com%2Ffile%2FoVAd4kAzA4NiCiwlzdxTrE%2FEP---Responsive-graphic-editor%3Ftype%3Ddesign%26node-id%3D4822-80587%26t%3D6F6sUcVnZxD5lV6y-0) <p></p> - **Redmine ticket**: <https://project.kameleoon.net/issues/21575> - **Image:** <span data-preserve-white-space></span> ![](https://pb-files.s3.amazonaws.com/production/attachments/daf52816147e4c7bf8e059cca3b42aae0f53b7e9424b3e18425359f47fae2ee5/image.png) <p></p> ",Released,,9564798,Common APP pages,Fabien DIMEGLIO,"Eminza, 🙂 Interface squad",2022-10-01,2023-12-31,,,,,,,,,,,,,,,,,,,,,,,,,,,,,,,,,,,,Squad Interfaces,,,,,,,,,,,,,,,,,,,,,,,,,,,,,,,,,,,,,,,,,,,,,,,,,,,,,,,,,,,,,,,,,,,,,,,,,,,,
17115349,feature,2022-12-19 12:09:28 UTC,2023-10-10 11:20:48 UTC,Product reco migration,"",Released,,9564712,Product recommendation,Fabien DIMEGLIO,🙂 Perso Squad,2022-12-18,2023-10-09,,,,,,,,,,,,,,,,,,,,,,,,,,,,,,,,,,,,Squad Perso,,,,,,,,,,,,,,,,,,,,,,,,,,,,,,,,,,,,,,,,,,,,,,,,,,,,,,,,,,,,,,,,,,,,,,,,,,,,
17218210,feature,2022-12-27 11:44:43 UTC,2025-07-08 10:02:19 UTC,Google Analytics - Compliance with the GDPR,Add a dedicated page in the help doc to explain users how to set up the datalayer \+ proxy\. \(how to push events in a datalayer when an experiment is triggered\) Michelin is going to build a POC with Sirdata \(<https://www.sirdata.com/fr/Analytics-Helper>\)\. <https://www.cnil.fr/en/google-analytics-and-data-transfers-how-make-your-analytics-tool-compliant-gdpr> ,New idea,,9564652,Common integrations,Isabelle Ung,_⭐ Integrations Squad,,,,,,,,40,40,,,,,,,,,,,,,,,,,,,,,,,,,,,,,Squad Dev Tools,,,,,40,40,,,,,,,,,,,,,,,,,,,,,,,,,,,,,,,,,,,,,,,,,,,,,,,,,,,,,,,,,,,,,,,,,,,,,,
17265965,feature,2023-01-03 10:33:04 UTC,2025-10-13 10:27:01 UTC,Widgets accessibility compliance,<p></p> ,Released,,12429128,Core,Fabien DIMEGLIO,_⭐ Visual Builders Squad,2025-07-07,2025-08-15,,,,,,,,,,,,,,,,,,,,,,,,,,,,,,,,,,,,Squad Perso,,,,,,,,,,,,,,,,,,,,,,,,,,,,,,,,,,,,,,,,,,,,,,,,,,,,,,,,,,,,,,,,,,,,,,,,,,,,
17275363,feature,2023-01-03 16:03:52 UTC,2025-07-08 09:49:27 UTC,Updating GA4  + help documentation,"## 📒 **Feature short description:** Describe what the feature does\. <p></p> The user will be able to choose between Google Tag \(gtag\.js\) or Google Tag Manager as the method to be used for the GA4 Integration\. <p></p> ## 😥 Problem <u>**Problem statement:**</u> What problem are we trying to solve with this feature? Or, what is the opportunity we are addressing?  <p></p> Currently, the code uses a detection mechanism that decide whether to use one method or the other\. But some customers would like to be able to choose the method\. <p></p> <p></p> <u>**Workaround:**</u> - **Existing workaround:** Yes <span data-preserve-white-space></span> - **Workaround description:** Custom analytics ## 💡 Solution <u>**Key benefits**</u>: <span data-preserve-white-space></span> What value does this feature bring to the user?  <p></p> - The user can choose the method he prefers\. <span data-preserve-white-space></span>   <u>**Use Cases:**</u> <span data-preserve-white-space></span> Share use cases where this feature would help our users\. <span data-preserve-white-space></span> <p></p> - Customers that are using Google Tag Manager can send events throught the dataLayer and receive events in GA4\. <span data-preserve-white-space></span> - Customer that are using GA4 can use the GA4 events\. <p></p> <u>**✏️ Product design:**</u> - **Product package:** Web Experimentation - **Product scope:** Integration page \/ Engine - **Target Persona**: Marketers - **Main updates:**  New form allowing to choose a method\. ## 🎯 **Measuring Success** NA --- ## 📄 Attached documents - **Redmine ticket**: <https://project.kameleoon.net/issues/20114> - **Image:** mandatory, to illustrate the topic <p></p> ",Released,,6783364,"Data, Common  & Infrastructure",Isabelle Ung,🙂 Dev Tools Squad,2023-02-01,2023-04-19,,,,,,,,,,,,,,,,,,,,,,,,,,,,,,,,,,,,Squad Dev Tools,,,,,,,,,,,,,,,,,,,,,,,,,,,,,,,,,,,,,,,,,,,,,,,,,,,,,,,,,,,,,,,,,,,,,,,,,,,,
17276174,feature,2023-01-03 16:37:28 UTC,2023-02-22 15:56:24 UTC,Auto save draft widgets,"**Problem:** Currently, for widgets, we need to click on the ""Save"" button to save the widget, whatever the status of the widget is\. <span data-preserve-white-space></span> The problem is that users currently have a high chance to lose all their work if they forget to click on this CTA <p></p> **Solution:** - if the widget is draft \(= not activated\), auto save the widget\. An indication ""Saved"" should be added - if the widget is activated and used in a campaign \(whatever its status\), add an ""Update"" or ""Save changes"" button\. <span data-preserve-white-space></span> - In case the user leaves the widget editor without saving his\/her changes, we should display a confirmation pop\-in allowing the user to save the changes or not\. - In case there is a connection problem, we should add an indication ""connection lost"" <span data-preserve-white-space></span> ",Candidate,,12429128,Core,Fabien DIMEGLIO,🙂 Perso Squad,,,,,,,,,,,,,,,,,,,,,,,,,,,,,,,,,,,,,,Squad Perso,,,,,,,,,,,,,,,,,,,,,,,,,,,,,,,,,,,,,,,,,,,,,,,,,,,,,,,,,,,,,,,,,,,,,,,,,,,,
17276343,feature,2023-01-03 16:45:38 UTC,2023-01-03 16:47:30 UTC,History panel with edited elements,"**Problem:** Today, it is impossible to know what has been added \/ updated on the widget, by who and when\. <p></p> **Solution:** Add an ""History"" section, with the list of all events like on our current A\/B graphic editor\. ",New idea,,12429128,Core,Fabien DIMEGLIO,"",,,,,,,,,,,,,,,,,,,,,,,,,,,,,,,,,,,,,,,,,,,,,,,,,,,,,,,,,,,,,,,,,,,,,,,,,,,,,,,,,,,,,,,,,,,,,,,,,,,,,,,,,,,,,,,,,,
17276503,feature,2023-01-03 16:52:33 UTC,2024-01-30 13:29:26 UTC,Better inform users how the edition on different devices works,"**Problem:** Currently, when editing an element, it is not clear when the property is applied on other devices because the behaviour is different between desktop and other devices\. Please report to Emmanuel's insight for more information about that problem\. <p></p> **Solution:** Better inform the user, via specific pop\-in or onboarding tour\. ",Released,,12428951,Design Tab,Fabien DIMEGLIO,"",,,,,,,,,,,,,,,,,,,,,,,,,,,,,,,,,,,,,,,,,,,,,,,,,,,,,,,,,,,,,,,,,,,,,,,,,,,,,,,,,,,,,,,,,,,,,,,,,,,,,,,,,,,,,,,,,,
17276613,feature,2023-01-03 17:02:53 UTC,2023-01-03 17:02:53 UTC,Add API connections / webservices,"",New idea,,12428956,Events Tab,Fabien DIMEGLIO,"",,,,,,,,,,,,,,,,,,,,,,,,,,,,,,,,,,,,,,,,,,,,,,,,,,,,,,,,,,,,,,,,,,,,,,,,,,,,,,,,,,,,,,,,,,,,,,,,,,,,,,,,,,,,,,,,,,
17276725,feature,2023-01-03 17:07:01 UTC,2024-01-30 13:26:17 UTC,Countdown widget: be able to move the legend,"**Problem:** For the while, on the countdown widget, it is impossible to move the words ""days"", ""hours"", ""minutes"", ""seconds"" with the mouse\. We can only add a padding\. <p></p> **Solution:** Allow the users to move these texts\. ",New idea,,12429296,New elements,Fabien DIMEGLIO,"",,,,,,,,,,,,,,,,,,,,,,,,,,,,,,,,,,,,,,,,,,,,,,,,,,,,,,,,,,,,,,,,,,,,,,,,,,,,,,,,,,,,,,,,,,,,,,,,,,,,,,,,,,,,,,,,,,
17284211,subfeature,2023-01-04 07:11:34 UTC,2023-01-04 07:19:13 UTC,Go,"",Released,,16280215,v2 Compatible SDKs,Tribe Developer,🙂 FF/SDK Squad,,,,,,,,,,,,,,,,,,,,,,,,,,,,,,,,,,,,,,,,,,,,,,,,,,,,,,,,,,,,,,,,,,,,,,,,,,,,,,,,,,,,,,,,,,,,,,,,,,,,,,,,,,,,,,,,,,
17284310,feature,2023-01-04 07:31:41 UTC,2024-01-09 08:54:13 UTC,Custom Environment Mgmt,"## 📒 **Feature short description:** <span data-preserve-white-space></span>   Today, the customer's connected \(production, development, staging\) environments for each project are restricted to exactly 3\. We want to introduce a new way to make environments completely customisable\. <span data-preserve-white-space></span> <p></p> ## 😥 Problem <u>**Problem statement:**</u> - As a developer \- I can't edit my environments at all if I want to use additional ones for my project\. <span data-preserve-white-space></span> - I have to create an additional project and use that for any additional internal environments if I want to connect more than 3 to my main project\. <span data-preserve-white-space></span> - Even then \- I still can't rename them even if all 3 environments \(including Production\) are just internal\/QA environments\. <span data-preserve-white-space></span> <p></p> <u>**Workaround:**</u> - **Existing workaround:** Yes <span data-preserve-white-space></span> - **Workaround description:** Create an additional project \(as many times as needed\) to match needs for internal environments\. Change has to be made at the project level\. <span data-preserve-white-space></span> <p></p> ## 💡 Solution <u>**Key benefits**</u>: <span data-preserve-white-space></span> This feature will offer a customization option for FF environments to be able to flexibly map the customer's infrastructure setup to our tool\. <span data-preserve-white-space></span>   <u>**Use Cases:**</u> <span data-preserve-white-space></span> Environments should be **global **to the project\! Creating, modifying or deleting an environment on the FF level \(in Rollout Planner\) will impact all FFs of the same project\. User should be able to:   - Be able to rename environments - Be able to add additional environments - Be able to remove environments - Be able to change environment key \(More long term if not feasible\) <p></p> ***Any of these changes will impact all other FF’s as well within the same project\. *** <p></p> <u>**✏️ Product design:**</u> - **Product package:** Feature Experimentation - **Product scope:** Rollout Planner <span data-preserve-white-space></span> - **Target Persona**: Developer \/ Product Manager - **Main updates:** In bullets, concisely describe what your solution consists of:     - A small CTA to edit environments, followed by a popup that allows modifying according to the above use cases   <p></p> ![](https://pb-files.s3.amazonaws.com/production/attachments/c53b2079c1245c37b13c7a85f46ef5b7e7b5dbf28395affa71c9d2c3dc56a5a5/image.png) ## 🎯 **Measuring Success** - **Success metric:** Feature adoption based on above use cases --- ## 📄 Attached documents - **Figma file**: N\/A - **Spec file**: N\/A - **Redmine ticket**: N\/A <p></p> <p></p> ",Released,,9564875,Feature Management & Experimentation (FM&E),Tribe Developer,🙂 FF/SDK Squad,2023-10-01,2023-11-30,,,,,,,,,,,,,,,,,,,,,,,,,,,,,,,,,,,,Squad FM&E,,,,,,,,,,,,,,,,,,,,,,,,,,,,,,,,,,,,,,,,,,,,,,,,,,,,,,,,,,,,,,,,,,,,,,,,,,,,
17284518,feature,2023-01-04 07:57:24 UTC,2023-05-25 13:44:59 UTC,Trial Plan Readiness,Allow users to self\-sign up their org for a **free** trial plan\. <span data-preserve-white-space></span> Limit usage to 2 weeks and a maximum of 5 seats per account\. <span data-preserve-white-space></span> ,Released,,8692201,Feature Experimentation,Tribe Developer,🙂 FF/SDK Squad,2023-02-13,2023-05-15,,,,,,,,,,,,,,,,,,,,,,,,,,,,,,,,,,,,Squad FM&E,,,,,,,,,,,,,,,,,,,,,,,,,,,,,,,,,,,,,,,,,,,,,,,,,,,,,,,,,,,,,,,,,,,,,,,,,,,,
17284582,feature,2023-01-04 08:01:50 UTC,2023-03-20 09:02:48 UTC,Feature Experiments - Standalone dashboard,"## 📒 **Feature short description:** This standalone dashboard allows whoever is running feature experiments or analysing their results to easily view a list of all feature experiment rules in a given feature flag and click on them to access the results page for it\. <span data-preserve-white-space></span> ## 😥 Problem <u>**Problem statement:**</u> As a PM, when I want to view the results of a feature experiment I've created, it's not apparent where to navigate to\.  <p></p> <u>**Workaround:**</u> - **Existing workaround:** Yes <span data-preserve-white-space></span> - **Workaround description:** Alternatively, individual reporting pages for a feature experiment can also be accessed using the **⋮** menu inside the rule card once it is added to the queue as shown below\. ![](https://lh5.googleusercontent.com/KZVUJoSq7r3bHBIsz7kZ_OxBY8a_JX8VaebWfYFtKoBw-jhBX6SNRkpjMKee3Q0zrx6vMFqqtdc428w8aL5LURlbdiJvB4S1SAnsFjIz8mHV3xgnAVEsAfCMBb_7mV8ddVTFkhnxPvhts967B90blZ8) <p></p> ## 💡 Solution <u>**Key benefits**</u>: <span data-preserve-white-space></span> - Dedicated ""Reporting"" section to be added in the menu for future releases such as Activity Logs, Integrations \(Hybrid\), etc\. <span data-preserve-white-space></span> <span data-preserve-white-space></span>   <u>**✏️ Product design:**</u> - **Product package:**  Feature Management <span data-preserve-white-space></span> - **Product scope:** Rollout Planner - **Target Persona**: Product Manager, Analyst <span data-preserve-white-space></span> - **Main updates:** <span data-preserve-white-space></span>     - Once you have created at least one feature experiment, navigate to the **Reporting** section on the left menu and at the bottom, click on **Results** ![](https://lh6.googleusercontent.com/LbF-e00RCOtv4uOB93_J48WxrqKa1G3xWCyhvpDaUjGTX-SQ_2suKCcYalHVdf67q5sDt-zBZ28UpzhiA5YCOHWTHB2OTIPLVzxEu2SquYB_z7Rw8riayawLbtUJUg9Bnr8AeNWBHbogvtjLL0n6zsw) - Once here, simply click on the feature experiment whose results you wish to analyze and you will be taken to the in\-depth reporting page for this test\.  ![](https://lh6.googleusercontent.com/X9-r0AGvFjRVfAPQ7t4ueZukypq2inhgunHjX8ZCSAPbpP7AxcPUlTW-Dx2TeknbM1YhCA8JiDtbtBjpmRXzkIcyELRqYIZDYgyRVWWwGxIT-3VgzdLBLi7Fjgwk6q_CKB1_GK5Za4mNuz-iyD9rQAc) <p></p> ## 🎯 **Measuring Success** - **Goal 1:** Drive more users to click into this menu item - **Success metric:** How many people access FXP results via this page <p></p> --- ## 📄 Attached documents - \(Live in production for all users\) <span data-preserve-white-space></span> - **Redmine ticket**: <https://project.kameleoon.net/issues/20206> ",Released,,8692201,Feature Experimentation,Tribe Developer,🙂 FF/SDK Squad,2023-02-01,2023-03-02,,,,,,,,,,,,,,,,,,,,,,,,,,,,,,,,,,,,Squad FM&E,,,,,,,,,,,,,,,,,,,,,,,,,,,,,,,,,,,,,,,,,,,,,,,,,,,,,,,,,,,,,,,,,,,,,,,,,,,,
17285352,subfeature,2023-01-04 08:53:12 UTC,2023-01-04 08:53:21 UTC,Javascript,"",Released,,16280215,v2 Compatible SDKs,Tribe Developer,🙂 FF/SDK Squad,,,,,,,,,,,,,,,,,,,,,,,,,,,,,,,,,,,,,,,,,,,,,,,,,,,,,,,,,,,,,,,,,,,,,,,,,,,,,,,,,,,,,,,,,,,,,,,,,,,,,,,,,,,,,,,,,,
17286712,feature,2023-01-04 10:10:52 UTC,2025-07-08 10:12:23 UTC,Wizaly Integration,# 💁‍♂️ Problem\/Context ## **Description** Use Wizaly as a tracking tool I guess\. ## Workaround Maybe with a custom analytics ? ## **Project justification** **Project type** - Requested capability **Justification** Requested by Speedway and Conforama # 💡 Solution **Package** A\/B Testing \/ Personalization **Scope** - Integration page - Result page - Code editor - Graphic editor **User roles** All **Design** To be defined # 🎯 **Measuring Success** *\-* <p></p> --- <p></p> # 📄 Attached documents **Figma file**: optional \(paste link\) **Spec file**: optional \(paste link\) **Redmine ticket**: mandatory \(paste link\) <span data-preserve-white-space></span>  <span data-preserve-white-space></span> ,New idea,,32146897,New integrations,Isabelle Ung,_⭐ Integrations Squad,,,,,,,,60,60,,,,,,,,,,,,,,,,,,,,,,,,,,,,,Squad Dev Tools,,,,,60,60,,,,,,,,,,,,,,,,,,,,,,,,,,,,,,,,,,,,,,,,,,,,,,,,,,,,,,,,,,,,,,,,,,,,,,
17286789,subfeature,2023-01-04 10:14:07 UTC,2024-01-24 09:29:05 UTC,Snowflake - Use Snowflake as a source,"# 💁‍♂️ Problem\/Context ## **Description** Getting data from Snowflake using their SQL language in a request and using this data in Kameleoon, probably as a custom data\. <span data-preserve-white-space></span> <p></p> <https://docs.castled.io/settings/data-warehouses/snowflake> <https://docs.castled.io/schema/user> <https://docs.castled.io/schema/event> <https://docs.castled.io/schema/custom> <span data-preserve-white-space></span> ## Workaround No ## **Project justification** **Project type** - Requested capability **Justification** Customer \-\> Verbaudet ? # 💡 Solution **Package** A\/B Testing \/ Personalization \/ Full stack **Scope** \- **User roles** All **Design** NA # 🎯 **Measuring Success** *\-* <p></p> --- <p></p> # 📄 Attached documents **Figma file**: optional \(paste link\) **Spec file**: optional \(paste link\) **Redmine ticket**: User story \#25290 \- Snowflake Integration   <https://project.kameleoon.net/issues/25290> ",Released,,13443566,Snowflake Integration,Tribe Developer,"🎨 design needed, 🙂 Dev Tools Squad",2023-11-01,2023-12-31,,,,,,100,80,,,,,,,,,,,,,,,,,,,,,,,,,,,,,,,,,,90,90,,,,,,,,,,,,,,,,,,,,,,,,,,,,,,,,,,,,,,,,,,,,,,,,,,,,,,,,,,,,,,,,,,,,,,
17287356,feature,2023-01-04 10:46:49 UTC,2024-11-22 10:29:39 UTC,Filters - Exclusion management,"",New idea,,9564798,Common APP pages,Loreena,_⭐ App System Squad,,,,,,,,20,,,,,,,,,,,,,,#1  - Frictionless experience,,,,,,,,,,,,,,,,Squad Interfaces,,,,Focus on relevant data,10,10,,,,,,,,,,,,,,,,,,,,,,,,,,,,,,,,,,,,,,,,,,,,,,,,,,,,,,,,,,,,,,,,,,,,,,
17312701,feature,2023-01-05 13:31:10 UTC,2024-01-30 15:44:08 UTC,Translations and wordings fixes - EN first,"",New idea,,9564798,Common APP pages,Tribe Marketers,"🙂 Interface squad, Masterplan",,,,,,,,,,,,,,,,,,,,,,,,,,,,,,,,,,,,,,Squad Interfaces,,,,,,,,,,,,,,,,,,,,,,,,,,,,,,,,,,,,,,,,,,,,,,,,,,,,,,,,,,,,,,,,,,,,,,,,,,,,
17312814,feature,2023-01-05 13:36:10 UTC,2025-05-05 10:54:10 UTC,Checkbox for beta rollouts volunteers,"This feature purpose is to ease the process of suggesting to our users to be our early\-adopters: for instance, a checkbox would be added in the configuration of the account \(User page\) If checked, the user's email is automatically added to an early adopters list and sent for FF for early release of features ",Rejected,,31139411,Others,Yassin Hassan,"_⭐ Admin & Engine Squad, Masterplan",,,,,,,,20,,,,,,,,,,,,,,#2 - Needs of mature XP teams,,,,,,,,,,,,,,,,Squad Interfaces,,,,time saving+involve our power users,10,10,,,,,,,,,,,,,,,,,,,,,,,,,,,,,,,,,,,,,,,,,,,,,,,,,,,,,,,,,,,,,,,,,,,,,,
17312895,feature,2023-01-05 13:38:13 UTC,2024-01-31 14:59:42 UTC,Owner column for campaigns,"",New idea,,6783323,Web Experimentation,Tribe Data Analysts,"_⭐ App System Squad, 🙂 Interface squad, Masterplan",,,,,,,,,,,,,,,,,,,,,,,,,,,,,,,,,,,,,,Squad Interfaces,,,,,,,,,,,,,,,,,,,,,,,,,,,,,,,,,,,,,,,,,,,,,,,,,,,,,,,,,,,,,,,,,,,,,,,,,,,,
17313175,subfeature,2023-01-05 13:44:05 UTC,2025-04-18 14:08:59 UTC,Solutions accessibility improvements,Goal: reach level A ,Development in progress,,17513863,Kameleoon new UI,Mallaury Gruget,"_⭐ App System Squad, 🙂 Interface squad, Masterplan",,,,,,,,,,,,,,,,,,,,,,,,,,,,,,,,,,,,,,Squad Interfaces,,,,,,,,,,,,,,,,,,,,,,,,,,,,,,,,,,,,,,,,,,,,,,,,,,,,,,,,,,,,,,,,,,,,,,,,,,,,
17313614,feature,2023-01-05 14:01:32 UTC,2023-03-14 16:00:07 UTC,June Integration,"# 💁‍♂️ Problem\/Context ## **Description** Being able to use June a tracking tool \(send track data to June\)\. <span data-preserve-white-space></span> <p></p> [June](https://www.june.so/) is the only product analytics tool that gives you auto\-generated reports focused on companies\. <p></p> June SDK is quite similar to Segment\.io\. <p></p> Technical doc to help implement this feature: <https://www.june.so/docs/browser> ## Workaround Yes, custom analytics ## **Project justification** **Project type** - Requested capability **Justification** Good for US market # 💡 Solution **Package** A\/B Testing \/ Personalization **Scope** - Integration page - Code editor - Graphic editor - Result page **User roles** All **Design** \- # 🎯 **Measuring Success** **\-** <p></p> --- # 📄 Attached documents **Figma file**: optional \(paste link\) **Spec file**: optional \(paste link\) **Redmine ticket**: <https://project.kameleoon.net/issues/19670> <p></p> ",Released,,9564652,Common integrations,Tribe Developer,🙂 Dev Tools Squad,2023-01-09,2023-03-13,,,,,,,,,,,,,,,,,,,,,,,,,,,,,,,,,,,,Squad Dev Tools,,,,,,,,,,,,,,,,,,,,,,,,,,,,,,,,,,,,,,,,,,,,,,,,,,,,,,,,,,,,,,,,,,,,,,,,,,,,
17315664,feature,2023-01-05 15:35:06 UTC,2024-10-29 12:35:10 UTC,Edge CDN Kits,"## 📒 **Feature summary:** An Edge CDN is cloud technology that specializes in static site hosting and serverless functions\. It provides developers with a seamless way to deploy and scale their websites, web applications, and APIs\. They focus on simplifying the deployment process and optimising the performance of web projects \- ensuring fast loading times and efficient delivery to end users\. <p></p> --- ## 💡 Solution benefits <span data-preserve-white-space></span> <span data-preserve-white-space></span> What value does this feature bring to the user?  <p></p> - **Improved website performance:** Edge CDN technologies distribute content closer to end users, reducing latency and improving website loading speeds\. This results in a better user experience and higher engagement levels\. - **Reduced bandwidth costs:** By caching content at edge server locations, edge CDNs help offload traffic from origin servers, reducing the bandwidth consumption and associated costs\. - **Enhanced scalability:** Edge CDNs offer scalable infrastructure that can handle high volumes of traffic without impacting performance\. This enables websites to accommodate sudden spikes in user activity or handle increased demand during peak periods\. - **Increased global reach:** With edge server locations distributed across the globe, edge CDNs can deliver content to users regardless of their geographical location\. This improves website accessibility and ensures consistent performance for users worldwide\. - **Improved reliability and resilience:** Edge CDNs use a distributed network of servers, reducing the risk of single points of failure\. If one edge server goes down, requests can be automatically rerouted to the nearest available server, ensuring continuous content delivery\. - **Flexibility and agility:** Edge CDNs provide flexibility in managing and delivering content\. They support dynamic content updates, enable A\/B testing, FF usage, and facilitate quick deployment of changes, allowing product teams to respond rapidly to user demands and market trends\. <p></p> ## <u>**✏️ Product design:**</u> - **Product package:** Web Experimentation \/ Full Stack Experimentation \/ Feature Management <span data-preserve-white-space></span> - **Product scope:** Developers <span data-preserve-white-space></span> <p></p> <p></p> ",Released,,9564652,Common integrations,Tribe Developer,"_⭐ Feature Experimentation Squad, _⭐ SDK Squad",,,,,,,,,,,,,,,,,,,,,,,,,,,,,,,,,,,,,,Squad Dev Tools,,,,,,,,,,,,,,,,,,,,,,,,,,,,,,,,,,,,,,,,,,,,,,,,,,,,,,,,,,,,,,,,,,,,,,,,,,,,
17316295,feature,2023-01-05 15:55:43 UTC,2023-01-05 15:58:35 UTC,Create a specific submenu on click on Kameleoon logo,"**Problem:** Today, when we click on the Kameleoon logo displayed at the top left of the widget editor, we leave the Widget Editor and it doesn't save what has been done\. <p></p> **Solution:** 1. Implement Auto save feature which is a different feature \(to avoid loosing work\) 1. On click on the logo, display a sub\-menu to allow the user to choose the page of the APP that he wants to load \(experiments, perso, segments, goals \.\.\.\) ",New idea,,12429128,Core,Fabien DIMEGLIO,"",,,,,,,,,,,,,,,,,,,,,,,,,,,,,,,,,,,,,,,,,,,,,,,,,,,,,,,,,,,,,,,,,,,,,,,,,,,,,,,,,,,,,,,,,,,,,,,,,,,,,,,,,,,,,,,,,,
17353938,feature,2023-01-09 08:42:53 UTC,2025-01-14 07:45:20 UTC,Being able to duplicate projects,"## 📒 **Feature short description:** This feature allows users to easily create exact copies of existing projects, streamlining workflows and ensuring consistency\. By duplicating projects, users save time on setup, maintain uniform configurations across similar projects, and reduce the risk of manual errors\. This feature enhances efficiency and flexibility, making project management more straightforward and reliable\. <p></p> Duplicating a project copies the setup and configuration but does not include goals, experiments, personalizations, custom data, segments, or feature flags\. --- ## 📄 Attached documents - **Figma file**: optional \(paste link\) - **Spec file**: optional \(paste link\) - **Redmine ticket**: User story \#30249 \- Projects \- Being able to duplicate projects \- GraphQL endpoint     <https://project.kameleoon.net/issues/30249> - **Image:** mandatory, to illustrate the topic <p></p> ",Released,,6783323,Web Experimentation,Yassin Hassan,_⭐ Admin & Engine Squad,2024-09-01,2024-10-31,,,,,,,,,,,,,,,,,,,,#1  - Frictionless experience,,,,,,,,,,,,,,,,Squad Interfaces,,,,,,,,,,,,,,,,,,,,,,,,,,,,,,,,,,,,,,,,,,,,,,,,,,,,,,,,,,,,,,,,,,,,,,,,,,,,
17359505,feature,2023-01-09 14:10:27 UTC,2025-03-24 09:51:05 UTC,Amplitude Cohorts,# 💁‍♂️ Problem\/Context ## **Description** Exporting cohorts from Amplitude to Kameleoon\. ## Workaround No ## **Project justification** **Project type** - Requested capability **Justification** Request from Amplitude Product team \(they also use Productboard\) <p></p> ![](https://pb-files.s3.amazonaws.com/production/attachments/fe7b7e79fd873b6d7b5525bcb93f36b3c86095c2413019763e40dadbbc1b6884/image.png) \+ Request from Square\.   \+ Request from Pvolve \+ Request from Daily Kos # 💡 Solution **Package** A\/B Testing \/ Personalization \/ Full stack **Scope** NA **User roles** All **Design** NA # 🎯 **Measuring Success** *NA* <p></p> --- # 📄 Attached documents **Figma file**: optional \(paste link\) **Spec file**: optional \(paste link\) **Redmine ticket**:User story \#30741 \- Amplitude Cohort Integration on K8s   <https://project.kameleoon.net/issues/30741> <p></p> ,Released,,9564652,Common integrations,Isabelle Ung,_⭐ Integrations Squad,2023-05-24,2025-02-28,,,,,,60,60,,,,,,,,,,,,3,,,,,,,,,,,,,,,,,Squad Dev Tools,,,,,60,20,,,,,,,,,,,,,,,,,,,,,,,,,,,,,,,,,,,,,,,,,,,,,,,,,,,,,,,,,,,,,,,,,,,,,,
17404931,feature,2023-01-11 13:17:36 UTC,2023-12-21 10:34:47 UTC,Audiences global KPIs available to all customers,"## 📒 **Feature short description:** ``` This feature will allow every user to see the top part of the Audiences page, so the KPIs, even if they don't upgrade to Audiences. ``` ## 😥 Problem <u>**Problem statement:**</u> ``` Users are currently missing out on those interesting KPIs that could be a motivation to keep using Kameleoon and to upgrade to Audiences. ``` <u>**Workaround:**</u> - **Existing workaround:**  No ## 💡 Solution <u>**Key benefits**</u>: <span data-preserve-white-space></span> What value does this feature bring to the user?  ``` * Making these KPIs available to everyone, with minimal setup : it will show them great insights on their global usage of Kameleoon, including how much money they earned thanks to Kameleoon. * It will advertise the Audiences page, as users have a reason to go there, and might be tempted to upgrade. ``` <span data-preserve-white-space></span>   <u>**Use Cases:**</u> <span data-preserve-white-space></span> Share use cases where this feature would help our users\. <span data-preserve-white-space></span> ``` If our customers at Lidl (suppposing they don't yet have Audiences) are wondering if they should keep using Kameleoon or if it didn't bring any value to their website, they might want to know how much money they have earned thanks to us. On this page, thanks to those KPIs they've never seen before, they will se that Kameleoon has earned them millions of euros. They will also see the potential earnings they could have earned if they made a better use out of Kameleoon.  Lidl would never want to cancel their subscription to Kameleoon now.  ``` <u>**✏️ Product design:**</u> - **Product package:** Audiences - **Product scope:** Audiences page - **Target Persona**: Marketers - **Figma link to the specs :**   [https:\/\/www\.figma\.com\/file\/BNia1s3x0eCZv0fgyZVviG\/%2319311\-Audiences\-global\-KPIs\-access\-to\-all\-customers?type=design&node\-id=902\-25446&mode=design&t=UivxDacNL2rarg1i\-0](https://www.figma.com/file/BNia1s3x0eCZv0fgyZVviG/%2319311-Audiences-global-KPIs-access-to-all-customers?type=design&node-id=902-25446&mode=design&t=UivxDacNL2rarg1i-0) ## 🎯 **Measuring Success** - **Goal 1:**  User retention and churn reduction - **Goal 2:**  Increasing the number of experiments user create - **Goal 2:**  Increasing the numbers of subscription to Audiences - **Success metric:**     \- number of non\-Audiences subscribers that set up a website in Audiences to see the KPIs     \- number of users that subscribe to Audiences <p></p> ``` ``` --- ## 📄 Attached documents - **Figma file**: Not ready yet - **Spec file**: [https:\/\/www\.figma\.com\/file\/BNia1s3x0eCZv0fgyZVviG\/%2319311\-Audiences\-global\-KPIs\-access\-to\-all\-customers?node\-id=0%3A1&t=xMAOkpLTK9VXUR8t\-0](https://www.figma.com/file/BNia1s3x0eCZv0fgyZVviG/%2319311-Audiences-global-KPIs-access-to-all-customers?node-id=0%3A1&t=xMAOkpLTK9VXUR8t-0) <span data-preserve-white-space></span> - **Redmine ticket**: none yet - **Image:** <span data-preserve-white-space></span> <p></p> ",Released,,9564706,Audiences,Tribe Data Analysts,_⭐ Reporting Squad,2022-12-22,2023-12-11,,,,,,,,,,,,,,,,,,,,,,,,,,,,,,,,,,,,Squad Data,,,,,,,,,,,,,,,,,,,,,,,,,,,,,,,,,,,,,,,,,,,,,,,,,,,,,,,,,,,,,,,,,,,,,,,,,,,,
17421066,feature,2023-01-12 07:06:24 UTC,2025-07-08 09:49:32 UTC,Chrome Extension - New Authentication Flow,"# 💁‍♂️ Problem\/Context ## **Description** The current authentication flow is not very good\. We would like to same something better, using id \+ password in a pop\-up \(similar to what Optimizely does\)\. ## Workaround Yes, current flow\. ## **Project justification** **Project type** - Improvement to existing workflow **Justification** The current authentication flow is not very good\. We would like to same something better, using id \+ password in a pop\-up \(similar to what Optimizely does\)\. # 💡 Solution **Package** A\/B Testing \/ Personalization \/ Full stack **Scope** All **User roles** All **Design** NA # 🎯 **Measuring Success** Mixpanel tracking plan --- # 📄 Attached documents **Figma file**: optional \(paste link\) **Spec file**: optional \(paste link\) **Redmine ticket**: <https://project.kameleoon.net/issues/19733> <p></p> ",Released,,6783364,"Data, Common  & Infrastructure",Isabelle Ung,🙂 Dev Tools Squad,2022-11-28,2023-01-23,,,,,,,,,,,,,,,,,,,,,,,,,,,,,,,,,,,,Squad Dev Tools,,,,,,,,,,,,,,,,,,,,,,,,,,,,,,,,,,,,,,,,,,,,,,,,,,,,,,,,,,,,,,,,,,,,,,,,,,,,
17422833,feature,2023-01-12 09:33:01 UTC,2025-07-08 10:02:20 UTC,Segment Reverse ETL Integration,# 💁‍♂️ Problem\/Context ## **Description** To be defined ## Workaround No ## **Project justification** **Project type** - New product concept or workflow **Justification** Just because :\) # 💡 Solution **Package** A\/B Testing \/ Personalization \/ Full stack <span data-preserve-white-space></span> **Scope** To be defined **User roles** All **Design** To be defined # 🎯 **Measuring Success** \- --- # 📄 Attached documents **Figma file**: optional \(paste link\) **Spec file**: optional \(paste link\) **Redmine ticket**: mandatory \(paste link\) <p></p> ,New idea,,9564652,Common integrations,Isabelle Ung,_⭐ Integrations Squad,,,,,,,,60,60,,,,,,,,,,,,,,,,,,,,,,,,,,,,,Squad Dev Tools,,,,,60,60,,,,,,,,,,,,,,,,,,,,,,,,,,,,,,,,,,,,,,,,,,,,,,,,,,,,,,,,,,,,,,,,,,,,,,
17486567,feature,2023-01-17 09:19:11 UTC,2024-02-06 18:06:11 UTC,Assign a widget to a variation from Code Editor,# 💁‍♂️ Problem\/Context ## **Description** Being able to assign a widget to an experiment's variation\. ## Workaround No ? ## **Project justification** **Project type** *Pick one :* - Requested capability - New product concept or workflow - Improvement to existing workflow - Operational improvement - Risk mitigation \(*refer to*[ *PDB Template \- slide 9*](https://docs.google.com/presentation/d/1vr1Nmw2Hh6upHZq504j3R9KNo2jbRW2PoSYnXKcSA-Q/edit#slide=id.g10a92e05449_0_0)*\)* **Justification** concrete indicators \/ reasons why we need to work on this project *\(refer to*[ *PDB Template \- slide 9*](https://docs.google.com/presentation/d/1vr1Nmw2Hh6upHZq504j3R9KNo2jbRW2PoSYnXKcSA-Q/edit#slide=id.g10a92e05449_0_0)*\)* # 💡 Solution **Package** A\/B Testing \/ Personalization **Scope** Code editor **User roles** All **Design** To be defined # 🎯 **Measuring Success** *\-* <p></p> --- # 📄 Attached documents **Figma file**: optional \(paste link\) **Spec file**: optional \(paste link\) **Redmine ticket**: mandatory \(paste link\) <p></p> ,New idea,,9564793,Developer editor,Mallaury Gruget,"_⭐ Campaign Creation Squad, 🎨 design needed",,,,,,,,20,40,,,,,,,,,,,,,,,,,,,,,,,,,,,,,Squad Dev Tools,,,,,30,30,,,,,,,,,,,,,,,,,,,,,,,,,,,,,,,,,,,,,,,,,,,,,,,,,,,,,,,,,,,,,,,,,,,,,,
17494046,feature,2023-01-17 14:22:01 UTC,2023-01-17 14:46:37 UTC,Real-time Synchronization of Visits,# 💁‍♂️ Problem\/Context ## **Description** Real\-time sync of visits is an option at extra cost that can be activated from the Administration Back\-office\. It allows user to see their visits faster\. ## Workaround No\. ## **Project justification** **Project type** - New product concept or workflow **Justification** \- # 💡 Solution **Package** A\/B Testing \/ Personalization <span data-preserve-white-space></span> **Scope** \- **User roles** All **Design** \- # 🎯 **Measuring Success** *\-* <p></p> --- # 📄 Attached documents **Figma file**: optional \(paste link\) **Spec file**: optional \(paste link\) **Redmine ticket**: <https://project.kameleoon.net//issues/19225> <p></p> ,Released,,6783364,"Data, Common  & Infrastructure",Tribe Developer,🙂 Dev Tools Squad,2022-12-02,2023-01-13,,,,,,,,,,,,,,,,,,,,,,,,,,,,,,,,,,,,Squad Dev Tools,,,,,,,,,,,,,,,,,,,,,,,,,,,,,,,,,,,,,,,,,,,,,,,,,,,,,,,,,,,,,,,,,,,,,,,,,,,,
17495368,component,2023-01-17 14:54:07 UTC,2023-01-17 14:54:07 UTC,Adoption Flows,"",New idea,,6783364,"Data, Common  & Infrastructure",Frederic DE TODARO,"",,,,,,,,,,,,,,,,,,,,,,,,,,,,,,,,,,,,,,,,,,,,,,,,,,,,,,,,,,,,,,,,,,,,,,,,,,,,,,,,,,,,,,,,,,,,,,,,,,,,,,,,,,,,,,,,,,
17495382,feature,2023-01-17 14:54:30 UTC,2023-01-17 14:54:30 UTC,Onboarding,"",New idea,,17495368,Adoption Flows,Frederic DE TODARO,"",,,,,,,,,,,,,,,,,,,,,,,,,,,,,,,,,,,,,,,,,,,,,,,,,,,,,,,,,,,,,,,,,,,,,,,,,,,,,,,,,,,,,,,,,,,,,,,,,,,,,,,,,,,,,,,,,,
17497229,feature,2023-01-17 16:02:53 UTC,2025-07-08 09:49:48 UTC,Chrome Extension - Cookie Authentication Flow,"# 💁‍♂️ Problem\/Context ## **Description** Reusing the kameleoon cookie to log in to the Chrome Extension ## Workaround Yes, normal flow ## **Project justification** **Project type** - New product concept or workflow **Justification** Cool feature that is a smart way to save our user time to log in\. # 💡 Solution **Package** A\/B Testing \/ Personalization <span data-preserve-white-space></span> **Scope** Chrome extension **User roles** All **Design** \- # 🎯 **Measuring Success** *\-* <p></p> --- # 📄 Attached documents **Figma file**: optional \(paste link\) **Spec file**: optional \(paste link\) **Redmine ticket**: <https://project.kameleoon.net/issues/19903> <p></p> ",Released,,6783364,"Data, Common  & Infrastructure",Isabelle Ung,🙂 Dev Tools Squad,2023-01-22,2023-02-07,Tribe developers,,,,,,,,,,,,,,,,,,,,,,,,,,,,,,,,,,,Squad Dev Tools,,,,,,,,,,,,,,,,,,,,,,,,,,,,,,,,,,,,,,,,,,,,,,,,,,,,,,,,,,,,,,,,,,,,,,,,,,,Tribe Developer,
17497747,feature,2023-01-17 16:24:12 UTC,2025-04-03 10:00:30 UTC,User rights global rework,Old inspiration: <span data-preserve-white-space></span> [Embedded content](https://www.figma.com/embed?embed_host=share&url=https%3A%2F%2Fwww.figma.com%2Ffile%2FIhokijqpF67uKB9kySOo1mxz%2FUS-13240---Users-%2526-Rights---Long-term-vision%3Fnode-id%3D1881-0%26t%3D0PSAWK6fYpfDYc1G-0) <https://project.kameleoon.net/issues/13240> <p></p> ,Planned,,31139467,Others,Tribe Data Analysts,_⭐ Admin & Engine Squad,,,,,,,,,,,,,,,,,,,,,,,,,,,,,,,,,,,,,,,,,,,,,,,,,,,,,,,,,,,,,,,,,,,,,,,,,,,,,,,,,,,,,,,,,,,,,,,,,,,,,,,,,,,,,,,,,,
17513843,feature,2023-01-18 09:53:52 UTC,2023-03-06 12:46:12 UTC,New onboarding user flow for Marketers,"",Released,,6783323,Web Experimentation,Tribe Data Analysts,🙂 Interface squad,2023-01-01,2023-02-24,,,,,,,,,,,,,,,,,,,,,,,,,,,,,,,,,,,,,,,,,,,,,,,,,,,,,,,,,,,,,,,,,,,,,,,,,,,,,,,,,,,,,,,,,,,,,,,,,,,,,,,,,,,,,,,,
17513863,feature,2023-01-18 09:55:45 UTC,2025-09-05 15:13:21 UTC,Kameleoon new UI,"Align the product design \(colors, overall feel\) with the new Marketing guidelines, to make the solution more enterprise\-ready ",Released,(Releases) 2023,6783323,Web Experimentation,Mallaury Gruget,"_⭐ App System Squad, 🙂 Interface squad",2024-01-01,2025-04-30,,,,,,,,,,,,,,,,,,,,,,,,,,,,,,,,,,,,,,,,,,,,,,,,,,,,,,,,,,,,,,,,,,,,,,,,,,,,,,,,,,,,,,,,,,,,,,,,,,,,,,,,,,,,,,,,
17513986,feature,2023-01-18 10:02:46 UTC,2023-02-13 10:18:48 UTC,Free trial adaptation on account creation,"",Planned,,6783323,Web Experimentation,Tribe Data Analysts,🙂 Interface squad,2023-02-01,2023-03-31,,,,,,,,,,,,,,,,,,,,,,,,,,,,,,,,,,,,,,,,,,,,,,,,,,,,,,,,,,,,,,,,,,,,,,,,,,,,,,,,,,,,,,,,,,,,,,,,,,,,,,,,,,,,,,,,
17515118,feature,2023-01-18 10:55:58 UTC,2025-04-03 10:00:55 UTC,Project dashboard redesign,"## 📒 **Feature short description:** Describe what the feature does\. ``` Project dashboard redesign and migration allows all users to easily find the projects they're looking for on the dashboard, and find all necessary information about them in an eyeblink. ``` ## 😥 Problem <u>**Problem statement:**</u> What problem are we trying to solve with this feature? Or, what is the opportunity we are addressing?  ``` As a marketer, I want to find a project and information about it as quickly and conveniently as possible, by keeping the same reflexes I already have on other dashboards. ``` <u>**Workaround:**</u> - **Existing workaround:** Yes - **Workaround description:** The projects dashboard already exists \- but its design is the old one \(it's unlike the other, newer app pages\) and is thus not optimized\. Besides, the technical architecture is old as well \- we need to reduce the tech debt\. ## 💡 Solution <u>**Key benefits**</u>: <span data-preserve-white-space></span> What value does this feature bring to the user?  ``` The user will keep the habits he acquired on other dashboards - it will make it easier for him to move around the projects dashboard. Additional features will also be added (see the status of a project in an eyeblink, ability to add tags, enriched filters located in a filters sidebar) ``` <span data-preserve-white-space></span>   <u>**Use Cases:**</u> <span data-preserve-white-space></span> Share use cases where this feature would help our users\. <span data-preserve-white-space></span> ``` When the user wants to check or modify something on a project, they want to find it as quickly and easily as possible, so they can access the dedicated project page. ``` <u>**✏️ Product design:**</u> - **Product package:** Web Experimentation \/ Full Stack Experimentation \/ Feature Management \/ AI\-driven Personalization <span data-preserve-white-space></span> - **Product scope:** Projects dashboard - **Target Persona**: Marketer \/ Developer \/ Product Manager - **Main updates:** In bullets, concisely describe what your solution consists of:     - Projects dashboard will evolve following the current design we have on migrated app pages \- thus, users will keep the habits they acquired on other pages:         - each project will have 1 dedicated card         - columns will help the user directly see the status of his page         - ability to add tags to find projects more conveniently         - addition of a filters sidebar         - enriched filters ## 🎯 **Measuring Success** - **Goal 1:** indicate the goal of this topic - **Success metric:** indicate the key indicator of success that will measure the achievement of goal 1 <p></p> ``` Copy and paste previous paragraph for each goal attached to this topic. Report to PDB Template - Slide 13 for examples ``` --- ## 📄 Attached documents - **Figma file**: <span data-preserve-white-space></span> <p></p> [Embedded content](https://www.figma.com/embed?embed_host=share&url=https%3A%2F%2Fwww.figma.com%2Ffile%2FS3Jr3gRDzrpqeCENXaqAKy%2FTeam---Solutions-Plan%3Ftype%3Ddesign%26node-id%3D1-2%26mode%3Ddesign%26t%3D1ZjneuWWhM530CQo-0) <p></p> - **Redmine ticket**: <https://project.kameleoon.net/issues/7812> <p></p> ",Design in progress,,31139485,Projects,Yassin Hassan,_⭐ Admin & Engine Squad,,,,,,,,,,,,,,,,,,,,,,,,,,,,,,,,,,,,,,,,,,,,,,,,,,,,,,,,,,,,,,,,,,,,,,,,,,,,,,,,,,,,,,,,,,,,,,,,,,,,,,,,,,,,,,,,,,
17566369,feature,2023-01-20 15:37:44 UTC,2023-01-31 16:38:59 UTC,Kameleoon Application file (kameleoon.js) splitting,"# 💁‍♂️ Problem\/Context ## **Description** Instead of loading everything inside kameloon\.js, we will have two different part : kameleoon\.js and the configuration part loading later\. ## Workaround No ## **Project justification** **Project type** - Requested capability **Justification** requested by Fnac # 💡 Solution **Package** A\/B Testing \/ Personalization **Scope** Admin BO **User roles** \- **Design** \- # 🎯 **Measuring Success** *\-* <p></p> --- # 📄 Attached documents **Figma file**: optional \(paste link\) **Spec file**: optional \(paste link\) **Redmine ticket**: <https://project.kameleoon.net/issues/18312> <p></p> ",Released,,6783364,"Data, Common  & Infrastructure",Tribe Developer,🙂 Dev Tools Squad,2022-11-01,2022-12-15,,,,,,,,,,,,,,,,,,,,,,,,,,,,,,,,,,,,Squad Dev Tools,,,,,,,,,,,,,,,,,,,,,,,,,,,,,,,,,,,,,,,,,,,,,,,,,,,,,,,,,,,,,,,,,,,,,,,,,,,,
17566480,subfeature,2023-01-20 15:42:22 UTC,2023-05-03 00:44:33 UTC,VSCE - Widget deployment,# 💁‍♂️ Problem\/Context ## **Description** Being able to use the VS Code extension to deploy a widget ## Workaround idk ## **Project justification** **Project type** - Requested capability **Justification** Requested by Christoph Ernst # 💡 Solution **Package** Personalization **Scope** VSCE **User roles** \- **Design** \- # 🎯 **Measuring Success** *\-* <p></p> --- # 📄 Attached documents **Figma file**: optional \(paste link\) **Spec file**: optional \(paste link\) **Redmine ticket**: <https://project.kameleoon.net/issues/20408> <p></p> ,Released,,18938486,VSCE v4.2,Tribe Developer,🙂 Dev Tools Squad,,,,,,,,,,,,,,,,,,,,,,,,,,,,,,,,,,,,,,Squad Dev Tools,,,,,,,,,,,,,,,,,,,,,,,,,,,,,,,,,,,,,,,,,,,,,,,,,,,,,,,,,,,,,,,,,,,,,,,,,,,,
17567420,subfeature,2023-01-20 16:21:27 UTC,2023-02-15 03:02:36 UTC,VSCE - Mixpanel tracking,# 💁‍♂️ Problem\/Context ## **Description** Adding mixpanel tracking in the VSCE ## Workaround No ## **Project justification** **Project type** - Operational improvement **Justification** *\-* # 💡 Solution NA # 🎯 **Measuring Success** *NA* <p></p> --- # 📄 Attached documents **Figma file**: optional \(paste link\) **Spec file**: optional \(paste link\) **Redmine ticket**: <https://project.kameleoon.net/issues/19905> <p></p> ,Released,,18031501,VSCE - v4.1.0,Tribe Developer,🙂 Dev Tools Squad,2023-01-23,2023-02-14,,,,,,,,,,,,,,,,,,,,,,,,,,,,,,,,,,,,Squad Dev Tools,,,,,,,,,,,,,,,,,,,,,,,,,,,,,,,,,,,,,,,,,,,,,,,,,,,,,,,,,,,,,,,,,,,,,,,,,,,,
17567730,subfeature,2023-01-20 16:39:58 UTC,2023-05-03 00:44:29 UTC,VSCE - Generate a simulation link,"# 💁‍♂️ Problem\/Context ## **Description** Get the simulation link directly from the VS Code extension ## Workaround Yes, in app ## **Project justification** **Project type** - Requested capability **Justification** Requested by Juliette François # 💡 Solution **Package** A\/B Testing \/ Personalization <span data-preserve-white-space></span> **Scope** VSCE **User roles** \- **Design** \- # 🎯 **Measuring Success** *\-* <p></p> --- # 📄 Attached documents **Figma file**: optional \(paste link\) **Spec file**: optional \(paste link\) **Redmine ticket**: <https://project.kameleoon.net/issues/20409> ",Released,,18938486,VSCE v4.2,Tribe Developer,🙂 Dev Tools Squad,,,,,,,,,,,,,,,,,,,,,,,,,,,,,,,,,,,,,,Squad Dev Tools,,,,,,,,,,,,,,,,,,,,,,,,,,,,,,,,,,,,,,,,,,,,,,,,,,,,,,,,,,,,,,,,,,,,,,,,,,,,
17596561,feature,2023-01-23 14:41:44 UTC,2023-02-07 15:42:18 UTC,Email only (Deleting the username field and keep only email),"# 💁‍♂️ Problem\/Context ## **Description** Clean up to delete username field and keep only email ## Workaround No ## **Project justification** **Project type** - Operational improvement **Justification** less code, more reliable, more stable # 💡 Solution **Package** all **Scope** login page **User roles** all **Design** \- <p></p> --- # 📄 Attached documents **Figma file**: optional \(paste link\) **Spec file**: optional \(paste link\) **Redmine ticket**: <https://project.kameleoon.net/issues/18137> <p></p> ",Released,,6783364,"Data, Common  & Infrastructure",Tribe Developer,🙂 Dev Tools Squad,2022-09-16,2023-02-07,,,,,,,,,,,,,,,,,,,,,,,,,,,,,,,,,,,,Squad Dev Tools,,,,,,,,,,,,,,,,,,,,,,,,,,,,,,,,,,,,,,,,,,,,,,,,,,,,,,,,,,,,,,,,,,,,,,,,,,,,
17640883,feature,2023-01-25 09:23:10 UTC,2023-07-17 13:43:55 UTC,Multi-Armed Bandit Experiments,"## 🚀 Feature Summary <p></p> The goal of this feature is to introduce a **Multi\-Armed Bandit** for traffic allocation in Feature Experiment's variation split\. The MAB will optimize the distribution of user traffic among different feature variations, allowing for efficient and automated decision\-making during A\/B testing and experimentation\. --- ## 😥 Problem <p></p> - As a user, I face: <span data-preserve-white-space></span>     - **Inefficient Traffic Allocation:**  Challenges in determining the optimal allocation of user traffic among multiple feature variations during A\/B testing\. Manual allocation methods may result in suboptimal decisions and wasted opportunities\.     - **Missed Opportunities:** Manual allocation, especially over several ongoing experiments may fail to leverage real\-time feedback from ongoing experiments, leading to missed opportunities to quickly identify and promote high\-performing variations\.     - **Resource Drain:** Manual management of traffic allocation requires significant time and effort from me and my team, diverting their focus away from core tasks and slowing down the experimentation process\.   <p></p> - **Workaround:** None, manual intervention is a must\.  <span data-preserve-white-space></span> <span data-preserve-white-space></span>  <span data-preserve-white-space></span> ## 💡 Solution Benefits <span data-preserve-white-space></span>  <span data-preserve-white-space></span> <span data-preserve-white-space></span>  <span data-preserve-white-space></span> 1. **Optimized Traffic Allocation:** Intelligently adjusts the distribution of user traffic among different feature variations based on real\-time feedback\. It dynamically balances exploration \(trying out new variations\) and exploitation \(promoting successful variations\), leading to better overall performance and quicker identification of winning variations\. 1. **Quick Insights and Iteration:** Users can gain actionable insights more rapidly, allowing users to iterate and improve their products faster\. 1. **Resource Efficiency:** Eliminates the need for manual management, saving users time and effort\. Users can focus on strategic decision\-making and experiment analysis rather than manual allocation\. <p></p> ![](https://pb-files.s3.amazonaws.com/production/attachments/64ecaa5e8e1753c337fe0c639ccb05ccba2251d9d76e75d1b7b2877cb1fafd6a/image.png) <p></p> ![](https://pb-files.s3.amazonaws.com/production/attachments/bd0f1c481e68fd13803977e89a4126be9d7b16f69caa3b5a7fe5b642f793efb6/image.png) <p></p> <span data-preserve-white-space></span>  <span data-preserve-white-space></span> <u>**✏️ Product design:**</u> - **Product package:**  Feature Management and Experiment - **Product scope:** Rollout Planner - **Target Persona**: PM - **Main updates:** A simple toggle in the experiment variation split selection\. <span data-preserve-white-space></span> <span data-preserve-white-space></span>  <span data-preserve-white-space></span> ## 🎯 **Measuring Success** - **Goal 1:** Improved conversion metrics <span data-preserve-white-space></span> - **Success metric:** Feature adoption, user feedback <span data-preserve-white-space></span>  <span data-preserve-white-space></span> --- ## 📄 Attached documents - NA - Redmine ticket: NA <span data-preserve-white-space></span>  <span data-preserve-white-space></span> ",Released,,8692201,Feature Experimentation,Tribe Developer,🙂 FF/SDK Squad,2023-05-21,2023-07-12,,,,,,,,,,,,,,,,,,,,,,,,,,,,,,,,,,,,,,,,,,,,,,,,,,,,,,,,,,,,,,,,,,,,,,,,,,,,,,,,,,,,,,,,,,,,,,,,,,,,,,,,,,,,,,,,
17715344,feature,2023-01-27 14:38:57 UTC,2024-11-05 17:09:46 UTC,Open Source Analytics Library,# 💁‍♂️ Problem\/Context ## **Description** Being able to pick a custom analytics to edit instead of copy pasting code from github\. This will allow us to do more integrations that are not native and avoid a lot of problems\. It's a good way to present non\-native integration to our customers\. <span data-preserve-white-space></span> <p></p> From this : <https://github.com/Kameleoon/custom-analytics-integrations/blob/main/google-analytics/ga4.js> To this : <https://raw.githubusercontent.com/Kameleoon/custom-analytics-integrations/main/google-analytics/ga4.js> Using this api : <https://docs.github.com/en/rest/repos/contents?apiVersion=2022-11-28> ## Workaround No\. ## **Project justification** **Project type** - New product concept or workflow **Justification** \- # 💡 Solution **Package** A\/B Testing \/ Personalization **Scope** Integration page <span data-preserve-white-space></span> **User roles** All **Design** ![](https://lh7-rt.googleusercontent.com/slidesz/AGV_vUcx9aKy8UExr4HFrtLMAITI4ZH85J2-Sxz7RExZmrgFSJfSpUmGtCTDbW5mpVxEA_IxGqTLAviF-iFCIDf2IE6fl_RkMKhh8Ku_58P2d4HuStRRCf-hK3lkaqT2a8OUYsAA_4a6KfejeylBaMTDR1pV3SC99ho=s2048?key=1hKlnRJdg43EWGeEy2vyTQ) # 🎯 **Measuring Success** *\-* <p></p> --- # 📄 Attached documents **Figma file**: optional \(paste link\) **Spec file**: optional \(paste link\) **Redmine ticket**: User story \#30246 \- Custom Analytics Library   <https://project.kameleoon.net/issues/30246> <p></p> ,Released,,9564652,Common integrations,Tribe Developer,"🎨 design needed, _⭐ Integrations Squad",2024-09-26,2024-11-05,,,,,,20,60,,,,,,,,,,,,,,,,,,,,,,,,,,,,,Squad Dev Tools,,,,,40,40,,,,,,,,,,,,,,,,,,,,,,,,,,,,,,,,,,,,,,,,,,,,,,,,,,,,,,,,,,,,,,,,,,,,,,
17868597,subfeature,2023-02-06 11:59:51 UTC,2023-07-05 11:39:39 UTC,Smart guides (canvas),"## 📒 **Feature short description:** Smart Guides will allow users to easily and accurately align and reposition elements both vertically and horizontally while editing a widget\.  <span data-preserve-white-space></span> **Good to know for Kameleoon:** this feature is also interesting to show in pre\-sales, it corresponds to an advanced feature of a complete suite dedicated to design ## 😥 Problem <u>**Problem statement:**</u> Designing a widget can be complex and very time consuming when we need a pixel perfect design\. In particular, when users are editing a widget, they need an easy way to perfectly align and position elements both vertically and horizontally\. <span data-preserve-white-space></span> <span data-preserve-white-space></span>  <span data-preserve-white-space></span> <u>**Workaround:**</u> - **Existing workaround:** Yes <span data-preserve-white-space></span> - **Workaround description:** For a pixel perfect design, users now need to calculate the exact position of their element, and adjust it in the left configuration panel ## 💡 Solution <u>**Key benefits**</u>: <span data-preserve-white-space></span> 1. Improved accuracy: The smart guides make it easier for users to perfectly align and center elements on their widget, resulting in a more precise and professional\-looking design\. 1. Increased efficiency: With the help of the smart guides, users can quickly and easily position elements in the exact spot they need, reducing the time and effort required for manual adjustments\. 1. Consistency: By using the smart guides, users can ensure that all elements on their widget are consistently positioned, leading to a more cohesive and polished overall design\. <span data-preserve-white-space></span>   <u>**Use Cases:**</u> <span data-preserve-white-space></span> - As a user, I want to be able to center my image with ease so that I can get pixel perfect design results\. -     - As a user, I want to create a form, with different fields\. I want to have all my fields  aligned, with the exact same distance between each field, in order to make it professional\. <span data-preserve-white-space></span>  <span data-preserve-white-space></span> <u>**✏️ Product design:**</u> - **Product package:** AI\-driven Personalization <span data-preserve-white-space></span> - **Product scope:** Widget Editor - **Target Persona**: Marketer - **Main updates:** <span data-preserve-white-space></span>     - Addition of horizontal and vertical lines on the Widget Editor     - Addition of distances between elements on the Widget Editor ![](https://pb-files.s3.amazonaws.com/production/attachments/4cc7313042416432b79aa6592cc15fab7cd1548dd1e5d1d3bef9cb310c23556f/image.gif) ## 🎯 **Measuring Success** - **Goal 1:** More user satisfaction - **Success metric:** it will be difficult to track the success of this feature on Mixpanel, but we will explore it during user interviews\. --- ## 📄 Attached documents - **Redmine ticket**: <https://project.kameleoon.net/issues/19276> <span data-preserve-white-space></span>  <span data-preserve-white-space></span> ",Released,,17868618,Widget editor April 23 Enhancements,Fabien DIMEGLIO,🙂 Perso Squad,2023-02-01,2023-05-04,,,,,,,,,,,,,,,,,,,,,,,,,,,,,,,,,,,,Squad Perso,,,,,,,,,,,,,,,,,,,,,,,,,,,,,,,,,,,,,,,,,,,,,,,,,,,,,,,,,,,,,,,,,,,,,,,,,,,,
17868600,subfeature,2023-02-06 12:00:19 UTC,2023-07-07 05:34:51 UTC,Automatic saving enhancements for draft widgets,"## 📒 **Feature short description:** Describe what the feature does\. ``` Structure this as:  [Feature] allows [target persona] to [accomplish a task] by [capability / the “how” of the feature]. ``` ## 😥 Problem <u>**Problem statement:**</u> What problem are we trying to solve with this feature? Or, what is the opportunity we are addressing?  ``` Example: ""As a developer, when I want to do ..., I get the following problems."" ``` <u>**Workaround:**</u> - **Existing workaround:** Yes \/ No - **Workaround description:** If there is a workaround, explain how we can proceed to solve the problem today ## 💡 Solution <u>**Key benefits**</u>: <span data-preserve-white-space></span> What value does this feature bring to the user?  ``` Answer the question, “What are the benefits for the end user?” as if you were talking to Customer Success. example: * benefit 1 * benefit 2 ``` <span data-preserve-white-space></span>   <u>**Use Cases:**</u> <span data-preserve-white-space></span> Share use cases where this feature would help our users\. <span data-preserve-white-space></span> ``` Use the Jobs To Be Done framework to illustrate our user's motivation and behaviour. Structure this as: When the user [situation], they want to [motivation], so they can [expected outcome]. ``` <u>**✏️ Product design:**</u> - **Product package:** Web Experimentation \/ Full Stack Experimentation \/ Feature Management \/ AI\-driven Personalization  *\(only keep the right answers\)* - **Product scope:** Product section and pages that will evolve \(if needed, define sections\/pages that will be out of scope\) - **Target Persona**: Which one of our target persona is going to benefit from this feature? \(Marketer \/ Developer \/ Product Manager\) <span data-preserve-white-space></span> - **Main updates:** In bullets, concisely describe what your solution consists of:     - In page X, we add \.\.\.     - On click, \.\.\.     - Optionally, paste images of the solution here \(or paste Figma link\) ## 🎯 **Measuring Success** - **Goal 1:** indicate the goal of this topic - **Success metric:** indicate the key indicator of success that will measure the achievement of goal 1 <p></p> ``` Copy and paste previous paragraph for each goal attached to this topic. Report to PDB Template - Slide 13 for examples ``` --- ## 📄 Attached documents - **Figma file**: optional \(paste link\) - **Spec file**: optional \(paste link\) - **Redmine ticket**: mandatory  \(paste link\) - **Image:** mandatory, to illustrate the topic <p></p> ",Design in progress,,19219381,Widget Summer Release,Fabien DIMEGLIO,🙂 Perso Squad,2023-05-01,2023-07-20,,,,,,,,,,,,,,,,,,,,,,,,,,,,,,,,,,,,,,,,,,,,,,,,,,,,,,,,,,,,,,,,,,,,,,,,,,,,,,,,,,,,,,,,,,,,,,,,,,,,,,,,,,,,,,,,
17868605,subfeature,2023-02-06 12:01:15 UTC,2024-01-30 13:16:51 UTC,Device synchronization on Widget Editor,"Device synchronization allows marketers to define a ""master device"" for each element and choose how the element's settings should be synchronized between the master and the other devices by selecting the synchronization rule for all ""slave"" devices\. <span data-preserve-white-space></span> ",Released,,18346348,Premium Widget offer,Fabien DIMEGLIO,🙂 Perso Squad,2023-04-10,2023-08-10,,,,,,,,,,,,,,,,,,,,,,,,,,,,,,,,,,,,Squad Perso,,,,,,,,,,,,,,,,,,,,,,,,,,,,,,,,,,,,,,,,,,,,,,,,,,,,,,,,,,,,,,,,,,,,,,,,,,,,
17868618,feature,2023-02-06 12:02:09 UTC,2023-04-18 08:22:55 UTC,Widget editor April 23 Enhancements,"",Ready for deployment,,12429128,Core,Fabien DIMEGLIO,🙂 Perso Squad,2023-02-01,2023-05-04,,,,,,,,,,,,,,,,,,,,,,,,,,,,,,,,,,,,Squad Perso,,,,,,,,,,,,,,,,,,,,,,,,,,,,,,,,,,,,,,,,,,,,,,,,,,,,,,,,,,,,,,,,,,,,,,,,,,,,
17877856,feature,2023-02-06 16:55:46 UTC,2023-02-09 13:56:35 UTC,Specific URLs for dashboards,"## 💁‍♂️ Problem\/Context <u>**Description:**</u> When using filters or views on a dashboard \(for instance the Experiments dashboard\), the user can't navigate smoothly between several views of his page, nor share the page with his colleagues: if the user applies a filter or selects a view, the App URL stays the exact same\. This current system doesn't enable easy navigation or collaboration\. Instead, updating the URL each time a filter is applied will enable each dashboard configuration to have a specific address\. <p></p> - **Existing workaround:** No <p></p> <u>**Project justification:**</u> - **Project type:** Requested capability - **Justification:** highly requested by our key customer BPCE ## 💡 Solution - **Product package:** A\/B Testing \/ Personalization \/ Full stack - **Product scope:** Experiment dashboard, Personalization dashboard, FF dashboard, segments and goals dashboards - **User roles**: All - **Design:** only on the browser URL field \- URL is updated for each applied filter\. --- ## 📄 Attached documents - **Figma file**: optional \(paste link\) - **Spec file**: optional \(paste link\) - **Redmine ticket**: mandatory  \(paste link\) <p></p> ",Released,,6783323,Web Experimentation,Tribe Marketers,🙂 Interface squad,2022-10-01,2023-02-10,,,,,,,,,,,,,,,,,,,,,,,,,,,,,,,,,,,,,,,,,,,,,,,,,,,,,,,,,,,,,,,,,,,,,,,,,,,,,,,,,,,,,,,,,,,,,,,,,,,,,,,,,,,,,,,,
17890931,feature,2023-02-07 10:39:22 UTC,2024-10-19 00:45:11 UTC,Key results KPIs in Dashboards,"",Released,,6783323,Web Experimentation,Mallaury Gruget,"_⭐ App System Squad, 🙂 Interface squad, #VOC1",,,,,,,,20,,,,,,,,,,,,,,#1  - Frictionless experience,,,,,,,,,,,,,,,,,,,,"Time-saving, enhanced visibility",10,10,,,,,,,,,,,,,,,,,,,,,,,,,,,,,,,,,,,,,,,,,,,,,,,,,,,,,,,,,,,,,,,,,,,,,,
17963165,subfeature,2023-02-10 10:47:57 UTC,2023-02-15 03:03:15 UTC,VSCE - Feature Flag View,"## 📒 **Feature short description:** Describe what the feature does\. ``` The Feature Flag view of our Kameleoon VSCE allows developers to see the list of all the feature flags directly from VS Code by using the dedicated view in the side panel. ``` ## 😥 Problem <u>**Problem statement:**</u> What problem are we trying to solve with this feature? Or, what is the opportunity we are addressing?  ``` As a developer, when I want to do see the feature flags, I have to go to the Kameleoon app. ``` <u>**Workaround:**</u> - **Existing workaround:** Yes - **Workaround description:** from the app ## 💡 Solution <u>**Key benefits**</u>: <span data-preserve-white-space></span> What value does this feature bring to the user?  ``` A view of all the feature flags in the VSCE. ``` <span data-preserve-white-space></span>   <u>**Use Cases:**</u> <span data-preserve-white-space></span> Share use cases where this feature would help our users\. <span data-preserve-white-space></span> ``` Developers want to code in full autonomy without going back and forth and withcing windows. Providing the list of all the feature flags is a more compliant way to keep an eye on the feature that are on or off and to implement them in the right environment with the right ID. ``` <u>**✏️ Product design:**</u> - **Product package:**  Feature Management <span data-preserve-white-space></span> - **Product scope:** VSCE - **Target Persona**: Developer - **Main updates:** Adding a new view in the VSCE ## 🎯 **Measuring Success** NA --- ## 📄 Attached documents - **Figma file**: optional \(paste link\) - **Spec file**: optional \(paste link\) - **Redmine ticket**: <https://project.kameleoon.net/issues/20342> - **Image:** mandatory, to illustrate the topic <p></p> ",Released,,18031501,VSCE - v4.1.0,Tribe Developer,🙂 Dev Tools Squad,2023-02-10,2023-02-14,,,,,,,,,,,,,,,,,,,,,,,,,,,,,,,,,,,,Squad Dev Tools,,,,,,,,,,,,,,,,,,,,,,,,,,,,,,,,,,,,,,,,,,,,,,,,,,,,,,,,,,,,,,,,,,,,,,,,,,,,
18031501,feature,2023-02-15 03:00:10 UTC,2023-02-16 14:59:08 UTC,VSCE - v4.1.0,"The details are in the subfeatures, or you can read the Portal Card\. ",Released,,6783364,"Data, Common  & Infrastructure",Tribe Developer,🙂 Dev Tools Squad,2023-01-23,2023-02-14,,,,,,,,,,,,,,,,,,,,,,,,,,,,,,,,,,,,Squad Dev Tools,,,,,,,,,,,,,,,,,,,,,,,,,,,,,,,,,,,,,,,,,,,,,,,,,,,,,,,,,,,,,,,,,,,,,,,,,,,,
18059677,subfeature,2023-02-16 11:46:42 UTC,2023-05-15 10:34:17 UTC,Addition of new out of the box widgets,"10 new out of the box widgets will be available\.    **Problem** Users of Widget Editor are looking for ways to save users time and inspiration when using it\. They want to be able to quickly add new widgets to their projects without having to create them from scratch each time\.  <span data-preserve-white-space></span> <p></p> **Solution** Addition of new out of the box widgets in the Widget Editor, providing users with ready\-made blocks they can add to their projects\. These new widgets can be customized by changing various parameters such as colors and sizes, as well as with user\-defined content, thereby allowing users to quickly create unique and inspiring designs\.  <span data-preserve-white-space></span> <p></p> **Goal** Create a streamlined way for users to add new out\-of\-the box widgets in the Widget Editor, so that they can quickly create unique and inspiring designs, saving time and effort in the process\. <p></p> **Product Design** Here is the list of new added out of the box widgets: - NPS survey \- style 1 - NPS survey \- style 2 - Survey pop\-in - Exit intent pop\-in <span data-preserve-white-space></span> - Slider image pop\-in - ""Need help"" pop\-in ",Released,,17868618,Widget editor April 23 Enhancements,Fabien DIMEGLIO,🙂 Perso Squad,2023-02-20,2023-05-04,,,,,,,,,,,,,,,,,,,,,,,,,,,,,,,,,,,,Squad Perso,,,,,,,,,,,,,,,,,,,,,,,,,,,,,,,,,,,,,,,,,,,,,,,,,,,,,,,,,,,,,,,,,,,,,,,,,,,,
18067163,feature,2023-02-16 14:04:19 UTC,2023-02-16 14:04:22 UTC,Exclude filter in audience,"",New idea,,6783364,"Data, Common  & Infrastructure",Tribe Marketers,_⭐ Reporting Squad,2023-04-01,2023-04-30,,,,,,,,,,,,,,,,,,,,,,,,,,,,,,,,,,,,,,,,,,,,,,,,,,,,,,,,,,,,,,,,,,,,,,,,,,,,,,,,,,,,,,,,,,,,,,,,,,,,,,,,,,,,,,,,
18094647,feature,2023-02-17 17:11:48 UTC,2023-06-01 15:09:44 UTC,FM&E Free Trial,"## 📒 **Feature short description:** We need to work on implementing a new feature allowing any potential Feature Flag user to create their own account on their own\. <span data-preserve-white-space></span>   An account created by this process will be considered ""free trial"" and will be subject to the following limitations: - Up to 10 user accounts - Access only to the Feature Flag package - 30\-day free trial before account is blocked ## 😥 Problem <u>**Problem statement:**</u> We would like our users to be able to create their own account by themselves\. Currently, our CSM are taking care of the account creation\. We would like to scale and provide this feature to a wider audience to promote our FM&E solution\. <p></p> <u>**Workaround:**</u> - **Existing workaround:** No ## 💡 Solution <u>**Key benefits**</u>: <span data-preserve-white-space></span> - Ability to sign up to the FM&E offer with a 30\-day free trial <span data-preserve-white-space></span>   <u>**Use Cases:**</u> <span data-preserve-white-space></span> - Try FM&E for free - Allow prospects to discover FM&E on their own <p></p> <u>**✏️ Product design:**</u> - **Product package:** Feature Management <span data-preserve-white-space></span> - **Product scope:** <span data-preserve-white-space></span>     - new page called register     - admin BO     - Kameleoon app menu     - team page - **Target Persona**: \- - **Main updates:** Too long to be described <span data-preserve-white-space></span> --- ## 📄 Attached documents - **Figma file**:  <span data-preserve-white-space></span> [Embedded content](https://www.figma.com/embed?embed_host=share&url=https%3A%2F%2Fwww.figma.com%2Ffile%2FqurQWc8AFVkCroozw03SS6%2FUS---Free-Trial-Sign-In%3Fnode-id%3D69%253A3819%26t%3Dm3iGHqa3bEo3KgM4-1) <p></p> - **Spec file**: <https://docs.google.com/document/d/1Dj_v0lnBtdECT0g3m3ypko_4ifL9agM6RV_7CHPiDKU/edit?usp=sharing> - **Redmine ticket**: <https://project.kameleoon.net/issues/20568> - **Image:** :3 <p></p> ",Released,,6783364,"Data, Common  & Infrastructure",Tribe Developer,🙂 Dev Tools Squad,2023-03-01,2023-05-18,,,,,,,,,,,,,,,,,,,,,,,,,,,,,,,,,,,,Squad Dev Tools,,,,,,,,,,,,,,,,,,,,,,,,,,,,,,,,,,,,,,,,,,,,,,,,,,,,,,,,,,,,,,,,,,,,,,,,,,,Tribe Developer,
18095016,feature,2023-02-17 17:37:48 UTC,2023-10-17 13:42:16 UTC,User Account Limit in Admin BO,"## 📒 **Feature short description:** Describe what the feature does\. ``` The Developer Tools squad must work on setting up a new option in the Administration Back-Office. This new option will limit account creation to a maximum of a specific number of user accounts if it is activated on a customer account. Therefore, this specific maximum number of user accounts can be defined in the Administration Back-Office, per customer. ``` --- ## 📄 Attached documents - **Figma file**: optional \(paste link\) - **Spec file**: optional \(paste link\) - **Redmine ticket**: mandatory  \(paste link\) - **Image:** mandatory, to illustrate the topic <p></p> ",Released,,10849936,Internal Product,Tribe Developer,🙂 Dev Tools Squad,,,,,,,,,,,,,,,,,,,,,,,,,,,,,,,,,,,,,,Squad Dev Tools,,,,,,,,,,,,,,,,,,,,,,,,,,,,,,,,,,,,,,,,,,,,,,,,,,,,,,,,,,,,,,,,,,,,,,,,,,,,
18115974,feature,2023-02-20 14:23:34 UTC,2023-07-04 09:08:35 UTC,Migration to the new data API endpoints,"## 📒 **Feature short description:** ``` This is just a migration to the new endpoints. Purely internal, no added value. ``` <https://docs.google.com/spreadsheets/d/1Mp2EQp-v0QTfIbAsOGVl43gfYw2MwM7eb6Dkj25i8kI/edit?usp=sharing> --- ## 📄 Attached documents - **Figma file**: optional \(paste link\) - **Spec file**: optional \(paste link\) - **Redmine ticket**: mandatory  \(paste link\) - **Image:** mandatory, to illustrate the topic <p></p> ",Released,,6783364,"Data, Common  & Infrastructure",Tribe Developer,🙂 Dev Tools Squad,2023-02-06,2023-06-30,,,,,,,,,,,,,,,,,,,,,,,,,,,,,,,,,,,,Squad Dev Tools,,,,,,,,,,,,,,,,,,,,,,,,,,,,,,,,,,,,,,,,,,,,,,,,,,,,,,,,,,,,,,,,,,,,,,,,,,,,
18157548,feature,2023-02-22 16:14:53 UTC,2025-04-03 10:01:24 UTC,Users page - User last login information,"",Candidate,,31139417,Users & Teams,Yassin Hassan,_⭐ Admin & Engine Squad,,,,,,,,,,,,,,,,,,,,,,,,,,,,,,,,,,,,,,,,,,,,,,,,,,,,,,,,,,,,,,,,,,,,,,,,,,,,,,,,,,,,,,,,,,,,,,,,,,,,,,,,,,,,,,,,,,
18158113,feature,2023-02-22 16:30:04 UTC,2023-02-22 16:30:04 UTC,New status actions from the dashboard,"",New idea,,6783323,Web Experimentation,Tribe Marketers,"_⭐ App System Squad, 🙂 Interface squad",,,,,,,,,,,,,,,,,,,,,,,,,,,,,,,,,,,,,,,,,,,,,,,,,,,,,,,,,,,,,,,,,,,,,,,,,,,,,,,,,,,,,,,,,,,,,,,,,,,,,,,,,,,,,,,,,,
18272768,feature,2023-03-01 14:04:45 UTC,2023-03-22 12:19:36 UTC,Email alerting,"",Planned,,9564643,Data & RP,Tribe Marketers,_⭐ Reporting Squad,2022-11-11,2022-12-06,,,,,,,,,,,,,,,,,,,,,,,,,,,,,,,,,,,,,,,,,,,,,,,,,,,,,,,,,,,,,,,,,,,,,,,,,,,,,,,,,,,,,,,,,,,,,,,,,,,,,,,,,,,,,,,,
18344721,feature,2023-03-06 10:39:05 UTC,2023-03-28 07:36:02 UTC,Pause / Resume Rules,"## 📒 **Feature short description:** Allow users to pause any rule and resume it whenever they want\.   <span data-preserve-white-space></span> ## 😥 Problem <u>**Problem statement:**</u> As a PM or Tech lead, when I want to pause an ongoing feature experiment or a delivery rule, I can’t ONLY pause the experiment without interrupting my rollout\/testing cycle\. I can either delete the rule and create another one later, which invalidates findings, or add an end\-date to schedule it to turn off\. Or, I turn off my feature flag from the toggle, which pauses the rule but also all delivery rules and experiments for the FF\. <span data-preserve-white-space></span>  <span data-preserve-white-space></span> <span data-preserve-white-space></span>  <span data-preserve-white-space></span> <u>**Workaround:**</u> - **Existing workaround:** Not really <span data-preserve-white-space></span> <span data-preserve-white-space></span>  <span data-preserve-white-space></span> ## 💡 Solution <u>**Key benefits**</u>: <span data-preserve-white-space></span> - Pause\/Resume button inside each card's menu <span data-preserve-white-space></span>  <span data-preserve-white-space></span> ![](https://pb-files.s3.amazonaws.com/production/attachments/1eb810c865a5bffa671671420c0a63829461af0f8d6eab5d53529ef2fa9f7587/image.png) <p></p> ![](https://pb-files.s3.amazonaws.com/production/attachments/54b211b4fbfaf4724f2852242f45eaf21dd005f4200ff8ca8aef3c67d7797995/image.png) - Rule card also changes appearance and shows paused status\. <span data-preserve-white-space></span> <span data-preserve-white-space></span> <span data-preserve-white-space></span> ![](https://pb-files.s3.amazonaws.com/production/attachments/4e6b341ab03e0bf54b0ff27a1d776715e50e1d3a041484362f0799103cc06b91/image.png) - Paused rules are simple ignored at runtime\. <span data-preserve-white-space></span> <span data-preserve-white-space></span>  <span data-preserve-white-space></span> <u>**✏️ Product design:**</u> - **Product package:**  Feature Management and Experiment - **Product scope:** Rollout Planner - **Target Persona**: PM, Developer <span data-preserve-white-space></span> - **Main updates:** <span data-preserve-white-space></span> <span data-preserve-white-space></span>  <span data-preserve-white-space></span> <span data-preserve-white-space></span>  <span data-preserve-white-space></span> ## 🎯 **Measuring Success** - **Goal 1:** Drive more users to use this feature - **Success metric:** Feature adoption <span data-preserve-white-space></span>  <span data-preserve-white-space></span> --- ## 📄 Attached documents - [Figma designs](https://www.figma.com/file/Q37Nq3NElREN6gWJkHyNXY/US---Resume-%2F-Pause-FX?node-id=1%3A850&t=Tnkt1eDc4O3YdmyC-0) \(use interaction\) - Redmine ticket: <https://project.kameleoon.net/issues/20205> ",Released,,8692201,Feature Experimentation,Tribe Developer,🙂 FF/SDK Squad,2023-03-01,2023-03-23,,,,,,,,,,,,,,,,,,,,,,,,,,,,,,,,,,,,,,,,,,,,,,,,,,,,,,,,,,,,,,,,,,,,,,,,,,,,,,,,,,,,,,,,,,,,,,,,,,,,,,,,,,,,,,,,
18345103,feature,2023-03-06 10:56:29 UTC,2023-03-28 07:36:06 UTC,Rule Naming,"## 📒 **Feature short description:** Allow rules to be named, to increase customisability of rollout rules\.    ## 😥 Problem <u>**Problem statement:**</u> As a PM or Tech lead, when I have several rules, it is hard to identify what each rule does since all rules of the same type have the same name\. Also, when looking at my experiments dashboard list, all experiments have the same name ""Experiment""\. It can be hard to discern between them\. <span data-preserve-white-space></span>  <span data-preserve-white-space></span> <span data-preserve-white-space></span>  <span data-preserve-white-space></span> <u>**Workaround:**</u> - **Existing workaround:** None\. <span data-preserve-white-space></span>  <span data-preserve-white-space></span> ## 💡 Solution <u>**Key benefits**</u>: <span data-preserve-white-space></span> - Add rule naming with duplication validation applied\. Rule name is also reflected in the rule queue\. <span data-preserve-white-space></span> ![](https://pb-files.s3.amazonaws.com/production/attachments/3611ecb9f5d65bf5c62945df00d602f00101a9eb0b3d70a1b99f3f31802c7eae/image.png) <span data-preserve-white-space></span>  <span data-preserve-white-space></span> <u>**✏️ Product design:**</u> - **Product package:**  Feature Management and Experiment - **Product scope:** Rollout Planner - **Target Persona**: PM, Developer <span data-preserve-white-space></span> - **Main updates:** Additional field added in the rule config screen on the right side\. ## 🎯 **Measuring Success** - **Goal 1:** N\/A - **Success metric:** Feature adoption --- ## 📄 Attached documents - Redmine ticket: [https:\/\/project\.kameleoon\.net\/issues\/20205](https://project.kameleoon.net/issues/20337) ",Released,,8692201,Feature Experimentation,Tribe Developer,🙂 FF/SDK Squad,2023-03-01,2023-03-23,,,,,,,,,,,,,,,,,,,,,,,,,,,,,,,,,,,,,,,,,,,,,,,,,,,,,,,,,,,,,,,,,,,,,,,,,,,,,,,,,,,,,,,,,,,,,,,,,,,,,,,,,,,,,,,,
18345673,feature,2023-03-06 11:24:51 UTC,2023-12-11 10:28:24 UTC,Segment builder - Migration to REST API,"",Released,,9564755,Targeting,Fabien DIMEGLIO,🙂 Perso Squad,2023-01-04,2023-10-09,,,,,,,,,,,,,,,,,,,,,,,,,,,,,,,,,,,,Squad Perso,,,,,,,,,,,,,,,,,,,,,,,,,,,,,,,,,,,,,,,,,,,,,,,,,,,,,,,,,,,,,,,,,,,,,,,,,,,,
18346348,feature,2023-03-06 12:07:45 UTC,2024-01-24 11:16:10 UTC,Premium Widget offer,"",Released,,12429128,Core,Fabien DIMEGLIO,🙂 Perso Squad,2023-03-05,2023-10-24,,,,,,,,,,,,,,,,,,,,,,,,,,,,,,,,,,,,Squad Perso,,,,,,,,,,,,,,,,,,,,,,,,,,,,,,,,,,,,,,,,,,,,,,,,,,,,,,,,,,,,,,,,,,,,,,,,,,,,
18346359,subfeature,2023-03-06 12:08:55 UTC,2023-11-07 10:42:48 UTC,Image editor (including crop),"",Released,,18346348,Premium Widget offer,Fabien DIMEGLIO,🙂 Perso Squad,2023-03-05,2023-08-03,,,,,,,,,,,,,,,,,,,,,,,,,,,,,,,,,,,,Squad Perso,,,,,,,,,,,,,,,,,,,,,,,,,,,,,,,,,,,,,,,,,,,,,,,,,,,,,,,,,,,,,,,,,,,,,,,,,,,,
18394055,subfeature,2023-03-08 13:06:29 UTC,2023-11-07 10:42:28 UTC,Progress bar element,"## 📒 **Feature short description:** Describe what the feature does\. ``` Allow our customers to add progress in their widgets, with the ability to choose a specific rule to calculate the progression rate. ``` ## 😥 Problem <u>**Problem statement:**</u> What problem are we trying to solve with this feature? Or, what is the opportunity we are addressing?  ``` As a marketer, I want to be able to cover different use cases:  * Clearly indicate the user ""how far"" s.he is from achieving a goal.  example: what is the remaining amount to be added to the cart in order to benefit from a discount or a specific offer  * Better indicate the completion rate when the user is requested to accomplish multiple steps. * Create an ""urgency feeling"" displaying a progress bar. ``` Note that this feature is proposed by our competitor A\/B Tasty \(see image below\)\. ![](https://pb-files.s3.amazonaws.com/production/attachments/c178dbbf557a1b5a31b6b7b21ae7097856a08624e6d823ed5b9bb8aee46c2dd9/image.png) <p></p> <u>**Workaround:**</u> - **Existing workaround:** Yes \(partially\) - **Workaround description:** Users need to add countdown element, and then hide all the elements of the countdown \(except the countdown\)\. But it partially covers the user needs since it is only based on the time\. ## 💡 Solution <u>**Key benefits**</u>: <span data-preserve-white-space></span> What value does this feature bring to the user?  ``` Cover more personalization use cases, to better encourage users to perform a specific action, or to better guide them. ``` <p></p> <u>**✏️ Product design:**</u> - **Product package:** AI\-driven Personalization  <span data-preserve-white-space></span> - **Product scope:** Widget editor - **Target Persona**: Marketer **Main updates:** <span data-preserve-white-space></span> - Addition of a new ""Progress bar"" element - Default value: Ability to manually define a default value for the progress bar on each screen - Events: ability to manually set the % of the bar with events \(for example if the user does this in the widget, then the % changes to Y\) - Dynamic value: ability to assign an automatic progress value based on a custom data\. <span data-preserve-white-space></span> ``` We would then ask for three fields: - the name of the CD (it must be a numerical CD) - what value the 0% corresponds to (0 by default) - what value corresponds to 100% (default is 0) ``` - Dynamic value, based on time \(like today with the countdown element, when we hide all elements except progress bar\) <p></p> --- WILL BE FILLED LATER ## 🎯 **Measuring Success** - **Goal 1:** indicate the goal of this topic - **Success metric:** indicate the key indicator of success that will measure the achievement of goal 1 <p></p> ``` Copy and paste previous paragraph for each goal attached to this topic. Report to PDB Template - Slide 13 for examples ``` --- ## 📄 Attached documents - **Figma file**: optional \(paste link\) - **Spec file**: optional \(paste link\) - **Redmine ticket**: mandatory  \(paste link\) - **Image:** mandatory, to illustrate the topic <p></p> ",Released,,18346348,Premium Widget offer,Fabien DIMEGLIO,🙂 Perso Squad,2023-01-01,2023-08-03,,,,,,,,,,,,,,,,,,,,,,,,,,,,,,,,,,,,Squad Perso,,,,,,,,,,,,,,,,,,,,,,,,,,,,,,,,,,,,,,,,,,,,,,,,,,,,,,,,,,,,,,,,,,,,,,,,,,,,
18549579,subfeature,2023-03-16 12:24:21 UTC,2023-11-07 10:44:29 UTC,"Addition of ""premium"" widget templates","",Released,,18346348,Premium Widget offer,Fabien DIMEGLIO,🙂 Perso Squad,2023-05-01,2023-08-03,,,,,,,,,,,,,,,,,,,,,,,,,,,,,,,,,,,,Squad Perso,,,,,,,,,,,,,,,,,,,,,,,,,,,,,,,,,,,,,,,,,,,,,,,,,,,,,,,,,,,,,,,,,,,,,,,,,,,,
18549993,feature,2023-03-16 12:47:58 UTC,2025-09-16 10:09:36 UTC,Theme Builder,"This feature is aimed at Entreprise Customers\. It will allow admins to create a design system for the widget editor: - definition of typography: choice of fonts and font styles for all the text elements - definition of a color set - definition of preset components <p></p> Then, when regular users will create their widgets, they will be able: - for their text elements, to choose the typography type of each element \(h1, h2, \.\.\. or normal\) - for colors, to have shortcuts to the design system palette - for elements, a new section ""preset elements"" will appear, with the library of all preset components <p></p> Admins should also have the option to force regular users to only use elements coming from the design system\. ",Development in progress,,25770977,Themes,Fabien DIMEGLIO,_⭐ Visual Builders Squad,2025-04-07,2025-12-31,,,,,,,,,,,,,,,,,,,,,,,,,,,,,,,,,,,,,,,,,,,,,,,,,,,,,,,,,,,,,,,,,,,,,,,,,,,,,,,,,,,,,,,,,,,,,,,,,,,,,,,,,,,,,,,,
18550254,feature,2023-03-16 13:04:34 UTC,2024-01-30 13:27:34 UTC,Limit to 100 responses per month in Free plan,"",Rejected,,12429128,Core,Fabien DIMEGLIO,🙂 Perso Squad,,,,,,,,,,,,,,,,,,,,,,,,,,,,,,,,,,,,,,Squad Perso,,,,,,,,,,,,,,,,,,,,,,,,,,,,,,,,,,,,,,,,,,,,,,,,,,,,,,,,,,,,,,,,,,,,,,,,,,,,
18606948,feature,2023-03-20 17:09:38 UTC,2024-01-30 13:04:40 UTC,Date element - Add date formats,All the dates are displayed like this in the widget editor : <span data-preserve-white-space></span> dd\/mm\/yyyy <p></p> ![](https://pb-files.s3.amazonaws.com/production/attachments/0376dd38448a4842dd12ecde9eaeafa4a665866a96b8eab6ef5420dba53b0463/image.png) We should allow the user to choose the date format\. It is important for US customers for example\. ,Candidate,,12429296,New elements,Fabien DIMEGLIO,🙂 Perso Squad,,,,,,,,,,,,,,,,,,,,,,,,,,,,,,,,,,,,,,Squad Perso,,,,,,,,,,,,,,,,,,,,,,,,,,,,,,,,,,,,,,,,,,,,,,,,,,,,,,,,,,,,,,,,,,,,,,,,,,,,
18607071,feature,2023-03-20 17:14:07 UTC,2024-02-07 16:52:55 UTC,Enhance overlay of planned personalizations,"<u>**Problem:**</u> In case a user planned a personalization, its status switches to ""planned"" which is normal\. Yet, we have no clear indication on the Personalization dashboard at which date the personalization will be launched online\. Thus, in order to get this information, the user is forced to open the Personalization Creation Page and look how the scheduling is defined in the ""advanced settings"" option \(which is quite time consuming\) <p></p> <u>**What should be done?**</u> For all planned personalization, when ""scheduling"" is defined, in the overlay that is displayed on hover over the ""information"" icon, in ""Key dates"" section, add a line : ""Next scheduled release date"", with the date & time of the beginning of the next schedule\. <span data-preserve-white-space></span> <p></p> This information should only be added while the personalization gets the ""planned"" status\. <span data-preserve-white-space></span> <p></p> Note that this feature also makes sense for Experiment squad \(see with Interface squad\)\. <p></p> *This problem was discussed on slack and visio with Cernst on 20\/03\/2023* <p></p> <p></p> ",New idea,,9564700,Classic Personalization,Mallaury Gruget,"_⭐ Campaign Creation Squad, 🙂 Perso Squad",,,,,,,,,,,,,,,,,,,,,,,,,,,,,,,,,,,,,,Squad Perso,,,,,,,,,,,,,,,,,,,,,,,,,,,,,,,,,,,,,,,,,,,,,,,,,,,,,,,,,,,,,,,,,,,,,,,,,,,,
18626273,feature,2023-03-21 10:55:12 UTC,2024-01-12 09:13:55 UTC,Sequential testing,"## 📒 **Feature short description:** Describe what the feature does\. ``` Sequential Testing allows users to continuously monitor the performance of different variations in an A/B test and make informed decisions as soon as statistically significant results are achieved, without the need to wait for a fixed sample size to be reached. ``` ## 😥 Problem <u>**Problem statement:**</u> What problem are we trying to solve with this feature? Or, what is the opportunity we are addressing?  ``` Traditional A/B testing methods often require a predetermined sample size and fixed testing duration, which can lead to inefficiencies and delayed decision-making. In many cases, users are left waiting for extended periods before they can confidently choose a winning variation or halt underperforming ones. This approach is suboptimal in scenarios where quick decisions are essential, such as optimizing conversion rates, user engagement, or revenue generation. Sequential Testing aims to address these limitations and provide a more flexible and efficient testing framework. ``` <u>**Workaround:**</u> - **Existing workaround:** Yes - **Workaround description:** : Users can manually check his experiment's results on all the existing segments to see the test's result on each\.   <p></p> ## 💡 Solution <u>**Key benefits**</u>: <span data-preserve-white-space></span> What value does this feature bring to the user?  ``` -Faster Decision-Making: Sequential Testing enables users to make decisions as soon as statistically significant differences between variations emerge, reducing the time required to reach conclusive results. -Resource Efficiency: Users can optimize their testing resources by stopping underperforming variations early and reallocating traffic to more promising ones, leading to cost savings and better allocation of resources. -Improved User Experience: By quickly identifying and implementing winning variations, organizations can enhance user experience, drive better engagement, and ultimately improve key performance metrics. -Adaptive Testing: The feature adapts to the actual behavior of users, ensuring that if a significant difference exists, it will be detected with high probability while minimizing the risk of making incorrect decisions due to random fluctuations. ``` <span data-preserve-white-space></span>   <u>**Use Cases:**</u> <span data-preserve-white-space></span> Share use cases where this feature would help our users\. <span data-preserve-white-space></span> ``` This feature can be used for each AB test. ``` <u>**✏️ Product design:**</u> - **Product package:** All packages\. - **Product scope:** Result page\. - **Target Persona**: Marketer \/ Product Manager - **Main updates:** <span data-preserve-white-space></span>     - Addition of a toggle to choose between sequential or classic approach\. ## 🎯 **Measuring Success** - **Goal 1:** The goal is to align with our competitors who offer this feature\.     - **Success metric:** Number of customer running a sequential experiment\. --- ## 📄 Attached documents - **Figma file**: <span data-preserve-white-space></span> - **Spec file**: <https://www.notion.so/Sequential-Testing-d8144333927441c990639ea3af84f409?pvs=4> - **Redmine ticket**: ",Released,,9564643,Data & RP,Tribe Marketers,_⭐ Reporting Squad,2023-09-01,2023-12-20,,,,,,,,,,,,,,,,,,,,,,,,,,,,,,,,,,,,,,,,,,,,,,,,,,,,,,,,,,,,,,,,,,,,,,,,,,,,,,,,,,,,,,,,,,,,,,,,,,,,,,,,,,,,,,,,
18626338,feature,2023-03-21 10:58:25 UTC,2024-03-27 13:45:16 UTC,Global KPI detail,Provide detail per experiment of each experiment contribution to the global ROI\. As well as improve the selection rules for an experiment \/ perso to be included in the computations\. ,New idea,,6783364,"Data, Common  & Infrastructure",Tribe Marketers,_⭐ Reporting Squad,2024-09-22,2024-12-21,,,,,,,,,,,,,,,,,,,,,,,,,,,,,,,,,,,,,,,,,,,,,,,,,,,,,,,,,,,,,,,,,,,,,,,,,,,,,,,,,,,,,,,,,,,,,,,,,,,,,,,,,,,,,,,,
18676846,feature,2023-03-23 11:17:38 UTC,2024-01-30 13:24:06 UTC,Dynamic links in Widgets,"## 📒 **Feature short description:** Allow customers to use variables inside their URLs \(for button and links elements\) using custom data:  ***\{\{customerValue\}\}*** <span data-preserve-white-space></span> ## 😥 Problem <u>**Problem statement:**</u> Today, all the URLs a user can define on the Widget editor \(in buttons or link elements\) are static\. <span data-preserve-white-space></span> Thus, it is for the while not possible to redirect users to a ""dynamic"" URL, composed of a parameter that can be specific to the user\. <p></p> <u>**Workaround:**</u> - **Existing workaround:** No, without coding <p></p> ## 💡 Solution <u>**Key benefits**</u>: <span data-preserve-white-space></span> Allow deeper personalization and better user tracking by allowing to pass variables in the URL\. <span data-preserve-white-space></span>   <u>**Use Cases:**</u> <span data-preserve-white-space></span> - As a marketer, I want to redirect the user to a really specific and customized page\. - As a marketer, I need to track the actions of each individual users exposed to the personalization <p></p> <u>**✏️ Product design:**</u> - **Product package:** AI\-driven Personalization  <span data-preserve-white-space></span> - **Product scope:** Widget editor - **Target Persona**: Marketer - **Main updates:** In bullets, concisely describe what your solution consists of:     - Link element : in section URL, addition of a ""custom data option"" \(same design as for the text block, with a unique icon in the top bar\)     - Events section \> Add action \> URL \> Go to URL \>  URL field : transform URL field, with the exact same change as above\.   <p></p> \-\-\-\-\-\-\-\-\-\-\-\-\-\-\-\-\-\- Will be filled later \-\-\-\-\-\-\-\-\-\-\-\-\-\-\-\-\-\-\-\-\-\-\-\-\-\-\-\-\-\-\-\-\-\- ## 🎯 **Measuring Success** - **Goal 1:** indicate the goal of this topic - **Success metric:** indicate the key indicator of success that will measure the achievement of goal 1 <p></p> ``` Copy and paste previous paragraph for each goal attached to this topic. Report to PDB Template - Slide 13 for examples ``` --- ## 📄 Attached documents - **Figma file**: optional \(paste link\) - **Spec file**: optional \(paste link\) - **Redmine ticket**: mandatory  \(paste link\) - **Image:** mandatory, to illustrate the topic <p></p> <p></p> ",Released,,12429296,New elements,Fabien DIMEGLIO,"",,,,,,,,,,,,,,,,,,,,,,,,,,,,,,,,,,,,,,,,,,,,,,,,,,,,,,,,,,,,,,,,,,,,,,,,,,,,,,,,,,,,,,,,,,,,,,,,,,,,,,,,,,,,,,,,,,
18727231,feature,2023-03-27 08:24:13 UTC,2023-03-27 08:24:36 UTC,Funnel management,"Ability for users to define funnels \(either during campaign configuration, or on results page\) ",New idea,,9564798,Common APP pages,Tribe Marketers,"🙂 Interface squad, _⭐ Reporting Squad",,,,,,,,,,,,,,,,,,,,,,,,,,,,,,,,,,,,,,,,,,,,,,,,,,,,,,,,,,,,,,,,,,,,,,,,,,,,,,,,,,,,,,,,,,,,,,,,,,,,,,,,,,,,,,,,,Tribe Marketers,
18727476,subfeature,2023-03-27 08:34:44 UTC,2024-01-30 13:16:55 UTC,Variables in texts based on users' input fields,"## 📒 **Feature short description:** All the widgets using form elements are made to collect users' inputs\. This feature allows to make a part of the text dynamic, allowing to insert in the text the value indicated by the user in any field of the form\. <span data-preserve-white-space></span> ![](https://pb-files.s3.amazonaws.com/production/attachments/69f45fb7054f9939be747444b280e2c2cd2b6b162752c880f18edd0b3d3bde1a/image.png) ## 😥 Problem <u>**Problem statement:**</u> This feature solves the problem of collecting user input and integrating it dynamically into the application\. Prior to this feature, using a custom data or coding was needed, which could be time\-consuming and prone to errors\. With this feature, the process is automated, reducing the workload of our users\. Additionally, the feature provides a more personalized experience for users by allowing dynamic text that incorporates their input, which enhances user engagement and satisfaction\. Overall, the feature solves the problem of manual data input and enhances the user experience in the application\. <span data-preserve-white-space></span>   <u>**Workaround:**</u> - **Existing workaround:** Yes <span data-preserve-white-space></span> - **Workaround description:** We can use custom data\. But it is time consuming and can be too technical for some marketer users\. ## 💡 Solution <u>**Key benefits**</u>: <span data-preserve-white-space></span> - **Provide a more customized experience\.** Indeed, the feature provides a more personalized experience for users by allowing dynamic text that incorporates their input, which enhances user engagement and satisfaction - **Create more engaging widgets with ease**\. Prior to this feature, using a custom data or coding was needed, which could be time\-consuming and prone to errors\. With this feature, the process is automated, reducing the workload of our users   <span data-preserve-white-space></span>     <u>**Use Cases:**</u> <span data-preserve-white-space></span> Here are two concrete examples: <span data-preserve-white-space></span>      - Save the user time in multi\-step forms: Let's say you are creating a subscription form for an online service that requires the user to fill out multiple steps\. The first step could include fields for the user to enter their email address and password\. The dynamic text feature could be used to automatically populate the user's email address in the subsequent steps, such as a confirmation page or a thank\-you page\. This could enhance the user experience by reducing the need for the user to re\-enter their email address, as well as increasing the likelihood of successful subscription by ensuring that the email address is correct\. - Better engage users: Let's say Fnac is promoting a special offer for its members, which requires users to fill out a form to sign up for the promotion\. The form could include fields for the user to enter their name, email address, and Fnac membership number\. The dynamic text feature could be used to automatically populate the user's name in the greetings final screen, to make it more engaging\. <span data-preserve-white-space></span>      <u>**✏️ Product design:**</u> - **Product package:** AI\-driven Personalization <span data-preserve-white-space></span> - **Product scope:** Widget Editor - **Target Persona**: Marketer - **Main updates:** <span data-preserve-white-space></span>     - In text fields, allow users to select any form field added to the widget     - For each selected variable, ability to define a ""default"" value, to display in case no value is retrieved \-\-\-\-\-\-\-\-\-\-\-\-\-\-\-\-\-\-\-\-\-\-\-\-\-\-\-\-\-\-\-\-\-\-\-\-\-\-\-\-\-\-\-\-\-\-\-\- will be filled later \-\-\-\-\-\-\-\-\-\-\-\-\- ## 🎯 **Measuring Success** - **Goal 1:** indicate the goal of this topic - **Success metric:** indicate the key indicator of success that will measure the achievement of goal 1 <span data-preserve-white-space></span>      ``` Copy and paste previous paragraph for each goal attached to this topic. Report to PDB Template - Slide 13 for examples ``` --- ## 📄 Attached documents - **Figma file**: optional \(paste link\) - **Spec file**: optional \(paste link\) - **Redmine ticket**: mandatory  \(paste link\) - **Image:** mandatory, to illustrate the topic ",Released,,18346348,Premium Widget offer,Fabien DIMEGLIO,🙂 Perso Squad,2022-12-31,2023-08-03,,,,,,,,,,,,,,,,,,,,,,,,,,,,,,,,,,,,Squad Perso,,,,,,,,,,,,,,,,,,,,,,,,,,,,,,,,,,,,,,,,,,,,,,,,,,,,,,,,,,,,,,,,,,,,,,,,,,,,
18728790,feature,2023-03-27 09:37:29 UTC,2024-01-30 13:17:57 UTC,Limit the number of events in the Pro plan,Limit the number of events a user can add to a widget in the free plan\. The goal is to encourage users who have an advanced use of the widget editor to subscribe to our premium plan\.   The number of events available in the free plan should be determined based on current use of the Event Part \(with Mixpanel\)\. <span data-preserve-white-space></span>      <span data-preserve-white-space></span> <span data-preserve-white-space></span> ,Released,,12429128,Core,Fabien DIMEGLIO,🙂 Perso Squad,,,,,,,,,,,,,,,,,,,,,,,,,,,,,,,,,,,,,,Squad Perso,,,,,,,,,,,,,,,,,,,,,,,,,,,,,,,,,,,,,,,,,,,,,,,,,,,,,,,,,,,,,,,,,,,,,,,,,,,,
18765321,feature,2023-03-28 12:17:43 UTC,2024-03-27 13:38:53 UTC,Real time events logs,\-\-\> Check what Sebastien has done \-\-\> Check what statsig does \-\-\> What is the use case ? <p></p> \-\-\> Build a page <span data-preserve-white-space></span> <p></p> Currently released as <https://eventvisualizer.kameleoon.com/> ,Rejected,,6783364,"Data, Common  & Infrastructure",Calixthe Mattei,_⭐ Reporting Squad,,,,,,,,,,,,,,,,,,,,,,,,,,,,,,,,,,,,,,,,,,,,,,,,,,,,,,,,,,,,,,,,,,,,,,,,,,,,,,,,,,,,,,,,,,,,,,,,,,,,,,,,,,,,,,,,,,
18766096,feature,2023-03-28 12:38:41 UTC,2023-06-22 16:25:52 UTC,Experiment creation flow specification,\-\-\> Specify which information are needed to add in experiment creation flow to unlock sequential testing and more ,Development in progress,,6783364,"Data, Common  & Infrastructure",Tribe Marketers,"rep_deprecated, _⭐ Reporting Squad",2023-06-01,2023-06-30,,,,,,,,,,,,,,,,,,,,,,,,,,,,,,,,,,,,,,,,,,,,,,,,,,,,,,,,,,,,,,,,,,,,,,,,,,,,,,,,,,,,,,,,,,,,,,,,,,,,,,,,,,,,,,,,
18867141,subfeature,2023-03-30 09:48:14 UTC,2023-07-27 14:11:11 UTC,Emojis in widget editor texts,"**Summary** Allow users to use emojis in widget editor texts\. <p></p> **User Story** As a user, I want to be able to use emojis in widget editor texts so that I can more easily express my thoughts and feelings\.   **Use Case** Users will use the feature by selecting an emoji when writing a text on the widget editor\. The emojis will appear as part of the text they create and will be saved with that text\.   **Requirements** - Users should be able to select an emoji from a list of available options in the widget editor\. - Users should be able to see their chosen emoji within the text they have created\. - Emojis should be saved with the corresponding text when users save the text within the widget editor\. ",Released,,19219381,Widget Summer Release,Fabien DIMEGLIO,🙂 Perso Squad,2023-05-01,2023-07-20,,,,,,,,,,,,,,,,,,,,,,,,,,,,,,,,,,,,Squad Perso,,,,,,,,,,,,,,,,,,,,,,,,,,,,,,,,,,,,,,,,,,,,,,,,,,,,,,,,,,,,,,,,,,,,,,,,,,,,
18867231,subfeature,2023-03-30 09:53:48 UTC,2023-11-07 10:41:45 UTC,Hidden fields in forms,"We need to allow users to add hidden fields elements to their forms in the Widget Editor\. This will give them the ability to store additional information associated with submitted responses as well as have a more powerful tool when creating forms\. **User Needs** - Ability to add hidden fields elements to their form - Ability to store additional information associated with submitted responses **Requirements** - Allow users to add a new element type, “Hidden Fields” onto a form - Allow users to customize the data they would like stored in hidden fields - Ensure data stored in hidden fields is not visible to the user filling out the form   <p></p> ",Released,,18346348,Premium Widget offer,Fabien DIMEGLIO,🙂 Perso Squad,2023-05-04,2023-07-31,,,,,,,,,,,,,,,,,,,,,,,,,,,,,,,,,,,,Squad Perso,,,,,,,,,,,,,,,,,,,,,,,,,,,,,,,,,,,,,,,,,,,,,,,,,,,,,,,,,,,,,,,,,,,,,,,,,,,,
18895145,feature,2023-03-31 09:34:13 UTC,2023-03-31 13:11:35 UTC,Collective actions in the widget editor,"**Summary:** Allow users to apply a same action to several elements or edit several elements at the same time\. **User Story** As a user, I want to be able to select several elements of a widget and perform an action \(for instance: delete, hide\.\.\.\) or edit the same property \(for instance: position, size, alignment\.\.\.\) on all of them\. This will be time saving\. **Use Case** Users will use this feature to select several elements of a widget\. They will be able to apply any action from a given list to all the elements selected\. They will also be able to edit some properties that all selected elements have\. For example, they will be able to resize or change the position of all selected elements\. If users select several text elements, they will be able to edit the font\-size of all texts\. **Requirements** \- Users should be able to select several elements\. \- Users should be able to select an action to apply to all elements at the same time\. \- Actions should apply to all elements when users validate \- Users should be able to edit properties that all elements have \- Users should be able to edit properties that all selected elements share \- Changes should apply to all element when users validate <p></p> ",New idea,,12429128,Core,Fabien DIMEGLIO,🙂 Perso Squad,,,,,,,,,,,,,,,,,,,,,,,,,,,,,,,,,,,,,,Squad Perso,,,,,,,,,,,,,,,,,,,,,,,,,,,,,,,,,,,,,,,,,,,,,,,,,,,,,,,,,,,,,,,,,,,,,,,,,,,,
18918309,feature,2023-04-01 14:51:50 UTC,2025-02-10 11:52:15 UTC,Automatic widget translation in any language,"For the launch of our Widget Premium plan users will be able to manually translate all the texts displayed in their widget in any language\.   the ""automatic translation"" feature, that will be added after the launch of the Premium plan, will extend this capability: from the ""translation"" section, users will just have to click on the button ""Automatic translations"" to entirely translate all the widget texts in the desired languages in one click\. <p></p> ",Released,,29765534,Translation Tab,Fabien DIMEGLIO,_⭐ Visual Builders Squad,2024-10-01,2025-02-05,,,,,,20,,,,,,,,,,,,,,#3 - AI-Innovation,,,,,,,,,,,,,,,,Squad Perso,,,,,10,10,,,,,,,,,,,,,,,,,,,,,,,,,,,,,,,,,,,,,,,,,,,,,,,,,,,,,,,,,,,,,,,,,,,,,,
18930490,subfeature,2023-04-03 08:46:52 UTC,2023-04-03 08:48:40 UTC,FM&E Free Trial - Part 1,<https://project.kameleoon.net/issues/20568> ,Released,,18094647,FM&E Free Trial,Tribe Developer,🙂 Dev Tools Squad,2023-03-01,2023-04-03,,,,,,,,,,,,,,,,,,,,,,,,,,,,,,,,,,,,Squad Dev Tools,,,,,,,,,,,,,,,,,,,,,,,,,,,,,,,,,,,,,,,,,,,,,,,,,,,,,,,,,,,,,,,,,,,,,,,,,,,,
18930506,subfeature,2023-04-03 08:47:50 UTC,2023-04-19 11:52:03 UTC,FM&E Free Trial - Part 2,<https://project.kameleoon.net/issues/21116> ,Released,,18094647,FM&E Free Trial,Tribe Developer,🙂 Dev Tools Squad,2023-04-03,2023-04-17,,,,,,,,,,,,,,,,,,,,,,,,,,,,,,,,,,,,Squad Dev Tools,,,,,,,,,,,,,,,,,,,,,,,,,,,,,,,,,,,,,,,,,,,,,,,,,,,,,,,,,,,,,,,,,,,,,,,,,,,,
18932104,feature,2023-04-03 09:50:51 UTC,2024-05-13 09:17:00 UTC,AI Content Assistant,"Harness the power of AI with our new content assistant, made to help you write all your widgets texts\. Take the content you have created and use Content Assistant to rewrite, summarize, expand it or change tone of your text\. ",Released,,12429128,Core,Fabien DIMEGLIO,_⭐ Visual Builders Squad,2024-01-29,2024-04-30,,,,,,,,,,,,,,,,,,,,,,,,,,,,,,,,,,,,Squad Perso,,,,,,,,,,,,,,,,,,,,,,,,,,,,,,,,,,,,,,,,,,,,,,,,,,,,,,,,,,,,,,,,,,,,,,,,,,,,
18932212,feature,2023-04-03 09:57:28 UTC,2023-05-25 13:44:44 UTC,Global goal tracking for FF,"## 📒 **Feature short description:** <span data-preserve-white-space></span>  <span data-preserve-white-space></span> This feature will allow users of FME to track some global KPIs for their feature for delivery rules in addition to experiment rules now\. Overall, tracking product KPIs and key metrics is essential for successful product development and can help teams make informed decisions, improve the user experience, and drive business growth\. <p></p> ## 😥 Problem <span data-preserve-white-space></span>  <span data-preserve-white-space></span> <u>**Problem Statement:**</u> 1. **Lack of direction:** Without clear KPIs and metrics, product teams may struggle to prioritize features and make informed decisions about how to allocate resources\. 1. **Inefficient use of resources:** Without data\-driven insights, teams may waste time and resources building features that don't resonate with users or contribute to the product's overall success\. 1. **Missed opportunities:** Without tracking KPIs and metrics, teams may miss out on opportunities to optimize the product and improve the user experience, potentially leading to churn or lost revenue\. 1. **No definition of success:** Teams may become demotivated if they don't have clear benchmarks for success or feel like their work isn't making a meaningful impact on the product\. <span data-preserve-white-space></span>  <span data-preserve-white-space></span> <u>**Workaround:**</u> - **Existing workaround:** Yes - **Workaround description:** Use Feature Experiments to track goals and use them as a measure for targeted delivery to the same segment \(with the same variation\)\. <p></p> ## 💡 Solution **Key benefits**: <span data-preserve-white-space></span> 1. **Improved decision\-making:** By monitoring KPIs and metrics, teams can better understand how users are engaging with the product, and use this data to inform future feature releases and improvements\. 1. **Increased accountability:** Tracking KPIs and metrics can help team members stay accountable for their work, as it provides a clear benchmark for success\. 1. **Faster iteration:** With data\-driven insights, teams can quickly iterate and make changes to the product based on user feedback and behavior\. 1. **Better user experience:** By tracking key metrics, teams can identify pain points in the user journey and make targeted improvements to enhance the overall user experience\. 1. **Increased revenue:** Tracking KPIs such as conversion rates, average revenue per user, and customer lifetime value can help teams identify opportunities to increase revenue and drive business growth\. <span data-preserve-white-space></span>  <span data-preserve-white-space></span> <u>**✏️ Product design:**</u> - **Product package:**  Feature Management <span data-preserve-white-space></span> - **Product scope:** Inside rule configuration overlay <span data-preserve-white-space></span> - **Target Persona**: All - **Main updates:** <span data-preserve-white-space></span>     - Additional page in the ***Set up*** menu ➞ ""Goals""   <p></p> ![](https://pb-files.s3.amazonaws.com/production/attachments/570e363a556b47a0492d36fd6eb2dd162c21983f5f28fbb86ed51feeb75cdf60/image.png) <p></p> ![](https://pb-files.s3.amazonaws.com/production/attachments/6a2577a17a51a4e6aa3221859bc854a63597cd88d268a9c3d8fc396abc8a9e4e/image.png) <p></p> ## 🎯 **Measuring Success** - **Goal 1:** Feature adoption - **Success metric:** No\. of rollbacks configured --- ## 📄 Attached documents - **Figma file**: [Designs](https://www.figma.com/file/s2i4MS9OpfJ9RidwRgPGCM/FF_Goals%26Rollbacks?node-id=1-3023)  <span data-preserve-white-space></span> ",Released,,9564875,Feature Management & Experimentation (FM&E),Tribe Developer,🙂 FF/SDK Squad,2023-03-20,2023-04-13,,,,,,,,,,,,,,,,,,,,,,,,,,,,,,,,,,,,Squad FM&E,,,,,,,,,,,,,,,,,,,,,,,,,,,,,,,,,,,,,,,,,,,,,,,,,,,,,,,,,,,,,,,,,,,,,,,,,,,,
18933028,feature,2023-04-03 10:32:07 UTC,2024-01-30 13:05:56 UTC,Multiple steps form,Ability to create a unique form divided into different steps \(on per screen\) ,New idea,,12429296,New elements,Fabien DIMEGLIO,🙂 Perso Squad,,,,,,,,,,,,,,,,,,,,,,,,,,,,,,,,,,,,,,Squad Perso,,,,,,,,,,,,,,,,,,,,,,,,,,,,,,,,,,,,,,,,,,,,,,,,,,,,,,,,,,,,,,,,,,,,,,,,,,,,
18933088,feature,2023-04-03 10:36:10 UTC,2024-01-30 13:12:55 UTC,Eyedropper in color picker panel,"Addition of the ""eydropper"" action in our color picker panel ",Released,,12428951,Design Tab,Fabien DIMEGLIO,"",,,,,,,,,,,,,,,,,,,,,,,,,,,,,,,,,,,,,,,,,,,,,,,,,,,,,,,,,,,,,,,,,,,,,,,,,,,,,,,,,,,,,,,,,,,,,,,,,,,,,,,,,,,,,,,,,,
18938486,feature,2023-04-03 14:10:25 UTC,2023-05-03 00:44:25 UTC,VSCE v4.2,"",Released,,6783364,"Data, Common  & Infrastructure",Tribe Developer,🙂 Dev Tools Squad,2023-02-01,2023-04-30,,,,,,,,,,,,,,,,,,,,,,,,,,,,,,,,,,,,Squad Dev Tools,,,,,,,,,,,,,,,,,,,,,,,,,,,,,,,,,,,,,,,,,,,,,,,,,,,,,,,,,,,,,,,,,,,,,,,,,,,,
18938537,subfeature,2023-04-03 14:13:03 UTC,2023-05-03 00:44:37 UTC,VSCE - Switch button for Feature Flag,<https://project.kameleoon.net/issues/20526> ,Released,,18938486,VSCE v4.2,Tribe Developer,🙂 Dev Tools Squad,,,,,,,,,,,,,,,,,,,,,,,,,,,,,,,,,,,,,,Squad Dev Tools,,,,,,,,,,,,,,,,,,,,,,,,,,,,,,,,,,,,,,,,,,,,,,,,,,,,,,,,,,,,,,,,,,,,,,,,,,,,
18938581,feature,2023-04-03 14:14:29 UTC,2023-07-04 08:58:20 UTC,"VSCE - Errors, warnings and infos",<https://project.kameleoon.net/issues/18143> ,Released,,6783364,"Data, Common  & Infrastructure",Tribe Developer,🙂 Dev Tools Squad,2023-02-01,2023-06-30,,,,,,,,,,,,,,,,,,,,,,,,,,,,,,,,,,,,Squad Dev Tools,,,,,,,,,,,,,,,,,,,,,,,,,,,,,,,,,,,,,,,,,,,,,,,,,,,,,,,,,,,,,,,,,,,,,,,,,,,,
18939819,feature,2023-04-03 14:47:55 UTC,2023-05-10 08:18:11 UTC,Copy link to custom dashboard URLs,"## 📒 **Feature short description:** Describe what the feature does\. ``` This button at the top of the dashboards will enable all users to easily copy and share a given version of their dashboards (with the applied filters, views and/or search terms). ``` ## 😥 Problem <u>**Problem statement:**</u> What problem are we trying to solve with this feature? Or, what is the opportunity we are addressing?  ``` As a marketer, when I want to share a given version of my dashboard, it's not easy to do so because I don't have any parameter in my URL to custom it based on filters/search parameters. ``` <u>**Workaround:**</u> - **Existing workaround:** No ## 💡 Solution <u>**Key benefits**</u>: <span data-preserve-white-space></span> What value does this feature bring to the user?  ``` Gain time Easy collaboration between users ``` <span data-preserve-white-space></span>   <u>**✏️ Product design:**</u> - **Product package:** Web Experimentation \/ Full Stack Experimentation \/ Feature Management - **Product scope:** Experiments, Personalizations, FF, Segments, Goals, Widgets dashboards for now \(and then, when next dashboards will be migrated, they will also be impacted\) - **Target Persona**: Marketer <span data-preserve-white-space></span> - **Main updates:** In bullets, concisely describe what your solution consists of:     - Custom dashboards URLs, with parameters, depending on the activated filters \/ views \/ search terms in the user browser's navigation bar \(already in production\)     - A link at the top of each dashboard, on click on which the URL will be copied into the clipboard     - Ability to share views through a secondary action added in the Views sidebar ## 🎯 **Measuring Success** - **Goal 1:** Usage of the feature - **Success metric:** Nb of clicks on the link, on each dashboard --- ## 📄 Attached documents - **Figma file**: <span data-preserve-white-space></span> [Embedded content](https://www.figma.com/embed?embed_host=share&url=https%3A%2F%2Fwww.figma.com%2Ffile%2FTQhxomh8UjFFUGR6ZoInOn%2FShare-filters-option%3Fnode-id%3D17-173%26t%3DvZtLLC3UKQKPOpDI-0) <p></p> - **Redmine ticket**: <span data-preserve-white-space></span> - **Image:** <p></p> ![](https://pb-files.s3.amazonaws.com/production/attachments/4c0f8c7c14bef7f9358c6c433adb71b9ac4423dc1c3dce4efe8361aa2c21c834/image.png) <p></p> ",Released,,6783323,Web Experimentation,Tribe Marketers,🙂 Interface squad,2023-04-01,2023-04-30,,,,,,,,,,,,,,,,,,,,,,,,,,,,,,,,,,,,,,,,,,,,,,,,,,,,,,,,,,,,,,,,,,,,,,,,,,,,,,,,,,,,,,,,,,,,,,,,,,,,,,,,,,,,,,,Tribe Marketers,
18958199,feature,2023-04-04 09:28:25 UTC,2023-04-04 09:28:26 UTC,Clickhouse DM improvements,"",New idea,,6783364,"Data, Common  & Infrastructure",Tribe Marketers,_⭐ Reporting Squad,2023-04-01,2023-04-30,,,,,,,,,,,,,,,,,,,,,,,,,,,,,,,,,,,,,,,,,,,,,,,,,,,,,,,,,,,,,,,,,,,,,,,,,,,,,,,,,,,,,,,,,,,,,,,,,,,,,,,,,,,,,,,,
19150913,feature,2023-04-13 13:47:39 UTC,2023-06-22 09:54:46 UTC,SDK Filter / Breakdown,Add a new filtering and breakdown capability\. Be able to filter visits\/visitors which have add at least one event sent by an SDK\. Be able to breakdown campaigns results according to which SDK was used to send events for a visit \/ visitor\. As well as which version of the SDK was used\. ,Released,,6783364,"Data, Common  & Infrastructure",Tribe Marketers,_⭐ Reporting Squad,2023-04-17,2023-06-20,,,,,,,,,,,,,,,,,,,,,,,,,,,,,,,,,,,,,,,,,,,,,,,,,,,,,,,,,,,,,,,,,,,,,,,,,,,,,,,,,,,,,,,,,,,,,,,,,,,,,,,,,,,,,,,,
19219381,feature,2023-04-17 16:20:15 UTC,2023-08-05 02:19:52 UTC,Widget Summer Release,"",Released,,12429128,Core,Fabien DIMEGLIO,🙂 Perso Squad,2023-04-06,2023-07-20,,,,,,,,,,,,,,,,,,,,,,,,,,,,,,,,,Yes,,,Squad Perso,,,,,,,,,,,,,,,,,,,,,,,,,,,,,,,,,,,,,,,,,,,,,,,,,,,,,,,,,,,,,,,,,,,,,,,,,,,,
19260753,feature,2023-04-19 12:30:12 UTC,2023-04-19 12:32:04 UTC,[TechDebt] Polyglot refactoring,"",Development in progress,,6783364,"Data, Common  & Infrastructure",Tribe Marketers,"rep_deprecated, _⭐ Reporting Squad",2023-02-01,2023-05-31,,,,,,,,,,,,,,,,,,,,,,,,,,,,,,,,,,,,,,,,,,,,,,,,,,,,,,,,,,,,,,,,,,,,,,,,,,,,,,,,,,,,,,,,,,,,,,,,,,,,,,,,,,,,,,,,
19260793,feature,2023-04-19 12:32:30 UTC,2023-04-19 12:32:53 UTC,[TechDebt] Audience Table Migration,"",Development in progress,,6783364,"Data, Common  & Infrastructure",Tribe Marketers,"rep_deprecated, _⭐ Reporting Squad",2023-04-01,2023-05-31,,,,,,,,,,,,,,,,,,,,,,,,,,,,,,,,,,,,,,,,,,,,,,,,,,,,,,,,,,,,,,,,,,,,,,,,,,,,,,,,,,,,,,,,,,,,,,,,,,,,,,,,,,,,,,,,
19274590,subfeature,2023-04-19 22:16:56 UTC,2023-05-05 12:34:40 UTC,FM&E Free Trial - Part 3,<https://project.kameleoon.net/issues/21350> ,Released,,18094647,FM&E Free Trial,Tribe Developer,🙂 Dev Tools Squad,2023-04-10,2023-05-03,,,,,,,,,,,,,,,,,,,,,,,,,,,,,,,,,,,,Squad Dev Tools,,,,,,,,,,,,,,,,,,,,,,,,,,,,,,,,,,,,,,,,,,,,,,,,,,,,,,,,,,,,,,,,,,,,,,,,,,,,
19312143,subfeature,2023-04-21 00:04:40 UTC,2023-05-15 11:25:16 UTC,FM&E Free Trial - Part 4,<https://project.kameleoon.net/issues/21559> ,Released,,18094647,FM&E Free Trial,Tribe Developer,🙂 Dev Tools Squad,2023-04-14,2023-05-18,,,,,,,,,,,,,,,,,,,,,,,,,,,,,,,,,,,,Squad Dev Tools,,,,,,,,,,,,,,,,,,,,,,,,,,,,,,,,,,,,,,,,,,,,,,,,,,,,,,,,,,,,,,,,,,,,,,,,,,,,
19330648,feature,2023-04-21 12:15:14 UTC,2023-05-05 12:46:42 UTC,mParticle Integration,"## 📒 **Feature short description:** Describe what the feature does\. <p></p> This integration will send exposure events to mParticle\. ## 😥 Problem <u>**Problem statement:**</u> What problem are we trying to solve with this feature? Or, what is the opportunity we are addressing?  <p></p> mParticle users would like to analyze their Kameleoon campaign from mParticle\.   <span data-preserve-white-space></span> <p></p> <u>**Workaround:**</u> - **Existing workaround:** Yes <span data-preserve-white-space></span> - **Workaround description:** A custom analytics can do the job\. ## 💡 Solution <u>**Key benefits**</u>: <span data-preserve-white-space></span> What value does this feature bring to the user?  <p></p> - Native integration that allows the user to receive mParticle events when a visitor is targeted by a Kameleoon Experiment or Personalization\. <span data-preserve-white-space></span>   <u>**Use Cases:**</u> <span data-preserve-white-space></span> Share use cases where this feature would help our users\. <span data-preserve-white-space></span> <p></p> - You are using mParticle, and you would like to track your Kameleoon campaigns using mParticle events\. <span data-preserve-white-space></span> <span data-preserve-white-space></span> <u>**✏️ Product design:**</u> - **Product package:** Web Experimentation <span data-preserve-white-space></span> - **Product scope:** Integration page, Result page, Code Editor, Graphic Editor, Personalization builder - **Target Persona**: Marketer \/ PM - **Main updates:** Typical analytics integration ## 🎯 **Measuring Success** NA --- ## 📄 Attached documents - **Figma file**: optional \(paste link\) - **Spec file**: optional \(paste link\) - **Redmine ticket**: <https://project.kameleoon.net/issues/21244> - **Image:** mandatory, to illustrate the topic <p></p> ",Released,,9564652,Common integrations,Tribe Developer,🙂 Dev Tools Squad,2023-04-04,2023-05-03,,,,,,,,,,,,,,,,,,,,,,,,,,,,,,,,,,,,Squad Dev Tools,,,,,,,,,,,,,,,,,,,,,,,,,,,,,,,,,,,,,,,,,,,,,,,,,,,,,,,,,,,,,,,,,,,,,,,,,,,,
19401639,subfeature,2023-04-25 17:34:54 UTC,2023-05-15 10:34:25 UTC,Widget editor - HTML editing of text fields,"",Released,,17868618,Widget editor April 23 Enhancements,Fabien DIMEGLIO,🙂 Perso Squad,2023-02-20,2023-05-04,,,,,,,,,,,,,,,,,,,,,,,,,,,,,,,,,,,,Squad Perso,,,,,,,,,,,,,,,,,,,,,,,,,,,,,,,,,,,,,,,,,,,,,,,,,,,,,,,,,,,,,,,,,,,,,,,,,,,,
19429208,feature,2023-04-26 15:38:55 UTC,2024-03-12 12:25:45 UTC,BigQuery Integration,"## 📒 **Feature short description:** BiqQuery users will be able to use their data stored in BigQuery as a targeting condition\. ## 😥 Problem <u>**Problem statement:**</u> BigQuery customers were not able to reuse the data they collected about their users in their Kameleoon campaigns\. <u>**Workaround:**</u> - **Existing workaround:** Yes - **Workaround description:** The customer had to build their own webservice to enrich data using the Data API, but it's a lot of work and it has never been a single customer doing this\. ## 💡 Solution <u>**Key benefits**</u>: <span data-preserve-white-space></span> Regular benefits of data enrichment \+ the benefits of connecting to a datawarehouse\. <span data-preserve-white-space></span>   <u>**Use Cases:**</u> <span data-preserve-white-space></span> - Targeting visitor based on data stored in BigQuery <u>**✏️ Product design:**</u> - **Product package:** Web Experimentation <span data-preserve-white-space></span> - **Product scope:** Integration page, segment builder, custom data - **Target Persona**: All - **Main updates:** <span data-preserve-white-space></span> [Embedded content](https://www.figma.com/embed?embed_host=share&url=https%3A%2F%2Fwww.figma.com%2Ffile%2FbVzNjJMcOF2y0xmn75idos%2FUS---BigQuery-Integration%3Ftype%3Ddesign%26node-id%3D5%253A3%26mode%3Ddesign%26t%3D8yrAW6ca13oaUwBb-1) <p></p> ## 🎯 **Measuring Success** NA --- ## 📄 Attached documents - **Figma file**: <span data-preserve-white-space></span> [Embedded content](https://www.figma.com/embed?embed_host=share&url=https%3A%2F%2Fwww.figma.com%2Ffile%2FbVzNjJMcOF2y0xmn75idos%2FUS---BigQuery-Integration%3Ftype%3Ddesign%26node-id%3D5%253A3%26mode%3Ddesign%26t%3D8yrAW6ca13oaUwBb-1) <p></p> - **Spec file**: optional \(paste link\) - **Redmine ticket**: <https://project.kameleoon.net/issues/22548> - **Image:** mandatory, to illustrate the topic <p></p> ",Released,,9564652,Common integrations,Tribe Developer,_⭐ Integrations Squad,2023-06-01,2024-02-29,,,,,,100,80,,,,,,,,,,,,8,,,,,,,,,,,,,,,,,Squad Dev Tools,,,,,90,11.25,,,,,,,,,,,,,,,,,,,,,,,,,,,,,,,,,,,,,,,,,,,,,,,,,,,,,,,,,,,,,,,,,,,,,,
19454413,feature,2023-04-27 16:26:05 UTC,2025-07-08 10:17:52 UTC,Integrations Migration to K8s,"## 📒 **Feature short description:** The goal here is to migrate our bridges hosted on CS\-01 to K8s\. <span data-preserve-white-space></span> ## 😥 Problem <u>**Problem statement:**</u> CS\-01 is not scalable, a lot of problems happened in production\. <p></p> <u>**Workaround:**</u> - **Existing workaround:** NO ## 🎯 **Measuring Success** K8s monitoring system\. --- ## 📄 Attached documents - **Redmine ticket**: <https://project.kameleoon.net/issues/21773> ",Development in progress,,9564652,Common integrations,Isabelle Ung,_⭐ Integrations Squad,2025-01-26,2025-04-03,,,,,,80,80,,,,,,,,,,,,20,,,,,,,,,,,,,,,,,Squad Dev Tools,,,,,80,4,,,,,,,,,,,,,,,,,,,,,,,,,,,,,,,,,,,,,,,,,,,,,,,,,,,,,,,,,,,,,,,,,,,,,,
19454539,subfeature,2023-04-27 16:32:56 UTC,2025-01-31 09:47:54 UTC,Integrations Migration to K8s - Mixpanel,<https://project.kameleoon.net/issues/21774> ,Planned,,19454413,Integrations Migration to K8s,Tribe Developer,_⭐ Integrations Squad,,,,,,,,60,80,,,,,,,,,,,,3,,,,,,,,,,,,,,,,,Squad Dev Tools,,,,,70,23.33,,,,,,,,,,,,,,,,,,,,,,,,,,,,,,,,,,,,,,,,,,,,,,,,,,,,,,,,,,,,,,,,,,,,,,
19454541,subfeature,2023-04-27 16:33:07 UTC,2025-04-08 08:17:53 UTC,Integrations Migration to K8s - Segment.io,<https://project.kameleoon.net/issues/21775> ,Released,,19454413,Integrations Migration to K8s,Tribe Developer,_⭐ Integrations Squad,2023-06-25,2023-07-22,,,,,,60,100,,,,,,,,,,,,3,,,,,,,,,,,,,,,,,Squad Dev Tools,,,,,80,26.67,,,,,,,,,,,,,,,,,,,,,,,,,,,,,,,,,,,,,,,,,,,,,,,,,,,,,,,,,,,,,,,,,,,,,,
19454773,subfeature,2023-04-27 16:39:56 UTC,2025-07-24 16:11:12 UTC,Integrations Migration to K8s - GA4 Audience,<https://project.kameleoon.net/issues/21776> ,Released,,19454413,Integrations Migration to K8s,Tribe Developer,_⭐ Integrations Squad,2025-01-27,2025-02-28,,,,,,60,60,,,,,,,,,,,,3,,,,,,,,,,,,,,,,,Squad Dev Tools,,,,,60,20,,,,,,,,,,,,,,,,,,,,,,,,,,,,,,,,,,,,,,,,,,,,,,,,,,,,,,,,,,,,,,,,,,,,,,
19454782,subfeature,2023-04-27 16:40:22 UTC,2025-04-08 08:17:53 UTC,Integrations Migration to K8s - Amplitude (Event Streaming),<https://project.kameleoon.net/issues/21777> ,Released,,19454413,Integrations Migration to K8s,Tribe Developer,_⭐ Integrations Squad,2023-07-23,2023-08-05,,,,,,60,60,,,,,,,,,,,,3,,,,,,,,,,,,,,,,,Squad Dev Tools,,,,,60,20,,,,,,,,,,,,,,,,,,,,,,,,,,,,,,,,,,,,,,,,,,,,,,,,,,,,,,,,,,,,,,,,,,,,,,
19454942,subfeature,2023-04-27 16:48:56 UTC,2025-01-31 09:48:03 UTC,Integrations Migration to K8s - Freshpaint,<https://project.kameleoon.net/issues/21778> ,Planned,,19454413,Integrations Migration to K8s,Tribe Developer,_⭐ Integrations Squad,,,,,,,,20,20,,,,,,,,,,,,1,,,,,,,,,,,,,,,,,Squad Dev Tools,,,,,20,20,,,,,,,,,,,,,,,,,,,,,,,,,,,,,,,,,,,,,,,,,,,,,,,,,,,,,,,,,,,,,,,,,,,,,,
19455045,subfeature,2023-04-27 16:53:16 UTC,2025-01-31 09:48:49 UTC,Integrations Migration to K8s - RudderStack,<https://project.kameleoon.net/issues/21779> ,Planned,,19454413,Integrations Migration to K8s,Tribe Developer,_⭐ Integrations Squad,,,,,,,,60,40,,,,,,,,,,,,1,,,,,,,,,,,,,,,,,Squad Dev Tools,,,,,50,50,,,,,,,,,,,,,,,,,,,,,,,,,,,,,,,,,,,,,,,,,,,,,,,,,,,,,,,,,,,,,,,,,,,,,,
19455099,subfeature,2023-04-27 16:54:44 UTC,2025-01-31 09:48:39 UTC,Integrations Migration to K8s - Hubspot,<https://project.kameleoon.net/issues/21780> ,Planned,,19454413,Integrations Migration to K8s,Tribe Developer,_⭐ Integrations Squad,,,,,,,,20,20,,,,,,,,,,,,3,,,,,,,,,,,,,,,,,Squad Dev Tools,,,,,20,6.67,,,,,,,,,,,,,,,,,,,,,,,,,,,,,,,,,,,,,,,,,,,,,,,,,,,,,,,,,,,,,,,,,,,,,,
19455107,subfeature,2023-04-27 16:54:51 UTC,2025-02-03 10:00:01 UTC,Integrations Migration to K8s - Klaviyo,<https://project.kameleoon.net/issues/21781> ,New idea,,19454413,Integrations Migration to K8s,Tribe Developer,_⭐ Integrations Squad,,,,,,,,20,20,,,,,,,,,,,,3,,,,,,,,,,,,,,,,,Squad Dev Tools,,,,,20,6.67,,,,,,,,,,,,,,,,,,,,,,,,,,,,,,,,,,,,,,,,,,,,,,,,,,,,,,,,,,,,,,,,,,,,,,
19455115,subfeature,2023-04-27 16:55:02 UTC,2025-04-08 08:17:53 UTC,Integrations Migration to K8s - Klaviyo segment,<https://project.kameleoon.net/issues/21782> ,Development in progress,,19454413,Integrations Migration to K8s,Tribe Developer,_⭐ Integrations Squad,2025-01-30,2025-03-02,,,,,,20,20,,,,,,,,,,,,3,,,,,,,,,,,,,,,,,Squad Dev Tools,,,,,20,6.67,,,,,,,,,,,,,,,,,,,,,,,,,,,,,,,,,,,,,,,,,,,,,,,,,,,,,,,,,,,,,,,,,,,,,,
19455123,subfeature,2023-04-27 16:55:12 UTC,2023-05-30 06:24:05 UTC,Integrations Migration to K8s - Krux,"<https://project.kameleoon.net/issues/21783> <p></p> KRUX is unused, deactivated\. ",Rejected,,19454413,Integrations Migration to K8s,Tribe Developer,🙂 Dev Tools Squad,2023-07-24,2023-08-06,,,,,,,,,,,,,,,,,,,,,,,,,,,,,,,,,,,,Squad Dev Tools,,,,,,,,,,,,,,,,,,,,,,,,,,,,,,,,,,,,,,,,,,,,,,,,,,,,,,,,,,,,,,,,,,,,,,,,,,,,
19455141,subfeature,2023-04-27 16:56:27 UTC,2025-01-31 09:48:32 UTC,Integrations Migration to K8s - Mediarithmics,<https://project.kameleoon.net/issues/21784> ,Planned,,19454413,Integrations Migration to K8s,Tribe Developer,_⭐ Integrations Squad,,,,,,,,20,20,,,,,,,,,,,,3,,,,,,,,,,,,,,,,,Squad Dev Tools,,,,,20,6.67,,,,,,,,,,,,,,,,,,,,,,,,,,,,,,,,,,,,,,,,,,,,,,,,,,,,,,,,,,,,,,,,,,,,,,
19455157,subfeature,2023-04-27 16:57:09 UTC,2025-01-31 09:48:57 UTC,Integrations Migration to K8s - Shopify,<https://project.kameleoon.net/issues/21785> ,Planned,,19454413,Integrations Migration to K8s,Tribe Developer,_⭐ Integrations Squad,,,,,,,,20,20,,,,,,,,,,,,2,,,,,,,,,,,,,,,,,Squad Dev Tools,,,,,20,10,,,,,,,,,,,,,,,,,,,,,,,,,,,,,,,,,,,,,,,,,,,,,,,,,,,,,,,,,,,,,,,,,,,,,,
19455170,subfeature,2023-04-27 16:57:37 UTC,2025-01-31 09:46:58 UTC,Integrations Migration to K8s - Piwik segment,<https://project.kameleoon.net/issues/21786> ,Planned,,19454413,Integrations Migration to K8s,Tribe Developer,_⭐ Integrations Squad,,,,,,,,20,20,,,,,,,,,,,,3,,,,,,,,,,,,,,,,,Squad Dev Tools,,,,,20,6.67,,,,,,,,,,,,,,,,,,,,,,,,,,,,,,,,,,,,,,,,,,,,,,,,,,,,,,,,,,,,,,,,,,,,,,
19455180,subfeature,2023-04-27 16:57:52 UTC,2025-01-31 09:48:20 UTC,Integrations Migration to K8s - Tealium,<https://project.kameleoon.net/issues/21787> ,Planned,,19454413,Integrations Migration to K8s,Tribe Developer,_⭐ Integrations Squad,,,,,,,,40,40,,,,,,,,,,,,3,,,,,,,,,,,,,,,,,Squad Dev Tools,,,,,40,13.33,,,,,,,,,,,,,,,,,,,,,,,,,,,,,,,,,,,,,,,,,,,,,,,,,,,,,,,,,,,,,,,,,,,,,,
19524148,feature,2023-05-02 18:16:15 UTC,2023-06-27 07:19:26 UTC,Zuko Integration,## 📒 **Feature short description:** Sending track events to Zuko\. <https://docs.zuko.io/browser-js-api/Zuko.html> ## 😥 Problem <u>**Problem statement:**</u> Zuko's users couldn't track the impact of experiments on forms\. <p></p> <u>**Workaround:**</u> - **Existing workaround:** Yes - **Workaround description:** custom analytics ## 💡 Solution <u>**Key benefits**</u>: <span data-preserve-white-space></span> Tracking campaign impact on form conversion\. <span data-preserve-white-space></span>   <u>**Use Cases:**</u> <span data-preserve-white-space></span> Use Zuko forms combined with Kameleoon campaigns and track both\. <p></p> <u>**✏️ Product design:**</u> - **Product package:** Web Experimentation <span data-preserve-white-space></span> - **Product scope:** app - **Target Persona**: PM - **Main updates:** \- ## 🎯 **Measuring Success** NA --- ## 📄 Attached documents - **Redmine ticket**: <https://project.kameleoon.net/issues/21828> <p></p> ,Released,,9564652,Common integrations,Tribe Developer,🙂 Dev Tools Squad,2023-05-04,2023-06-23,,,,,,,,,,,,,,,,,,,,,,,,,,,,,,,,,,,,Squad Dev Tools,,,,,,,,,,,,,,,,,,,,,,,,,,,,,,,,,,,,,,,,,,,,,,,,,,,,,,,,,,,,,,,,,,,,,,,,,,,,
19530984,feature,2023-05-03 00:43:54 UTC,2023-09-21 10:44:07 UTC,Audience Mapping in GA4,"## 📒 **Feature short description:** We are going to change our existing integration \(yes, again\)\. Now, the gtag method will be based on [Google's guidelines](https://developers.google.com/analytics/devguides/collection/ga4/integration)\. <span data-preserve-white-space></span> ## 😥 Problem <u>**Problem statement:**</u> Google released a new article in which they explained a specific procedure we should follow to integrate with them: <span data-preserve-white-space></span> <https://developers.google.com/analytics/devguides/collection/ga4/integration> <p></p> <p></p> <u>**Workaround:**</u> - **Existing workaround:** No ## 💡 Solution <u>**Key benefits**</u>: <span data-preserve-white-space></span> Nothing except Audience are created automatically\. They are also deleted automatically, which is not convenient for our users \(we will make this as optional\)\. <span data-preserve-white-space></span>   <u>**Use Cases:**</u> <span data-preserve-white-space></span> \- <p></p> <u>**✏️ Product design:**</u> - **Product package:** Web Experimentation <span data-preserve-white-space></span> - **Product scope:** Integrations page - **Target Persona**: Marketer and PMs - **Main updates:** Users will use their Google credentials so we can automatically create GA4 Audiences for them\. ## 🎯 **Measuring Success** NA --- ## 📄 Attached documents - **Figma file**: optional \(paste link\) - **Spec file**: optional \(paste link\) - **Redmine ticket**: <https://project.kameleoon.net/issues/21833> - **Image:** mandatory, to illustrate the topic <p></p> ",Released,,9564652,Common integrations,Tribe Developer,🙂 Dev Tools Squad,2023-06-01,2023-07-31,,,,,,,,,,,,,,,,,,,,,,,,,,,,,,,,,,,,Squad Dev Tools,,,,,,,,,,,,,,,,,,,,,,,,,,,,,,,,,,,,,,,,,,,,,,,,,,,,,,,,,,,,,,,,,,,,,,,,,,,,
19826929,feature,2023-05-11 10:56:44 UTC,2023-06-19 09:41:38 UTC,Activation link regeneration,"## 📒 **Feature short description:** We will allow users to ask for another activation link when it is expired\. <span data-preserve-white-space></span> ## 😥 Problem <u>**Problem statement:**</u> Currently, users are complaining about the fact that the link only has 24h of lifetime\. Therefore, they only have 24 hours to activate their account\. After that, they will be redirected to an error page\. <span data-preserve-white-space></span> <p></p> <u>**Workaround:**</u> - **Existing workaround:** Yes - **Workaround description:** Asking a CSMs or the admin user to send another link or force activation from the Teams page\. ## 💡 Solution <u>**Key benefits**</u>: <span data-preserve-white-space></span> What value does this feature bring to the user?  - More independence to the users, because they won't have to ask somebody for another activation email\. <span data-preserve-white-space></span>   <u>**Use Cases:**</u> <span data-preserve-white-space></span> - A user that did not click on the activation link within the 24 hours will be able to ask for a new link and not get stuck\. <p></p> <u>**✏️ Product design:**</u> - **Product package:** All - **Product scope:** Activation flow \(email \+ error page\) - **Target Persona**: All - **Main updates:** In bullets, concisely describe what your solution consists of:     - In page the error page, we add a button, so the user can ask for another link \(received by email\) ## 🎯 **Measuring Success** NA --- ## 📄 Attached documents - **Figma file**: [Link](https://www.figma.com/file/0aGOIjoEvn704ABZepfJPw/US---21932---Activation-link-regeneration?type=design&node-id=161%3A76&t=IpPx12AdBrYj7eeI-1) - **Spec file**: optional \(paste link\) - **Redmine ticket**: <https://project.kameleoon.net/issues/21932> - **Translations** : <https://docs.google.com/spreadsheets/d/17srXXgMJgH8DeI_BxtShmk8qfrt4YZxkawDPx5FeeYw/edit?usp=sharing> <p></p> ",Released,,6783364,"Data, Common  & Infrastructure",Tribe Developer,🙂 Dev Tools Squad,2023-05-15,2023-06-15,,,,,,,,,,,,,,,,,,,,,,,,,,,,,,,,,,,,Squad Dev Tools,,,,,,,,,,,,,,,,,,,,,,,,,,,,,,,,,,,,,,,,,,,,,,,,,,,,,,,,,,,,,,,,,,,,,,,,,,,,
19885162,feature,2023-05-15 10:27:57 UTC,2023-06-26 12:23:36 UTC,BPCE Autopromotion enhancements,"**Problem** **Managing national campaigns is complex\.** In detail, when launching the duplication of a national campaign, it is difficult to know : - On which establishments \(or sub\-sites\) this campaign has been duplicated\. - What is the status of this campaign \(coming from the national level\) for each sub\-site? - Which campaigns on sub\-sites are still synchronized with the national campaign? <p></p> The goal of this User Story is to help BPCE managing all their campaigns\. <span data-preserve-white-space></span> ",Design in progress,,9564719,Autopromo Personalization,Fabien DIMEGLIO,🙂 Perso Squad,2023-02-23,2023-08-31,,,,,,,,,,,,,,,,,,,,,,,,,,,,,,,,,,,,Squad Perso,,,,,,,,,,,,,,,,,,,,,,,,,,,,,,,,,,,,,,,,,,,,,,,,,,,,,,,,,,,,,,,,,,,,,,,,,,,,
20096371,feature,2023-05-24 12:10:15 UTC,2023-06-22 09:52:36 UTC,SDK attribution window,Enable support for attribution window for SDK experiments\. ,Released,,6783364,"Data, Common  & Infrastructure",Tribe Marketers,_⭐ Reporting Squad,2023-05-21,2023-06-30,,,,,,,,,,,,,,,,,,,,,,,,,,,,,,,,,,,,,,,,,,,,,,,,,,,,,,,,,,,,,,,,,,,,,,,,,,,,,,,,,,,,,,,,,,,,,,,,,,,,,,,,,,,,,,,,
20248307,feature,2023-05-30 06:16:45 UTC,2024-06-21 12:37:18 UTC,Shopify updates ( new checkout page),"## 📒 **Feature short description:** We update our Shopify app to support the new format of checkout pages\. ## 😥 Problem <u>**Problem statement:**</u> What problem are we trying to solve with this feature? Or, what is the opportunity we are addressing?  <p></p> Customer couldn't use our Shopify integration on the new format of the checkout page\. <u>**Workaround:**</u> - **Existing workaround:** Yes <span data-preserve-white-space></span> - **Workaround description:** Manually adding Kameleoon, I think\. ## 💡 Solution <u>**Key benefits**</u>: <span data-preserve-white-space></span> What value does this feature bring to the user?  - Use of the Shopify app for the last format version <span data-preserve-white-space></span>   <u>**Use Cases:**</u> <span data-preserve-white-space></span> Share use cases where this feature would help our users\. <span data-preserve-white-space></span> - Same as before = being able to use Kameleoon on the checkout page <p></p> <u>**✏️ Product design:**</u> - **Product package:** Web Experimentation \/ - **Product scope:** Shopify integration - **Target Persona**: All <p></p> ## 🎯 **Measuring Success** ``` NA ``` --- ## 📄 Attached documents - **Figma file**: optional \(paste link\) - **Spec file**: optional \(paste link\) - **Redmine ticket**: <https://project.kameleoon.net/issues/22132> - **Image:** mandatory, to illustrate the topic <p></p> ",Rejected,,9564652,Common integrations,Tribe Developer,_⭐ Integrations Squad,2023-05-29,2023-12-31,,,,,,40,80,,,,,,,,,,,,2,,,,,,,,,,,,,,,,,Squad Dev Tools,,,,,60,30,,,,,,,,,,,,,,,,,,,,,,,,,,,,,,,,,,,,,,,,,,,,,,,,,,,,,,,,,,,,,,,,,,,,,,
20294747,feature,2023-05-31 15:10:31 UTC,2025-03-17 10:54:43 UTC,Rename originale variation,"",New idea,,6783323,Web Experimentation,Tribe Marketers,"_⭐ Campaign Creation Squad, 🙂 Interface squad",,,,,,,,,,,,,,,,,,,,,,,,,,,,,,,,,,,,,,,,,,,,,,,,,,,,,,,,,,,,,,,,,,,,,,,,,,,,,,,,,,,,,,,,,,,,,,,,,,,,,,,,,,,,,,,,,Tribe Marketers,
20394132,feature,2023-06-05 12:19:30 UTC,2023-11-09 16:33:37 UTC,New SDK Targeting Conditions for Feature Flags,"## 🚀 Feature Summary <p></p> We want to provide new targeting conditions for server\-side testing, using data natively available in SDKs\. The following conditions will be available for Feature Flags and \(SDK & Hybrid\) Experiments: <p></p> 1. **Device type** \(condition already exists for other types of experiment: `DEVICE_TYPE` 1. **Browser** \(condition already exists for other types of experiment: `BROWSER `We also have the possibility to set the version optionally\. In SDK, the data Browser will also accept version now\. 1. **Page Title** \(condition already exists for other types of experiment : `PAGE_TITLE` 1. **Page URL** \(condition already exists for other types of experiment: `PAGE_URL` 1. **Referring website URL** \(condition already existing for other types of experiment: `ORIGIN` 1. **Goal converted** \(condition already exists for other types of experiment:  `CONVERSIONS` 1. **SDK language** \(`SDK_LANGUAGE`\) \(with values: ANDROID, SWIFT, JAVA, CSHARP, NODEJS, PHP, RUBY, GO, FLUTTER, REACTJS\)\. Optionally, version will also be accepted, as with Browser condition 1. **Visitor code** \(`VISITOR_CODE`\) \(string as value, with EXACT, CONTAINS and REGULAR\_EXPRESSION as match types\) 1. New conditions **SDK language** and **Visitor code** will be added to the group *Technical*\. <p></p> ![](https://pb-files.s3.amazonaws.com/production/attachments/34e434d8aa43e631be883afc333c6cf73d42463b6e6fea1151c715f5fa14c400/image.png) --- ## 📄 Attached documents <p></p> - Redmine ticket: <https://project.kameleoon.net/issues/21684> <span data-preserve-white-space></span>  <span data-preserve-white-space></span> ",Released,,8692201,Feature Experimentation,Tribe Developer,🙂 FF/SDK Squad,2023-06-01,2023-09-02,,,,,,,,,,,,,,,,,,,,,,,,,,,,,,,,,,,,,,,,,,,,,,,,,,,,,,,,,,,,,,,,,,,,,,,,,,,,,,,,,,,,,,,,,,,,,,,,,,,,,,,,,,,,,,,,
20445900,feature,2023-06-07 07:01:34 UTC,2023-08-03 07:54:56 UTC,Traffic Reallocation,"## 🚀 Feature Summary <p></p> The **traffic reallocation** feature aims to enhance the effectiveness of feature delivery and testing by allowing users to reallocate traffic between different variations in real\-time\. If used, Kameleoon will '*rebucket'* visitors from scratch and disregard which experience they were exposed to prior to reallocation\.  <span data-preserve-white-space></span> --- ## 😥 Problem <p></p> - As a user, I face: <span data-preserve-white-space></span>     - For whatever reason \(e\.g testing\) if user wants to reset the bucketing of a rule, there is no way\. For instance, if one or more variations are performing poorly and I want to re\-bucket ONLY that variation's traffic \- I can't do so\. - **Workaround:** Delete the variation and create another <span data-preserve-white-space></span> <span data-preserve-white-space></span>  <span data-preserve-white-space></span> ## 💡 Solution Benefits <span data-preserve-white-space></span>  <span data-preserve-white-space></span> <span data-preserve-white-space></span>  <span data-preserve-white-space></span> - Gives more freedom to re\-bucket traffic without changing any other parameters of the rule\. <span data-preserve-white-space></span> <p></p> ![](https://pb-files.s3.amazonaws.com/production/attachments/97ad88b0f95cb58d7e0659fd63ead1c6b566e7f711330551ff267ee8951bb78f/image.png) <p></p> <p></p> ![](https://pb-files.s3.amazonaws.com/production/attachments/d468db8ee215a586ca0b1669b94f880e551f198cbe225858b042792026cab730/image.png) <p></p> <u>**✏️ Product design:**</u> - **Product package:**  Feature Management and Experiment - **Product scope:** Rollout Planner - **Target Persona**: PM - **Main updates:** A CTA in the exposition config section of the rule overlay\.  <span data-preserve-white-space></span> <span data-preserve-white-space></span>  <span data-preserve-white-space></span> ## 🎯 **Measuring Success** - **Goal 1:** Improved conversion metrics <span data-preserve-white-space></span> - **Success metric:** Feature adoption, user feedback <span data-preserve-white-space></span>  <span data-preserve-white-space></span> --- ## 📄 Attached documents - Figma designs: <span data-preserve-white-space></span> [Embedded content](https://www.figma.com/embed?embed_host=share&url=https%3A%2F%2Fwww.figma.com%2Ffile%2FWIWV3sZxOkD8jvZ9KyobAO%2FFF---Reallocate-traffic%3Ftype%3Ddesign%26node-id%3D9-3033%26t%3DLeP9QHLQefaTVSvV-0) - Redmine ticket: \(to be added\) <span data-preserve-white-space></span>  <span data-preserve-white-space></span> ",Released,,8692201,Feature Experimentation,Tribe Developer,🙂 FF/SDK Squad,2023-05-21,2023-07-31,,,,,,,,,,,,,,,,,,,,,,,,,,,,,,,,,,,,,,,,,,,,,,,,,,,,,,,,,,,,,,,,,,,,,,,,,,,,,,,,,,,,,,,,,,,,,,,,,,,,,,,,,,,,,,,,
20446677,feature,2023-06-07 07:42:51 UTC,2024-04-03 08:37:14 UTC,RBAC: User Permissions for FE,"Pains: 1. Risk Mitigation: Without the Four\-Eyes Principle, there is a higher risk of introducing faulty or problematic features into production, leading to potential bugs, performance issues, or security vulnerabilities\. 1. Lack of Accountability: When changes to feature flags are made by a single individual, it becomes difficult to trace back and assign responsibility in case of errors or negative outcomes\. 1. Quality Assurance Challenges: In the absence of multiple reviewers, the likelihood of overlooking potential issues or gaps in feature flag configurations increases, resulting in lower overall software quality\. 1. Compliance and Governance: Organizations operating in regulated industries or following strict compliance requirements may face difficulties in meeting audit and governance standards without a robust approval process in place\. <p></p> Gains: 1. Enhanced Security: By requiring the involvement of multiple authorized individuals, the Four\-Eyes Principle adds an extra layer of security, reducing the risk of unauthorized or malicious changes to feature flags\. 1. Improved Quality Control: Having multiple reviewers ensures that proposed changes undergo thorough scrutiny, catching errors, inconsistencies, or potential pitfalls early in the process, leading to higher\-quality software deployments\. 1. Shared Knowledge and Collaboration: The Four\-Eyes Principle fosters collaboration and knowledge sharing among team members\. Reviewers can provide valuable insights, suggestions, or alternative approaches to improve the feature flag configurations\. 1. Transparent Decision\-Making: With a clear approval workflow and audit trail, the decision\-making process becomes transparent and accountable, enabling stakeholders to understand who reviewed and approved each change\. 1. Compliance and Auditing: Organizations can meet regulatory and compliance requirements by having a controlled and documented approval process for feature flag changes, ensuring accountability and adherence to established guidelines\. 1. Confidence in Deployments: By implementing the Four\-Eyes Principle, users of the feature flag tool can gain confidence in their deployment process, knowing that changes are subject to thorough review and scrutiny, reducing the risk of negative impacts on end\-users\. 1. Error Detection and Prevention: Multiple sets of eyes can identify potential issues, such as conflicts with existing feature flags, incorrect configurations, or unintended consequences, minimizing the chances of introducing bugs or performance regressions\. 1. Continuous Improvement: The feedback and suggestions provided by the reviewers during the approval process can lead to iterative improvements in feature flag configurations, resulting in a more optimized and stable software system over time\. By embedding the Four\-Eyes Principle into the workflow of a feature flag tool, users can benefit from increased security, improved quality control, collaborative decision\-making, and better compliance with industry standards\. This ultimately leads to more reliable software deployments and a smoother user experience\. ",Released,,9564875,Feature Management & Experimentation (FM&E),Tribe Developer,"_⭐ Feature Experimentation Squad, 🙂 FF/SDK Squad",2024-01-01,2024-03-31,,,,,,,,,,,,,,,,,,,,,,,,,,,,,,,,,,,,Squad FM&E,,,,,,,,,,,,,,,,,,,,,,,,,,,,,,,,,,,,,,,,,,,,,,,,,,,,,,,,,,,,,,,,,,,,,,,,,,,,
20446705,subfeature,2023-06-07 07:43:57 UTC,2025-10-21 15:46:56 UTC,Codebase Analyser,"",Planned,,30403403,GenAI for FE,Tribe Developer,"_⭐ Feature Experimentation Squad, 🙂 FF/SDK Squad, forrester",2025-06-04,2025-09-02,,,,,,,,,,,,,,,,,,,,,,,,,,,,,,,,,,,,,,,,,,,,,,,,,,,,,,,,,,,,,,,,,,,,,,,,,,,,,,,,,,,,,,,,,,,,,,,,,,,,,,,,,,,,,,,,
20446710,feature,2023-06-07 07:44:19 UTC,2023-11-10 22:16:35 UTC,Technical Debt Management,"## 🚀 Feature Summary <p></p> Technical debt management in feature flags refers to the process of identifying, tracking, and addressing technical debt associated with feature flags within your codebase\. Over time, as new features are released and experiments conducted using feature flags, technical debt may accumulate within the codebase that becomes increasingly difficult to proactively cleanup\. --- ## 😥 Problem <p></p> As a user, I face: <span data-preserve-white-space></span> - **Accumulated Technical Debt:** Users face challenges in managing and reducing technical debt associated with feature flags and other instances of Kameleoon's SDK, leading to code complexity and maintenance issues\. - **Time\-Consuming Manual Efforts:** The current process for identifying and addressing tech debt requires extensive manual intervention, diverting resources from other critical tasks\. - **Risk of Bugs and Errors:** Unresolved tech debt may lead to increased risks of bugs, errors, and performance issues in the application\. - **Impact on Team Efficiency:** Dealing with tech debt hampers development team productivity, slowing down feature development and experimentation\. <p></p> - **Workaround:** Using filters with key dates to track flags not edited in a long time\. Still pretty manual\.   <span data-preserve-white-space></span> <span data-preserve-white-space></span>  <span data-preserve-white-space></span> ## 💡 Solution Benefits <p></p> With this feature, I benefit from: <span data-preserve-white-space></span> - **Streamlined cleanup process:** The feature provides an simplified process to identify, track, and address tech debt related to feature flags, ensuring a cleaner and more maintainable codebase\. - **Time and Resource Savings**: Users save valuable time and effort if stale flags are highlighted for them, clearing up bandwidth for feature improvements\. - **Enhanced Code Quality:** The simple improvement helps developers improve the overall code quality, reducing the likelihood of bugs in the long\-term and enhancing application performance\. - **Faster Feature Development:** With reduced tech debt, development teams can accelerate forward with more peace of mind, and deliver new functionalities more efficiently\. <p></p> ## **✏️ Product design:** - **Product package:**  Feature Management and Experiment - **Product scope:** FME Dashboard - **Target Persona**: Developers - **Main updates:** Dashboard enhancements to highlight flags that may be stale\.\. <span data-preserve-white-space></span> <span data-preserve-white-space></span>  <span data-preserve-white-space></span> ![](https://pb-files.s3.amazonaws.com/production/attachments/ca07e65981e10cdc66097697b5faab91a1c8451b1007d63a895388e8db82511b/image.png) ## 🎯 **Measuring Success** - How many flags were deleted when marked as stale? - Measure the decrease in the total number of stale flags over a specific period\. <span data-preserve-white-space></span>  <span data-preserve-white-space></span> --- ## 📄 Attached documents - Designs: [Figma file](https://www.figma.com/file/s2i4MS9OpfJ9RidwRgPGCM/FF_Goals%26Rollbacks?type=design&node-id=343-16064&mode=design&t=6Mm2BrOf008V64Cw-0) - Redmine ticket: NA <span data-preserve-white-space></span>  <span data-preserve-white-space></span> ",Released,,9564875,Feature Management & Experimentation (FM&E),Tribe Developer,🙂 FF/SDK Squad,2023-07-27,2023-09-30,,,,,,,,,,,,,,,,,,,,,,,,,,,,,,,,,,,,Squad FM&E,,,,,,,,,,,,,,,,,,,,,,,,,,,,,,,,,,,,,,,,,,,,,,,,,,,,,,,,,,,,,,,,,,,,,,,,,,,,
20446954,feature,2023-06-07 08:02:09 UTC,2024-02-29 09:27:46 UTC,Enhanced Activity Logs for Feature Experimentation,To be updated ,Released,,9564875,Feature Management & Experimentation (FM&E),Tribe Developer,"_⭐ Feature Experimentation Squad, 🙂 FF/SDK Squad",2024-01-01,2024-02-29,,,,,,,,,,,,,,,,,,,,,,,,,,,,,,,,,,,,,,,,,,,,,,,,,,,,,,,,,,,,,,,,,,,,,,,,,,,,,,,,,,,,,,,,,,,,,,,,,,,,,,,,,,,,,,,,
20585841,subfeature,2023-06-12 15:47:50 UTC,2023-09-20 09:19:51 UTC,Vercel,"",Released,,17315664,Edge CDN Kits,Tribe Developer,🙂 FF/SDK Squad,,,,,,,,,,,,,,,,,,,,,,,,,,,,,,,,,,,,,,,,,,,,,,,,,,,,,,,,,,,,,,,,,,,,,,,,,,,,,,,,,,,,,,,,,,,,,,,,,,,,,,,,,,,,,,,,,,
20585842,subfeature,2023-06-12 15:47:53 UTC,2023-07-28 16:41:00 UTC,Cloudfront,"",Released,,17315664,Edge CDN Kits,Tribe Developer,🙂 FF/SDK Squad,,,,,,,,,,,,,,,,,,,,,,,,,,,,,,,,,,,,,,,,,,,,,,,,,,,,,,,,,,,,,,,,,,,,,,,,,,,,,,,,,,,,,,,,,,,,,,,,,,,,,,,,,,,,,,,,,,
20644839,feature,2023-06-14 12:19:54 UTC,2023-11-09 13:48:36 UTC,AI Opportunity detection,"## 📒 **Feature short description:** Describe what the feature does\. ``` Opportunity detector is a new feature which will be enabled for our audience customers. When an audience customer will run a test, if the test is not ""winning"", we will look at the test's results filtered over each of his segments.  An opportunity is a subsegment of the test's targeting segment with a relative size of at least 15% of the initial segment and with a reliable positive effect over the original. We will notify the user for each opportunity we find and propose the user to duplicate the experiment to validate the opportunity. ``` ## 😥 Problem <u>**Problem statement:**</u> What problem are we trying to solve with this feature? Or, what is the opportunity we are addressing?  ``` We are trying to get the most out of an A/B test, as it can get frustrating to see an idea ""loose"" the test. If it turns out the experiment is actually winning on a subsegment, this can lead to personalization opportunities. ``` <u>**Workaround:**</u> - **Existing workaround:** Yes - **Workaround description:** : Users can manually check his experiment's results on all the existing segments to see the test's result on each\.   <p></p> ## 💡 Solution <u>**Key benefits**</u>: <span data-preserve-white-space></span> What value does this feature bring to the user?  ``` - It brings a lot of value as we aim to get the most out of every idea which is tested and to not miss any opportunity to serve what is suiting the visitor best. ``` <span data-preserve-white-space></span>   <u>**Use Cases:**</u> <span data-preserve-white-space></span> Share use cases where this feature would help our users\. <span data-preserve-white-space></span> ``` Every time a test is inconclusive or is worsening a KPI. ``` <u>**✏️ Product design:**</u> - **Product package:** Packages with audience included\. - **Product scope:** The opportunity research will take place in the experiments result pages\. - **Target Persona**: Marketer \/ Product Manager - **Main updates:** <span data-preserve-white-space></span>     - Addition of a loading icon to notify the user that we are searching for opportunities\.     - Addition of a pop\-in if we find any opportunity\. ## 🎯 **Measuring Success** - **Goal 1:** The goal is to give more value to audience and to encourage our users to engage with audience more \/ create more audience segments\.     - **Success metric:** Number of customer subscribed to the audience package\.  Number of audience segment created\. --- ## 📄 Attached documents - **Figma file**: [Figma](https://www.figma.com/file/WVkHeYd2NscazYjzCfftom/Opportunity-found?type=design&node-id=0-1&mode=design) - **Spec file**: <https://www.notion.so/Opportunity-Detection-0759f2e9a60c4d93b6942b111ffb422d> - **Redmine ticket**: <https://project.kameleoon.net/issues/22184> ",Released,,9564643,Data & RP,Tribe Marketers,_⭐ Reporting Squad,2023-06-01,2023-09-30,,,,,,,,,,,,,,,,,,,,,,,,,,,,,,,,,,,,,,,,,,,,,,,,,,,,,,,,,,,,,,,,,,,,,,,,,,,,,,,,,,,,,,,,,,,,,,,,,,,,,,,,,,,,,,,,
20704977,feature,2023-06-15 13:56:49 UTC,2023-07-04 00:49:29 UTC,Outdated Rule State,Card in progress ,Released,,8692201,Feature Experimentation,Tribe Developer,🙂 FF/SDK Squad,2023-05-21,2023-06-22,,,,,,,,,,,,,,,,,,,,,,,,,,,,,,,,,,,,,,,,,,,,,,,,,,,,,,,,,,,,,,,,,,,,,,,,,,,,,,,,,,,,,,,,,,,,,,,,,,,,,,,,,,,,,,,,
20735886,feature,2023-06-16 11:38:59 UTC,2023-09-01 08:48:37 UTC,Search personalization,"## 📒 **Feature short description:** Describe what the feature does\. ``` Search personalization allows Marketers to create an instant search results experience using Kameleoon Search and Product Recommendation algorithms. ``` ## 😥 Problem <u>**Problem statement:**</u> What problem are we trying to solve with this feature? Or, what is the opportunity we are addressing?  ``` As a Marketer, I want to be able to provide the best search experience by delivering the best-matched products for each visitor. ``` <u>**Workaround:**</u> - **Existing workaround:** No ## 💡 Solution <u>**Key benefits**</u>: <span data-preserve-white-space></span> What value does this feature bring to the user?  ``` * Kameleoon delivers best in class user experiences from lightning fast search speeds to intuitive category navigation.  * Kameleoon boosts any search results with customized rules embedded in a drop-down search box. * Kameleoon enables users to discover products with powerful filtering functionality and pre-built faceting options. ``` <span data-preserve-white-space></span>   <u>**Use Cases:**</u> <span data-preserve-white-space></span> Share use cases where this feature would help our users\. <span data-preserve-white-space></span> ``` * Implementing a search popup with suggested products, brands, categories based on the search query entered by a visitor. * Personalising the search listing page with recommended product for the given search query. Ability to add filters / sorting options. ``` <u>**✏️ Product design:**</u> - **Product package:** Can be used with all Kameleoon package as a premium add\-on \(similar to Product Recommendation\) - **Product scope:** app\.products\.kameleoon\.com pages\. - **Target Persona**: Marketer - **Main updates:** In bullets, concisely describe what your solution consists of:     - Addition of pages on app\.products\.kameleoon\.com that allows the end user to customize the search capabilities of Kameleoon\.   <p></p> ![](https://pb-files.s3.amazonaws.com/production/attachments/316bf64619531c70b5611ddd94b2a44b6e35a0bbe99fafdbf3543951fb75e673/image.png) <p></p> ![](https://pb-files.s3.amazonaws.com/production/attachments/2db2879db013a09186e02b40eb867309d59e72cee91dc2886c200e5087e4b024/image.png) ## 🎯 **Measuring Success** - **Goal 1:** \# customers who contracted with that offer - **Success metric:** \# customers who contracted with that offer <p></p> <p></p> ",Released,,9564712,Product recommendation,Frederic DE TODARO,"",,,,,,,,,,,,,,,,,,,,,,,,,,,,,,,,,,,,,,,,,,,,,,,,,,,,,,,,,,,,,,,,,,,,,,,,,,,,,,,,,,,,,,,,,,,,,,,,,,,,,,,,,,,,,,,,,,
20896005,feature,2023-06-22 12:50:50 UTC,2025-07-24 09:46:36 UTC,Ability to insert a content inside a page/pages or associated with multiple instances of selector,<p></p> ,Planned,,9564787,Graphic editor,Ivan Kulagin,_⭐ Campaign Creation Squad,2025-10-01,2025-12-31,,,,,,40,,,,,,,,,,,,,,#1  - Frictionless experience,,,,,,,,,,,,,,,,Squad Perso,,,,,20,20,,,,,,,,,,,,,,,,,,,,,,,,,,,,,,,,,,,,,,,,,,,,,,,,,,,,,,,,,,,,,,,,,,,,,,
20923270,feature,2023-06-23 11:27:17 UTC,2023-09-29 09:34:13 UTC,Snowplow event dispatcher,<https://project.kameleoon.net/issues/22551> ,Released,,9564652,Common integrations,Tribe Developer,🙂 Dev Tools Squad,2023-07-01,2023-09-30,,,,,,,,,,,,,,,,,,,,,,,,,,,,,,,,,,,,Squad Dev Tools,,,,,,,,,,,,,,,,,,,,,,,,,,,,,,,,,,,,,,,,,,,,,,,,,,,,,,,,,,,,,,,,,,,,,,,,,,,,
20974728,feature,2023-06-26 09:55:53 UTC,2024-01-24 11:15:18 UTC,Segment Campaign Type,"Get a more consistent solution, where all types of segments will be available in Segment page ",Released,,9564755,Targeting,Tribe Marketers,🙂 Perso Squad,2023-06-26,2024-01-09,,,,,,,,,,,,,,,,,,,,,,,,,,,,,,,,,,,,Squad Perso,,,,,,,,,,,,,,,,,,,,,,,,,,,,,,,,,,,,,,,,,,,,,,,,,,,,,,,,,,,,,,,,,,,,,,,,,,,,
20977797,feature,2023-06-26 11:13:59 UTC,2023-10-10 11:19:40 UTC,Segment builder > CD: Auto-complete,Provide auto\-complete capabilities to custom data in the segment builder for the at most 50 top values \(most present in visits\) in the last month ,Released,,9564755,Targeting,Tribe Marketers,🙂 Perso Squad,2023-07-10,2023-10-09,,,,,,,,,,,,,,,,,,,,,,,,,,,,,,,,,,,,Squad Perso,,,,,,,,,,,,,,,,,,,,,,,,,,,,,,,,,,,,,,,,,,,,,,,,,,,,,,,,,,,,,,,,,,,,,,,,,,,,
21159272,feature,2023-07-03 09:40:44 UTC,2025-07-08 10:12:26 UTC,Medallia Integration,"Track events and user cohorts, to segment feedback and retarget visitors ",New idea,,32146897,New integrations,Isabelle Ung,"_⭐ Integrations Squad, #VOC2",,,,,,,,60,80,,,,,,,,,,,,,#2 - Needs of mature XP teams,,,,,,,,,,,,,,,,Squad Dev Tools,,,,Requested by Congstar & Coop.no,70,70,,,,,,,,,,,,,,,,,,,,,,,,,,,,,,,,,,,,,,,,,,,,,,,,,,,,,,,,,,,,,,,,,,,,,,
21165314,feature,2023-07-03 12:51:04 UTC,2025-07-08 10:04:44 UTC,Tealium updates - Compatibility with SPA,"",New idea,,9564652,Common integrations,Isabelle Ung,_⭐ Integrations Squad,,,,,,,,40,40,,,,,,,,,,,,,,,,,,,,,,,,,,,,,Squad Dev Tools,,,,,40,40,,,,,,,,,,,,,,,,,,,,,,,,,,,,,,,,,,,,,,,,,,,,,,,,,,,,,,,,,,,,,,,,,,,,,,
21171916,feature,2023-07-03 15:15:54 UTC,2023-08-29 08:54:13 UTC,API Credentials - One shot display,"User story \#21561 \- API credentials creation : Improve security, don't store secrets in mysql database   <https://project.kameleoon.net/issues/21561> ",Released,,6783364,"Data, Common  & Infrastructure",Tribe Developer,🙂 Dev Tools Squad,2023-07-01,2023-08-24,,,,,,,,,,,,,,,,,,,,,,,,,,,,,,,,,,,,Squad Dev Tools,,,,,,,,,,,,,,,,,,,,,,,,,,,,,,,,,,,,,,,,,,,,,,,,,,,,,,,,,,,,,,,,,,,,,,,,,,,,
21172532,feature,2023-07-03 15:30:21 UTC,2023-10-17 13:44:08 UTC,Free trial FME option for current customers,User story \#22705 \- Free trial FME option for current customers   <https://project.kameleoon.net/issues/22705> ,Released,,6783364,"Data, Common  & Infrastructure",Tribe Developer,🙂 Dev Tools Squad,,,,,,,,,,,,,,,,,,,,,,,,,,,,,,,,,,,,,,Squad Dev Tools,,,,,,,,,,,,,,,,,,,,,,,,,,,,,,,,,,,,,,,,,,,,,,,,,,,,,,,,,,,,,,,,,,,,,,,,,,,,
21193217,feature,2023-07-04 08:59:28 UTC,2023-07-24 12:57:07 UTC,Enhanced Element Selection in Graphic Editor,"## 📒 **Feature short description:** Describe what the feature does\. ``` This feature is an enhancement to our graphic editor, specifically designed to streamline the creation of experiments. With this update, you now have the ability to effortlessly select elements on Single Page Applications (SPAs) where HTML IDs are not available or when they are not reliable due to dynamic behavior. ``` ## 😥 Problem <u>**Problem statement:**</u> What problem are we trying to solve with this feature? Or, what is the opportunity we are addressing?  ``` Previously, our graphic editor encountered difficulties in uniquely selecting elements on SPAs that lacked HTML IDs, making it challenging for users to apply layout changes effectively. ``` <u>**Workaround:**</u> - **Existing workaround:** No ## 💡 Solution <u>**Key benefits**</u>: <span data-preserve-white-space></span> What value does this feature bring to the user?  ``` We have implemented a solution that empowers you to specify how to select an element on the page, even in the absence of HTML IDs. Now, you can leverage custom attributes, such as ""data-id,"" to uniquely identify elements and seamlessly incorporate them into your experiments. Key Features and Benefits: - Flexibility: Customers can indicate how to select elements on SPAs without relying on HTML IDs. - Custom Attribute Support: Utilize attributes like data-id to uniquely identify elements, enabling accurate selection for layout changes. - Streamlined Experiment Creation: With enhanced element selection, you can now effortlessly apply modifications within the graphic editor, simplifying the process of creating experiments on SPAs. ``` <u>**✏️ Product design:**</u> - **Product package:** Web Experimentation - **Product scope:** Project configuration page - **Target Persona**: Marketer - **Main updates:** In bullets, concisely describe what your solution consists of:     - Navigate to the project configuration page\.     - Access the new element selection option, which has been added alongside our existing option ""Enable support for dynamic websites\.""     - Specify the desired method for selecting an element, such as using custom attributes like ""data\-id\."" ## 🎯 **Measuring Success** - **Goal 1:** usage of the feature - **Success metric:** nb of times the feature is activated in the project's configuration pages --- ## 📄 Attached documents - **Figma file**: <span data-preserve-white-space></span> <p></p> [Embedded content](https://www.figma.com/embed?embed_host=share&url=https%3A%2F%2Fwww.figma.com%2Ffile%2FPFQfkCnlnfMRN0kCgHEdIC%2FCustom-attributes-for-selectors%3Ftype%3Ddesign%26node-id%3D0-1%26mode%3Ddesign%26t%3DNqzN7ocBWlrOPAzo-0) <p></p> - **Redmine ticket**: <https://project.kameleoon.net/issues/22400> - **Image:** <span data-preserve-white-space></span> ![](https://pb-files.s3.amazonaws.com/production/attachments/e0617f82ace76a4dac7c5902963f46b93e978b0196d565df1a4455f5251d894b/image.png) <p></p> ",Released,,6783323,Web Experimentation,Tribe Marketers,🙂 Interface squad,2023-06-15,2023-07-22,,,,,,,,,,,,,,,,,,,,,,,,,,,,,,,,,,,,,,,,,,,,,,,,,,,,,,,,,,,,,,,,,,,,,,,,,,,,,,,,,,,,,,,,,,,,,,,,,,,,,,,,,,,,,,,,
21219988,feature,2023-07-05 11:49:15 UTC,2023-11-07 12:54:18 UTC,LIMITATION - Be able to use the content of CD value / variables from data layer for display,"Today, we can display the content of a CD is texts\. this feature will move to the Elite plan\. Existing widgets won't be impacted, only new ones will be \(including the duplication of an existing widget where this feature is used\) ",Rejected,,12429128,Core,Fabien DIMEGLIO,🙂 Perso Squad,,,,,,,,,,,,,,,,,,,,,,,,,,,,,,,,,,,,,,Squad Perso,,,,,,,,,,,,,,,,,,,,,,,,,,,,,,,,,,,,,,,,,,,,,,,,,,,,,,,,,,,,,,,,,,,,,,,,,,,,
21244904,feature,2023-07-06 11:22:27 UTC,2023-07-18 07:44:36 UTC,Deferred Experiment Loading,"## 📒 **Feature short description:** This feature offers customers the flexibility to optimize their website's performance by deferring non\-essential experiments until after the first page load\. By intelligently managing experiment execution, customers can avoid potential delays and disruptions caused by resource\-intensive tests\. They can focus on delivering the best user experience by selectively loading experiments that are most impactful or require immediate attention\. ## 😥 Problem <u>**Problem statement:**</u> Customers didn't need to load all the experiments\. Some of their visitors were only navigating through a few pages, and loading all the experiments was not useful\. <u>**Workaround:**</u> - **Existing workaround:** No ## 💡 Solution <u>**Key benefits**</u>: <span data-preserve-white-space></span> Faster loading time <span data-preserve-white-space></span>   <u>**Use Cases:**</u> <span data-preserve-white-space></span> - Having a lighter Kameleoon script <p></p> <u>**✏️ Product design:**</u> - **Product package:** Web Experimentation <span data-preserve-white-space></span> - **Product scope:** Experiments <span data-preserve-white-space></span> - **Target Persona**: All - **Main updates:** In the engine ## 🎯 **Measuring Success** NA --- ## 📄 Attached documents - **Figma file**: optional \(paste link\) - **Spec file**: optional \(paste link\) - **Redmine ticket**: <https://project.kameleoon.net/issues/22769> - **Image:** mandatory, to illustrate the topic <p></p> ",Released,,6783323,Web Experimentation,Tribe Developer,🙂 Dev Tools Squad,2023-07-03,2023-07-14,,,,,,,,,,,,,,,,,,,,,,,,,,,,,,,,,,,,Squad Dev Tools,,,,,,,,,,,,,,,,,,,,,,,,,,,,,,,,,,,,,,,,,,,,,,,,,,,,,,,,,,,,,,,,,,,,,,,,,,,,
21247076,feature,2023-07-06 13:16:01 UTC,2023-09-29 20:23:01 UTC,Contentful updates (Feature experimentation),"- **Feature Short Description:** The updated Contentful integration enables customers to define the content of their feature experiment variations seamlessly within the Contentful environment\. - **Problem Statement:** Customers previously faced the challenge of having to write additional code to handle both the Contentful API and Kameleoon API in their projects\. This update eliminates the need for manual code implementation, simplifying the process for customers and reducing complexity\. - **Workaround:** No workaround was available prior to this feature update\. - **Key Benefits:**     - Simplifies the process for customers to define the content of feature experiment variations\.     - Saves time and effort by managing everything within Contentful\.     - Reduces complexity by eliminating the need for separate code implementation\.     - Streamlines the workflow and enhances usability for users of both Contentful and Kameleoon\. - **Use Cases:** This feature applies to all customers using both Contentful and Kameleoon for feature experimentation\. It enables them to efficiently manage and customize content for different variations within their experiments, supporting marketing campaigns, user experience optimization, and A\/B testing\. - **Product Package:** Full Stack Experimentation\. - **Product Scope:** The scope of this feature is the Contentful integration, specifically the Kameleoon app listed in Contentful's marketplace\. - **Target Persona:** This feature primarily benefits developers, while also providing value to product managers and marketers, enabling seamless collaboration and effective execution of feature experiments\. --- ## 📄 Attached documents - **Figma file**: optional \(paste link\) - **Spec file**: optional \(paste link\) - **Redmine ticket**: mandatory  \(paste link\) - **Image:** mandatory, to illustrate the topic <p></p> ",Released,,9564652,Common integrations,Tribe Developer,🙂 Dev Tools Squad,2023-07-01,2023-09-29,,,,,,,,,,,,,,,,,,,,,,,,,,,,,,,,,,,,Squad Dev Tools,,,,,,,,,,,,,,,,,,,,,,,,,,,,,,,,,,,,,,,,,,,,,,,,,,,,,,,,,,,,,,,,,,,,,,,,,,,,
21262376,subfeature,2023-07-07 05:33:57 UTC,2024-01-30 13:16:41 UTC,Popin manual position,"",Released,,19219381,Widget Summer Release,Tribe Marketers,"",,,,,,,,,,,,,,,,,,,,,,,,,,,,,,,,,,,,,,,,,,,,,,,,,,,,,,,,,,,,,,,,,,,,,,,,,,,,,,,,,,,,,,,,,,,,,,,,,,,,,,,,,,,,,,,,,,
21262405,subfeature,2023-07-07 05:36:05 UTC,2024-01-30 13:16:37 UTC,Popin manual position,"",Released,,19219381,Widget Summer Release,Tribe Marketers,"",2023-04-06,2023-07-20,,,,,,,,,,,,,,,,,,,,,,,,,,,,,,,,,,,,,,,,,,,,,,,,,,,,,,,,,,,,,,,,,,,,,,,,,,,,,,,,,,,,,,,,,,,,,,,,,,,,,,,,,,,,,,,,
21262407,subfeature,2023-07-07 05:36:36 UTC,2023-07-27 14:11:16 UTC,Popin manual position,"",Released,,19219381,Widget Summer Release,Tribe Marketers,🙂 Perso Squad,2023-05-01,2023-07-20,,,,,,,,,,,,,,,,,,,,,,,,,,,,,,,,,,,,Squad Perso,,,,,,,,,,,,,,,,,,,,,,,,,,,,,,,,,,,,,,,,,,,,,,,,,,,,,,,,,,,,,,,,,,,,,,,,,,,,
21528819,subfeature,2023-07-19 14:10:46 UTC,2023-07-19 14:11:00 UTC,C#,"",Released,,20394132,New SDK Targeting Conditions for Feature Flags,Tribe Developer,🙂 FF/SDK Squad,,,,,,,,,,,,,,,,,,,,,,,,,,,,,,,,,,,,,,,,,,,,,,,,,,,,,,,,,,,,,,,,,,,,,,,,,,,,,,,,,,,,,,,,,,,,,,,,,,,,,,,,,,,,,,,,,,
21528820,subfeature,2023-07-19 14:10:49 UTC,2023-07-19 14:11:07 UTC,Java,"",Released,,20394132,New SDK Targeting Conditions for Feature Flags,Tribe Developer,🙂 FF/SDK Squad,,,,,,,,,,,,,,,,,,,,,,,,,,,,,,,,,,,,,,,,,,,,,,,,,,,,,,,,,,,,,,,,,,,,,,,,,,,,,,,,,,,,,,,,,,,,,,,,,,,,,,,,,,,,,,,,,,
21528821,subfeature,2023-07-19 14:10:53 UTC,2023-07-19 14:11:09 UTC,Javascript,"",Released,,20394132,New SDK Targeting Conditions for Feature Flags,Tribe Developer,🙂 FF/SDK Squad,,,,,,,,,,,,,,,,,,,,,,,,,,,,,,,,,,,,,,,,,,,,,,,,,,,,,,,,,,,,,,,,,,,,,,,,,,,,,,,,,,,,,,,,,,,,,,,,,,,,,,,,,,,,,,,,,,
21528830,subfeature,2023-07-19 14:11:40 UTC,2023-07-19 14:22:55 UTC,Node,"",Released,,20394132,New SDK Targeting Conditions for Feature Flags,Tribe Developer,🙂 FF/SDK Squad,,,,,,,,,,,,,,,,,,,,,,,,,,,,,,,,,,,,,,,,,,,,,,,,,,,,,,,,,,,,,,,,,,,,,,,,,,,,,,,,,,,,,,,,,,,,,,,,,,,,,,,,,,,,,,,,,,
21528834,subfeature,2023-07-19 14:11:50 UTC,2023-07-19 14:22:57 UTC,Go,"",Released,,20394132,New SDK Targeting Conditions for Feature Flags,Tribe Developer,🙂 FF/SDK Squad,,,,,,,,,,,,,,,,,,,,,,,,,,,,,,,,,,,,,,,,,,,,,,,,,,,,,,,,,,,,,,,,,,,,,,,,,,,,,,,,,,,,,,,,,,,,,,,,,,,,,,,,,,,,,,,,,,
21528837,subfeature,2023-07-19 14:11:54 UTC,2023-07-19 14:22:59 UTC,React,"",Released,,20394132,New SDK Targeting Conditions for Feature Flags,Tribe Developer,🙂 FF/SDK Squad,,,,,,,,,,,,,,,,,,,,,,,,,,,,,,,,,,,,,,,,,,,,,,,,,,,,,,,,,,,,,,,,,,,,,,,,,,,,,,,,,,,,,,,,,,,,,,,,,,,,,,,,,,,,,,,,,,
21529387,feature,2023-07-19 14:33:38 UTC,2025-07-08 10:12:28 UTC,Contentstack Integration,<https://www.contentstack.com/docs/developers/developer-hub/guide-to-build-your-first-simple-app> <p></p> ,New idea,,32146897,New integrations,Isabelle Ung,_⭐ Integrations Squad,,,,,,,,60,60,,,,,,,,,,,,,#2 - Needs of mature XP teams,,,,,,,,,,,,,,,,Squad Dev Tools,,,,,60,60,,,,,,,,,,,,,,,,,,,,,,,,,,,,,,,,,,,,,,,,,,,,,,,,,,,,,,,,,,,,,,,,,,,,,,
21685313,feature,2023-07-26 14:41:21 UTC,2025-07-08 10:12:31 UTC,LogRocket Integration,We currently have LogRocket Custom integration available in the open source analytics library but we want to make it available natively on the integrations page\. <p></p> User story \#31600: <https://project.kameleoon.net/issues/31600>[   https:\/\/docs\.logrocket\.com\/reference\/track](https://docs.logrocket.com/reference/track) ,Candidate,,32146897,New integrations,Isabelle Ung,_⭐ Integrations Squad,,,,,,,,40,40,,,,,,,,,,,,1,#2 - Needs of mature XP teams,,,,,,,,,,,,,,,,Squad Dev Tools,,,,,40,40,,,,,,,,,,,,,,,,,,,,,,,,,,,,,,,,,,,,,,,,,,,,,,,,,,,,,,,,,,,,,,,,,,,,,,
21799288,subfeature,2023-08-01 12:19:56 UTC,2024-01-30 13:16:59 UTC,Step progress bar,"",Released,,18346348,Premium Widget offer,Tribe Marketers,🙂 Perso Squad,2023-03-01,2023-09-30,,,,,,,,,,,,,,,,,,,,,,,,,,,,,,,,,,,,Squad Perso,,,,,,,,,,,,,,,,,,,,,,,,,,,,,,,,,,,,,,,,,,,,,,,,,,,,,,,,,,,,,,,,,,,,,,,,,,,,
21799644,subfeature,2023-08-01 12:32:46 UTC,2024-01-30 13:17:02 UTC,QR code element,"## 📒 Feature short description Allow our customers to add a QR code to their widgets\.  ## 😥 Problem As a marketer, I want to: - Share information with the user - Easily redirect the user to a dedicated URL \(ie landing pages\) - Allow the user to switch devices to access some content or perform a specific task \/ goal ## 💡 Solution - Addition of a new ""QR code"" element - Personalized content: define the URL to redirect the user to - Edit the style of the QR code \(color \/ background \/ animation\.\.\.\)   ",Released,,18346348,Premium Widget offer,Tribe Marketers,🙂 Perso Squad,2023-03-01,2023-09-30,,,,,,,,,,,,,,,,,,,,,,,,,,,,,,,,,,,,Squad Perso,,,,,,,,,,,,,,,,,,,,,,,,,,,,,,,,,,,,,,,,,,,,,,,,,,,,,,,,,,,,,,,,,,,,,,,,,,,,
21800125,subfeature,2023-08-01 12:50:39 UTC,2024-01-30 13:17:06 UTC,Storage of values in browser storage,"",Released,,18346348,Premium Widget offer,Tribe Marketers,🙂 Perso Squad,2023-03-01,2023-09-30,,,,,,,,,,,,,,,,,,,,,,,,,,,,,,,,,,,,Squad Perso,,,,,,,,,,,,,,,,,,,,,,,,,,,,,,,,,,,,,,,,,,,,,,,,,,,,,,,,,,,,,,,,,,,,,,,,,,,,
21844197,feature,2023-08-03 08:21:52 UTC,2024-01-09 08:54:00 UTC,Prog. Delivery: Custom ramp-up,"## 🚀 Feature Summary <p></p> We offer today a customisable linear ramp\-up for progressive delivery\. <span data-preserve-white-space></span> Some customers may want to go one step further and opt to have a totally custom ramp\-up with no exact pattern\. <span data-preserve-white-space></span> ![](https://pb-files.s3.amazonaws.com/production/attachments/8158cb6ac5d56b9ac510c434edd2a75e0831dcc978fefb307cec8fba88f516b2/image.png) <p></p> --- ## 😥 Problem <p></p> As a user, I face: <span data-preserve-white-space></span> - The ramp\-up offered today increases at a constant rate - I am unable to define custom steps <p></p> - **Workaround:** Use a targeted delivery rule and manually increase the exposure after every step\.   <span data-preserve-white-space></span> <span data-preserve-white-space></span>  <span data-preserve-white-space></span> ## 💡 Solution Benefits <p></p> With this feature, I benefit from: <span data-preserve-white-space></span> - Totally customisable ramp\-up <span data-preserve-white-space></span> - Add as many \(increase\) steps as I want <p></p> ![](https://pb-files.s3.amazonaws.com/production/attachments/5606f04f190fb40aa955c366e2724949e09be07cfa765d0b2b344c93b077eaee/image.png) <p></p> ## **✏️ Product design:** - **Product package:**  Feature Management and Experiment - **Product scope:** Progressive Delivery rule - **Target Persona**: PM & Developer - **Main updates:** Option to choose the type of ramp\-up <span data-preserve-white-space></span>  <span data-preserve-white-space></span> --- ## 📄 Attached documents - Designs: [Figma file](https://www.figma.com/file/F6MXMyvkXWzp7V8URXqBax/US---Progressive-Exposure-Advanced?type=design&node-id=36%3A18899&mode=design&t=52WqNHh9TJKWIHjS-1) - Redmine ticket: NA <span data-preserve-white-space></span>  <span data-preserve-white-space></span> ",Released,,9564875,Feature Management & Experimentation (FM&E),Tribe Developer,🙂 FF/SDK Squad,2023-11-17,2023-12-31,,,,,,,,,,,,,,,,,,,,,,,,,,,,,,,,,,,,Squad FM&E,,,,,,,,,,,,,,,,,,,,,,,,,,,,,,,,,,,,,,,,,,,,,,,,,,,,,,,,,,,,,,,,,,,,,,,,,,,,
21851666,feature,2023-08-03 13:43:55 UTC,2025-07-08 10:12:59 UTC,Moengage Integration,<https://developers.moengage.com/hc/en-us/articles/360061179752-Web-SDK-Events-Tracking> ,New idea,,32146897,New integrations,Isabelle Ung,_⭐ Integrations Squad,,,,,,,,40,40,,,,,,,,,,,,,,,,,,,,,,,,,,,,,Squad Dev Tools,,,,,40,40,,,,,,,,,,,,,,,,,,,,,,,,,,,,,,,,,,,,,,,,,,,,,,,,,,,,,,,,,,,,,,,,,,,,,,
21924160,feature,2023-08-07 23:30:52 UTC,2023-08-07 23:45:41 UTC,Chrome Extension - Custom code injection,"- **Feature Short Description:** The custom code injection feature allows users to inject custom JavaScript code directly from the Kameleoon Chrome extension\. Users can access the ""Custom code injection"" page through the sidebar menu, input their code in a text area, and click the ""Inject code"" button to execute it\. - **Problem Statement:** This feature addresses the inconvenience of using multiple Chrome extensions or manual steps to inject custom code\. It provides a more integrated solution for users to test and implement their custom JavaScript logic within the extension\. - **Key Benefits:**     - Convenient way to inject code directly from the extension\.     - Efficient tool for developers to test their custom code before deploying it\. - **Workaround:** Before this feature, users had to rely on external Chrome extensions or copy\-paste code into the browser console for code injection\. - **Use Cases:**     - Testing custom code before production deployment\.     - Injecting tags and tools like Google tags on websites\.     - Resolving execution bugs and troubleshooting custom code\. - **Product Package:** Web Experimentation\. - **Product Scope:**     - Custom Code Injection Page: A dedicated page within the extension for users to manage their custom JavaScript code\.     - Sidebar Menu Link: A new link in the sidebar menu providing easy access to the ""Custom code injection"" page\. - **Target Persona:** Developers primarily benefit from this feature, enabling them to streamline testing, iteration, and troubleshooting processes within the extension\. --- ## 📄 Attached documents - **Figma file**: optional \(paste link\) - **Spec file**: optional \(paste link\) - **Redmine ticket**: User story \#23058 \- \[Chrome Extension\] create new tab Custom code injection     <https://project.kameleoon.net/issues/23058> - **Image:** mandatory, to illustrate the topic <p></p> ",Released,,6783364,"Data, Common  & Infrastructure",Tribe Developer,🙂 Dev Tools Squad,2023-07-26,2023-08-08,,,,,,,,,,,,,,,,,,,,,,,,,,,,,,,,,,,,Squad Dev Tools,,,,,,,,,,,,,,,,,,,,,,,,,,,,,,,,,,,,,,,,,,,,,,,,,,,,,,,,,,,,,,,,,,,,,,,,,,,,
22109633,feature,2023-08-17 10:22:01 UTC,2023-09-14 11:43:31 UTC,Raw export enhancement,Enable raw export support for personalization result page\. Add ability to filter the raw export\. It will take into account the filters applied in the result page\. Add ability to export single valued custom data in raw export\. ,Released,,6783364,"Data, Common  & Infrastructure",Tribe Marketers,_⭐ Reporting Squad,2023-08-01,2023-09-23,,,,,,,,,,,,,,,,,,,,,,,,,,,,,,,,,,,,,,,,,,,,,,,,,,,,,,,,,,,,,,,,,,,,,,,,,,,,,,,,,,,,,,,,,,,,,,,,,,,,,,,,,,,,,,,,
22457586,feature,2023-09-05 14:32:11 UTC,2025-04-07 09:19:32 UTC,Code Editor Redesign,"Our code editor is going to be modernized: the interface will be more user\-friendly, the finalization process will be aligned with the one deployed at the end of 2023 for graphic experiments, and it will be enhanced with some handy features to improve developers' comfort\. ",Released,,9564793,Developer editor,Ivan Kulagin,_⭐ Campaign Creation Squad,2025-02-01,2025-04-05,,,,,,60,80,,,,,,,,,,,,,,,,,,,,,,,,,,,,,Squad Dev Tools,,,,,70,70,,,,,,,,,,,,,,,,,,,,,,,,,,,,,,,,,,,,,,,,,,,,,,,,,,,,,,,,,,,,,,,,,,,,,,
22457776,subfeature,2023-09-05 14:36:32 UTC,2023-10-19 14:22:48 UTC,BigQuery - pulling audiences targeting,"",Released,,19429208,BigQuery Integration,Tribe Developer,🙂 Dev Tools Squad,2023-06-01,2023-09-30,,,,,,,,,,,,,,,,,,,,,,,,,,,,,,,,,,,,Squad Dev Tools,,,,,,,,,,,,,,,,,,,,,,,,,,,,,,,,,,,,,,,,,,,,,,,,,,,,,,,,,,,,,,,,,,,,,,,,,,,,
22457785,subfeature,2023-09-05 14:36:50 UTC,2023-10-19 14:22:59 UTC,BigQuery - pushing Kameleoon events,"",Released,,19429208,BigQuery Integration,Tribe Developer,🙂 Dev Tools Squad,2023-06-01,2023-09-30,,,,,,,,,,,,,,,,,,,,,,,,,,,,,,,,,,,,Squad Dev Tools,,,,,,,,,,,,,,,,,,,,,,,,,,,,,,,,,,,,,,,,,,,,,,,,,,,,,,,,,,,,,,,,,,,,,,,,,,,,
22457793,subfeature,2023-09-05 14:37:09 UTC,2023-11-08 13:14:23 UTC,BigQuery - pulling goal metrics,"## 📒 **Feature short description:** Allowing user to populate goals conversions coming from BigQuery to be displayed in Kameleoon\. So users can create specific Kameleoon goals but the goals conversions will be collected from BigQuery and displayed in the Results page\. --- ## 📄 Attached documents - **Figma file**: optional \(paste link\) - **Spec file**: optional \(paste link\) - **Redmine ticket**: User story \#23700 \- BigQuery \- Part 2 \- Metrics from BigQuery     <https://project.kameleoon.net/issues/23700> - **Image:** mandatory, to illustrate the topic <p></p> ",Released,,19429208,BigQuery Integration,Tribe Developer,🙂 Dev Tools Squad,2023-09-15,2023-10-31,,,,,,80,80,,,,,,,,,,,,2,,,,,,,,,,,,,,,,,Squad Dev Tools,,,,,80,40,,,,,,,,,,,,,,,,,,,,,,,,,,,,,,,,,,,,,,,,,,,,,,,,,,,,,,,,,,,,,,,,,,,,,,
22457805,feature,2023-09-05 14:38:25 UTC,2025-07-08 09:52:51 UTC,DWH - Segment based on Data Ingestion Tasks,"",Candidate,,32146623,Data warehouses topics,Isabelle Ung,"🎨 design needed, _⭐ Integrations Squad",,,,,,,,60,60,,,,,,,,,,,,2,,,,,,,,,,,,,,,,,Squad Dev Tools,,,,,60,30,,,,,,,,,,,,,,,,,,,,,,,,,,,,,,,,,,,,,,,,,,,,,,,,,,,,,,,,,,,,,,,,,,,,,,
22561771,feature,2023-09-11 12:32:29 UTC,2024-06-07 13:45:29 UTC,"""Read-only"" mode for Autopromo on sub-sites","## Short Description: When setting up autopromotion campaigns, National will have the option to enable a ""read\-only"" mode for subsites, preventing them from making any changes to the campaign or the associated segment\. ## How will it works in practice? **For national \(meta\-site\)** <span data-preserve-white-space></span> - Before duplication, addition of  a toggle ""Forbid subsites from modifying campaign content""   **For subsites:** <span data-preserve-white-space></span> - personalization creation page appears as usual \(including header with name, tags and segment\) - campaign ""content"" block is different: it cannot be edited, and is only visible in read\-only mode - segment choice and edition is locked \(thus, segment is identical to the National one\) - all actions at the bottom are the same as today \(sites can put the campaign online at their own level\) <p></p> ",Released,,9564719,Autopromo Personalization,Fabien DIMEGLIO,_⭐ Visual Builders Squad,2023-12-29,2024-04-27,,,,,,,,,,,,,,,,,,,,,,,,,,,,,,,,,,,,Squad Perso,,,,,,,,,,,,,,,,,,,,,,,,,,,,,,,,,,,,,,,,,,,,,,,,,,,,,,,,,,,,,,,,,,,,,,,,,,,,
22561855,feature,2023-09-11 12:35:56 UTC,2024-03-06 14:41:15 UTC,Exclusive Widgets template for the National (Meta),"## Short Description: Some ""Widgets templates"" will be exclusively available at the national level\. Subsites can effortlessly inherit these widgets for national\-level campaigns, but when they create their own campaigns on their subsites, these templates won't appear, ensuring they're reserved for national campaigns only\. ## How will it works in practice? **For National:** - Addition of an ""Exclusive National template"" option \(in the widget template interface\) <span data-preserve-white-space></span> - Ability to select all widgets templates \(no change with current situation\) <p></p> **For subsites:** - Subsites will inherit widgets template coming from the Nation \(when used in duplicated campaigns\) - But such widget templates will be completely invisible for subsites, which means that: <span data-preserve-white-space></span>     - ""Exclusive National widget templates"" won't appear in the Widget Dashboard     - Subsites won't be able to create a new campaign using an ""Exclusive national widget template"" <span data-preserve-white-space></span> - Duplication of a campaign using an ""exclusive nation widget template"" will be impossible\. ",Released,,9564719,Autopromo Personalization,Fabien DIMEGLIO,_⭐ Visual Builders Squad,2023-12-18,2024-02-29,,,,,,,,,,,,,,,,,,,,,,,,,,,,,,,,,,,,,,,,,,,,,,,,,,,,,,,,,,,,,,,,,,,,,,,,,,,,,,,,,,,,,,,,,,,,,,,,,,,,,,,,,,,,,,,,
22564144,feature,2023-09-11 13:46:27 UTC,2023-09-11 13:51:59 UTC,Enhancement of Autopromotion Duplication,"The mechanism for duplicating a national campaign to the subsites can take some time\. It was not clear when the process was completed and whether any errors occurred during the duplication process\. <span data-preserve-white-space></span> The goal of this feature is to enhance this mechanism\. Now, a real\-time progress bar shows the duplication progress, and when an error occurs, the user is immediately notified \(along with the names of the subsites where the error occurred\)\. ",Released,,9564719,Autopromo Personalization,Fabien DIMEGLIO,"",,,,,,,,,,,,,,,,,,,,,,,,,,,,,,,,,,,,,,,,,,,,,,,,,,,,,,,,,,,,,,,,,,,,,,,,,,,,,,,,,,,,,,,,,,,,,,,,,,,,,,,,,,,,,,,,,,
22566693,feature,2023-09-11 15:26:23 UTC,2023-09-11 15:36:23 UTC,Update of BPCE daily export,"BPCE receives every day and every week a report of all created personalizations\. In the export, you will now find a new column named 'Meta Personalization ID' for each personalization\. This column will display the ID of the meta personalization originating from the national level, which triggered the automatic duplication on subsites\. This addition provides better visibility and tracking of your personalizations across different levels of your campaigns\. ",Released,,9564719,Autopromo Personalization,Fabien DIMEGLIO,"",,,,,,,,,,,,,,,,,,,,,,,,,,,,,,,,,,,,,,,,,,,,,,,,,,,,,,,,,,,,,,,,,,,,,,,,,,,,,,,,,,,,,,,,,,,,,,,,,,,,,,,,,,,,,,,,,,
22614443,feature,2023-09-13 14:23:17 UTC,2025-11-07 10:40:51 UTC,Integration Enablement As Default,"## 📒 **Feature short description:** This feature will allow users to enable an integration and not having to enable it for each experiment \(during the ""Tracking and goals"" step\)\. ## 💁‍♂️ Problem\/Context <u>**Description:**</u> As a client, when I want to activate an integration for my campaigns, I have to activate them on each of my campaign and I sometimes forget to do so\. <p></p> ""Be able to associate the analysis tool with campaigns by default\. Specify whether you want to add Content Square to all campaigns, for example, rather than having to add it to each campaign\. Sometimes my customers forget and that's a drama"" <p></p> - **Existing workaround:** No <span data-preserve-white-space></span> --- ## 📄 Attached documents - **Figma file**: optional \(paste link\) - **Spec file**: optional \(paste link\) - **Redmine ticket**: mandatory  \(paste link\) ",Released,,9564652,Common integrations,Isabelle Ung,"_⭐ Integrations Squad, VOC1_2025_Inté",2025-07-01,2025-09-30,,,,,,60,100,,,,,,,,,,,,1,#1  - Frictionless experience,,,,,,,,,,,,,,,,Squad Dev Tools,,,,,80,80,,,,,,,,,,,,,,,,,,,,,,,,,,,,,,,,,,,,,,,,,,,,,,,,,,,,,,,,,,,,,,,,,,,,,,
22676392,feature,2023-09-15 12:35:37 UTC,2025-10-09 13:16:55 UTC,Simulation Panel Redesign,"## 📒 **Feature short description:** Replacing the simulation panel by the light extension or creating a new simulation panel from scratch\. <p></p> - Ability to easily copy & paste simulations link or parameters - Simplification of panel - \(Ability to simulate thanks to a flashcode\) ![](https://pb-files.s3.amazonaws.com/production/attachments/72150238afdc8f4a710b1b8092575522c026dd19f0b5210c2231b8133fe763ba/12A.jpg) <p></p> ## 😥 Problem <u>**Problem statement:**</u> The current simulation panel is too old, not stable\. <u>**Workaround:**</u> - **Existing workaround:** No --- ## 📄 Attached documents - **Figma file**: optional \(paste link\) - **Spec file**: optional \(paste link\) - **Redmine ticket**: User story \#23721 \- Upgrading the light extension to replace the simulation panel     <https://project.kameleoon.net/issues/23721> - User story \#30749 \- Simulation Panel Redesign     <https://project.kameleoon.net/issues/30749> - **Image:** mandatory, to illustrate the topic <p></p> ",Beta,,33349274,Simulation,Yassin Hassan,"_⭐ Admin & Engine Squad, 🎨 design needed, 🎯OKR",2024-09-30,2025-07-31,,,,,,80,80,,,,,,,,,,,,,,,,,,,,,,,,,,,,,Squad Dev Tools,,,,,80,80,,,,,,,,,,,,,,,,,,,,,,,,,,,,,,,,,,,,,,,,,,,,,,,,,,,,,,,,,,,,,,,,,,,,,,
22744134,feature,2023-09-19 13:00:45 UTC,2023-11-07 12:55:58 UTC,Removal of irrelevant columns on Personalization Dashboard,Removal of some already existing columns on Personalization dashboard: - Targeting - Main goal - Creator - Project <span data-preserve-white-space></span> - Created - Type \(to be confirmed\) <p></p> \/\/\/ Update  20 september 23 \/\/\/ <span data-preserve-white-space></span> This topic is canceled: BPCE decided to remove it since it will be possible to do it natively  end march 24 <p></p> ,Rejected,,9564719,Autopromo Personalization,Fabien DIMEGLIO,🙂 Perso Squad,,,,,,,,,,,,,,,,,,,,,,,,,,,,,,,,,,,,,,Squad Perso,,,,,,,,,,,,,,,,,,,,,,,,,,,,,,,,,,,,,,,,,,,,,,,,,,,,,,,,,,,,,,,,,,,,,,,,,,,,
22744529,feature,2023-09-19 13:17:27 UTC,2023-09-19 13:19:23 UTC,Addition of BPCE specific columns,"Addition of BPCE specific columns: - Location \(FR: ""emplacement""\) - Planning end date - Preview \(to be discussed\) ",Candidate,,9564719,Autopromo Personalization,Fabien DIMEGLIO,🙂 Perso Squad,,,,,,,,,,,,,,,,,,,,,,,,,,,,,,,,,,,,,,Squad Perso,,,,,,,,,,,,,,,,,,,,,,,,,,,,,,,,,,,,,,,,,,,,,,,,,,,,,,,,,,,,,,,,,,,,,,,,,,,,
22809313,feature,2023-09-20 18:18:22 UTC,2025-07-08 10:05:05 UTC,Snowplow multiple URLs (one for each FF env),"Calum : > Motorway demande une feature sur l'intégration Snowplow\. Ils veulent pouvoir filer plusieurs URL collecteurs, une pour chaque environement FF\. \(A l'heure actuelle, pour un sitecode on envoit tous les events au même collecteur\)\.   > A implémenter ce serait disons 4 jours de boulot pour moi\. Et dans l'UI il faudrait pouvoir faire des appariements Environnement \<\-\> URL \(je ne peux pas donner d'estimation de temps pour les parties App Back, Front\)\.   > Ils veulent une réponse oui\/non, et si oui quand ?   > Mon avis est que cette feature peut valoir le coup\. Les utilisateurs Snowplow que j'ai vus pour l'instant ont tous un collecteurs différent par env \(debug, staging, production \.\.\.\)\. Vincent a également eu cette demande d'un autre prospect\. <span data-preserve-white-space></span> ",New idea,,9564652,Common integrations,Isabelle Ung,_⭐ Integrations Squad,,,,,,,,40,40,,,,,,,,,,,,,,,,,,,,,,,,,,,,,Squad Dev Tools,,,,,40,40,,,,,,,,,,,,,,,,,,,,,,,,,,,,,,,,,,,,,,,,,,,,,,,,,,,,,,,,,,,,,,,,,,,,,,
22899445,feature,2023-09-25 16:17:28 UTC,2025-03-10 12:30:10 UTC,AI Similar segment detection,"**Principle:** - As you create a new segment, our AI presents you with the closest segments among those you've already created\. <p></p> **Main benefit:** - Avoid overexposing your visitors by accident so that they won't end up in two similar segments - Save time by re\-using already existing segments - In larger companies with multiple teams and a higher turnover, newer employees will benefit from the experience of their predecessors or colleagues in other departments\. <p></p> ",Candidate,,9564755,Targeting,Fabien DIMEGLIO,"_⭐ AI copilot Squad, _⭐ App System Squad",,,,,,,,,,,,,,,,,,,,,,,,,,,,,,,,,,,,,,Squad Perso,,,,,,,,,,,,,,,,,,,,,,,,,,,,,,,,,,,,,,,,,,,,,,,,,,,,,,,,,,,,,,,,,,,,,,,,,,,,
22900960,feature,2023-09-25 17:34:13 UTC,2023-11-10 17:27:48 UTC,FME Starter Plan,Starter plan for FME ➞ No feature experimentation allowed <span data-preserve-white-space></span> ,Design in progress,,9564875,Feature Management & Experimentation (FM&E),Tribe Developer,🙂 FF/SDK Squad,2024-01-01,2024-03-16,,,,,,,,,,,,,,,,,,,,,,,,,,,,,,,,,,,,,,,,,,,,,,,,,,,,,,,,,,,,,,,,,,,,,,,,,,,,,,,,,,,,,,,,,,,,,,,,,,,,,,,,,,,,,,,,
22949751,feature,2023-09-27 12:31:48 UTC,2023-09-27 12:32:10 UTC,Use airflow for scheduling,"",New idea,,6783364,"Data, Common  & Infrastructure",Tribe Marketers,_⭐ Reporting Squad,2023-10-01,2023-11-30,,,,,,,,,,,,,,,,,,,,,,,,,,,,,,,,,,,,,,,,,,,,,,,,,,,,,,,,,,,,,,,,,,,,,,,,,,,,,,,,,,,,,,,,,,,,,,,,,,,,,,,,,,,,,,,,
22949770,feature,2023-09-27 12:32:36 UTC,2023-09-27 12:32:51 UTC,Move CH to K8s,"",New idea,,6783364,"Data, Common  & Infrastructure",Tribe Marketers,_⭐ Reporting Squad,2023-10-01,2023-11-30,,,,,,,,,,,,,,,,,,,,,,,,,,,,,,,,,,,,,,,,,,,,,,,,,,,,,,,,,,,,,,,,,,,,,,,,,,,,,,,,,,,,,,,,,,,,,,,,,,,,,,,,,,,,,,,,
22949798,feature,2023-09-27 12:33:31 UTC,2023-09-27 12:34:30 UTC,CH improvements,Use CH keeper to improve the stability ,Development in progress,,6783364,"Data, Common  & Infrastructure",Tribe Marketers,_⭐ Reporting Squad,2023-09-24,2023-10-31,,,,,,,,,,,,,,,,,,,,,,,,,,,,,,,,,,,,,,,,,,,,,,,,,,,,,,,,,,,,,,,,,,,,,,,,,,,,,,,,,,,,,,,,,,,,,,,,,,,,,,,,,,,,,,,,
22953138,feature,2023-09-27 13:58:55 UTC,2023-12-10 17:09:26 UTC,Display Feature flags in the Chrome Extension,"## 📒 **Feature short description:** We would like to display feature flags that are available in kameleoon\.js in the chrome ext\. ## 🎯 **Measuring Success** Mixpanel events --- ## 📄 Attached documents - **Figma file**: optional \(paste link\) - **Spec file**: optional \(paste link\) - **Redmine ticket**: User story \#23973 \- Chrome extension \- Add feature flags available in kameleoon\.js     <https://project.kameleoon.net/issues/23973> - **Image:** mandatory, to illustrate the topic <p></p> ",Released,,6783364,"Data, Common  & Infrastructure",Tribe Developer,🙂 Dev Tools Squad,2023-10-10,2023-11-26,,,,,,20,60,,,,,,,,,,,,1,,,,,,,,,,,,,,,,,Squad Dev Tools,,,,,40,40,,,,,,,,,,,,,,,,,,,,,,,,,,,,,,,,,,,,,,,,,,,,,,,,,,,,,,,,,,,,,,,,,,,,,,
23015486,feature,2023-09-30 08:06:21 UTC,2024-12-18 20:30:01 UTC,Change Approval Workflows,- Standalone workflows - ServiceNow Integration <span data-preserve-white-space></span> ,Released,,9564875,Feature Management & Experimentation (FM&E),Junaid Gulzar Malik,"_⭐ Feature Experimentation Squad, 🙂 FF/SDK Squad, forrester",2024-04-10,2024-12-12,,,,,,,,,,,,,,,,,,,,,,,,,,,,,,,,,,,,,,,,,,,,,,,,,,,,,,,,,,,,,,,,,,,,,,,,,,,,,,,,,,,,,,,,,,,,,,,,,,,,,,,,,,,,,,,,
23015497,feature,2023-09-30 08:10:45 UTC,2024-01-30 09:06:13 UTC,Experiment Duration Calculator,"",Released,,9564875,Feature Management & Experimentation (FM&E),Tribe Developer,🙂 FF/SDK Squad,2024-01-01,2024-01-26,,,,,,,,,,,,,,,,,,,,,,,,,,,,,,,,,,,,,,,,,,,,,,,,,,,,,,,,,,,,,,,,,,,,,,,,,,,,,,,,,,,,,,,,,,,,,,,,,,,,,,,,,,,,,,,,
23015500,feature,2023-09-30 08:12:37 UTC,2023-11-10 17:18:24 UTC,SDK Enhancements,"",Planned,,9564877,SDKs,Tribe Developer,"_⭐ Feature Experimentation Squad, 🙂 FF/SDK Squad",2024-01-01,2024-03-31,,,,,,,,,,,,,,,,,,,,,,,,,,,,,,,,,,,,,,,,,,,,,,,,,,,,,,,,,,,,,,,,,,,,,,,,,,,,,,,,,,,,,,,,,,,,,,,,,,,,,,,,,,,,,,,,
23015501,feature,2023-09-30 08:13:39 UTC,2024-07-05 14:24:55 UTC,Developer Onboarding Revamp for SDKs,Masterplan Task: <https://trello.com/c/oVMXPMly/12-enterprise-ready-product-we-have-enhanced-our-onboarding-process-and-documentation-for-sdk-implementation#comment-65cb88e22d2fca4aed3fa993> <p></p> Progress and action plan: <https://docs.google.com/document/d/11vJocknzNAxxJdiBOpwRVeh8q78lbcFcEcy7AtSLS7s/edit?usp=sharing> ,Development in progress,,9564875,Feature Management & Experimentation (FM&E),Tribe Developer,"_⭐ Feature Experimentation Squad, 🙂 FF/SDK Squad",2024-04-01,2024-12-31,,,,,,,,,,,,,,,,,,,,,,,,,,,,,,,,,,,,,,,,,,,,,,,,,,,,,,,,,,,,,,,,,,,,,,,,,,,,,,,,,,,,,,,,,,,,,,,,,,,,,,,,,,,,,,,,
23015522,subfeature,2023-09-30 08:14:37 UTC,2024-04-10 12:43:14 UTC,New Demo App + Github Sandbox Cloning,"",Design in progress,,23015501,Developer Onboarding Revamp for SDKs,Tribe Developer,🙂 FF/SDK Squad,2024-06-23,2024-08-05,,,,,,,,,,,,,,,,,,,,,,,,,,,,,,,,,,,,,,,,,,,,,,,,,,,,,,,,,,,,,,,,,,,,,,,,,,,,,,,,,,,,,,,,,,,,,,,,,,,,,,,,,,,,,,,,
23015523,feature,2023-09-30 08:17:56 UTC,2025-11-01 09:49:55 UTC,Adoption workflow: FE x WS,"",Candidate,,9564875,Feature Management & Experimentation (FM&E),Tribe Developer,"_⭐ Feature Experimentation Squad, 🙂 FF/SDK Squad, forrester, _⭐ Visual Builders Squad",2025-02-25,2025-09-30,,,,,,,,,,,,,,,,,,,,,,,,,,,,,,,,,,,,,,,,,,,,,,,,,,,,,,,,,,,,,,,,,,,,,,,,,,,,,,,,,,,,,,,,,,,,,,,,,,,,,,,,,,,,,,,,
23015524,feature,2023-09-30 08:19:05 UTC,2024-10-14 08:24:38 UTC,Release Board,"",Planned,,9564875,Feature Management & Experimentation (FM&E),Tribe Developer,"_⭐ Feature Experimentation Squad, 🙂 FF/SDK Squad",2025-01-01,2025-07-02,,,,,,,,,,,,,,,,,,,,,,,,,,,,,,,,,,,,,,,,,,,,,,,,,,,,,,,,,,,,,,,,,,,,,,,,,,,,,,,,,,,,,,,,,,,,,,,,,,,,,,,,,,,,,,,,
23026275,feature,2023-10-01 19:26:02 UTC,2025-04-08 10:39:03 UTC,Workflow Builder,"",Design in progress,,9564875,Feature Management & Experimentation (FM&E),Tribe Developer,"_⭐ Feature Experimentation Squad, 🙂 FF/SDK Squad, forrester",2025-08-25,2025-10-17,,,,,,,,,,,,,,,,,,,,,,,,,,,,,,,,,,,,,,,,,,,,,,,,,,,,,,,,,,,,,,,,,,,,,,,,,,,,,,,,,,,,,,,,,,,,,,,,,,,,,,,,,,,,,,,,
23026303,feature,2023-10-01 19:26:34 UTC,2024-11-07 13:53:32 UTC,Flag ownership + Dashboard update,"",Planned,,9564875,Feature Management & Experimentation (FM&E),Tribe Developer,"_⭐ Feature Experimentation Squad, 🙂 FF/SDK Squad",,,,,,,,,,,,,,,,,,,,,,,,,,,,,,,,,,,,,,,,,,,,,,,,,,,,,,,,,,,,,,,,,,,,,,,,,,,,,,,,,,,,,,,,,,,,,,,,,,,,,,,,,,,,,,,,,,
23026305,feature,2023-10-01 19:29:27 UTC,2025-04-08 10:31:28 UTC,New DS - UI Alignment,"",Development in progress,,9564875,Feature Management & Experimentation (FM&E),Junaid Gulzar Malik,"_⭐ Feature Experimentation Squad, 🙂 FF/SDK Squad, forrester, portal",2024-04-01,2025-06-30,,,,,,,,,,,,,,,,,,,,,,,,,,,,,,,,,,,,,,,,,,,,,,,,,,,,,,,,,,,,,,,,,,,,,,,,,,,,,,,,,,,,,,,,,,,,,,,,,,,,,,,,,,,,,,,,
23026306,feature,2023-10-01 19:29:28 UTC,2024-10-14 08:24:35 UTC,Integrate Code Editor Interface,"",Planned,,9564875,Feature Management & Experimentation (FM&E),Tribe Developer,"_⭐ Feature Experimentation Squad, 🙂 FF/SDK Squad",2024-12-31,2025-04-01,,,,,,,,,,,,,,,,,,,,,,,,,,,,,,,,,,,,,,,,,,,,,,,,,,,,,,,,,,,,,,,,,,,,,,,,,,,,,,,,,,,,,,,,,,,,,,,,,,,,,,,,,,,,,,,,
23026307,feature,2023-10-01 19:29:29 UTC,2024-09-08 19:35:07 UTC,Datadog Integration,"",Released,,9564875,Feature Management & Experimentation (FM&E),Tribe Developer,"_⭐ Feature Experimentation Squad, 🙂 FF/SDK Squad, forrester",2024-04-01,2024-09-30,,,,,,,,,,,,,,,,,,,,,,,,,,,,,,,,,,,,,,,,,,,,,,,,,,,,,,,,,,,,,,,,,,,,,,,,,,,,,,,,,,,,,,,,,,,,,,,,,,,,,,,,,,,,,,,,
23026308,feature,2023-10-01 19:29:31 UTC,2023-11-10 17:29:10 UTC,Starter Plan,"",Design in progress,,9564875,Feature Management & Experimentation (FM&E),Tribe Developer,"_⭐ Feature Experimentation Squad, 🙂 FF/SDK Squad, forrester",2024-01-01,2024-03-31,,,,,,,,,,,,,,,,,,,,,,,,,,,,,,,,,,,,,,,,,,,,,,,,,,,,,,,,,,,,,,,,,,,,,,,,,,,,,,,,,,,,,,,,,,,,,,,,,,,,,,,,,,,,,,,,
23044370,feature,2023-10-02 14:59:22 UTC,2025-04-03 09:59:57 UTC,New Roles & Permissions with more granularity,"",New idea,,31139467,Others,Yassin Hassan,_⭐ Admin & Engine Squad,,,,,,,,80,100,,,,,,,,,,,,,,,,,,,,,,,,,,,,,,,,,,90,90,,,,,,,,,,,,,,,,,,,,,,,,,,,,,,,,,,,,,,,,,,,,,,,,,,,,,,,,,,,,,,,,,,,,,,
23045025,feature,2023-10-02 15:19:22 UTC,2023-11-08 11:20:13 UTC,Graphic editor v2 - Enhancements,"",Candidate,,6783323,Web Experimentation,Tribe Marketers,"",,,,,,,,,,,,,,,,,,,,,,,,,,,,,,,,,,,,,,,,,,,,,,,,,,,,,,,,,,,,,,,,,,,,,,,,,,,,,,,,,,,,,,,,,,,,,,,,,,,,,,,,,,,,,,,,,,
23045108,feature,2023-10-02 15:22:02 UTC,2025-01-10 14:00:31 UTC,Experiment Program Management,"",Candidate,,6783323,Web Experimentation,Tribe Marketers,"_⭐ App System Squad, 🙂 Interface squad",2024-12-06,2025-03-07,,,,,,,,,,,,,,,,,,,,,,,,,,,,,,,,,,,,,,,,,,,,,,,,,,,,,,,,,,,,,,,,,,,,,,,,,,,,,,,,,,,,,,,,,,,,,,,,,,,,,,,,,,,,,,,,
23045368,feature,2023-10-02 15:30:28 UTC,2023-10-02 15:30:28 UTC,Teams,"",New idea,,6783364,"Data, Common  & Infrastructure",Tribe Marketers,"",,,,,,,,,,,,,,,,,,,,,,,,,,,,,,,,,,,,,,,,,,,,,,,,,,,,,,,,,,,,,,,,,,,,,,,,,,,,,,,,,,,,,,,,,,,,,,,,,,,,,,,,,,,,,,,,,,
23066886,feature,2023-10-03 12:45:29 UTC,2025-04-23 15:14:42 UTC,Goal Metadata in CSV,"- On par capabilities compared to competitors - Allow customers to have a ""Master goal"" that can get several conversions into one \(example : any clicks on a link on the homepage is a conversion\) - For these Master Goals, each conversion contains metadata indiciating which link was clicked ""ex: Putting a MasterGoal on the Menu, and each conversion contains the name of the submenu that was clicked\) - Allow customer to set custom properties for a goal <span data-preserve-white-space></span> - Allow customer to breakdown its test result using a goal property - Allow customer to export a goal's property \(raw\) - Encourage users to provide textual description for each goal - Add a specific custom property \-\-\> guardrail \- automatically attach all guardrail goals to each experiment - Enable \/ disable the revenue info on the goals if it is not a monetary goal <p></p> ",Released,,6783364,"Data, Common  & Infrastructure",Calixthe Mattei,"_⭐ Reporting Squad, #VOC1_2025",2024-03-25,2025-04-13,,,,,,,,,,,,,,,,,,,,,,,,,,,,,,,,,,,,,,,,,,,,,,,,,,,,,,,,,,,,,,,,,,,,,,,,,,,,,,,,,,,,,,,,,,,,,,,,,,,,,,,,,,,,,,,,
23066930,feature,2023-10-03 12:46:19 UTC,2024-10-14 12:46:39 UTC,Ratio metrics capabilities LOT 1,Asked by Loblaws <span data-preserve-white-space></span> \-\-\> Also includes reliability computation for said metric <p></p> A metric is computed from one or more goal\. ,Released,,6783364,"Data, Common  & Infrastructure",Tribe Marketers,_⭐ Reporting Squad,2024-06-30,2024-09-30,,,,,,,,,,,,,,,,,,,,,,,,,,,,,,,,,,,,,,,,,,,,,,,,,,,,,,,,,,,,,,,,,,,,,,,,,,,,,,,,,,,,,,,,,,,,,,,,,,,,,,,,,,,,,,,,
23066978,feature,2023-10-03 12:48:01 UTC,2024-03-27 13:45:59 UTC,Audience page redesign,"",New idea,,6783364,"Data, Common  & Infrastructure",Tribe Marketers,_⭐ Reporting Squad,2025-01-01,2025-02-07,,,,,,,,,,,,,,,,,,,,,,,,,,,,,,,,,,,,,,,,,,,,,,,,,,,,,,,,,,,,,,,,,,,,,,,,,,,,,,,,,,,,,,,,,,,,,,,,,,,,,,,,,,,,,,,,
23067011,feature,2023-10-03 12:49:17 UTC,2025-04-07 14:09:19 UTC,"Tracking editor (clicks, hover, scroll)","Specific version of Editor V2, accessible from the Goals page, that will allow our users to create and manage: - Click trackings - Hover tracking - Scroll tracking ",New idea,,6783364,"Data, Common  & Infrastructure",Calixthe Mattei,_⭐ Campaign Creation Squad,2026-01-01,2026-03-31,,,,,,,,,,,,,,,,,,,,,,,,,,,,,,,,,,,,,,,,,,,,,,,,,,,,,,,,,,,,,,,,,,,,,,,,,,,,,,,,,,,,,,,,,,,,,,,,,,,,,,,,,,,,,,,,
23067072,feature,2023-10-03 12:51:02 UTC,2024-03-29 08:43:22 UTC,Reliability for continuous metrics - Bayesian,SOW commitment for Loblaws ,Released,,6783364,"Data, Common  & Infrastructure",Tribe Marketers,_⭐ Reporting Squad,2024-01-17,2024-03-31,,,,,,,,,,,,,,,,,,,,,,,,,,,,,,,,,,,,,,,,,,,,,,,,,,,,,,,,,,,,,,,,,,,,,,,,,,,,,,,,,,,,,,,,,,,,,,,,,,,,,,,,,,,,,,,,
23067127,feature,2023-10-03 12:52:36 UTC,2024-06-11 08:55:54 UTC,Reliability for continuous metrics - Frequentist,SOW commitment for Loblaws \- end of Q2 ,Released,,6783364,"Data, Common  & Infrastructure",Tribe Marketers,_⭐ Reporting Squad,2024-04-01,2024-05-31,,,,,,,,,,,,,,,,,,,,,,,,,,,,,,,,,,,,,,,,,,,,,,,,,,,,,,,,,,,,,,,,,,,,,,,,,,,,,,,,,,,,,,,,,,,,,,,,,,,,,,,,,,,,,,,,
23067682,feature,2023-10-03 13:10:03 UTC,2025-03-12 14:07:41 UTC,Opportunity detector V2 (available for all),"## 📒 **Feature short description:** Describe what the feature does\. ``` This feature specifies the way to open the opportunity detector feature to all customers. We want it to drive a PLG strategy by giving a taste of the feature to customers and having them buy the audience package to unlock the full potential of the feature. ``` ## 😥 Problem <u>**Problem statement:**</u> What problem are we trying to solve with this feature? Or, what is the opportunity we are addressing?  ``` Currently Opportunity detector is only available to audience customers but we feel that it could benefits to all and drive an increase in interest for the audience package. ``` <u>**Workaround:**</u> - **Existing workaround:** No - **Workaround description:** : <span data-preserve-white-space></span> ## 💡 Solution <u>**Key benefits**</u>: <span data-preserve-white-space></span> What value does this feature bring to the user?  ``` - It brings a lot of value as we aim to get the most out of every idea which is tested and to not miss any opportunity to serve what is suiting the visitor best. ``` <span data-preserve-white-space></span>   <u>**Use Cases:**</u> <span data-preserve-white-space></span> Share use cases where this feature would help our users\. <span data-preserve-white-space></span> ``` Every time a test is inconclusive or is worsening a KPI. ``` <u>**✏️ Product design:**</u> - **Product package:** All packages - **Product scope:** The opportunity research will take place in the experiments result pages\. - **Target Persona**: Marketer \/ Product Manager - **Main updates:** <span data-preserve-white-space></span>     - Addition of a counter of allowed opportunities which starts at 2\.     - Users get a free opportunity every 1st of the month with a maximum limit of 2\.     - Users can spend their opportunity credit to un\-blur an opportunity which have been found in an experiment\. ## 🎯 **Measuring Success** - **Goal 1:** The goal is to have customer purchase the audience package to unlock an ilimited number of opportunities\.     - **Success metric:** Number of customer subscribed to the audience package\.  Number of audience segment created\. --- ## 📄 Attached documents - **Figma file**: [Figma](https://www.figma.com/file/WVkHeYd2NscazYjzCfftom/Opportunity-found?type=design&node-id=347-620&mode=design&t=YC3PtokVPMuukEwj-0) - **Spec file**: <https://navy-top-697.notion.site/Opportunity-Detection-V2-85f6443daad944a9bbf95681ffac9a99?pvs=4> - **Redmine ticket**: <https://project.kameleoon.net/issues/23788> ",Released,,6783364,"Data, Common  & Infrastructure",Tribe Marketers,"rep_deprecated, _⭐ Reporting Squad",2023-09-01,2023-12-05,,,,,,,,,,,,,,,,,,,,,,,,,,,,,,,,,,,,,,,,,,,,,,,,,,,,,,,,,,,,,,,,,,,,,,,,,,,,,,,,,,,,,,,,,,,,,,,,,,,,,,,,,,,,,,,,
23072027,feature,2023-10-03 15:15:02 UTC,2024-06-14 15:08:08 UTC,Test duration estimator enhancements,"Enhance test duration computer\. Fetch customer data and use it to help with estimation\. Support test duration for all reliability computation methods\. <p></p> Or just help the customer to better estimate by playing with the estimator with toggles, likemeilleurtaux\.com <p></p> <span data-preserve-white-space></span>   ""would be great to be able to choose the output of this calculator : Duration, Minimal detectable effect \(MDE\), Traffic\. conversion rate, confidence - Example 1 : Based on a specific traffic, and conversion rate, I want to know what is the MDE I can get in a month period \> Output = MDE - Example 2 : I want to know what is the minimal traffic required if I want to get results with a specific MDE in a max delay of 3 weeks \(to know for example, on which page of my website I can launch or not tests\) \> Output = Traffic - Example 3 : based on my traffic, within a month period, I want to know what is the minimal conversion rate required to get a specific MDE \(to know which KPIs should use or not\) \> Output = Conversion rate""     Kameleoon, Fboisseranc"" <p></p> <p></p> Benchmark: CXL website, ABTest Calculator <p></p> ",Planned,,6783364,"Data, Common  & Infrastructure",Calixthe Mattei,_⭐ Reporting Squad,2024-07-03,2024-09-21,,,,,,40,,,,,,,,,,,,,,#2 - Needs of mature XP teams,,,,,,,,,,,,,,,,,,,,Statsig has small capabilities of it + often requested internally,20,20,,,,,,,,,,,,,,,,,,,,,,,,,,,,,,,,,,,,,,,,,,,,,,,,,,,,,,,,,,,,,,,,,,,,,,
23792786,feature,2023-10-05 07:34:34 UTC,2025-07-08 10:05:07 UTC,Google Tag Manager - Kameleoon templates,"## 📒 **Feature short description:** The goal is to be listed in GTM template gallery\. <span data-preserve-white-space></span> It will allow users to easily install Kameleoon on their website if they are using GTM\. ![](https://pb-files.s3.amazonaws.com/production/attachments/c1803c1ef2ae4f38225136309f59973901c4b2104443eda8eb3c8caf0da876ad/image.png) ## 😥 Problem <u>**Problem statement:**</u> We are not listed in GTM\. Installing from GTM using a template is easier than adding the Kameleoon tag manually\.  <span data-preserve-white-space></span> <u>**Workaround:**</u> - **Existing workaround:** Yes <span data-preserve-white-space></span> - **Workaround description:** Manually <p></p> <p></p> > Vincent Taldir : "" *Le plus urgent est le déclenchement de goal depuis GTM\. Cela répond à le demande de bcp de client qui demande ""comment on fait pour envoyer les conversion GA4 vers Kameleoon""* "" --- ## 📄 Attached documents - **Redmine ticket**: User story \#24121 \- GTM templates for Kameleoon     <https://project.kameleoon.net/issues/24121> <p></p> ",New idea,,9564652,Common integrations,Isabelle Ung,_⭐ Integrations Squad,,,,,,,,60,60,,,,,,,,,,,,2,,,,,,,,,,,,,,,,,Squad Dev Tools,,,,,60,30,,,,,,,,,,,,,,,,,,,,,,,,,,,,,,,,,,,,,,,,,,,,,,,,,,,,,,,,,,,,,,,,,,,,,,
23808974,feature,2023-10-05 14:07:24 UTC,2025-04-03 10:01:18 UTC,Teams - Tags and quick adaptations,"",Planned,,31139417,Users & Teams,Yassin Hassan,_⭐ Admin & Engine Squad,,,,,,,,,,,,,,,,,,,,,,,,,,,,,,,,,,,,,,Squad Interfaces,,,,,,,,,,,,,,,,,,,,,,,,,,,,,,,,,,,,,,,,,,,,,,,,,,,,,,,,,,,,,,,,,,,,,,,,,,,Tribe Marketers,
23824143,feature,2023-10-06 08:03:37 UTC,2024-12-18 20:30:41 UTC,Akamai,"The **Akamai Edge CDN Kit** integrates Kameleoon’s FME platform with Akamai’s global content delivery network, providing faster, more secure delivery of feature flags and experiments\. By leveraging Akamai’s edge infrastructure, experiments are executed closer to end users, reducing latency and improving performance\. This integration ensures real\-time decision\-making at scale, enhancing user experience and experiment accuracy, especially for high\-traffic websites\. ",Released,,9564652,Common integrations,Tribe Developer,"_⭐ Feature Experimentation Squad, _⭐ SDK Squad",2024-10-01,2024-12-12,,,,,,,,,,,,,,,,,,,,,,,,,,,,,,,,,,,,,,,,,,,,,,,,,,,,,,,,,,,,,,,,,,,,,,,,,,,,,,,,,,,,,,,,,,,,,,,,,,,,,,,,,,,,,,,,
23866915,feature,2023-10-09 13:20:18 UTC,2025-07-08 10:16:45 UTC,DWH advanced dashboard,"## 📒 **Feature short description:** For goals metric loaded from data warehouses, having a dashboard with KPI to monitor the jobs is very useful : <span data-preserve-white-space></span> <https://hightouch.com/blog/feature-release-workspace-activity-dashboard> ",New idea,,32146623,Data warehouses topics,Isabelle Ung,_⭐ Integrations Squad,,,,,,,,60,60,,,,,,,,,,,,,,,,,,,,,,,,,,,,,Squad Dev Tools,,,,,60,60,,,,,,,,,,,,,,,,,,,,,,,,,,,,,,,,,,,,,,,,,,,,,,,,,,,,,,,,,,,,,,,,,,,,,,
23888043,feature,2023-10-10 12:29:37 UTC,2025-03-24 09:51:09 UTC,Getfeedback Integration,"We currently have GetFeedback Custom integration available in the open source analytics library\. <p></p> <https://www.getfeedback.com/en/integrations/> <https://help.surveymonkey.com/en/getfeedback/integrations/push-feedback-data-layer/> <p></p> Proposed by Emmanuelle Charmat : <span data-preserve-white-space></span> ``` // Object for holding Usabilla Custom Variables Data var usblCustom = {}; // Define the name of the current experiment or personalization const xpName = experimentName ? experimentName : personalizationName; // Define the id of the current experiment or personalization const id = experimentID ? experimentID : personalizationID; usblCustom[id + "" - ""+ xpName] = variationID + "" - "" + variationName; // Init Custom Variables Kameleoon.API.Core.runWhenConditionTrue(function () {     return window.usabilla_live != null; }, function() { window.usabilla_live(""data"", {     ""custom"": usblCustom });}, 150); ``` ",Released,,9564652,Common integrations,Isabelle Ung,_⭐ Integrations Squad,2024-12-09,2024-12-23,,,,,,60,60,,,,,,,,,,,,1,#2 - Needs of mature XP teams,,,,,,,,,,,,,,,,Squad Dev Tools,,,,,60,60,,,,,,,,,,,,,,,,,,,,,,,,,,,,,,,,,,,,,,,,,,,,,,,,,,,,,,,,,,,,,,,,,,,,,,
23911091,feature,2023-10-11 12:52:47 UTC,2024-01-31 14:55:16 UTC,Graphic editor v2 - for all customers,"",Development in progress,,6783323,Web Experimentation,Tribe Marketers,🙂 Interface squad,,,,,,,,,,,,,,,,,,,,,,,,,,,,,,,,,,,,,,,,,,,,,,,,,,,,,,,,,,,,,,,,,,,,,,,,,,,,,,,,,,,,,,,,,,,,,,,,,,,,,,,,,,,,,,,,,,
23931058,feature,2023-10-12 09:20:23 UTC,2024-07-12 14:12:26 UTC,Solution Access Management,"## 📒 **Feature short description:** ``` This feature allows super administrators, from companies who have access to the 2 solutions (Web Experimentation, Feature Experimentation), to allocate custom solution rights to users based on their needs.  ``` ## 😥 Problem <u>**Problem statement:**</u> ``` As an Enterprise company super administrator, I need to refine the rights I allocate to each my users for more security and accuracy.  ``` <u>**Workaround:**</u> - **Existing workaround:** No ## 💡 Solution <u>**Key benefits**</u>: <span data-preserve-white-space></span> What value does this feature bring to the user?  ``` Be more precise in the solutions rights Give people only access to what they use and need Increased security ``` <span data-preserve-white-space></span>   <u>**Use Cases:**</u> <span data-preserve-white-space></span> Share use cases where this feature would help our users\. <span data-preserve-white-space></span> ``` This feature is particularly helpful in contexts where we both have Marketers and PMs in a single customer's company - both of them don't use the same Kameleoon solutions, and thus don't need rights on the perimeter they don't belong to. ``` <u>**✏️ Product design:**</u> - **Product package:** Web Experimentation \/ Full Stack Experimentation \/ Feature Management <span data-preserve-white-space></span> - **Product scope:** Team page, User page - **Target Persona**: Marketer \/ Developer \/ Product Manager - **Main updates:** <span data-preserve-white-space></span>     - for Super Admins, on team page, enable to select which solutions to have access to who, with some toggles     - Solutions users don't have access to are locked in the app for the relevant users ## 🎯 **Measuring Success** - **Goal 1:** use of the feature - **Success metric:** nb of customers who customed their users solutions rights <p></p> - **Goal 2:** depth of use of the feature - **Success metric:** nb of users for who the super admin customized the roles --- ## 📄 Attached documents - **Figma file**: <span data-preserve-white-space></span> [Embedded content](https://www.figma.com/embed?embed_host=share&url=https%3A%2F%2Fwww.figma.com%2Ffile%2FYdhsPvtp9JVOB2ANFRs2qM%2F25224---Custom-package-rights-by-user%3Ftype%3Ddesign%26node-id%3D0-1%26mode%3Ddesign%26t%3Dk4Eh02vj7v619Dts-0) <p></p> - **Redmine ticket** <https://project.kameleoon.net/issues/25224> <p></p> ",Released,,6783364,"Data, Common  & Infrastructure",Yassin Hassan,_⭐ Admin & Engine Squad,2024-05-04,2024-06-30,,,,,,60,80,,,,,,,,,,,,,,,,,,,,,,,,,,,,,Squad Interfaces,,,,,70,70,,,,,,,,,,,,,,,,,,,,,,,,,,,,,,,,,,,,,,,,,,,,,,,,,,,,,,,,,,,,,,,,,,,,,,
23931139,feature,2023-10-12 09:25:18 UTC,2025-02-10 10:15:15 UTC,Custom attribution window by experiment,"## 📒 **Feature short description:** Describe what the feature does\. ``` This feature allows marketers and data analysts to define a custom attribution window for specific experiments.  ``` ## 😥 Problem <u>**Problem statement:**</u> What problem are we trying to solve with this feature? Or, what is the opportunity we are addressing?  ``` As a data analyst, sometimes I need to define different attribution windows depending on my campaigns and their needs. However, currently, I can only define a single attribution window by project, that will be applied to all campaigns of this project. ``` <u>**Workaround:**</u> - **Existing workaround:** No ## 💡 Solution <u>**Key benefits**</u>: <span data-preserve-white-space></span> What value does this feature bring to the user?  ``` Data analysis will be more specific and tailored to singular experiments needs ``` <span data-preserve-white-space></span>   <u>**Use Cases:**</u> <span data-preserve-white-space></span> Share use cases where this feature would help our users\. <span data-preserve-white-space></span> ``` Sometimes, some use cases might require a shorter or longer time frame to count visits / visitors and their associated conversions, to better understand what conversions can be linked to. ``` <u>**✏️ Product design:**</u> - **Product package:** Web Experimentation in the first place - **Product scope:** Classic A\/B experiments finalization flow - **Target Persona**: Marketer \/ Data Analysts - **Main updates:** In bullets, concisely describe what your solution consists of:     - In the finalization flow, we're adding a new field to customize the attribution window for each draft experiment\. The defined window will be taken into account only for this specific experiment, and override the global project attribution window ## 🎯 **Measuring Success** - **Goal 1:** use of the feature - **Success metric:** number of experiment on which a custom window is defined --- ## 📄 Attached documents - **Figma file**: <span data-preserve-white-space></span> [Embedded content](https://www.figma.com/embed?embed_host=share&url=https%3A%2F%2Fwww.figma.com%2Ffile%2FMOoV2ZeLmMxHDqp0Dq1BNw%2F25453---Custom-attribution-window-by-experiment%3Ftype%3Ddesign%26node-id%3D0-1%26mode%3Ddesign%26t%3DtWAcwVKjpvm3KtHk-0) <p></p> - **Redmine ticket**: <https://project.kameleoon.net/issues/25453> <p></p> ",Released,,6783323,Web Experimentation,Ivan Kulagin,"_⭐ Campaign Creation Squad, 🙂 Interface squad",2024-11-25,2025-02-04,,,,,,,,,,,,,,,,,,,,,,,,,,,,,,,,,,,,,,,,,,,,,,,,,,,,,,,,,,,,,,,,,,,,,,,,,,,,,,,,,,,,,,,,,,,,,,,,,,,,,,,,,,,,,,,,
23949354,feature,2023-10-13 04:30:20 UTC,2024-05-31 11:57:22 UTC,Evaluations over Time graph,"",Released,,9564875,Feature Management & Experimentation (FM&E),Tribe Developer,"_⭐ Feature Experimentation Squad, 🙂 FF/SDK Squad",2024-02-22,2024-05-31,,,,,,,,,,,,,,,,,,,,,,,,,,,,,,,,,,,,,,,,,,,,,,,,,,,,,,,,,,,,,,,,,,,,,,,,,,,,,,,,,,,,,,,,,,,,,,,,,,,,,,,,,,,,,,,,
23949412,feature,2023-10-13 04:38:29 UTC,2024-09-19 11:20:17 UTC,Quick Targeting,"",Released,,9564875,Feature Management & Experimentation (FM&E),Tribe Developer,"_⭐ Feature Experimentation Squad, 🙂 FF/SDK Squad, forrester",2024-04-01,2024-08-31,,,,,,,,,,,,,,,,,,,,,,,,,,,,,,,,,,,,,,,,,,,,,,,,,,,,,,,,,,,,,,,,,,,,,,,,,,,,,,,,,,,,,,,,,,,,,,,,,,,,,,,,,,,,,,,,
23949435,feature,2023-10-13 04:40:25 UTC,2023-11-17 20:18:42 UTC,Jira Integration (Zapier),"",Released,,9564875,Feature Management & Experimentation (FM&E),Tribe Developer,🙂 FF/SDK Squad,2023-09-28,2023-11-16,,,,,,,,,,,,,,,,,,,,,,,,,,,,,,,,,,,,,,,,,,,,,,,,,,,,,,,,,,,,,,,,,,,,,,,,,,,,,,,,,,,,,,,,,,,,,,,,,,,,,,,,,,,,,,,,
23959479,feature,2023-10-13 14:55:11 UTC,2023-10-13 14:55:11 UTC,Salesforce Commerce Cloud,"",New idea,,8692201,Feature Experimentation,Frederic DE TODARO,"",,,,,,,,,,,,,,,,,,,,,,,,,,,,,,,,,,,,,,,,,,,,,,,,,,,,,,,,,,,,,,,,,,,,,,,,,,,,,,,,,,,,,,,,,,,,,,,,,,,,,,,,,,,,,,,,,,
24046021,subfeature,2023-10-18 14:00:47 UTC,2025-09-05 15:13:34 UTC,"Configurable columns on FF, Goals, Segments, Custom data dashboards","## 💁‍♂️ Problem\/Context - **Description:**   As I user I would to have access to a customizable view of my dashboard in the BO client so I can have access only to sections that interesting me     - **Existing workaround:** Yes     - **Workaround description:** The client can consult sections is interesting in manually   **Project justification:**     - **Project type:** to fill in *\(refer to PDB Template \- slide 9\)*     - **Justification:** Requested capability on existing customers ## 💡 Solution - **Product package:** Full stack - **Product scope:** The operation is the same on all pages \(A\/B tests, Perso, Segments, Goals, Websites\)\. - **User roles**: all - **Design:** For one dashboard <span data-preserve-white-space></span>     - Fist on the right sidebar next to filter a tab will be present: “columns “\. With this new functionality “Columns”, users can customize their dashboards : they can choose which columns they want to display\. <p></p> ![](https://pb-files.s3.amazonaws.com/production/attachments/ddf16368ce7bdfb49a77eea904f39134f481a0e3dbe5da1684f8c8d3d930f164/Capture_d_ecran_2022-07-25_a_17.26.56.png) To custom the view by default, there will be a wheel icon to acces to parameter <p></p> ![](https://pb-files.s3.amazonaws.com/production/attachments/c4d6c59312081b4cf40bc3674063b233efdbf62b88625e227f0a8679f9699b62/Capture_d_ecran_2022-07-25_a_17.28.09.png) <p></p> - There will be elements displayed by default: <span data-preserve-white-space></span>     - Name     - Type     - Status     - Modified     - Tag   <p></p> - and elements not displayed by default <span data-preserve-white-space></span>     - Author     - Created     - Website\/project     - Main goal     - Online     - Results exploitability   <p></p> With a checkbox system, user can select element he want to be displayed or not <p></p> ![](https://pb-files.s3.amazonaws.com/production/attachments/2ba3a0ae90ba55c7e6f11845dd3657f65f1ee7e951e4488a5b129ec55f5231bb/Capture_d_ecran_2022-07-25_a_17.31.43.png) <p></p> ## 🎯 **Measuring Success** - **Goal 1:** Retenion: adress critical user pain points - **Success metric:** Allow user to easily customize their dashboard view\. - **Success metric:** Save user time with adapted view they can use to have access to only relevant informations - **Goal 2:** Satisfaction - **Success metric:** Save user time with adapted view they can use to have access to only relevant informations --- ## 📄 Attached documents - **Figma file**: none \(visual specs [here](https://docs.google.com/presentation/d/1nCb_vuwg7Uc4MZ1D82z-MfF0oVmNLlPALRVrMAn6RCw/edit?usp=sharing)\) - **Spec file**: [Link](https://docs.google.com/document/d/1nUz22a5S4obOQtWgXlLk-SGUWPlxtalTKTQonPzKHN8/edit?usp=sharing) - **Redmine tickect:** in progress ",Released,(Releases) 2023,17513863,Kameleoon new UI,Mallaury Gruget,"_⭐ App System Squad, 🙂 Interface squad, Masterplan",2024-12-24,2025-04-30,,,,,,,,,,,,,,,,,,,,,,,,,,,,,,,,,,,,Squad Interfaces,,,14.15,,,,,,,,,,,,,,,,,,,,,,,,,,,,,,,,,,,,,,,,,,,,,,,,,,,,,,,,,,,,,,,,,,,,,,,,Tribe Marketers,
24123203,feature,2023-10-23 09:09:33 UTC,2024-03-26 00:13:57 UTC,GA4 (recommended) to support GTM,User story \#26073 \- GA4 \(recommended\) \- GA4 to support GTM   <https://project.kameleoon.net/issues/26073> ,Released,,9564652,Common integrations,Tribe Developer,"🎨 design needed, _⭐ Integrations Squad",2024-02-19,2024-03-31,,,,,,60,60,,,,,,,,,,,,1,,,,,,,,,,,,,,,,,Squad Dev Tools,,,,,60,60,,,,,,,,,,,,,,,,,,,,,,,,,,,,,,,,,,,,,,,,,,,,,,,,,,,,,,,,,,,,,,,,,,,,,,
24123227,feature,2023-10-23 09:11:34 UTC,2025-11-01 07:49:58 UTC,Widget Code Editor Redesign,<p></p> [Embedded content](https://www.figma.com/embed?embed_host=share&url=https%3A%2F%2Fwww.figma.com%2Ffile%2F6Uo9XbBl8QUM309jyQym80%2FWidget--Code-Editor%3Ftype%3Ddesign%26node-id%3D34-5742%26mode%3Ddesign) <p></p> ,Candidate,,12428994,Widget Code Editor,Lily from Kameleoon,"🎨 design needed, _⭐ Visual Builders Squad",2024-04-16,2024-12-16,,,,,,60,60,,,,,,,,,,,,,,,,,,,,,,,,,,,,,Squad Perso,,,,,60,60,,,,,,,,,,,,,,,,,,,,,,,,,,,,,,,,,,,,,,,,,,,,,,,,,,,,,,,,,,,,,,,,,,,,,,
24128639,feature,2023-10-23 09:59:00 UTC,2024-05-02 08:42:21 UTC,Snowflake - Use Snowflake as a destination,User story \#25851 \- Snowflake \- Use as a destination   <https://project.kameleoon.net/issues/25851> ,Released,,9564652,Common integrations,Tribe Developer,"🎨 design needed, _⭐ Integrations Squad",2024-01-01,2024-04-30,,,,,,100,100,,,,,,,,,,,,,,,,,,,,,,,,,,,,,Squad Dev Tools,,,,,100,100,,,,,,,,,,,,,,,,,,,,,,,,,,,,,,,,,,,,,,,,,,,,,,,,,,,,,,,,,,,,,,,,,,,,,,
24128676,subfeature,2023-10-23 10:00:52 UTC,2024-02-16 16:45:42 UTC,Snowflake - Goal metrics,US \#26042 \- Snowflake \- Goal metrics   <https://project.kameleoon.net/issues/26042> ,Released,,13443566,Snowflake Integration,Tribe Developer,"🎨 design needed, _⭐ Integrations Squad",2024-01-22,2024-02-15,,,,,,100,80,,,,,,,,,,,,,,,,,,,,,,,,,,,,,Squad Dev Tools,,,,,90,90,,,,,,,,,,,,,,,,,,,,,,,,,,,,,,,,,,,,,,,,,,,,,,,,,,,,,,,,,,,,,,,,,,,,,,
24132501,feature,2023-10-23 12:26:32 UTC,2025-07-08 10:05:09 UTC,GTM - Server-side templates to trigger GA4 events,Exist in Commanders Act : <https://www.commandersact.com/fr/produits/tag-management/server-side/> ,New idea,,9564652,Common integrations,Isabelle Ung,_⭐ Integrations Squad,,,,,,,,60,60,,,,,,,,,,,,,,,,,,,,,,,,,,,,,Squad Dev Tools,,,,,60,60,,,,,,,,,,,,,,,,,,,,,,,,,,,,,,,,,,,,,,,,,,,,,,,,,,,,,,,,,,,,,,,,,,,,,,
24137022,feature,2023-10-23 14:35:49 UTC,2024-10-01 09:48:40 UTC,Amazon Redshift Integration - Use as a source and Goal metrics,New leads : <span data-preserve-white-space></span> - Lingoda \- Germany \- They are mostly interested in using their data as a targeting condition\. - Mercury Financial \- USA \- They are mostly interested in using their data as a goal metric\. <p></p> User story \#28728 \- Amazon Redshift Integration \- Use as a source and Goal metrics   <https://project.kameleoon.net/issues/28728> ,Released,,9564652,Common integrations,Tribe Developer,_⭐ Integrations Squad,2024-07-01,2024-09-05,,,,,,,,,,,,,,,,,,,,,,,,,,,,,,,,,,,,Squad Dev Tools,,,,,,,,,,,,,,,,,,,,,,,,,,,,,,,,,,,,,,,,,,,,,,,,,,,,,,,,,,,,,,,,,,,,,,,,,,,,
24139234,feature,2023-10-23 15:37:11 UTC,2024-03-26 00:14:40 UTC,Sunsetting integrations and clean up,Subtask \#26069 \- Deleting deprecated integrations   <https://project.kameleoon.net/issues/26069> ,Released,,9564652,Common integrations,Tribe Developer,_⭐ Integrations Squad,2024-02-05,2024-03-20,,,,,,,,,,,,,,,,,,,,,,,,,,,,,,,,,,,,Squad Dev Tools,,,,,,,,,,,,,,,,,,,,,,,,,,,,,,,,,,,,,,,,,,,,,,,,,,,,,,,,,,,,,,,,,,,,,,,,,,,,
24208121,feature,2023-10-25 08:38:02 UTC,2025-07-08 10:17:22 UTC,GA4 Audience - Credentials Migration to Google Secret,"",Candidate,,9564652,Common integrations,Isabelle Ung,_⭐ Integrations Squad,2025-04-02,2025-05-31,,,,,,40,40,,,,,,,,,,,,,,,,,,,,,,,,,,,,,Squad Dev Tools,,,,,40,40,,,,,,,,,,,,,,,,,,,,,,,,,,,,,,,,,,,,,,,,,,,,,,,,,,,,,,,,,,,,,,,,,,,,,,
24208369,feature,2023-10-25 08:47:19 UTC,2025-07-08 10:18:08 UTC,On-demand back-to-back bridges from the Integrations page,<p></p> ,New idea,,9564652,Common integrations,Isabelle Ung,"🎨 design needed, _⭐ Integrations Squad",,,,,,,,40,40,,,,,,,,,,,,,,,,,,,,,,,,,,,,,Squad Dev Tools,,,,,40,40,,,,,,,,,,,,,,,,,,,,,,,,,,,,,,,,,,,,,,,,,,,,,,,,,,,,,,,,,,,,,,,,,,,,,,
24234637,feature,2023-10-26 09:59:44 UTC,2025-07-24 16:08:40 UTC,DWH Microsoft Azure Integration,"",New idea,,32146623,Data warehouses topics,Isabelle Ung,"🎨 design needed, _⭐ Integrations Squad",,,,,,,,40,40,,,,,,,,,,,,,,,,,,,,,,,,,,,,,Squad Dev Tools,,,,,40,40,,,,,,,,,,,,,,,,,,,,,,,,,,,,,,,,,,,,,,,,,,,,,,,,,,,,,,,,,,,,,,,,,,,,,,
24234650,feature,2023-10-26 10:00:45 UTC,2025-07-08 10:13:19 UTC,Amperity Integration,"## 📒 **Feature short description:** Integrating with Amperity like we did with Contentful\. --- ## 📄 Attached documents - **Figma file**: optional \(paste link\) - **Spec file**: optional \(paste link\) - **Redmine ticket**: mandatory  \(paste link\) - **Image:** mandatory, to illustrate the topic <p></p> ",Candidate,,32146897,New integrations,Isabelle Ung,_⭐ Integrations Squad,,,,,,,,40,40,,,,,,,,,,,,,#2 - Needs of mature XP teams,,,,,,,,,,,,,,,,Squad Dev Tools,,,,,40,40,,,,,,,,,,,,,,,,,,,,,,,,,,,,,,,,,,,,,,,,,,,,,,,,,,,,,,,,,,,,,,,,,,,,,,
24416468,feature,2023-11-03 10:55:53 UTC,2024-01-22 15:00:44 UTC,Export users list,"## 📒 **Feature short description:** ``` This feature allows users to easily get a comprehensive view of their Kameleoon account users by exporting it in the format of their choice (xls, pdf) ``` ## 😥 Problem <u>**Problem statement:**</u> ``` As a customer, I need to easily get a view of the list of users having access to my Kameleoon account regularly, to keep track of these. ``` <u>**Workaround:**</u> - **Existing workaround:** Yes <span data-preserve-white-space></span> - **Workaround description:** Check the Team dashboard, on a Kameleoon account, to access the list ## 💡 Solution <u>**Key benefits**</u>: <span data-preserve-white-space></span> ``` Time-saving Comprehensive view Easy export share with any stakeholder ``` <span data-preserve-white-space></span>   <u>**Use Cases:**</u> <span data-preserve-white-space></span> Share use cases where this feature would help our users\. <span data-preserve-white-space></span> ``` Use the Jobs To Be Done framework to illustrate our user's motivation and behaviour. Structure this as: When the user [situation], they want to [motivation], so they can [expected outcome]. ``` <u>**✏️ Product design:**</u> - **Product package:** Web Experimentation \/ Full Stack Experimentation \/ Feature Management - **Product scope:** Team dashboard - **Target Persona**: Marketer \/ Product Manager - **Main updates:** In the Team dashboard, we'll add an export feature along with a dedicated sidebar, to generate the desired exports ## 🎯 **Measuring Success** - **Goal 1:** use of the feature - **Success metric:** number of clicks on export ## 📄 Attached documents - **Redmine ticket**: <https://project.kameleoon.net/issues/24703> <p></p> ",Released,,6783364,"Data, Common  & Infrastructure",Mallaury Gruget,🙂 Interface squad,2023-10-25,2024-01-08,,,,,,,,,,,,,,,,,,,,,,,,,,,,,,,,,,,,,,,,,,,,,,,,,,,,,,,,,,,,,,,,,,,,,,,,,,,,,,,,,,,,,,,,,,,,,,,,,,,,,,,,,,,,,,,,
24461752,feature,2023-11-06 18:27:40 UTC,2025-07-08 10:05:16 UTC,Hotjar Integration Listing on the partner side,"## 📒 **Feature short description:** The goal is to be listed like AB Tasty : <https://help.hotjar.com/hc/en-us/articles/16450290709783-Hotjar-s-Integration-with-AB-Tasty-> It requires a dev work on Hotjar side, but it should be easy since they already did it with AB Tasty\. <span data-preserve-white-space></span> Their beamer post with AB Tasty : [https:\/\/www\.hotjar\.com\/updates\/en\/ab\-tasty\-hotjar\-a\-recipe\-for\-more\-impactful\-campaigns\#:~:text=The%20integration%20works%20by%20sending,launch%20surveys%20on%20campaign%20pages](https://www.hotjar.com/updates/en/ab-tasty-hotjar-a-recipe-for-more-impactful-campaigns#:~:text=The%20integration%20works%20by%20sending,launch%20surveys%20on%20campaign%20pages) Another doc : <https://help.hotjar.com/hc/en-us/articles/360052309573> <p></p> ",New idea,,9564652,Common integrations,Isabelle Ung,_⭐ Integrations Squad,,,,,,,,40,40,,,,,,,,,,,,,,,,,,,,,,,,,,,,,Squad Dev Tools,,,,,40,40,,,,,,,,,,,,,,,,,,,,,,,,,,,,,,,,,,,,,,,,,,,,,,,,,,,,,,,,,,,,,,,,,,,,,,
24480389,feature,2023-11-07 12:58:33 UTC,2025-02-10 11:57:08 UTC,Widget Studio Premium - 30 days free trial,Widget Studio: Free Trial enables all non\-users to explore all the premium features of Widget Studio at no cost for 30 days\. <span data-preserve-white-space></span> ,Design in progress,,25770925,Widget Studio,Fabien DIMEGLIO,_⭐ Visual Builders Squad,2023-11-01,2025-02-09,,,,,,,,,,,,,,,,,,,,,,,,,,,,,,,,,,,,Squad Perso,,,,,,,,,,,,,,,,,,,,,,,,,,,,,,,,,,,,,,,,,,,,,,,,,,,,,,,,,,,,,,,,,,,,,,,,,,,,
24480402,feature,2023-11-07 12:59:34 UTC,2024-03-06 14:38:44 UTC,Widget Countdown V2,"Countdown V2 addresses key challenges for marketers by providing independent editing of digits and separators, effortless space customization without coding, and a dedicated resizing feature for creating pixel\-perfect countdowns\. It streamlines the application of consistent styles and ensures proportional resizing of all sub\-elements, offering a comprehensive solution for efficient and precise countdown customization\. ",Released,,12429296,New elements,Fabien DIMEGLIO,_⭐ Visual Builders Squad,2023-10-23,2024-01-31,,,,,,,,,,,,,,,,,,,,,,,,,,,,,,,,,,,,Squad Perso,,,,,,,,,,,,,,,,,,,,,,,,,,,,,,,,,,,,,,,,,,,,,,,,,,,,,,,,,,,,,,,,,,,,,,,,,,,,
24506242,feature,2023-11-08 10:57:45 UTC,2024-10-14 12:48:35 UTC,More secure Statistical option update,"We should make sure our users are fully aware of what they do when they update an option which might increase the risk they take\. \(switching between CUPED or not CUPED, sequential etc\) ",Planned,,6783364,"Data, Common  & Infrastructure",Jean-Christophe CARLES,_⭐ Reporting Squad,2025-02-15,2025-06-01,,,,,,,,,,,,,,,,,,,,,,,,,,,,,,,,,,,,,,,,,,,,,,,,,,,,,,,,,,,,,,,,,,,,,,,,,,,,,,,,,,,,,,,,,,,,,,,,,,,,,,,,,,,,,,,,
24512356,feature,2023-11-08 12:26:22 UTC,2024-07-04 13:44:04 UTC,Consent Management,"## 📒 **Feature short description:** <p></p> This update enhances our SDK privacy policy, giving customers to exert control over the data collection and display based on visitor consent\. It introduces a new method, **setLegalConsent\(\)** which unlocks fine\-tuning consent management\. <p></p> ## 😥 Problem <p></p> **Problem statement:** - Currently, there's no streamlined way to handle consent policies within the SDK - No standardized method to determine if a visitor has provided consent - Inability to adjust behavior based on visitor consent status **Workaround:** - **Existing workaround:** Partially, with Automation API\. <p></p> ## 💡 Solution **Key benefits**: <span data-preserve-white-space></span> 1. Introduces new method enabling precise control over consent\-based tracking 1. Flexibility to choose consent policies ensures compliance with various legal requirements 1. Enhances tracking capabilities, allowing SDK to adapt experience based on visitor consent status <span data-preserve-white-space></span>  <span data-preserve-white-space></span> <u>**✏️ Product design:**</u> - **Product package:**  Feature Management <span data-preserve-white-space></span> - **Product scope:** Inside rule setup menu <span data-preserve-white-space></span> - **Target Persona**: All - **Main updates:** <span data-preserve-white-space></span>     - Same setup page UI for creating, deleting and reordering environments <p></p> ## 🎯 **Measuring Success** - **Goal:** Feature adoption - **Success metric:** SDK method usage --- ## 📄 Attached documents - **RM Ticket:** <https://project.kameleoon.net/issues/21554> - <https://developers.kameleoon.com/feature-management-and-experimentation/web-sdks/java-sdk/#setlegalconsent> ",Released,,8692201,Feature Experimentation,Junaid Gulzar Malik,🙂 FF/SDK Squad,2023-10-01,2023-12-31,,,,,,,,,,,,,,,,,,,,,,,,,,,,,,,,,,,,,,,,,,,,,,,,,,,,,,,,,,,,,,,,,,,,,,,,,,,,,,,,,,,,,,,,,,,,,,,,,,,,,,,,,,,,,,,,
24513260,feature,2023-11-08 13:15:55 UTC,2023-11-08 13:17:41 UTC,New Segment.io bridge - Action Destination,"## 📒 **Feature short description:** This is the card for our new integration with Segment\.io, which is basically the same bridge we had, but in a new environment and with more feature on Segment side\. <p></p> ",Released,,9564652,Common integrations,Yassin Hassan,🙂 Dev Tools Squad,2023-10-01,2023-12-31,,,,,,,,,,,,,,,,,,,,,,,,,,,,,,,,,,,,Squad Dev Tools,,,,,,,,,,,,,,,,,,,,,,,,,,,,,,,,,,,,,,,,,,,,,,,,,,,,,,,,,,,,,,,,,,,,,,,,,,,,
24513298,feature,2023-11-08 13:17:56 UTC,2023-11-22 14:29:47 UTC,Advanced Targeting Conditions,**Several advanced conditions to be added to the segment builder for streamlined targeting on par with Kameleoon Web Experimentation\.** <span data-preserve-white-space></span> <p></p> ➞ `Visited pages` - Page title - Page URL - Previous page <p></p> ➞ `Visiting behavior` - New or returning visitors - Number of page views - Time elapsed since first visit - Time elapsed since last visit - Number of visits today - Total number of visits <p></p> ➞ `Goal converted` <p></p> ➞ `Campaigns` - Experiment \(web or feature experiments\) - Exclusive campaign <p></p> ➞ `Custom data` <p></p> ➞ `Technical` - Browser cookie - Browser - Operating system - Device type <p></p> ➞ `Segments` - Kameleoon segment <p></p> ,Development in progress,,9564877,SDKs,Tribe Developer,"_⭐ Feature Experimentation Squad, 🙂 FF/SDK Squad",,,,,,,,,,,,,,,,,,,,,,,✅ Released,,✅ Released,✅ Released,✅ Released,✅ Released,✅ Released,✅ Released,✅ Released,✅ Released,✅ Released,✅ Released,,,,Squad FM&E,,,,,,,,,,,,,,,,,,,,,,,,,,,,,,,,,,,,,,,,,,,,,,,,,,,,,,,,,,,,,,,,,,,,,,,,,,,,"SDK 1,SDK 2,SDK 3"
24519101,feature,2023-11-08 15:52:06 UTC,2024-03-12 09:43:20 UTC,Raw export improvements,Export directly to client storage\. Find a way to make it API friendly by avoiding to have to wait for an email\. Include all conversions in the extract\. ,Released,,6783364,"Data, Common  & Infrastructure",Jean-Christophe CARLES,_⭐ Reporting Squad,2024-02-01,2024-02-29,,,,,,,,,,,,,,,,,,,,,,,,,,,,,,,,,,,,,,,,,,,,,,,,,,,,,,,,,,,,,,,,,,,,,,,,,,,,,,,,,,,,,,,,,,,,,,,,,,,,,,,,,,,,,,,,
24519129,feature,2023-11-08 15:53:39 UTC,2024-04-24 12:40:55 UTC,SRM internalization,"We shouldn't rely on SRM external service anymore, nor on Appcues for the pop\-in\. We should include the test's computations in our back\-end as well as the pop\-in\. Once the computations will be available, we'll also add a new kind of custom alert to allow customer to be notified via email if we detect SRM on an experiment\. ",Released,,6783364,"Data, Common  & Infrastructure",Jean-Christophe CARLES,_⭐ Reporting Squad,2024-03-22,2024-04-30,,,,,,,,,,,,,,,,,,,,,,,,,,,,,,,,,,,,,,,,,,,,,,,,,,,,,,,,,,,,,,,,,,,,,,,,,,,,,,,,,,,,,,,,,,,,,,,,,,,,,,,,,,,,,,,,
24521291,feature,2023-11-08 17:21:51 UTC,2024-03-27 13:52:34 UTC,Holdout for audience global KPIs,It would be good to have give the customer the possibility to have a holdout group which is excluded from all experiment and personalization\. This way we can compute more accurately the impact of one's experiment program overall\. ,New idea,,6783364,"Data, Common  & Infrastructure",Jean-Christophe CARLES,_⭐ Reporting Squad,2025-01-01,2025-03-11,,,,,,,,,,,,,,,,,,,,,,,,,,,,,,,,,,,,,,,,,,,,,,,,,,,,,,,,,,,,,,,,,,,,,,,,,,,,,,,,,,,,,,,,,,,,,,,,,,,,,,,,,,,,,,,,
24522313,feature,2023-11-08 18:29:28 UTC,2024-06-14 15:06:41 UTC,Add automatic alerts,"Add several alerting possibilities to our alerting capabilities: <p></p> <p></p> - SRM <span data-preserve-white-space></span> - Test duration is reached <span data-preserve-white-space></span> - AI Opportunity detected - Goal collection disruptment detected - \(Error tracking\) <span data-preserve-white-space></span> - \(Crossover units detected, ie one user has seen many variants\) <p></p> <p></p> Slack or email was requested <p></p> <p></p> <p></p> Check for the project level and not only test level ",Planned,,6783364,"Data, Common  & Infrastructure",Calixthe Mattei,_⭐ Reporting Squad,2024-07-03,2024-08-09,,,,,,60,,,,,,,,,,,,,,#1  - Frictionless experience,,,,,,,,,,,,,,,,,,,,Safeguard your experiments,30,30,,,,,,,,,,,,,,,,,,,,,,,,,,,,,,,,,,,,,,,,,,,,,,,,,,,,,,,,,,,,,,,,,,,,,,
24558434,feature,2023-11-09 16:35:31 UTC,2023-11-10 17:25:19 UTC,Jira x Kameleoon (via Zapier),"",Development in progress,,9564875,Feature Management & Experimentation (FM&E),Junaid Gulzar Malik,🙂 FF/SDK Squad,2023-11-01,2023-12-31,,,,,,,,,,,,,,,,,,,,,,,,,,,,,,,,,,,,,,,,,,,,,,,,,,,,,,,,,,,,,,,,,,,,,,,,,,,,,,,,,,,,,,,,,,,,,,,,,,,,,,,,,,,,,,,,
24655389,subfeature,2023-11-15 09:35:38 UTC,2025-04-07 09:19:27 UTC,Prioritization & Capping - Redesign,"",Planned,,9974159,Updated Personalization page,Mallaury Gruget,"_⭐ Campaign Creation Squad, 🙂 Perso Squad",2025-05-19,2025-08-17,,,,,,,,,,,,,,,,,,,,,,,,,,,,,,,,,,,,Squad Perso,,,,,,,,,,,,,,,,,,,,,,,,,,,,,,,,,,,,,,,,,,,,,,,,,,,,,,,,,,,,,,,,,,,,,,,,,,,,
24655783,feature,2023-11-15 10:00:06 UTC,2023-11-15 10:01:11 UTC,Autopromotion Migration,"",New idea,,9564719,Autopromo Personalization,Lily from Kameleoon,🙂 Perso Squad,,,,,,,,,,,,,,,,,,,,,,,,,,,,,,,,,,,,,,Squad Perso,,,,,,,,,,,,,,,,,,,,,,,,,,,,,,,,,,,,,,,,,,,,,,,,,,,,,,,,,,,,,,,,,,,,,,,,,,,,
24656126,feature,2023-11-15 10:12:37 UTC,2024-05-02 08:42:06 UTC,Wheel of Fortune element,"",Released,,12429296,New elements,Lily from Kameleoon,"🙂 Perso Squad, _⭐ Visual Builders Squad",2024-01-29,2024-04-30,,,,,,,,,,,,,,,,,,,,,,,,,,,,,,,,,,,,Squad Perso,,,,,,,,,,,,,,,,,,,,,,,,,,,,,,,,,,,,,,,,,,,,,,,,,,,,,,,,,,,,,,,,,,,,,,,,,,,,
24656354,feature,2023-11-15 10:25:35 UTC,2023-11-15 10:33:27 UTC,Multi-segment Targeting,"",New idea,,9564700,Classic Personalization,Lily from Kameleoon,"_⭐ Campaign Creation Squad, 🙂 Perso Squad",,,,,,,,,,,,,,,,,,,,,,,,,,,,,,,,,,,,,,Squad Perso,,,,,,,,,,,,,,,,,,,,,,,,,,,,,,,,,,,,,,,,,,,,,,,,,,,,,,,,,,,,,,,,,,,,,,,,,,,,
24656608,feature,2023-11-15 10:36:28 UTC,2024-01-30 13:14:30 UTC,Product Reco element - advanced design,"",New idea,,12429296,New elements,Lily from Kameleoon,🙂 Perso Squad,,,,,,,,,,,,,,,,,,,,,,,,,,,,,,,,,,,,,,Squad Perso,,,,,,,,,,,,,,,,,,,,,,,,,,,,,,,,,,,,,,,,,,,,,,,,,,,,,,,,,,,,,,,,,,,,,,,,,,,,
24657006,feature,2023-11-15 11:05:57 UTC,2024-09-05 13:55:13 UTC,Improving Widget Consistency Across Customer Websites with Shadow DOM,"",Released,,12429128,Core,Lily from Kameleoon,_⭐ Visual Builders Squad,2023-12-04,2024-03-28,,,,,,,,,,,,,,,,,,,,,,,,,,,,,,,,,,,,Squad Perso,,,,,,,,,,,,,,,,,,,,,,,,,,,,,,,,,,,,,,,,,,,,,,,,,,,,,,,,,,,,,,,,,,,,,,,,,,,,
24657327,feature,2023-11-15 11:27:01 UTC,2023-11-15 11:37:12 UTC,Widget Studio Enhancements,"",New idea,,12428951,Design Tab,Lily from Kameleoon,🙂 Perso Squad,,,,,,,,,,,,,,,,,,,,,,,,,,,,,,,,,,,,,,Squad Perso,,,,,,,,,,,,,,,,,,,,,,,,,,,,,,,,,,,,,,,,,,,,,,,,,,,,,,,,,,,,,,,,,,,,,,,,,,,,
24659893,feature,2023-11-15 13:52:23 UTC,2024-01-30 13:40:40 UTC,Widget Studio - standalone for marketers,"",New idea,,25770925,Widget Studio,Lily from Kameleoon,"",,,,,,,,,,,,,,,,,,,,,,,,,,,,,,,,,,,,,,,,,,,,,,,,,,,,,,,,,,,,,,,,,,,,,,,,,,,,,,,,,,,,,,,,,,,,,,,,,,,,,,,,,,,,,,,,,,
24659910,feature,2023-11-15 13:53:23 UTC,2024-01-30 13:40:42 UTC,Widget Studio - standalone for PM,"",New idea,,25770925,Widget Studio,Lily from Kameleoon,"",,,,,,,,,,,,,,,,,,,,,,,,,,,,,,,,,,,,,,,,,,,,,,,,,,,,,,,,,,,,,,,,,,,,,,,,,,,,,,,,,,,,,,,,,,,,,,,,,,,,,,,,,,,,,,,,,,
24660102,feature,2023-11-15 14:04:20 UTC,2024-01-30 13:36:03 UTC,Premium Perso,"",New idea,,9564700,Classic Personalization,Lily from Kameleoon,_⭐ Campaign Creation Squad,,,,,,,,,,,,,,,,,,,,,,,,,,,,,,,,,,,,,,,,,,,,,,,,,,,,,,,,,,,,,,,,,,,,,,,,,,,,,,,,,,,,,,,,,,,,,,,,,,,,,,,,,,,,,,,,,,
24699931,feature,2023-11-17 11:43:44 UTC,2024-02-20 10:56:08 UTC,New plan (Monthly Tracker Users),"This is aimed for agencies \/ customers with a high volume of traffic but budget constraint\. The goal is to stop all running experiments and forbid them from starting any new one, once their quota is reached\. <p></p> US: <https://project.kameleoon.net/issues/24969> <p></p> ",Ready for deployment,,6783364,"Data, Common  & Infrastructure",Jean-Christophe CARLES,_⭐ Reporting Squad,2023-12-10,2024-02-19,,,,,,,,,,,,,,,,,,,,,,,,,,,,,,,,,,,,,,,,,,,,,,,,,,,,,,,,,,,,,,,,,,,,,,,,,,,,,,,,,,,,,,,,,,,,,,,,,,,,,,,,,,,,,,,,
24711423,feature,2023-11-17 20:16:00 UTC,2024-09-17 14:53:43 UTC,Consent Policy Mgmt,"",Released,,9564877,SDKs,Junaid Gulzar Malik,"_⭐ Feature Experimentation Squad, 🙂 FF/SDK Squad",2024-01-01,2024-03-31,,,,,,,,,,,,,,,,,,,,,✅ Released,,✅ Released,✅ Released,✅ Released,✅ Released,✅ Released,✅ Released,✅ Released,✅ Released,✅ Released,✅ Released,,,,,,,,,,,,,,,,,,,,,,,,,,,,,,,,,,,,,,,,,,,,,,,,,,,,,,,,,,,,,,,,,,,,,,,,,,,,,,,,
24753801,feature,2023-11-21 13:27:13 UTC,2024-03-12 12:12:31 UTC,Monthly Tracked Users (MTUs),User story \#24969 \- New plan \(Monthly Tracked Users\) for agencies \/ customers with a high volume of traffic but budget constraint   <https://project.kameleoon.net/issues/24969> ,Released,,10849936,Internal Product,Yassin Hassan,"_⭐ Admin & Engine Squad, 🎨 design needed",2024-01-01,2024-02-29,,,,,,,,,,,,,,,,,,,,,,,,,,,,,,,,,,,,Squad Dev Tools,,,,,,,,,,,,,,,,,,,,,,,,,,,,,,,,,,,,,,,,,,,,,,,,,,,,,,,,,,,,,,,,,,,,,,,,,,,,
24753919,feature,2023-11-21 13:31:30 UTC,2023-12-19 14:00:02 UTC,Admin BO - New pricing / sales strategy,User story \#24291 \- Admin BO \- Important updates related to changes in our pricing \/ sales strategy   <https://project.kameleoon.net/issues/24291> ,Released,,10849936,Internal Product,Yassin Hassan,🙂 Dev Tools Squad,2023-11-08,2023-12-18,,,,,,,,,,,,,,,,,,,,,,,,,,,,,,,,,,,,Squad Dev Tools,,,,,,,,,,,,,,,,,,,,,,,,,,,,,,,,,,,,,,,,,,,,,,,,,,,,,,,,,,,,,,,,,,,,,,,,,,,,
24753986,feature,2023-11-21 13:36:16 UTC,2024-09-06 12:18:49 UTC,On-demand Kameleoon script regeneration,Be careful with DDOS attack\. <span data-preserve-white-space></span> ,Rejected,,6783323,Web Experimentation,Yassin Hassan,_⭐ Admin & Engine Squad,,,,,,,,,,,,,,,,,,,,,,#2 - Needs of mature XP teams,,,,,,,,,,,,,,,,Squad Dev Tools,,,,,,,,,,,,,,,,,,,,,,,,,,,,,,,,,,,,,,,,,,,,,,,,,,,,,,,,,,,,,,,,,,,,,,,,,,,,
24754269,feature,2023-11-21 13:51:05 UTC,2025-07-08 10:17:50 UTC,Dynamic gtag/dataLayer variable for the GA4 integration,"",New idea,,9564652,Common integrations,Isabelle Ung,"🎨 design needed, _⭐ Integrations Squad",,,,,,,,60,60,,,,,,,,,,,,,,,,,,,,,,,,,,,,,Squad Dev Tools,,,,,60,60,,,,,,,,,,,,,,,,,,,,,,,,,,,,,,,,,,,,,,,,,,,,,,,,,,,,,,,,,,,,,,,,,,,,,,
24980690,feature,2023-12-05 13:46:08 UTC,2024-06-05 11:11:32 UTC,DWH lock mode,"## 📒 **Feature short description:** We just use the Admin BO to activate or deactivate the BigQuery Integration\. <span data-preserve-white-space></span> When deactivated, in the Integration page, BigQuery will be displayed but disabled and locked\. --- ## 📄 Attached documents - **Figma file**: optional \(paste link\) - **Spec file**: optional \(paste link\) - **Redmine ticket**: User story \#25366 \- DWH lock mode     <https://project.kameleoon.net/issues/25366> - **Image:** mandatory, to illustrate the topic <p></p> ",Released,,9564652,Common integrations,Yassin Hassan,"🎨 design needed, _⭐ Integrations Squad",2024-02-22,2024-05-31,,,,,,,,,,,,,,,,,,,,,,,,,,,,,,,,,,,,Squad Dev Tools,,,,,,,,,,,,,,,,,,,,,,,,,,,,,,,,,,,,,,,,,,,,,,,,,,,,,,,,,,,,,,,,,,,,,,,,,,,,
25014851,feature,2023-12-06 22:29:14 UTC,2023-12-06 22:30:56 UTC,Live update (flushing browser cache),<https://help.kameleoon.com/predefined-tags/> User story \#24251 \- JS experiment data with cache   <https://project.kameleoon.net/issues/24251> ,Released,,6783364,"Data, Common  & Infrastructure",Yassin Hassan,🙂 Dev Tools Squad,2023-11-03,2023-12-05,,,,,,,,,,,,,,,,,,,,,,,,,,,,,,,,,,,,Squad Dev Tools,,,,,,,,,,,,,,,,,,,,,,,,,,,,,,,,,,,,,,,,,,,,,,,,,,,,,,,,,,,,,,,,,,,,,,,,,,,,
25052073,feature,2023-12-08 06:54:12 UTC,2023-12-08 06:54:36 UTC,Cross device sync and reconciliation,"",Development in progress,,9564877,SDKs,Junaid Gulzar Malik,"_⭐ Feature Experimentation Squad, 🙂 FF/SDK Squad",,,,,,,,,,,,,,,,,,,,,,,✅ Released,,✅ Released,✅ Released,✅ Released,✅ Released,✅ Released,✅ Released,✅ Released,✅ Released,✅ Released,✅ Released,,,,,,,,,,,,,,,,,,,,,,,,,,,,,,,,,,,,,,,,,,,,,,,,,,,,,,,,,,,,,,,,,,,,,,,,,,,,,,,,
25052077,feature,2023-12-08 06:55:03 UTC,2024-04-02 07:19:10 UTC,Logging of SDKs,"",New idea,,9564877,SDKs,Junaid Gulzar Malik,"_⭐ Feature Experimentation Squad, 🙂 FF/SDK Squad",,,,,,,,,,,,,,,,,,,,,,,,,🛠️ In Progress,,,,,🛠️ In Progress,🛠️ In Progress,,,,,,,,,,,,,,,,,,,,,,,,,,,,,,,,,,,,,,,,,,,,,,,,,,,,,,,,,,,,,,,,,,,,,,,,,,,,,,,,,,,
25052080,feature,2023-12-08 06:55:38 UTC,2024-04-02 07:18:53 UTC,getVisitorWarehouseAudience,"",Released,,9564877,SDKs,Junaid Gulzar Malik,"_⭐ Feature Experimentation Squad, 🙂 FF/SDK Squad",,,,,,,,,,,,,,,,,,,,,,,✅ Released,,✅ Released,✅ Released,✅ Released,✅ Released,✅ Released,✅ Released,✅ Released,✅ Released,✅ Released,✅ Released,,,,,,,,,,,,,,,,,,,,,,,,,,,,,,,,,,,,,,,,,,,,,,,,,,,,,,,,,,,,,,,,,,,,,,,,,,,,,,,,
25052133,feature,2023-12-08 06:57:15 UTC,2024-04-02 07:18:09 UTC,Add JWT to Data API calls from SS SDKs,"",Released,,9564877,SDKs,Junaid Gulzar Malik,"_⭐ Feature Experimentation Squad, 🙂 FF/SDK Squad",,,,,,,,,,,,,,,,,,,,,,,✖️ N/A,✖️ N/A,✖️ N/A,✅ Released,✅ Released,✅ Released,✅ Released,✅ Released,✅ Released,✖️ N/A,✖️ N/A,✅ Released,,,,,,,,,,,,,,,,,,,,,,,,,,,,,,,,,,,,,,,,,,,,,,,,,,,,,,,,,,,,,,,,,,,,,,,,,,,,,,,,
25052190,feature,2023-12-08 07:02:18 UTC,2024-04-02 07:19:12 UTC,Latency Benchmarking,"",New idea,,9564877,SDKs,Junaid Gulzar Malik,"_⭐ Feature Experimentation Squad, 🙂 FF/SDK Squad",,,,,,,,,,,,,,,,,,,,,,,,,,,,,,,,,,,,,,,,,,,,,,,,,,,,,,,,,,,,,,,,,,,,,,,,,,,,,,,,,,,,,,,,,,,,,,,,,,,,,,,,,,,,,,,,,,
25067145,feature,2023-12-08 22:35:27 UTC,2024-05-27 17:35:44 UTC,VSCE - Multiple synchronization,"## 📒 **Feature short description:** Allowing a user to have more than one experiment code synchronized \(common code included\)\. The goal is to allow a customer to simulate a page where several experiments are running\. This will require a change in the ""Kameleoon Chrome Synchronization"" view in VS Code\. This was asked by Cultura\. --- ## 📄 Attached documents - **Figma file**: optional \(paste link\) - **Spec file**: optional \(paste link\) - **Redmine ticket**: User story \#25441 \- VSCE \- Multiple synchronization     <https://project.kameleoon.net/issues/25441> - **Image:** mandatory, to illustrate the topic <p></p> ",Released,,9564652,Common integrations,Yassin Hassan,_⭐ Integrations Squad,2024-01-08,2024-01-25,,,,,,,,,,,,,,,,,,,,,,,,,,,,,,,,,,,,Squad Dev Tools,,,,,,,,,,,,,,,,,,,,,,,,,,,,,,,,,,,,,,,,,,,,,,,,,,,,,,,,,,,,,,,,,,,,,,,,,,,,
25073623,feature,2023-12-10 15:19:29 UTC,2024-05-30 08:25:59 UTC,Admin BO - Activity log,"## 📒 **Feature short description:** The goal is to have an activity log in the Admin BO to know who did what\. Currently, we can't tell who made change on a customer\. We need to start tracking all the changes done by our staff\. --- ## 📄 Attached documents - **Figma file**: optional \(paste link\) - **Spec file**: optional \(paste link\) - **Redmine ticket**: <span data-preserve-white-space></span> User story \#25443 \- Admin BO \- Activity log   <https://project.kameleoon.net/issues/25443> - **Image:** mandatory, to illustrate the topic <p></p> ",Released,,10849936,Internal Product,Yassin Hassan,_⭐ Admin & Engine Squad,2024-03-25,2024-05-31,,,,,,,,,,,,,,,,,,,,,,,,,,,,,,,,,,,,Squad Dev Tools,,,,,,,,,,,,,,,,,,,,,,,,,,,,,,,,,,,,,,,,,,,,,,,,,,,,,,,,,,,,,,,,,,,,,,,,,,,,
25080484,feature,2023-12-11 10:25:27 UTC,2024-03-27 13:48:16 UTC,Improvement of filters - OR Condition,<https://kameleoon.productboard.com/all-notes/notes/37297497> <p></p> Support OR between different filtering conditions\. <p></p> One way to improve the UI would be: <p></p> You have a dropdown 'ALL' \(so equals to an AND between each condition\) or 'ANY' \(equals to a OR between each condition\. It's an easy move from a UI standpoint\. The only thing that needs to be done is at the API level so that we can do OR\. <p></p> ,New idea,,6783364,"Data, Common  & Infrastructure",Jean-Christophe CARLES,_⭐ Reporting Squad,2024-09-22,2024-11-05,,,,,,,,,,,,,,,,,,,,,,,,,,,,,,,,,,,,,,,,,,,,,,,,,,,,,,,,,,,,,,,,,,,,,,,,,,,,,,,,,,,,,,,,,,,,,,,,,,,,,,,,,,,,,,,,
25088853,feature,2023-12-11 16:52:29 UTC,2024-11-26 13:55:38 UTC,Reporting page Update - Lot 2,Lot 2 for result page redesign\. <p></p> The idea is to have a really mature internal Lot 2 for end of Q3\. This will allow to have it in general availability in Q4\. ,Planned,,6783364,"Data, Common  & Infrastructure",Jean-Christophe CARLES,_⭐ Reporting Squad,2024-12-01,2025-02-14,,,,,,,,,,,,,,,,,,,,,,,,,,,,,,,,,,,,,,,,,,,,,,,,,,,,,,,,,,,,,,,,,,,,,,,,,,,,,,,,,,,,,,,,,,,,,,,,,,,,,,,,,,,,,,,,
25088879,feature,2023-12-11 16:53:43 UTC,2025-01-10 15:12:49 UTC,Reporting page Update - Lot 3,Lot 3 for result page redesign <p></p> The idea is to have a really mature internal Lot 2 for end of Q4\. This will allow to have it in general availability in Q1  2025 <p></p> ,Planned,,6783364,"Data, Common  & Infrastructure",Jean-Christophe CARLES,_⭐ Reporting Squad,,,,,,,,,,,,,,,,,,,,,,,,,,,,,,,,,,,,,,,,,,,,,,,,,,,,,,,,,,,,,,,,,,,,,,,,,,,,,,,,,,,,,,,,,,,,,,,,,,,,,,,,,,,,,,,,,,
25105345,feature,2023-12-12 10:43:56 UTC,2025-01-22 09:32:26 UTC,Experiment-Level Global Code,"## 📒 **Feature short description:** Describe what the feature does\. ``` This feature allows Developers to easily incorporate and manage experiment-specific global code directly within the experiment. By providing a dedicated global code field, it enables the simulation of global scripts and facilitates the inclusion of temporary code for targeting purposes. The added benefit of automatic code removal upon experiment stopping ensures a clean and efficient process, contributing to overall performance optimization. ``` ## 😥 Problem <u>**Problem statement:**</u> What problem are we trying to solve with this feature? Or, what is the opportunity we are addressing?  ``` As a developer, when I want to implement experiment-specific global scripts or include temporary code for precise targeting in experiments, I encounter the following problems: Lack of a dedicated space within each experiment for global code management that only serves that experiment. The only way is to add that code to the global tracking script which has several drawbacks : - no possibility to simulate that code,  - cluttered and less organized setup as the global script contains both temporary experiment code and tracking code for goals conversions..), resulting in potential performance issues and a lack of code cleanliness. ``` <u>**Workaround:**</u> - **Existing workaround:** Yes <span data-preserve-white-space></span> - **Workaround description:** adding that code to the Global Tracking Script ## 💡 Solution <u>**Key benefits**</u>: <span data-preserve-white-space></span> What value does this feature bring to the user?  ``` This feature streamlines the development process by providing a dedicated space for experiment-specific global code. Developers can now confidently implement and test code within the scope of each experiment, minimizing the risk of introducing bugs into the production environment. The separation of experiment code from the global tracking script eliminates the need for risky workarounds, contributing to a smoother and more reliable development experience. ``` <span data-preserve-white-space></span>   <u>**Use Cases:**</u> <span data-preserve-white-space></span> Share use cases where this feature would help our users\. <span data-preserve-white-space></span> ``` When the developer wants to add temporary code (e.g., for targeting purposes), they want to seamlessly integrate and execute that code within the experiment setup, ensuring it is processed by Kameleoon before any targeting takes place. This enables developers to efficiently include temporary code for targeting purposes directly within the experiment, ensuring it gets executed by Kameleoon at the appropriate stage. This streamlines the development process and ensures precise targeting without compromising on the organization and execution of the code. ``` <u>**✏️ Product design:**</u> - **Product package:** Web Experimentation - **Product scope:** Code Editor - **Target Persona**: Developers ## 🎯 **Measuring Success** <p></p> **Feature Adoption Rate:** - We will measure how quickly users adopt the new feature\. A high adoption rate may indicate that the feature is well\-received and addresses user needs\. **Performance improvements:** - Evaluate the cleanliness and organization of code by measuring the reduction of code within the global tracking script\. Measure what's the average size of the global script today versus in about 1\-3 months after the feature is released\. --- ## 📄 Attached documents - **Figma file**: optional \(paste link\) - **Spec file**: optional \(paste link\) - **Redmine ticket**: mandatory  \(paste link\) - **Image:** mandatory, to illustrate the topic <p></p> ",Released,,9564787,Graphic editor,Ivan Kulagin,"_⭐ Campaign Creation Squad, #VOC1",2024-11-19,2025-01-16,,,,,,40,,,,,,,,,,,,,,#1  - Frictionless experience,,,,,,,,,,,,,,,,Squad Dev Tools,,,,"Highly requested, streamlined process, easier to test the code, performance optimization",20,20,,,,,,,,,,,,,,,,,,,,,,,,,,,,,,,,,,,,,,,,,,,,,,,,,,,,,,,,,,,,,,,,,,,,,,
25110265,feature,2023-12-12 14:16:34 UTC,2023-12-12 14:18:45 UTC,Live-Update campaigns,"By default, Kameleoon downloads active experiments and includes them in the application file \(kameleoon\.js\)\. The browser stores and caches this file for 90 minutes\. If a user stops or modifies an experiment, targeted visitors returning to a page with active experiments within the 90\-minute caching period may still see the experiment due to the existing experiment configuration in the cached kameleoon\.js file\. To make more frequent updates without being impacted by browser caching, the Live\-Update Experiments feature refreshes any experiment tagged with “LIVE\-UPDATE” within one minute\. This is particularly useful for campaigns that require regular updates without being affected by browser caching\. ",Released,,6783364,"Data, Common  & Infrastructure",Frederic DE TODARO,"",,,,,,,,,,,,,,,,,,,,,,,,,,,,,,,,,,,,,,,,,,,,,,,,,,,,,,,,,,,,,,,,,,,,,,,,,,,,,,,,,,,,,,,,,,,,,,,,,,,,,,,,,,,,,,,,,,
25132375,subfeature,2023-12-13 14:15:33 UTC,2024-10-14 12:46:21 UTC,Cumulative graphs capabilities for Results Page,Investigate how to compute cumulative reliability for visitors as we cannot sum visitors from one day to another\. This is needed for new result page\. ,Planned,,25088853,Reporting page Update - Lot 2,Jean-Christophe CARLES,_⭐ Reporting Squad,2024-11-15,2025-01-13,,,,,,,,,,,,,,,,,,,,,,,,,,,,,,,,,,,,,,,,,,,,,,,,,,,,,,,,,,,,,,,,,,,,,,,,,,,,,,,,,,,,,,,,,,,,,,,,,,,,,,,,,,,,,,,,
25140379,feature,2023-12-13 19:52:43 UTC,2024-09-08 19:35:01 UTC,Collective Actions - Edit page and Dashboard,"<p></p> **Desired outcome**   Customers are requesting the ability to perform collective actions on feature flags, such as activating or deactivating multiple flags at once\. This would streamline the management of feature flags and improve efficiency for users\. <p></p> ",Released,,9564875,Feature Management & Experimentation (FM&E),Junaid Gulzar Malik,"_⭐ Feature Experimentation Squad, 🙂 FF/SDK Squad",2024-04-01,2024-07-04,,,,,,,,,,,,,,,,,,,,,,,,,,,,,,,,,,,,,,,,,,,,,,,,,,,,,,,,,,,,,,,,,,,,,,,,,,,,,,,,,,,,,,,,,,,,,,,,,,,,,,,,,,,,,,,,
25214318,feature,2023-12-19 03:12:03 UTC,2023-12-19 04:22:45 UTC,Rework of getActiveFeatures (GetActiveFeatureListForVisitor),<https://project.kameleoon.net/issues/25585> ,Development in progress,,9564877,SDKs,Dmitry Eryshov,_⭐ Feature Experimentation Squad,,,,,,,,,,,,,,,,,,,,,,,✅ Released,,✅ Released,✅ Released,✅ Released,✅ Released,✅ Released,✅ Released,✅ Released,✅ Released,✅ Released,✅ Released,,,,,,,,,,,,,,,,,,,,,,,,,,,,,,,,,,,,,,,,,,,,,,,,,,,,,,,,,,,,,,,,,,,,,,,,,,,,,,,,
25230481,feature,2023-12-19 14:03:37 UTC,2023-12-19 14:03:37 UTC,WaitInit method,"",Development in progress,,9564877,SDKs,Dmitry Eryshov,_⭐ Feature Experimentation Squad,,,,,,,,,,,,,,,,,,,,,,,✅ Released,✅ Released,✅ Released,✅ Released,✅ Released,✅ Released,✖️ N/A,✅ Released,,✅ Released,✅ Released,✅ Released,,,,,,,,,,,,,,,,,,,,,,,,,,,,,,,,,,,,,,,,,,,,,,,,,,,,,,,,,,,,,,,,,,,,,,,,,,,,,,,,
25232983,feature,2023-12-19 15:33:20 UTC,2025-07-08 10:13:24 UTC,Adobe Marketo Integration,"## 📒 **Feature short description:** <p></p> --- ## 📄 Attached documents - **Figma file**: optional \(paste link\) - **Spec file**: optional \(paste link\) - **Redmine ticket**: mandatory  \(paste link\) - **Image:** mandatory, to illustrate the topic <p></p> ",New idea,,32146897,New integrations,Isabelle Ung,"",,,,,,,,,,,,,,,,,,,,,,,,,,,,,,,,,,,,,,,,,,,,,,,,,,,,,,,,,,,,,,,,,,,,,,,,,,,,,,,,,,,,,,,,,,,,,,,,,,,,,,,,,,,,,,,,,,
25463950,feature,2024-01-10 06:38:15 UTC,2024-06-11 11:06:27 UTC,Flush with interval,Need to rework tracking requests:   \- All request should be done only with flush method which send information about all visitors in SDK   \- Tracking requests should be done with pre\-defined interval ,Development in progress,,9564877,SDKs,Dmitry Eryshov,_⭐ Feature Experimentation Squad,,,,,,,,,,,,,,,,,,,,,,,,,,,,,,🛠️ In Progress,🛠️ In Progress,,,🛠️ In Progress,,,,,,,,,,,,,,,,,,,,,,,,,,,,,,,,,,,,,,,,,,,,,,,,,,,,,,,,,,,,,,,,,,,,,,,,,,,,,,,,
25476887,feature,2024-01-10 18:07:20 UTC,2025-07-08 10:05:20 UTC,Contentful integration - Kameleoon Container to be used with multiple projects,"",New idea,,9564652,Common integrations,Isabelle Ung,_⭐ Integrations Squad,,,,,,,,60,60,,,,,,,,,,,,,,,,,,,,,,,,,,,,,Squad Dev Tools,,,,,60,60,,,,,,,,,,,,,,,,,,,,,,,,,,,,,,,,,,,,,,,,,,,,,,,,,,,,,,,,,,,,,,,,,,,,,,
25485981,feature,2024-01-11 08:43:46 UTC,2025-07-08 10:05:22 UTC,Amplitude Event Streaming integration to also create custom data based on events properties,"",New idea,,9564652,Common integrations,Isabelle Ung,_⭐ Integrations Squad,,,,,,,,60,60,,,,,,,,,,,,,,,,,,,,,,,,,,,,,Squad Dev Tools,,,,,60,60,,,,,,,,,,,,,,,,,,,,,,,,,,,,,,,,,,,,,,,,,,,,,,,,,,,,,,,,,,,,,,,,,,,,,,
25492322,feature,2024-01-11 14:02:17 UTC,2024-02-16 16:44:36 UTC,GA4 - Goal tracking,User story \#25866 \- GA4 recommended \- Add goal tracking   <https://project.kameleoon.net/issues/25866> ,Released,,9564652,Common integrations,Yassin Hassan,_⭐ Integrations Squad,2024-01-15,2024-01-31,,,,,,,,,,,,,,,,,,,,,,,,,,,,,,,,,,,,Squad Dev Tools,,,,,,,,,,,,,,,,,,,,,,,,,,,,,,,,,,,,,,,,,,,,,,,,,,,,,,,,,,,,,,,,,,,,,,,,,,,,
25537956,feature,2024-01-15 15:43:42 UTC,2024-03-19 13:49:02 UTC,Quick targeting options in Finalization flow,"## 📒 **Feature short description:** Describe what the feature does\. ``` The Quick targeting option in Finalization flow allow Marketers to quickly use and combine some targeting conditions directly in the campaign finalization flow, without the need to create a segment before. ``` <p></p> ## 😥 Problem <u>**Problem statement:**</u> What problem are we trying to solve with this feature? Or, what is the opportunity we are addressing?  ``` Currently, it is painful, time-consuming and not flexible to define some targeting, since users must first create a segment, sometimes only to be used in this particular campaign, and then use it from finalization flow. It would be more flexible to define some quick targeting options, and also lighter for Kameleoon as this targeting wouldn't be remembered and listed in the segments dashboard. ``` <u>**Workaround:**</u> - **Existing workaround:** Yes - **Workaround description:** Create a segment and use it in the finalization flow <span data-preserve-white-space></span> ## 💡 Solution <u>**Key benefits**</u>: <span data-preserve-white-space></span> What value does this feature bring to the user?  ``` * faster targeting definition * more flexible method * no segment created: no APP overloading ``` <span data-preserve-white-space></span>   <u>**Use Cases:**</u> <span data-preserve-white-space></span> Share use cases where this feature would help our users\. <span data-preserve-white-space></span> ``` When the user wants to define a targeting conditions combination only to be used in a given campaign, with this feature he will be able to do so without the need to create a segment that will be useless after that. In addition to that, targeting creation will also be quicker. ``` <p></p> <u>**✏️ Product design:**</u> - **Product package:** Web Experimentation <span data-preserve-white-space></span> - **Product scope:** Finalization flow mainly - **Target Persona**: Marketer - **Main updates:** <span data-preserve-white-space></span>     - Adding quick targeting options in the Targeting tab of finalization flow     - Updating the display of this quick, Specific targeting in Web Exp\. dashboard, information overlays, results pages     - Optionally, paste images of the solution here \(or paste Figma link\) ## 🎯 **Measuring Success** - **Goal 1:** use of the feature - **Success metric:** number of times the feature is used in finalization flow --- ## 📄 Attached documents - **Redmine ticket**: <https://project.kameleoon.net/issues/25906> - **Image:** <span data-preserve-white-space></span> ![](https://pb-files.s3.amazonaws.com/production/attachments/ab4d5ac0410e1a3dd8bd59a5dfe620ba03bd5ae747103477fbfb922c20acf194/image.png) <p></p> ",Released,,6783323,Web Experimentation,Mallaury Gruget,"_⭐ App System Squad, 🙂 Interface squad",2024-01-15,2024-03-19,,,,,,,,,,,,,,,,,,,,,,,,,,,,,,,,,,,,,,,,,,,,,,,,,,,,,,,,,,,,,,,,,,,,,,,,,,,,,,,,,,,,,,,,,,,,,,,,,,,,,,,,,,,,,,,,
25572365,feature,2024-01-17 13:36:24 UTC,2024-02-06 16:54:54 UTC,Rating for Opportunity Detection,"",Released,,6783364,"Data, Common  & Infrastructure",Calixthe Mattei,_⭐ Reporting Squad,2024-01-17,2024-02-06,,,,,,,,,,,,,,,,,,,,,,,,,,,,,,,,,,,,,,,,,,,,,,,,,,,,,,,,,,,,,,,,,,,,,,,,,,,,,,,,,,,,,,,,,,,,,,,,,,,,,,,,,,,,,,,,
25592450,feature,2024-01-18 13:56:12 UTC,2024-03-06 14:39:04 UTC,Export/Import widget templates,"",Released,,12429128,Core,Lily from Kameleoon,_⭐ Visual Builders Squad,2024-01-15,2024-02-15,,,,,,,,,,,,,,,,,,,,,,,,,,,,,,,,,,,,Squad Perso,,,,,,,,,,,,,,,,,,,,,,,,,,,,,,,,,,,,,,,,,,,,,,,,,,,,,,,,,,,,,,,,,,,,,,,,,,,,
25611558,feature,2024-01-19 11:15:22 UTC,2025-07-08 10:14:18 UTC,Webflow Integration,"<https://developers.webflow.com/> <span data-preserve-white-space></span>   This is how Eppo is integrating with Webflow, but it's really bad \-\> <https://docs.geteppo.com/how-tos/integrating-with-webflow> ",New idea,,32146897,New integrations,Isabelle Ung,_⭐ Integrations Squad,,,,,,,,40,40,,,,,,,,,,,,,#2 - Needs of mature XP teams,,,,,,,,,,,,,,,,Squad Dev Tools,,,,,40,40,,,,,,,,,,,,,,,,,,,,,,,,,,,,,,,,,,,,,,,,,,,,,,,,,,,,,,,,,,,,,,,,,,,,,,
25638816,feature,2024-01-22 12:49:47 UTC,2024-03-07 14:56:50 UTC,Air360 Integration,User story \#26048 \- Air360 Integration   <https://project.kameleoon.net/issues/26048> ,Released,,9564652,Common integrations,Yassin Hassan,_⭐ Integrations Squad,2024-01-23,2024-02-29,,,,,,,,,,,,,,,,,,,,,,,,,,,,,,,,,,,,Squad Dev Tools,,,,,,,,,,,,,,,,,,,,,,,,,,,,,,,,,,,,,,,,,,,,,,,,,,,,,,,,,,,,,,,,,,,,,,,,,,,,
25655636,feature,2024-01-23 09:54:06 UTC,2024-04-10 10:50:31 UTC,Datadog Integration,User story \#26095 \- Datadog Integration   <https://project.kameleoon.net/issues/26095> ,Released,,9564652,Common integrations,Yassin Hassan,_⭐ Integrations Squad,2024-01-23,2024-02-29,,,,,,,,,,,,,,,,,,,,,,,,,,,,,,,,,,,,Squad Dev Tools,,,,,,,,,,,,,,,,,,,,,,,,,,,,,,,,,,,,,,,,,,,,,,,,,,,,,,,,,,,,,,,,,,,,,,,,,,,,
25655692,feature,2024-01-23 09:57:40 UTC,2024-04-10 10:50:58 UTC,Glassbox Integration,User story \#26079 \- Glassbox Integration   <https://project.kameleoon.net/issues/26079> ,Released,,9564652,Common integrations,Yassin Hassan,_⭐ Integrations Squad,2024-01-23,2024-02-29,,,,,,,,,,,,,,,,,,,,,,,,,,,,,,,,,,,,Squad Dev Tools,,,,,,,,,,,,,,,,,,,,,,,,,,,,,,,,,,,,,,,,,,,,,,,,,,,,,,,,,,,,,,,,,,,,,,,,,,,,
25655778,feature,2024-01-23 10:03:05 UTC,2024-04-10 10:51:20 UTC,Hubspot Integration,User story \#26087 \- Hubspot Integration   <https://project.kameleoon.net/issues/26087> <p></p> Sending track events\. <span data-preserve-white-space></span> <https://developers.hubspot.com/docs/api/events/tracking-code> <https://help.vwo.com/hc/en-us/articles/360021309193-Integrating-VWO-With-HubSpot> <https://gist.github.com/gauravmuk/3d9c296fdd9c376ca42cff973c53c1b6> <p></p> ,Released,,9564652,Common integrations,Yassin Hassan,_⭐ Integrations Squad,2024-01-23,2024-02-29,,,,,,,,,,,,,,,,,,,,,,,,,,,,,,,,,,,,Squad Dev Tools,,,,,,,,,,,,,,,,,,,,,,,,,,,,,,,,,,,,,,,,,,,,,,,,,,,,,,,,,,,,,,,,,,,,,,,,,,,,
25675355,subfeature,2024-01-24 09:33:03 UTC,2024-01-24 09:34:10 UTC,Show Running days alongside / instead the start date of the XP,"",New idea,,10887350,Reporting page Update - Lot 1,Calixthe Mattei,"",,,,,,,,,,,,,,,,,,,,,,,,,,,,,,,,,,,,,,,,,,,,,,,,,,,,,,,,,,,,,,,,,,,,,,,,,,,,,,,,,,,,,,,,,,,,,,,,,,,,,,,,,,,,,,,,,,
25752259,subfeature,2024-01-29 16:33:29 UTC,2025-10-30 16:34:12 UTC,Segment builder - Ability to edit segment name,"",Deployment in progress,,11957112,Segment builder redesign,Loreena,_⭐ App System Squad,,,,,,,,,,,,,,,,,,,,,,#1  - Frictionless experience,,,,,,,,,,,,,,,,,,,,Time-saving (perform actions all in 1),,,,,,,,,,,,,,,,,,,,,,,,,,,,,,,,,,,,,,,,,,,,,,,,,,,,,,,,,,,,,,,,,,,,,,,,
25752319,feature,2024-01-29 16:36:58 UTC,2024-10-15 10:06:01 UTC,Traffic exclusion manual definition,Ability to manually define the % of traffic excluded in the Finalization flow ,Released,,9564787,Graphic editor,Ivan Kulagin,"_⭐ Campaign Creation Squad, 🙂 Interface squad",,,,,,,,,,,,,,,,,,,,,,,,,,,,,,,,,,,,,,,,,,,,,,,,,,,,,,,,,,,,,,,,,,,,,,,,,,,,,,,,,,,,,,,,,,,,,,,,,,,,,,,,,,,,,,,,,,
25752456,feature,2024-01-29 16:41:41 UTC,2025-03-12 15:52:19 UTC,Export campaigns list with filters,"",New idea,,6783323,Web Experimentation,Loreena,"_⭐ App System Squad, #VOC1_2025",,,,,,,,40,,,,,,,,,,,,,,#1  - Frictionless experience,,,,,,,,,,,,,,,,,,,,Improve sharing and collaboration between users,20,20,,,,,,,,,,,,,,,,,,,,,,,,,,,,,,,,,,,,,,,,,,,,,,,,,,,,,,,,,,,,,,,,,,,,,,
25752530,feature,2024-01-29 16:44:24 UTC,2025-11-04 09:07:38 UTC,Automatic rollbacks for Web experiments and Personalizations,"",Design in progress,,6783323,Web Experimentation,Ivan Kulagin,"_⭐ Campaign Creation Squad, #VOC1_2025",2025-11-01,2026-01-01,,,,,,40,,,,,,,,,,,,,,,,,,,,,,,,,,,,,,,,,,Requests by customers; enables to manage touchy periods like Xmas or sales with more agility,20,20,,,,,,,,,,,,,,,,,,,,,,,,,,,,,,,,,,,,,,,,,,,,,,,,,,,,,,,,,,,,,,,,,,,,,,
25752563,subfeature,2024-01-29 16:46:10 UTC,2024-01-30 15:45:02 UTC,Segment builder - Improve Custom data condition,"",New idea,,11957112,Segment builder redesign,Mallaury Gruget,"_⭐ App System Squad, 🙂 Interface squad",,,,,,,,,,,,,,,,,,,,,,,,,,,,,,,,,,,,,,,,,,,,,,,,,,,,,,,,,,,,,,,,,,,,,,,,,,,,,,,,,,,,,,,,,,,,,,,,,,,,,,,,,,,,,,,,,,
25752682,feature,2024-01-29 16:51:03 UTC,2024-01-30 15:44:30 UTC,Wording updates,"",Development in progress,,6783323,Web Experimentation,Mallaury Gruget,🙂 Interface squad,2024-01-01,2024-12-31,,,,,,,,,,,,,,,,,,,,,,,,,,,,,,,,,,,,,,,,,,,,,,,,,,,,,,,,,,,,,,,,,,,,,,,,,,,,,,,,,,,,,,,,,,,,,,,,,,,,,,,,,,,,,,,,
25754093,feature,2024-01-29 18:14:22 UTC,2025-06-13 13:18:11 UTC,Enhance feedback management features,"",Released,,12429128,Core,Lily from Kameleoon,_⭐ Visual Builders Squad,2024-03-18,2025-06-11,,,,,,,,,,,,,,,,,,,,,,,,,,,,,,,,,,,,,,,,,,,,,,,,,,,,,,,,,,,,,,,,,,,,,,,,,,,,,,,,,,,,,,,,,,,,,,,,,,,,,,,,,,,,,,,,
25754531,feature,2024-01-29 18:37:56 UTC,2024-12-30 10:31:40 UTC,Build Accessibility Widgets,"",Planned,,12429128,Core,Lily from Kameleoon,_⭐ Visual Builders Squad,,,,,,,,,,,,,,,,,,,,,,,,,,,,,,,,,,,,,,,,,,,,,,,,,,,,,,,,,,,,,,,,,,,,,,,,,,,,,,,,,,,,,,,,,,,,,,,,,,,,,,,,,,,,,,,,,,
25754935,feature,2024-01-29 18:55:37 UTC,2024-01-30 13:40:22 UTC,Widget Studio - 30 days free trial,Create a 30\-days free trial account limited to the Widget Studio ,Planned,,25770925,Widget Studio,Fabien DIMEGLIO,🙂 Perso Squad,2024-07-01,2024-09-30,,,,,,,,,,,,,,,,,,,,,,,,,,,,,,,,,,,,Squad Perso,,,,,,,,,,,,,,,,,,,,,,,,,,,,,,,,,,,,,,,,,,,,,,,,,,,,,,,,,,,,,,,,,,,,,,,,,,,,
25755032,feature,2024-01-29 19:03:51 UTC,2024-10-01 12:03:11 UTC,Embed widgets in mobile apps,"",Candidate,,9564753,Widgets,Lily from Kameleoon,_⭐ Visual Builders Squad,,,,,,,,,,,,,,,,,,,,,,,,,,,,,,,,,,,,,,,,,,,,,,,,,,,,,,,,,,,,,,,,,,,,,,,,,,,,,,,,,,,,,,,,,,,,,,,,,,,,,,,,,,,,,,,,,,
25755059,feature,2024-01-29 19:06:19 UTC,2024-11-12 10:14:48 UTC,Save a widget as a custom template,"",Released,,12527822,Widget Dashboard,Lily from Kameleoon,_⭐ Visual Builders Squad,2024-03-01,2024-09-16,,,,,,,,,,,,,,,,,,,,,,,,,,,,,,,,,,,,,,,,,,,,,,,,,,,,,,,,,,,,,,,,,,,,,,,,,,,,,,,,,,,,,,,,,,,,,,,,,,,,,,,,,,,,,,,,
25755086,feature,2024-01-29 19:09:01 UTC,2024-05-30 15:59:43 UTC,Enhance Widget Studio progress bar element,"",Released,,12429296,New elements,Lily from Kameleoon,_⭐ Visual Builders Squad,2024-01-01,2024-06-30,,,,,,,,,,,,,,,,,,,,,,,,,,,,,,,,,,,,,,,,,,,,,,,,,,,,,,,,,,,,,,,,,,,,,,,,,,,,,,,,,,,,,,,,,,,,,,,,,,,,,,,,,,,,,,,,
25765211,feature,2024-01-30 10:09:28 UTC,2024-01-30 10:13:38 UTC,URL Breakdown improvements,"Today, we can breakdown by the URL \/ Page Title for the x most viewed \(we can pick the number from a dropwdon menu\), but we can't specify a \/ some specific URLs we want to see and breakdown on\.      The use case is a customer who want to have a breakdown on whether or not the clients visited some of its product pages to see if some product pages improve the conversion of the experiment or not\. ",New idea,,6783364,"Data, Common  & Infrastructure",Calixthe Mattei,_⭐ Reporting Squad,,,,,,,,,,,,,,,,,,,,,,,,,,,,,,,,,,,,,,,,,,,,,,,,,,,,,,,,,,,,,,,,,,,,,,,,,,,,,,,,,,,,,,,,,,,,,,,,,,,,,,,,,,,,,,,,,,
25767385,subfeature,2024-01-30 12:44:57 UTC,2024-11-27 10:50:58 UTC,Alerts for Goal collection disruptment,"",Planned,,24522313,Add automatic alerts,Calixthe Mattei,_⭐ Reporting Squad,,,,,,,,,,,,,,,,,,,,,,#1  - Frictionless experience,,,,,,,,,,,,,,,,,,,,Can affect Business decisions if Goals miscollection is missed,,,,,,,,,,,,,,,,,,,,,,,,,,,,,,,,,,,,,,,,,,,,,,,,,,,,,,,,,,,,,,,,,,,,,,,,
25770925,component,2024-01-30 13:37:17 UTC,2024-01-30 13:37:17 UTC,Widget Studio,"",Rejected,,9564753,Widgets,Lily from Kameleoon,"",,,,,,,,,,,,,,,,,,,,,,,,,,,,,,,,,,,,,,,,,,,,,,,,,,,,,,,,,,,,,,,,,,,,,,,,,,,,,,,,,,,,,,,,,,,,,,,,,,,,,,,,,,,,,,,,,,
25770977,component,2024-01-30 13:39:08 UTC,2025-01-08 09:35:03 UTC,Themes,"",Rejected,,30262601,Studio,Lily from Kameleoon,"",,,,,,,,,,,,,,,,,,,,,,,,,,,,,,,,,,,,,,,,,,,,,,,,,,,,,,,,,,,,,,,,,,,,,,,,,,,,,,,,,,,,,,,,,,,,,,,,,,,,,,,,,,,,,,,,,,
25771002,component,2024-01-30 13:41:26 UTC,2025-10-17 13:48:40 UTC,Media,"",Rejected,,30262601,Studio,Lily from Kameleoon,"",,,,,,,,,,,,,,,,,,,,,,,,,,,,,,,,,,,,,,,,,,,,,,,,,,,,,,,,,,,,,,,,,,,,,,,,,,,,,,,,,,,,,,,,,,,,,,,,,,,,,,,,,,,,,,,,,,
25771646,feature,2024-01-30 14:18:53 UTC,2024-03-18 16:38:39 UTC,CUPED : configuration possibilities,"# Implementation Notes \(Microsoft 2013\) - In general, the optimal pre\-experiment window is 1–2 weeks\. A shorter window doesn’t capture enough variance and a longer window captures noise\. - For longer experiments, a longer pre\-experiment window is needed to ensure that the same users are observed both during and prior to the experiment\. - CUPED performance is highly dependent on the metric; a metric with high variance across the user population will perform well\. - Make sure you that your covariate *X* will be evenly distributed between treatment and control\. If it’s systematically impacted by a treatment, CUPED becomes invalid\. - The CUPED method above only removes variance that can be accounted for linearly\. Non\-linear methods will be discussed in future posts\. <span data-preserve-white-space></span>         ",New idea,,6783364,"Data, Common  & Infrastructure",Calixthe Mattei,_⭐ Reporting Squad,,,,,,,,20,,,,,,,,,,,,,,#2 - Needs of mature XP teams,,,,,,,,,,,,,,,,,,,,Loblaw request,10,10,,,,,,,,,,,,,,,,,,,,,,,,,,,,,,,,,,,,,,,,,,,,,,,,,,,,,,,,,,,,,,,,,,,,,,
25773451,feature,2024-01-30 15:42:59 UTC,2024-01-30 15:42:59 UTC,Opportunity Detection Manager,"",New idea,,6783364,"Data, Common  & Infrastructure",Calixthe Mattei,"",,,,,,,,,,,,,,,,,,,,,,,,,,,,,,,,,,,,,,,,,,,,,,,,,,,,,,,,,,,,,,,,,,,,,,,,,,,,,,,,,,,,,,,,,,,,,,,,,,,,,,,,,,,,,,,,,,
25773673,feature,2024-01-30 15:53:03 UTC,2024-01-30 16:02:42 UTC,New action: trigger a tag created in Tag Commander,"",New idea,,12428956,Events Tab,Lily from Kameleoon,_⭐ Visual Builders Squad,,,,,,,,,,,,,,,,,,,,,,,,,,,,,,,,,,,,,,,,,,,,,,,,,,,,,,,,,,,,,,,,,,,,,,,,,,,,,,,,,,,,,,,,,,,,,,,,,,,,,,,,,,,,,,,,,,
25774223,feature,2024-01-30 16:16:50 UTC,2024-01-30 16:16:50 UTC,Enhance color selection for text content,"",New idea,,12428951,Design Tab,Lily from Kameleoon,_⭐ Visual Builders Squad,,,,,,,,,,,,,,,,,,,,,,,,,,,,,,,,,,,,,,,,,,,,,,,,,,,,,,,,,,,,,,,,,,,,,,,,,,,,,,,,,,,,,,,,,,,,,,,,,,,,,,,,,,,,,,,,,,
25774407,feature,2024-01-30 16:24:44 UTC,2024-01-30 16:24:44 UTC,Results page - Wording updates,"",New idea,,6783364,"Data, Common  & Infrastructure",Calixthe Mattei,"",,,,,,,,,,,,,,,,,,,,,,,,,,,,,,,,,,,,,,,,,,,,,,,,,,,,,,,,,,,,,,,,,,,,,,,,,,,,,,,,,,,,,,,,,,,,,,,,,,,,,,,,,,,,,,,,,,
25802363,feature,2024-01-31 16:25:18 UTC,2025-02-07 14:21:47 UTC,Free trial for AI Predictive targeting and Product targeting add-ons,"",Released,,6783363,AI-Driven Personalization,Mallaury Gruget,_⭐ App System Squad,2024-04-01,2024-10-19,,,,,,,,,,,,,,,,,,,,,,,,,,,,,,,,,,,,,,,,,,,,,,,,,,,,,,,,,,,,,,,,,,,,,,,,,,,,,,,,,,,,,,,,,,,,,,,,,,,,,,,,,,,,,,,,
25802573,feature,2024-01-31 16:35:56 UTC,2025-01-29 17:15:49 UTC,Enhance the back arrow when editing an element,"",Released,,12428951,Design Tab,Lily from Kameleoon,_⭐ Visual Builders Squad,2024-12-24,2025-01-27,,,,,,,,,,,,,,,,,,,,,,,,,,,,,,,,,,,,,,,,,,,,,,,,,,,,,,,,,,,,,,,,,,,,,,,,,,,,,,,,,,,,,,,,,,,,,,,,,,,,,,,,,,,,,,,,
25802740,feature,2024-01-31 16:43:26 UTC,2024-01-31 16:43:26 UTC,Dynamic evaluation of Custom Data in targeting,"",New idea,,6783364,"Data, Common  & Infrastructure",Mallaury Gruget,_⭐ App System Squad,,,,,,,,,,,,,,,,,,,,,,,,,,,,,,,,,,,,,,,,,,,,,,,,,,,,,,,,,,,,,,,,,,,,,,,,,,,,,,,,,,,,,,,,,,,,,,,,,,,,,,,,,,,,,,,,,,
25802879,feature,2024-01-31 16:50:57 UTC,2024-01-31 16:50:57 UTC,Add the JSON format to the 'Request' action,"",New idea,,12428956,Events Tab,Lily from Kameleoon,"_⭐ Integrations Squad, _⭐ Visual Builders Squad",,,,,,,,,,,,,,,,,,,,,,,,,,,,,,,,,,,,,,,,,,,,,,,,,,,,,,,,,,,,,,,,,,,,,,,,,,,,,,,,,,,,,,,,,,,,,,,,,,,,,,,,,,,,,,,,,,
25803165,feature,2024-01-31 17:05:36 UTC,2024-05-02 08:41:52 UTC,Use bullet lists in texts,"",Released,,12428951,Design Tab,Lily from Kameleoon,_⭐ Visual Builders Squad,2024-03-01,2024-04-30,,,,,,,,,,,,,,,,,,,,,,,,,,,,,,,,,,,,,,,,,,,,,,,,,,,,,,,,,,,,,,,,,,,,,,,,,,,,,,,,,,,,,,,,,,,,,,,,,,,,,,,,,,,,,,,,
25825180,feature,2024-02-01 16:31:04 UTC,2024-05-28 07:50:18 UTC,Reduce new tabs opening in the App,"",Released,,6783364,"Data, Common  & Infrastructure",Mallaury Gruget,_⭐ App System Squad,,,,,,,,,,,,,,,,,,,,,,,,,,,,,,,,,,,,,,,,,,,,,,,,,,,,,,,,,,,,,,,,,,,,,,,,,,,,,,,,,,,,,,,,,,,,,,,,,,,,,,,,,,,,,,,,,,
25836281,feature,2024-02-02 08:32:25 UTC,2024-06-07 12:42:45 UTC,Flush with interval,"",Planned,,9564877,SDKs,Dmitry Eryshov,_⭐ Feature Experimentation Squad,,,,,,,,,,,,,,,,,,,,,,,,,,,,,,,,,,,,,,,,,,,,,,,,,,,,,,,,,,,,,,,,,,,,,,,,,,,,,,,,,,,,,,,,,,,,,,,,,,,,,,,,,,,,,,,,,,
25836284,feature,2024-02-02 08:32:53 UTC,2024-04-02 07:18:30 UTC,Custom Data API Domain,"",Released,,9564877,SDKs,Dmitry Eryshov,_⭐ Feature Experimentation Squad,,,,,,,,,,,,,,,,,,,,,,,✅ Released,,✅ Released,✅ Released,✅ Released,✅ Released,✅ Released,✅ Released,✅ Released,✅ Released,✅ Released,✅ Released,,,,,,,,,,,,,,,,,,,,,,,,,,,,,,,,,,,,,,,,,,,,,,,,,,,,,,,,,,,,,,,,,,,,,,,,,,,,,,,,
25869998,feature,2024-02-05 15:15:23 UTC,2024-03-20 15:19:36 UTC,Implement code generation to display graphic editor changes in the code editor,"",Rejected,,6783323,Web Experimentation,Mallaury Gruget,"_⭐ Campaign Creation Squad, #VOC1",,,,,,,,40,,,,,,,,,,,,,,#1  - Frictionless experience,,,,,,,,,,,,,,,,,,,,Easier collaboration btw profiles,20,20,,,,,,,,,,,,,,,,,,,,,,,,,,,,,,,,,,,,,,,,,,,,,,,,,,,,,,,,,,,,,,,,,,,,,,
25871709,feature,2024-02-05 16:29:07 UTC,2024-11-22 10:29:15 UTC,"Segment builder - Add ""Browser resolution"" targeting condition","",New idea,,6783364,"Data, Common  & Infrastructure",Loreena,_⭐ App System Squad,,,,,,,,20,,,,,,,,,,,,,,#2 - Needs of mature XP teams,,,,,,,,,,,,,,,,,,,,Logic enhancement of the segments ,10,10,,,,,,,,,,,,,,,,,,,,,,,,,,,,,,,,,,,,,,,,,,,,,,,,,,,,,,,,,,,,,,,,,,,,,,
25871846,subfeature,2024-02-05 16:35:48 UTC,2025-02-17 15:46:40 UTC,Segment builder - Goal converted condition enhancements,"",Development in progress,,11957112,Segment builder redesign,Loreena,"_⭐ App System Squad, #VOC2",,,,,,,,40,,,,,,,,,,,,,,#2 - Needs of mature XP teams,,,,,,,,,,,,,,,,,,,,,20,20,,,,,,,,,,,,,,,,,,,,,,,,,,,,,,,,,,,,,,,,,,,,,,,,,,,,,,,,,,,,,,,,,,,,,,
25903003,feature,2024-02-07 13:18:09 UTC,2025-07-08 10:13:59 UTC,Sprig Integration,Optimizely did this : <https://docs.sprig.com/docs/optimizely> <p></p> Track event : <https://docs.sprig.com/docs/web-javascript#track-events> ,New idea,,32146897,New integrations,Isabelle Ung,_⭐ Integrations Squad,,,,,,,,40,40,,,,,,,,,,,,,#2 - Needs of mature XP teams,,,,,,,,,,,,,,,,Squad Dev Tools,,,,,40,40,,,,,,,,,,,,,,,,,,,,,,,,,,,,,,,,,,,,,,,,,,,,,,,,,,,,,,,,,,,,,,,,,,,,,,
25921272,subfeature,2024-02-08 13:03:54 UTC,2024-02-08 13:03:54 UTC,Set custom properties for a goal,"",New idea,,23066886,Goal Metadata in CSV,Calixthe Mattei,_⭐ Reporting Squad,,,,,,,,,,,,,,,,,,,,,,,,,,,,,,,,,,,,,,,,,,,,,,,,,,,,,,,,,,,,,,,,,,,,,,,,,,,,,,,,,,,,,,,,,,,,,,,,,,,,,,,,,,,,,,,,,,
25921280,subfeature,2024-02-08 13:04:51 UTC,2024-02-08 13:04:51 UTC,Allow to breakdown with this goal's property,"",New idea,,23066886,Goal Metadata in CSV,Calixthe Mattei,_⭐ Reporting Squad,,,,,,,,,,,,,,,,,,,,,,,,,,,,,,,,,,,,,,,,,,,,,,,,,,,,,,,,,,,,,,,,,,,,,,,,,,,,,,,,,,,,,,,,,,,,,,,,,,,,,,,,,,,,,,,,,,
25921289,subfeature,2024-02-08 13:05:04 UTC,2024-02-08 13:05:04 UTC,Allow customer to export a goal's property (raw),"",New idea,,23066886,Goal Metadata in CSV,Calixthe Mattei,_⭐ Reporting Squad,,,,,,,,,,,,,,,,,,,,,,,,,,,,,,,,,,,,,,,,,,,,,,,,,,,,,,,,,,,,,,,,,,,,,,,,,,,,,,,,,,,,,,,,,,,,,,,,,,,,,,,,,,,,,,,,,,
25921298,subfeature,2024-02-08 13:05:10 UTC,2024-02-08 13:05:10 UTC,Encourage users to provide textual description for each goal,"",New idea,,23066886,Goal Metadata in CSV,Calixthe Mattei,_⭐ Reporting Squad,,,,,,,,,,,,,,,,,,,,,,,,,,,,,,,,,,,,,,,,,,,,,,,,,,,,,,,,,,,,,,,,,,,,,,,,,,,,,,,,,,,,,,,,,,,,,,,,,,,,,,,,,,,,,,,,,,
25936842,feature,2024-02-09 10:08:31 UTC,2024-02-09 10:11:07 UTC,Bayesian - Credible interval for Converted visits / visitors,"As of today, the formulas are not implemented to compute the credible interval under the scenarios ***Converted visits*** and ***Converted visitors***\. <p></p> On all the other scenarios, we have this credible interval, that we also display as a *confidence interval chart* under the **Improvement rate** column\.      The idea is to ***standarize and have it in every scenario\.*** ",New idea,,9564643,Data & RP,Calixthe Mattei,_⭐ Reporting Squad,,,,,,,,,,,,,,,,,,,,,,,,,,,,,,,,,,,,,,,,,,,,,,,,,,,,,,,,,,,,,,,,,,,,,,,,,,,,,,,,,,,,,,,,,,,,,,,,,,,,,,,,,,,,,,,,,,
25962780,subfeature,2024-02-12 16:14:59 UTC,2024-07-10 09:53:42 UTC,Bayesian - Continuous metrics for breakdownn,Continuous metrics are not computed when using a breakdown <p></p> ,New idea,,26064182,Continuous metrics - Extra,Calixthe Mattei,_⭐ Reporting Squad,,,,,,,,,,,,,,,,,,,,,,,,,,,,,,,,,,,,,,,,,,,,,,,,,,,,,,,,,,,,,,,,,,,,,,,,,,,,,,,,,,,,,,,,,,,,,,,,,,,,,,,,,,,,,,,,,,
25962809,subfeature,2024-02-12 16:16:46 UTC,2024-02-20 11:00:07 UTC,Frequentist - Continuous metrics for breakdown,Implement continuous metrics when applying a breakdown <p></p> ,New idea,,26064182,Continuous metrics - Extra,Calixthe Mattei,_⭐ Reporting Squad,,,,,,,,,,,,,,,,,,,,,,,,,,,,,,,,,,,,,,,,,,,,,,,,,,,,,,,,,,,,,,,,,,,,,,,,,,,,,,,,,,,,,,,,,,,,,,,,,,,,,,,,,,,,,,,,,,
25964189,feature,2024-02-12 17:21:03 UTC,2025-07-08 10:15:43 UTC,Zuko Integration (Event streaming with webhook),"Zuko sending events to Kameleoon, with Kameleoon providing an endpoint to Zuko\. Zuko pushing events throught it's webhook feature\. <span data-preserve-white-space></span> <https://docs.google.com/document/d/1Fb21_8N1IK_diSyrOmB_EcEj91g7HIWgrCpP8upX-Nw/edit?usp=sharing> ",New idea,,32146897,New integrations,Isabelle Ung,_⭐ Integrations Squad,,,,,,,,40,40,,,,,,,,,,,,,#2 - Needs of mature XP teams,,,,,,,,,,,,,,,,Squad Dev Tools,,,,,40,40,,,,,,,,,,,,,,,,,,,,,,,,,,,,,,,,,,,,,,,,,,,,,,,,,,,,,,,,,,,,,,,,,,,,,,
25973484,feature,2024-02-13 09:38:04 UTC,2025-07-08 10:14:30 UTC,Storyblok Integration,<p></p> ,New idea,,32146897,New integrations,Isabelle Ung,_⭐ Integrations Squad,,,,,,,,60,60,,,,,,,,,,,,,#2 - Needs of mature XP teams,,,,,,,,,,,,,,,,Squad Dev Tools,,,,,60,60,,,,,,,,,,,,,,,,,,,,,,,,,,,,,,,,,,,,,,,,,,,,,,,,,,,,,,,,,,,,,,,,,,,,,,
26006362,subfeature,2024-02-15 09:27:35 UTC,2024-02-15 09:27:35 UTC,Add Multiple Testing Correction under Sequential Testing,"",New idea,,10887350,Reporting page Update - Lot 1,Calixthe Mattei,"",,,,,,,,,,,,,,,,,,,,,,,,,,,,,,,,,,,,,,,,,,,,,,,,,,,,,,,,,,,,,,,,,,,,,,,,,,,,,,,,,,,,,,,,,,,,,,,,,,,,,,,,,,,,,,,,,,
26009712,feature,2024-02-15 13:43:12 UTC,2024-02-15 13:43:12 UTC,"Segment builder - Add ""Inactivity"" targeting condition","",New idea,,6783364,"Data, Common  & Infrastructure",Mallaury Gruget,_⭐ App System Squad,,,,,,,,,,,,,,,,,,,,,,,,,,,,,,,,,,,,,,,,,,,,,,,,,,,,,,,,,,,,,,,,,,,,,,,,,,,,,,,,,,,,,,,,,,,,,,,,,,,,,,,,,,,,,,,,,,
26009788,feature,2024-02-15 13:49:24 UTC,2024-02-15 13:49:24 UTC,Global campaigns metrics in the Web experimentation dashboard,"",New idea,,6783323,Web Experimentation,Mallaury Gruget,_⭐ App System Squad,,,,,,,,,,,,,,,,,,,,,,,,,,,,,,,,,,,,,,,,,,,,,,,,,,,,,,,,,,,,,,,,,,,,,,,,,,,,,,,,,,,,,,,,,,,,,,,,,,,,,,,,,,,,,,,,,,
26009789,feature,2024-02-15 13:49:24 UTC,2024-02-15 13:49:24 UTC,Global campaigns metrics in the Web experimentation dashboard,"",New idea,,6783323,Web Experimentation,Mallaury Gruget,"",,,,,,,,,,,,,,,,,,,,,,,,,,,,,,,,,,,,,,,,,,,,,,,,,,,,,,,,,,,,,,,,,,,,,,,,,,,,,,,,,,,,,,,,,,,,,,,,,,,,,,,,,,,,,,,,,,
26013468,subfeature,2024-02-15 16:43:55 UTC,2024-02-20 11:00:39 UTC,Add Bayesian to Perso,Continuous metrics too ,New idea,,26064182,Continuous metrics - Extra,Calixthe Mattei,_⭐ Reporting Squad,,,,,,,,,,,,,,,,,,,,,,,,,,,,,,,,,,,,,,,,,,,,,,,,,,,,,,,,,,,,,,,,,,,,,,,,,,,,,,,,,,,,,,,,,,,,,,,,,,,,,,,,,,,,,,,,,,
26024054,feature,2024-02-16 13:02:11 UTC,2024-02-16 13:02:11 UTC,Ability to disable segments,"",New idea,,6783364,"Data, Common  & Infrastructure",Mallaury Gruget,_⭐ App System Squad,,,,,,,,,,,,,,,,,,,,,,,,,,,,,,,,,,,,,,,,,,,,,,,,,,,,,,,,,,,,,,,,,,,,,,,,,,,,,,,,,,,,,,,,,,,,,,,,,,,,,,,,,,,,,,,,,,
26024894,subfeature,2024-02-16 14:06:45 UTC,2025-04-04 14:22:59 UTC,Amplitude Server Event Streaming,User story \#26437 \- Amplitude event dispatcher   <https://project.kameleoon.net/issues/26437> ,Released,,27837725,Back-to-back bridges / Multi-env analytics for feature flags,Isabelle Ung,_⭐ Integrations Squad,,,,,,,,40,40,,,,,,,,,,,,,,,,,,,,,,,,,,,,,,,,,,40,40,,,,,,,,,,,,,,,,,,,,,,,,,,,,,,,,,,,,,,,,,,,,,,,,,,,,,,,,,,,,,,,,,,,,,,
26050383,feature,2024-02-19 14:41:50 UTC,2024-02-19 14:41:50 UTC,BO Real-time analytics,"",New idea,,9564643,Data & RP,Calixthe Mattei,_⭐ Reporting Squad,,,,,,,,,,,,,,,,,,,,,,,,,,,,,,,,,,,,,,,,,,,,,,,,,,,,,,,,,,,,,,,,,,,,,,,,,,,,,,,,,,,,,,,,,,,,,,,,,,,,,,,,,,,,,,,,,,
26062327,feature,2024-02-20 09:18:14 UTC,2024-03-06 14:41:02 UTC,Elements tree migration to dnd kit,"",Released,,12428951,Design Tab,Lily from Kameleoon,_⭐ Visual Builders Squad,2023-11-01,2024-02-29,,,,,,,,,,,,,,,,,,,,,,,,,,,,,,,,,,,,,,,,,,,,,,,,,,,,,,,,,,,,,,,,,,,,,,,,,,,,,,,,,,,,,,,,,,,,,,,,,,,,,,,,,,,,,,,,
26063793,feature,2024-02-20 10:32:47 UTC,2025-09-26 13:07:05 UTC,Forms - Widget Studio CSV,"",Released,,6783364,"Data, Common  & Infrastructure",Calixthe Mattei,"_⭐ Reporting Squad, _⭐ Visual Builders Squad",2024-12-02,2025-06-11,,,,,,,,,,,,,,,,,,,,,,,,,,,,,,,,,,,,,,,,,,,,,,,,,,,,,,,,,,,,,,,,,,,,,,,,,,,,,,,,,,,,,,,,,,,,,,,,,,,,,,,,,,,,,,,,
26063812,feature,2024-02-20 10:34:10 UTC,2024-07-17 12:40:29 UTC,Generative AI Capabilities on RP,"",Released,,6783364,"Data, Common  & Infrastructure",Calixthe Mattei,_⭐ Reporting Squad,2024-03-11,2024-07-16,,,,,,,,,,,,,,,,,,,,,,,,,,,,,,,,,,,,,,,,,,,,,,,,,,,,,,,,,,,,,,,,,,,,,,,,,,,,,,,,,,,,,,,,,,,,,,,,,,,,,,,,,,,,,,,,
26064182,feature,2024-02-20 10:59:09 UTC,2024-08-20 11:56:23 UTC,Continuous metrics - Extra,"",Planned,,6783364,"Data, Common  & Infrastructure",Calixthe Mattei,"",2024-04-05,2024-05-06,,,,,,,,,,,,,,,,,,,,,,,,,,,,,,,,,,,,,,,,,,,,,,,,,,,,,,,,,,,,,,,,,,,,,,,,,,,,,,,,,,,,,,,,,,,,,,,,,,,,,,,,,,,,,,,,
26086142,feature,2024-02-21 13:14:38 UTC,2024-02-21 13:15:15 UTC,Clickhouse Keeper,"",New idea,,6783364,"Data, Common  & Infrastructure",Calixthe Mattei,"",2024-03-08,2024-05-07,,,,,,,,,,,,,,,,,,,,,,,,,,,,,,,,,,,,,,,,,,,,,,,,,,,,,,,,,,,,,,,,,,,,,,,,,,,,,,,,,,,,,,,,,,,,,,,,,,,,,,,,,,,,,,,,
26086147,feature,2024-02-21 13:15:00 UTC,2024-06-25 09:13:34 UTC,Goal Queries Improvements,"",New idea,,6783364,"Data, Common  & Infrastructure",Calixthe Mattei,_⭐ Reporting Squad,2024-09-23,2024-11-14,,,,,,,,,,,,,,,,,,,,,,,,,,,,,,,,,,,,,,,,,,,,,,,,,,,,,,,,,,,,,,,,,,,,,,,,,,,,,,,,,,,,,,,,,,,,,,,,,,,,,,,,,,,,,,,,
26129367,feature,2024-02-23 14:41:29 UTC,2024-07-04 13:33:41 UTC,New AI Chatbot,"",Released,,6783364,"Data, Common  & Infrastructure",Mallaury Gruget,_⭐ App System Squad,2024-02-01,2024-05-31,,,,,,,,,,,,,,,,,,,,,,,,,,,,,,,,,,,,,,,,,,,,,,,,,,,,,,,,,,,,,,,,,,,,,,,,,,,,,,,,,,,,,,,,,,,,,,,,,,,,,,,,,,,,,,,,
26129686,feature,2024-02-23 14:58:50 UTC,2024-02-23 14:59:13 UTC,Lot 2 - Post Release Update,"",New idea,,6783364,"Data, Common  & Infrastructure",Calixthe Mattei,"",2024-09-27,2024-12-08,,,,,,,,,,,,,,,,,,,,,,,,,,,,,,,,,,,,,,,,,,,,,,,,,,,,,,,,,,,,,,,,,,,,,,,,,,,,,,,,,,,,,,,,,,,,,,,,,,,,,,,,,,,,,,,,
26129697,feature,2024-02-23 14:59:29 UTC,2024-02-23 14:59:33 UTC,Lot 3 - Post Release Update,"",New idea,,6783364,"Data, Common  & Infrastructure",Calixthe Mattei,"",2025-01-01,2025-02-28,,,,,,,,,,,,,,,,,,,,,,,,,,,,,,,,,,,,,,,,,,,,,,,,,,,,,,,,,,,,,,,,,,,,,,,,,,,,,,,,,,,,,,,,,,,,,,,,,,,,,,,,,,,,,,,,
26190013,feature,2024-02-28 14:30:00 UTC,2025-07-07 15:47:30 UTC,DigitalData - Browser Data Retrieval,Enable users to retrieving Custom Datalayer through the browser when creating a custom data: `digitalData` <p></p> `digitalData`: Is not a proper method for Adobe but more like a custom dataLayer that needs to be properly configured so that any tools can easily retrieve client\-side data\. ![](https://pb-files.s3.amazonaws.com/production/attachments/9b5a8b3985a1dfcedbf74042f1ce6bc8d658891b6d00c7854f22409a4f5fcf20/image.png) <p></p> ,New idea,,9564652,Common integrations,Loreena,"_⭐ App System Squad, _⭐ Integrations Squad",,,,,,,,60,60,,,,,,,,,,,,,#1  - Frictionless experience,,,,,,,,,,,,,,,,,,,,Requested by Fnac & Cultura,60,60,,,,,,,,,,,,,,,,,,,,,,,,,,,,,,,,,,,,,,,,,,,,,,,,,,,,,,,,,,,,,,,,,,,,,,
26190100,feature,2024-02-28 14:33:38 UTC,2025-04-07 14:00:12 UTC,Add capping options on Web experiments,"",Released,,9564787,Graphic editor,Ivan Kulagin,_⭐ Campaign Creation Squad,,,,,,,,,,,,,,,,,,,,,,,,,,,,,,,,,,,,,,,,,,,,,,,,,,,,,,,,,,,,,,,,,,,,,,,,,,,,,,,,,,,,,,,,,,,,,,,,,,,,,,,,,,,,,,,,,,
26199665,feature,2024-02-29 02:10:37 UTC,2025-04-09 13:28:14 UTC,New Admin pages in app,## 📒 **Feature short description:** The goal is to change the Admin nav menu and add more pages : - Teams - Integrations - Projects - Account settings --- ## 📄 Attached documents - **Figma file**: optional \(paste link\) - **Spec file**: optional \(paste link\) - **Redmine ticket**: User story \#28932 \- New Admin menu     <https://project.kameleoon.net/issues/28932> <p></p> ,Design in progress,,31139411,Others,Yassin Hassan,"_⭐ Admin & Engine Squad, 🎯OKR",2024-08-01,2025-12-31,,,,,,,,,,,,,,,,,,,,,,,,,,,,,,,,,,,,Squad Dev Tools,,,,,,,,,,,,,,,,,,,,,,,,,,,,,,,,,,,,,,,,,,,,,,,,,,,,,,,,,,,,,,,,,,,,,,,,,,,,
26204225,feature,2024-02-29 10:48:14 UTC,2024-04-29 16:02:41 UTC,Predictive targeting enhancements (wordings),"",Released,,6783363,AI-Driven Personalization,Mallaury Gruget,_⭐ App System Squad,2024-02-01,2024-04-11,,,,,,,,,,,,,,,,,,,,,,,,,,,,,,,,,,,,,,,,,,,,,,,,,,,,,,,,,,,,,,,,,,,,,,,,,,,,,,,,,,,,,,,,,,,,,,,,,,,,,,,,,,,,,,,,
26222887,feature,2024-03-01 11:06:38 UTC,2024-03-05 15:27:38 UTC,Prioritization feature enhancements,"",New idea,,6783363,AI-Driven Personalization,Mallaury Gruget,_⭐ Campaign Creation Squad,,,,,,,,,,,,,,,,,,,,,,,,,,,,,,,,,,,,,,,,,,,,,,,,,,,,,,,,,,,,,,,,,,,,,,,,,,,,,,,,,,,,,,,,,,,,,,,,,,,,,,,,,,,,,,,,,,
26241951,feature,2024-03-04 09:50:31 UTC,2024-05-14 10:43:21 UTC,Monthly Tracked Users - Part 2,"## 📒 **Feature short description:** - Adding a button to switch campaigns back online \(Admin BO\)     - small link under the input field of the limit     - display a confirmation pop\-in and a confirmation notification - Add MTUs in Admin BO  dashboard tooltip \(""XXX\/limit""\) - Add Billing plan in Customer account settings pop\-in <span data-preserve-white-space></span> --- ## 📄 Attached documents - **Redmine ticket**: User story \#26246 \- Monthly tracked users \(MTUs\) \- Part 2     <https://project.kameleoon.net/issues/26246> <p></p> ",Released,,6783364,"Data, Common  & Infrastructure",Yassin Hassan,_⭐ Admin & Engine Squad,2024-03-01,2024-04-30,,,,,,,,,,,,,,,,,,,,,,,,,,,,,,,,,,,,Squad Dev Tools,,,,,,,,,,,,,,,,,,,,,,,,,,,,,,,,,,,,,,,,,,,,,,,,,,,,,,,,,,,,,,,,,,,,,,,,,,,,
26242039,feature,2024-03-04 09:56:26 UTC,2025-04-03 09:59:42 UTC,Shadow root support,"## 📒 **Feature short description:** <p></p> --- ## 📄 Attached documents - **Figma file**: optional \(paste link\) - **Spec file**: optional \(paste link\) - **Redmine ticket**: User story \#26638 \- Add shadow root support     <https://project.kameleoon.net/issues/26638> - **Image:** mandatory, to illustrate the topic <p></p> ",Development in progress,,31139434,Engine,Yassin Hassan,_⭐ Admin & Engine Squad,2024-03-01,2024-12-31,,,,,,,,,,,,,,,,,,,,,,,,,,,,,,,,,,,,Squad Dev Tools,,,,,,,,,,,,,,,,,,,,,,,,,,,,,,,,,,,,,,,,,,,,,,,,,,,,,,,,,,,,,,,,,,,,,,,,,,,,
26242073,feature,2024-03-04 09:59:34 UTC,2024-03-25 23:42:15 UTC,Dynamic website option upon project setup,"## 📒 **Feature short description:** This task aims to enhance new project setup process to ensure that customers are aware of and can easily enable support for SPAs\. The primary objective is to address recent customer feedback regarding the lack of visibility of our platform's compatibility with Single Page Apps \(SPAs\) during the project setup flow\. We lost a deal in the US due to this reason, and Oracle \(an important ongoing Proof of Concept\) also did not find it\. --- ## 📄 Attached documents - **Figma file**: optional \(paste link\) - **Spec file**: optional \(paste link\) - **Redmine ticket**: Subtask \#26426 \- Dynamic website option upon project setup     <https://project.kameleoon.net/issues/26426> - **Image:** mandatory, to illustrate the topic <p></p> ",Released,,6783364,"Data, Common  & Infrastructure",Yassin Hassan,_⭐ Admin & Engine Squad,2024-03-01,2024-03-20,,,,,,,,,,,,,,,,,,,,,,,,,,,,,,,,,,,,Squad Dev Tools,,,,,,,,,,,,,,,,,,,,,,,,,,,,,,,,,,,,,,,,,,,,,,,,,,,,,,,,,,,,,,,,,,,,,,,,,,,,
26243161,feature,2024-03-04 11:10:56 UTC,2024-03-04 11:10:56 UTC,Breakdown with App version,"",New idea,,6783364,"Data, Common  & Infrastructure",Calixthe Mattei,"",,,,,,,,,,,,,,,,,,,,,,,,,,,,,,,,,,,,,,,,,,,,,,,,,,,,,,,,,,,,,,,,,,,,,,,,,,,,,,,,,,,,,,,,,,,,,,,,,,,,,,,,,,,,,,,,,,
26267738,feature,2024-03-05 16:54:01 UTC,2025-07-08 10:17:40 UTC,Custom Analytics to support Feature flag pre-defined variables,"## 📒 **Feature short description:** The idea is to add more variables when creating a custom analytics : <span data-preserve-white-space></span> - Feature key - Variable key - Type --- ## 📄 Attached documents - **Figma file**: optional \(paste link\) - **Spec file**: optional \(paste link\) - **Redmine ticket**: mandatory  \(paste link\) - **Image:** mandatory, to illustrate the topic <p></p> ",New idea,,9564652,Common integrations,Isabelle Ung,_⭐ Integrations Squad,,,,,,,,40,40,,,,,,,,,,,,,,,,,,,,,,,,,,,,,Squad Dev Tools,,,,,40,40,,,,,,,,,,,,,,,,,,,,,,,,,,,,,,,,,,,,,,,,,,,,,,,,,,,,,,,,,,,,,,,,,,,,,,
26304826,feature,2024-03-07 16:31:00 UTC,2024-03-12 13:15:05 UTC,Spell checker,"",Rejected,,12428951,Design Tab,Lily from Kameleoon,_⭐ Visual Builders Squad,,,,,,,,,,,,,,,,,,,,,,,,,,,,,,,,,,,,,,,,,,,,,,,,,,,,,,,,,,,,,,,,,,,,,,,,,,,,,,,,,,,,,,,,,,,,,,,,,,,,,,,,,,,,,,,,,,
26353078,feature,2024-03-12 08:42:42 UTC,2024-03-12 08:42:42 UTC,Targeting conditions (FF) - Add App version criteria,"",New idea,,6783364,"Data, Common  & Infrastructure",Mallaury Gruget,_⭐ App System Squad,,,,,,,,,,,,,,,,,,,,,,,,,,,,,,,,,,,,,,,,,,,,,,,,,,,,,,,,,,,,,,,,,,,,,,,,,,,,,,,,,,,,,,,,,,,,,,,,,,,,,,,,,,,,,,,,,,
26353084,feature,2024-03-12 08:44:09 UTC,2024-03-12 08:44:47 UTC,Make the sample size calculator more accessible,"Add our sample size calculator in the code editor, and also maybe at another location that the user can access anytime ",New idea,,6783323,Web Experimentation,Mallaury Gruget,"_⭐ App System Squad, _⭐ Campaign Creation Squad",,,,,,,,,,,,,,,,,,,,,,,,,,,,,,,,,,,,,,,,,,,,,,,,,,,,,,,,,,,,,,,,,,,,,,,,,,,,,,,,,,,,,,,,,,,,,,,,,,,,,,,,,,,,,,,,,,
26353603,feature,2024-03-12 09:27:04 UTC,2024-03-12 09:27:04 UTC,Scrolling improvements on the RP,"",New idea,,6783364,"Data, Common  & Infrastructure",Calixthe Mattei,"",,,,,,,,,,,,,,,,,,,,,,,,,,,,,,,,,,,,,,,,,,,,,,,,,,,,,,,,,,,,,,,,,,,,,,,,,,,,,,,,,,,,,,,,,,,,,,,,,,,,,,,,,,,,,,,,,,
26353790,feature,2024-03-12 09:34:39 UTC,2024-03-12 09:34:39 UTC,Breakdown with User agent,"",New idea,,6783364,"Data, Common  & Infrastructure",Calixthe Mattei,_⭐ Reporting Squad,,,,,,,,20,,,,,,,,,,,,,,#2 - Needs of mature XP teams,,,,,,,,,,,,,,,,,,,,Improve Analytics capabilities for better analysis. Mainly mobile and social network,10,10,,,,,,,,,,,,,,,,,,,,,,,,,,,,,,,,,,,,,,,,,,,,,,,,,,,,,,,,,,,,,,,,,,,,,,
26353890,feature,2024-03-12 09:41:04 UTC,2024-03-12 09:41:04 UTC,Activity / Comments improvements,"",New idea,,6783364,"Data, Common  & Infrastructure",Calixthe Mattei,"",,,,,,,,,,,,,,,,,,,,,,,,,,,,,,,,,,,,,,,,,,,,,,,,,,,,,,,,,,,,,,,,,,,,,,,,,,,,,,,,,,,,,,,,,,,,,,,,,,,,,,,,,,,,,,,,,,
26353975,subfeature,2024-03-12 09:46:11 UTC,2024-03-20 15:11:47 UTC,Goal option : Exit rate,Take it into account in the Merge Goal metric <p></p> ,Planned,,23066886,Goal Metadata in CSV,Calixthe Mattei,_⭐ Reporting Squad,,,,,,,,20,,,,,,,,,,,,,,#1  - Frictionless experience,,,,,,,,,,,,,,,,,,,,Several internal requests,10,10,,,,,,,,,,,,,,,,,,,,,,,,,,,,,,,,,,,,,,,,,,,,,,,,,,,,,,,,,,,,,,,,,,,,,,
26357799,feature,2024-03-12 10:08:32 UTC,2024-03-12 10:08:32 UTC,CUPED : Keep breakdown/filters when enabling,"",New idea,,6783364,"Data, Common  & Infrastructure",Calixthe Mattei,"",,,,,,,,,,,,,,,,,,,,,,#2 - Needs of mature XP teams,,,,,,,,,,,,,,,,,,,,,0,0,,,,,,,,,,,,,,,,,,,,,,,,,,,,,,,,,,,,,,,,,,,,,,,,,,,,,,,,,,,,,,,,,,,,,,
26358571,feature,2024-03-12 10:26:57 UTC,2024-03-12 10:26:57 UTC,Customize media queries,"",New idea,,12428951,Design Tab,Lily from Kameleoon,_⭐ Visual Builders Squad,,,,,,,,,,,,,,,,,,,,,,,,,,,,,,,,,,,,,,,,,,,,,,,,,,,,,,,,,,,,,,,,,,,,,,,,,,,,,,,,,,,,,,,,,,,,,,,,,,,,,,,,,,,,,,,,,,
26358738,feature,2024-03-12 10:39:12 UTC,2024-05-16 17:15:04 UTC,Display add to cart data in the performance dashboard,"",Released,,9564712,Product recommendation,Lily from Kameleoon,_⭐ Visual Builders Squad,,,,,,,,60,,,,,,,,,,,,,,#2 - Needs of mature XP teams,,,,,,,,,,,,,,,,,,,,,30,30,,,,,,,,,,,,,,,,,,,,,,,,,,,,,,,,,,,,,,,,,,,,,,,,,,,,,,,,,,,,,,,,,,,,,,
26359009,feature,2024-03-12 10:54:57 UTC,2024-03-12 10:54:57 UTC,Remove URL parameter,"",New idea,,9564712,Product recommendation,Lily from Kameleoon,_⭐ Visual Builders Squad,,,,,,,,,,,,,,,,,,,,,,,,,,,,,,,,,,,,,,,,,,,,,,,,,,,,,,,,,,,,,,,,,,,,,,,,,,,,,,,,,,,,,,,,,,,,,,,,,,,,,,,,,,,,,,,,,,
26359754,feature,2024-03-12 11:09:45 UTC,2024-10-15 22:18:16 UTC,In-Page Templates,"",New idea,,12429128,Core,Lily from Kameleoon,_⭐ Visual Builders Squad,,,,,,,,,,,,,,,,,,,,,,,,,,,,,,,,,,,,,,,,,,,,,,,,,,,,,,,,,,,,,,,,,,,,,,,,,,,,,,,,,,,,,,,,,,,,,,,,,,,,,,,,,,,,,,,,,,
26360453,feature,2024-03-12 11:16:50 UTC,2024-03-12 11:16:50 UTC,Enhance the flow in the rules creation tab,"",New idea,,9564712,Product recommendation,Lily from Kameleoon,_⭐ Visual Builders Squad,,,,,,,,,,,,,,,,,,,,,,#1  - Frictionless experience,,,,,,,,,,,,,,,,,,,,,0,0,,,,,,,,,,,,,,,,,,,,,,,,,,,,,,,,,,,,,,,,,,,,,,,,,,,,,,,,,,,,,,,,,,,,,,
26360622,feature,2024-03-12 11:34:23 UTC,2024-05-28 07:51:20 UTC,Scheduled XML file import,"",Released,,9564712,Product recommendation,Lily from Kameleoon,_⭐ Visual Builders Squad,,,,,,,,60,,,,,,,,,,,,,,#2 - Needs of mature XP teams,,,,,,,,,,,,,,,,,,,,,30,30,,,,,,,,,,,,,,,,,,,,,,,,,,,,,,,,,,,,,,,,,,,,,,,,,,,,,,,,,,,,,,,,,,,,,,
26360974,feature,2024-03-12 11:55:17 UTC,2024-03-12 11:55:28 UTC,Save button UX enhancement,"",New idea,,12429128,Core,Lily from Kameleoon,_⭐ Visual Builders Squad,,,,,,,,,,,,,,,,,,,,,,,,,,,,,,,,,,,,,,,,,,,,,,,,,,,,,,,,,,,,,,,,,,,,,,,,,,,,,,,,,,,,,,,,,,,,,,,,,,,,,,,,,,,,,,,,,,
26361190,feature,2024-03-12 12:08:52 UTC,2024-09-19 11:26:14 UTC,Visitor Count Exposure,"",Rejected,,9564875,Feature Management & Experimentation (FM&E),Junaid Gulzar Malik,_⭐ Feature Experimentation Squad,2024-05-01,2024-08-31,,,,,,,,,,,,,,,,,,,,#2 - Needs of mature XP teams,,,,,,,,,,,,,,,,,,,,Requested by Zoe and is important to secure them as a client. Also pairs well with upcoming RT evaluations feature.,,,,,,,,,,,,,,,,,,,,,,,,,,,,,,,,,,,,,,,,,,,,,,,,,,,,,,,,,,,,,,,,,,,,,,,,
26361284,feature,2024-03-12 12:15:30 UTC,2024-03-26 10:12:35 UTC,Copy rules from another environment,Copy rules from another environment and either overwrite or append them into your chosen environment\. <span data-preserve-white-space></span> <p></p> ,Released,,9564875,Feature Management & Experimentation (FM&E),Junaid Gulzar Malik,_⭐ Feature Experimentation Squad,2024-03-01,2024-03-31,,,,,,,,,,,,,,,,,,,,,,,,,,,,,,,,,,,,,,,,,,,,,,,,,,,,,,,,,,,,,,,,,,,,,,,,,,,,,,,,,,,,,,,,,,,,,,,,,,,,,,,,,,,,,,,,
26363754,feature,2024-03-12 14:31:09 UTC,2024-03-20 10:13:44 UTC,"Filter results by device, user typology","",New idea,,9564712,Product recommendation,Lily from Kameleoon,_⭐ Visual Builders Squad,,,,,,,,,,,,,,,,,,,,,,#2 - Needs of mature XP teams,,,,,,,,,,,,,,,,,,,,,0,0,,,,,,,,,,,,,,,,,,,,,,,,,,,,,,,,,,,,,,,,,,,,,,,,,,,,,,,,,,,,,,,,,,,,,,
26364984,feature,2024-03-12 15:15:16 UTC,2024-11-27 15:41:05 UTC,Quick Native Goal Merging,"VOC Meeting 27\/11\/24: <span data-preserve-white-space></span> Wait for improvements on Click tracking, implement native Datalayer connection, etc ",New idea,,6783364,"Data, Common  & Infrastructure",Calixthe Mattei,"_⭐ Reporting Squad, #VOC2",,,,,,,,20,,,,,,,,,,,,,,#1  - Frictionless experience,,,,,,,,,,,,,,,,,,,,Help users save time on easy XPs,10,10,,,,,,,,,,,,,,,,,,,,,,,,,,,,,,,,,,,,,,,,,,,,,,,,,,,,,,,,,,,,,,,,,,,,,,
26365289,feature,2024-03-12 15:29:33 UTC,2024-03-12 15:29:33 UTC,Give more context to help the rules setup,"",New idea,,9564712,Product recommendation,Lily from Kameleoon,_⭐ Visual Builders Squad,,,,,,,,,,,,,,,,,,,,,,,,,,,,,,,,,,,,,,,,,,,,,,,,,,,,,,,,,,,,,,,,,,,,,,,,,,,,,,,,,,,,,,,,,,,,,,,,,,,,,,,,,,,,,,,,,,
26365530,feature,2024-03-12 15:38:31 UTC,2024-03-12 15:38:31 UTC,New filter: Show products that match a parameter value of the product added to the cart,"",New idea,,9564712,Product recommendation,Lily from Kameleoon,_⭐ Visual Builders Squad,,,,,,,,,,,,,,,,,,,,,,,,,,,,,,,,,,,,,,,,,,,,,,,,,,,,,,,,,,,,,,,,,,,,,,,,,,,,,,,,,,,,,,,,,,,,,,,,,,,,,,,,,,,,,,,,,,
26366203,feature,2024-03-12 16:15:35 UTC,2024-03-12 16:15:35 UTC,Multi-projects Goals,"",New idea,,6783364,"Data, Common  & Infrastructure",Calixthe Mattei,"",,,,,,,,,,,,,,,,,,,,,,,,,,,,,,,,,,,,,,,,,,,,,,,,,,,,,,,,,,,,,,,,,,,,,,,,,,,,,,,,,,,,,,,,,,,,,,,,,,,,,,,,,,,,,,,,,,
26366821,feature,2024-03-12 16:48:53 UTC,2024-03-12 16:52:39 UTC,New filter: Do not show products with at least one category matching those of the items in the cart,"",New idea,,9564712,Product recommendation,Lily from Kameleoon,_⭐ Visual Builders Squad,,,,,,,,,,,,,,,,,,,,,,,,,,,,,,,,,,,,,,,,,,,,,,,,,,,,,,,,,,,,,,,,,,,,,,,,,,,,,,,,,,,,,,,,,,,,,,,,,,,,,,,,,,,,,,,,,,
26367552,feature,2024-03-12 17:31:46 UTC,2024-03-12 17:31:46 UTC,Support SVG images,"",New idea,,12428951,Design Tab,Lily from Kameleoon,_⭐ Visual Builders Squad,,,,,,,,20,,,,,,,,,,,,,,#1  - Frictionless experience,,,,,,,,,,,,,,,,,,,,,10,10,,,,,,,,,,,,,,,,,,,,,,,,,,,,,,,,,,,,,,,,,,,,,,,,,,,,,,,,,,,,,,,,,,,,,,
26367637,feature,2024-03-12 17:37:30 UTC,2025-06-13 13:20:47 UTC,Input: set different colors for the placeholder and the value,"",Released,,12428951,Design Tab,Lily from Kameleoon,_⭐ Visual Builders Squad,,,,,,,,,,,,,,,,,,,,,,,,,,,,,,,,,,,,,,,,,,,,,,,,,,,,,,,,,,,,,,,,,,,,,,,,,,,,,,,,,,,,,,,,,,,,,,,,,,,,,,,,,,,,,,,,,,
26384923,feature,2024-03-13 16:58:21 UTC,2024-06-20 08:25:43 UTC,Goals Doublon-check capabilities,"## 📒 **Feature short description:** Describe what the feature does\. ``` Structure this as:  [Feature] allows [target persona] to [accomplish a task] by [capability / the “how” of the feature]. ``` ## 😥 Problem <u>**Problem statement:**</u> What problem are we trying to solve with this feature? Or, what is the opportunity we are addressing?  ``` Example: ""As a developer, when I want to do ..., I get the following problems."" ``` <u>**Workaround:**</u> - **Existing workaround:** Yes \/ No - **Workaround description:** If there is a workaround, explain how we can proceed to solve the problem today ## 💡 Solution <u>**Key benefits**</u>: <span data-preserve-white-space></span> What value does this feature bring to the user?  ``` Answer the question, “What are the benefits for the end user?” as if you were talking to Customer Success. example: * benefit 1 * benefit 2 ``` <span data-preserve-white-space></span>   <u>**Use Cases:**</u> <span data-preserve-white-space></span> Share use cases where this feature would help our users\. <span data-preserve-white-space></span> ``` Use the Jobs To Be Done framework to illustrate our user's motivation and behaviour. Structure this as: When the user [situation], they want to [motivation], so they can [expected outcome]. ``` <u>**✏️ Product design:**</u> - **Product package:** Web Experimentation \/ Full Stack Experimentation \/ Feature Management \/ AI\-driven Personalization  *\(only keep the right answers\)* - **Product scope:** Product section and pages that will evolve \(if needed, define sections\/pages that will be out of scope\) - **Target Persona**: Which one of our target persona is going to benefit from this feature? \(Marketer \/ Developer \/ Product Manager\) <span data-preserve-white-space></span> - **Main updates:** In bullets, concisely describe what your solution consists of:     - In page X, we add \.\.\.     - On click, \.\.\.     - Optionally, paste images of the solution here \(or paste Figma link\) ## 🎯 **Measuring Success** - **Goal 1:** indicate the goal of this topic - **Success metric:** indicate the key indicator of success that will measure the achievement of goal 1 <p></p> ``` Copy and paste previous paragraph for each goal attached to this topic. Report to PDB Template - Slide 13 for examples ``` --- ## 📄 Attached documents - **Figma file**: optional \(paste link\) - **Spec file**: optional \(paste link\) - **Redmine ticket**: mandatory  \(paste link\) - **Image:** mandatory, to illustrate the topic <p></p> ",New idea,,6783364,"Data, Common  & Infrastructure",Calixthe Mattei,_⭐ Reporting Squad,,,,,,,,40,,,,,,,,,,,,,,#1  - Frictionless experience,,,,,,,,,,,,,,,,,,,,Induce stronger and smarter Metrics practices,20,20,,,,,,,,,,,,,,,,,,,,,,,,,,,,,,,,,,,,,,,,,,,,,,,,,,,,,,,,,,,,,,,,,,,,,,
26386725,feature,2024-03-13 18:48:26 UTC,2024-09-06 12:29:11 UTC,Updating Shopify Integration (New Shopify App),"## 📒 **Feature short description:** New Shopify to : - Stop using the Asset API and start using the Extension API - Add a Pixel to track the Checkout page --- ## 📄 Attached documents - **Figma file**: optional \(paste link\) - **Spec file**: optional \(paste link\) - **Redmine ticket**: User story \#26071 \- New Shopify app     <https://project.kameleoon.net/issues/26071> - **Image:** mandatory, to illustrate the topic <p></p> ",Released,,6783364,"Data, Common  & Infrastructure",Yassin Hassan,_⭐ Integrations Squad,2024-03-01,2024-08-31,,,,,,60,60,,,,,,,,,,,,,,,,,,,,,,,,,,,,,Squad Dev Tools,,,,,60,60,,,,,,,,,,,,,,,,,,,,,,,,,,,,,,,,,,,,,,,,,,,,,,,,,,,,,,,,,,,,,,,,,,,,,,
26393976,subfeature,2024-03-14 10:10:36 UTC,2024-06-25 10:56:43 UTC,ServiceNow Integration,"",Rejected,,23015486,Change Approval Workflows,Junaid Gulzar Malik,_⭐ Feature Experimentation Squad,,,,,,,,,,,,,,,,,,,,,,,,,,,,,,,,,,,,,,,,,,,,,,,,,,,,,,,,,,,,,,,,,,,,,,,,,,,,,,,,,,,,,,,,,,,,,,,,,,,,,,,,,,,,,,,,,,
26396896,feature,2024-03-14 13:39:33 UTC,2024-07-09 10:39:58 UTC,GE - Enable to edit multiple SRC Set,"",Released,,9564787,Graphic editor,Mallaury Gruget,_⭐ Campaign Creation Squad,2024-05-28,2024-06-26,,,,,,,,,,,,,,,,,,,,,,,,,,,,,,,,,,,,,,,,,,,,,,,,,,,,,,,,,,,,,,,,,,,,,,,,,,,,,,,,,,,,,,,,,,,,,,,,,,,,,,,,,,,,,,,,
26397743,feature,2024-03-14 14:14:05 UTC,2024-03-14 14:14:05 UTC,Custom data dashboard - Tags column,"",New idea,,6783364,"Data, Common  & Infrastructure",Mallaury Gruget,_⭐ App System Squad,,,,,,,,,,,,,,,,,,,,,,,,,,,,,,,,,,,,,,,,,,,,,,,,,,,,,,,,,,,,,,,,,,,,,,,,,,,,,,,,,,,,,,,,,,,,,,,,,,,,,,,,,,,,,,,,,,
26435209,feature,2024-03-18 12:38:44 UTC,2024-03-20 15:46:07 UTC,BigQuery - Use as a destination - Send Exp name and Var name,"## 📒 **Feature short description:** Send the exp name and var name in addition to the Ids --- ## 📄 Attached documents - **Figma file**: optional \(paste link\) - **Spec file**: optional \(paste link\) - **Redmine ticket**: mandatory  \(paste link\) - **Image:** mandatory, to illustrate the topic <p></p> ",Rejected,,6783364,"Data, Common  & Infrastructure",Yassin Hassan,_⭐ Integrations Squad,,,,,,,,,,,,,,,,,,,,,,,,,,,,,,,,,,,,,,Squad Dev Tools,,,,,,,,,,,,,,,,,,,,,,,,,,,,,,,,,,,,,,,,,,,,,,,,,,,,,,,,,,,,,,,,,,,,,,,,,,,,
26435749,feature,2024-03-18 13:14:21 UTC,2024-03-18 13:16:53 UTC,Display products sold in the performance tab,"",New idea,,9564712,Product recommendation,Lily from Kameleoon,_⭐ Visual Builders Squad,,,,,,,,,,,,,,,,,,,,,,,,,,,,,,,,,,,,,,,,,,,0,0,,,,,,,,,,,,,,,,,,,,,,,,,,,,,,,,,,,,,,,,,,,,,,,,,,,,,,,,,,,,,,,,,,,,,,
26436222,subfeature,2024-03-18 13:37:06 UTC,2025-05-07 07:28:35 UTC,Share link associated to a specific variation,"## 📒 **Feature short description:** The goal of this feature is to allow users to generate not only a simulation link, but a simulation link that will show\/pre\-select a specific variation\. <span data-preserve-white-space></span> --- ## 📄 Attached documents - **Figma file**: optional \(paste link\) - **Spec file**: optional \(paste link\) - **Redmine ticket**: mandatory  \(paste link\) - **Image:** mandatory, to illustrate the topic <p></p> ",Development in progress,,22676392,Simulation Panel Redesign,Yassin Hassan,_⭐ Admin & Engine Squad,,,,,,,,20,60,,,,,,,,,,,,,#2 - Needs of mature XP teams,,,,,,,,,,,,,,,,Squad Dev Tools,,,,,40,40,,,,,,,,,,,,,,,,,,,,,,,,,,,,,,,,,,,,,,,,,,,,,,,,,,,,,,,,,,,,,,,,,,,,,,
26437228,feature,2024-03-18 14:10:56 UTC,2025-07-08 10:15:02 UTC,Microsoft Dynamics 365 Integration - Importing cohorts to Kameleoon,"## 📒 **Feature short description:** Importing MS Dynamics 360 segments to Kameleoon for targeting purposes\. --- ## 📄 Attached documents - **Figma file**: optional \(paste link\) - **Spec file**: optional \(paste link\) - **Redmine ticket**: mandatory  \(paste link\) - **Image:** mandatory, to illustrate the topic <p></p> ",New idea,,32146897,New integrations,Isabelle Ung,"_⭐ Integrations Squad, #VOC2",,,,,,,,20,80,,,,,,,,,,,,,#2 - Needs of mature XP teams,,,,,,,,,,,,,,,,Squad Dev Tools,,,,"Michelin Group, Tele 2",50,50,,,,,,,,,,,,,,,,,,,,,,,,,,,,,,,,,,,,,,,,,,,,,,,,,,,,,,,,,,,,,,,,,,,,,,
26449460,feature,2024-03-19 09:45:20 UTC,2025-07-08 10:02:20 UTC,Custom data integration - Considering empty strings as a real value,"## 📒 **Feature short description:** The customer is experiencing an issue with native bridge custom data where empty values are not being set, preventing the use of targeting to exclude certain values\. They suggest a workaround using custom code to set empty values to """", allowing for more effective targeting\. --- ## 📄 Attached documents - **Figma file**: optional \(paste link\) - **Spec file**: optional \(paste link\) - **Redmine ticket**: mandatory  \(paste link\) - **Image:** mandatory, to illustrate the topic <p></p> ",New idea,,9564652,Common integrations,Isabelle Ung,"",,,,,,,,,,,,,,,,,,,,,,,,,,,,,,,,,,,,,,,,,,,,,,,,,,,,,,,,,,,,,,,,,,,,,,,,,,,,,,,,,,,,,,,,,,,,,,,,,,,,,,,,,,,,,,,,,,
26449552,feature,2024-03-19 09:52:15 UTC,2025-07-08 10:14:52 UTC,Make Integration,"## 📒 **Feature short description:** Integrating Kameleoon with Make \(make\.com\)\. --- ## 📄 Attached documents - **Figma file**: optional \(paste link\) - **Spec file**: optional \(paste link\) - **Redmine ticket**: mandatory  \(paste link\) - **Image:** mandatory, to illustrate the topic <p></p> ",New idea,,32146897,New integrations,Isabelle Ung,_⭐ Integrations Squad,,,,,,,,60,60,,,,,,,,,,,,,#2 - Needs of mature XP teams,,,,,,,,,,,,,,,,,,,,,60,60,,,,,,,,,,,,,,,,,,,,,,,,,,,,,,,,,,,,,,,,,,,,,,,,,,,,,,,,,,,,,,,,,,,,,,
26449678,feature,2024-03-19 09:59:45 UTC,2025-07-08 10:15:12 UTC,Segment Consent Manager Integration,"## 📒 **Feature short description:** <https://segment.com/blog/how-to-build-consent-management-into-your-site-in-less-than-a-week/> --- ## 📄 Attached documents - **Figma file**: optional \(paste link\) - **Spec file**: optional \(paste link\) - **Redmine ticket**: mandatory  \(paste link\) - **Image:** mandatory, to illustrate the topic <p></p> ",New idea,,32146897,New integrations,Isabelle Ung,_⭐ Integrations Squad,,,,,,,,40,40,,,,,,,,,,,,,#2 - Needs of mature XP teams,,,,,,,,,,,,,,,,,,,,,40,40,,,,,,,,,,,,,,,,,,,,,,,,,,,,,,,,,,,,,,,,,,,,,,,,,,,,,,,,,,,,,,,,,,,,,,
26457852,feature,2024-03-19 15:56:30 UTC,2025-07-08 10:18:05 UTC,GA4 - GTM method - Push in dataLayer instead of waiting,"## 📒 **Feature short description:** When using the GTM method, we shouldn't wait for the dataLayer to be ready, we can already start pushing on it\. See insight from Vincent Taldir\. --- ## 📄 Attached documents - **Figma file**: optional \(paste link\) - **Spec file**: optional \(paste link\) - **Redmine ticket**: User story \#27219 \- GA4 \- GTM method \- Push in dataLayer instead of waiting     <https://project.kameleoon.net/issues/27219> - **Image:** mandatory, to illustrate the topic <p></p> ",New idea,,9564652,Common integrations,Isabelle Ung,_⭐ Integrations Squad,,,,,,,,60,60,,,,,,,,,,,,,,,,,,,,,,,,,,,,,Squad Dev Tools,,,,,60,60,,,,,,,,,,,,,,,,,,,,,,,,,,,,,,,,,,,,,,,,,,,,,,,,,,,,,,,,,,,,,,,,,,,,,,
26486049,feature,2024-03-20 17:23:36 UTC,2025-07-08 10:17:49 UTC,GA4 Integration to automatically create the GTM tag using Google's API,"## 📒 **Feature short description:** When using the GTM method in the GA4 integration, automatically create the GTM tag using Google's API\. --- ## 📄 Attached documents - **Figma file**: optional \(paste link\) - **Spec file**: optional \(paste link\) - **Redmine ticket**: mandatory  \(paste link\) - **Image:** mandatory, to illustrate the topic <p></p> ",New idea,,9564652,Common integrations,Isabelle Ung,_⭐ Integrations Squad,,,,,,,,60,60,,,,,,,,,,,,,,,,,,,,,,,,,,,,,Squad Dev Tools,,,,,60,60,,,,,,,,,,,,,,,,,,,,,,,,,,,,,,,,,,,,,,,,,,,,,,,,,,,,,,,,,,,,,,,,,,,,,,
26544950,feature,2024-03-26 00:08:45 UTC,2024-10-01 10:41:32 UTC,Custom teams,"## 📒 **Feature short description:** The updates improve team management in Kameleoon, allowing users to assign teams to web pages, manage multiple teams, and streamline user management\. The campaigns dashboard now displays only relevant campaigns, with admins retaining full visibility\. Campaign creation ensures coherence between teams and properties, with exceptions for admins\. These changes enhance efficiency and organization within the platform\. ## ⁉️ Problem Statement The problem we aim to address is the lack of robust team management functionality within the Kameleoon platform\. Currently, there are limitations in specifying team ownership for web pages, managing multiple teams, and efficiently assigning users to teams\. This lack of flexibility hampers workflow organization and can lead to confusion and inefficiencies, especially in projects involving multiple teams or complex campaign structures\. Additionally, there is a need to ensure coherence between team assignments and campaign properties to maintain consistency and streamline campaign management\. Overall, the goal is to enhance team management capabilities to improve collaboration, organization, and workflow efficiency within the Kameleoon platform\. ## 🔑 Key Features 1. **Customization of Snippet with Tag:**     1. Allow customers to include an optional property in the Kameleoon snippet indicating the entitled team for the page\.     1. Investigate the feasibility of defining multiple teams with Aleksey\. If feasible, assess the effort required\. 1. **Page Team:**     1. Rename ""Page Team"" to ""Users\.""     1. Introduce a ""Team"" column to specify user affiliations\.     1. Enable super admin users to assign teams via a unique action in the options menu\. 1. **Creation of Team Interface:**     1. Implement a quick\-to\-implement pop\-up or page\.     1. Enable activation of the ""team"" feature\.     1. Provide functionality to list, create, and edit teams, including name, tag key, and optional description\. 1. **Addition of Users:**     1. Integrate a team dropdown during user addition for super admin users if the ""teams"" feature is activated\. 1. **Campaigns Dashboard Adaptation:**     1. Display only campaigns managed by the user's team, with an exception for project admins who see all project campaigns\.     1. Include a team filter in the sidebar for admins\.     1. Add a ""team"" column to the campaigns dashboard for admins\. 1. **Campaign Creation:**     1. Implement a check to ensure coherence between the ""team property"" on the URL and the user's team when creating a campaign\. Display an error message if inconsistent\.     1. Allow admin users to bypass this rule\. --- ## 📄 Attached documents - **Figma file**: optional \(paste link\) - **Spec file**: optional \(paste link\) - **Redmine ticket**: User story \#26858 \- Custom teams     <https://project.kameleoon.net/issues/26858> - **Image:** mandatory, to illustrate the topic <p></p> ",Released,,6783364,"Data, Common  & Infrastructure",Yassin Hassan,_⭐ Admin & Engine Squad,2024-04-01,2024-09-16,,,,,,,,,,,,,,,,,,,,,,,,,,,,,,,,,,,,Squad Dev Tools,,,,,,,,,,,,,,,,,,,,,,,,,,,,,,,,,,,,,,,,,,,,,,,,,,,,,,,,,,,,,,,,,,,,,,,,,,,,
26567988,feature,2024-03-27 13:36:42 UTC,2024-06-25 09:10:37 UTC,Real-time Evaluations for FE:,"Support FME squad to handle Real Time Evaluations 27\/03\/24: deadline is not clear for now,  blocker on some migration tasks ",Released,,6783364,"Data, Common  & Infrastructure",Calixthe Mattei,_⭐ Reporting Squad,2024-04-02,2024-05-31,,,,,,,,,,,,,,,,,,,,,,,,,,,,,,,,,,,,,,,,,,,,,,,,,,,,,,,,,,,,,,,,,,,,,,,,,,,,,,,,,,,,,,,,,,,,,,,,,,,,,,,,,,,,,,,,
26568085,feature,2024-03-27 13:41:35 UTC,2025-02-10 10:14:35 UTC,Alert migration,Migrate the alerts service in the back end to start implementing new alerts <span data-preserve-white-space></span> <span data-preserve-white-space></span> ,Planned,,6783364,"Data, Common  & Infrastructure",Calixthe Mattei,_⭐ Reporting Squad,2025-01-06,2025-02-14,,,,,,,,,,,,,,,,,,,,,,,,,,,,,,,,,,,,,,,,,,,,,,,,,,,,,,,,,,,,,,,,,,,,,,,,,,,,,,,,,,,,,,,,,,,,,,,,,,,,,,,,,,,,,,,,
26588480,feature,2024-03-28 15:46:52 UTC,2024-07-04 13:52:14 UTC,Scratch Card Element,"",Released,,12429296,New elements,Lily from Kameleoon,_⭐ Visual Builders Squad,2024-05-27,2024-06-30,,,,,,60,,,,,,,,,,,,,,#2 - Needs of mature XP teams,,,,,,,,,,,,,,,,,,,,,30,30,,,,,,,,,,,,,,,,,,,,,,,,,,,,,,,,,,,,0,,,,,,,,,,,,,,,,,,,,,,,,,,,,,,,,,,
26626464,feature,2024-04-02 07:17:13 UTC,2024-04-19 09:03:28 UTC,Support OpenFeature,"",Development in progress,,9564877,SDKs,Dmitry Eryshov,"",,,,,,,,,,,,,,,,,,,,,,,,,,,,,,✅ Released,🛠️ In Progress,,,,,,,,,,,,,,,,,,,,,,,,,,,,,,,,,,,,,,,,,,,,,,,,,,,,,,,,,,,,,,,,,,,,,,,,,,,,,,,,,,,
26632497,feature,2024-04-02 13:34:10 UTC,2025-07-08 10:15:24 UTC,Vercel Toolbar Integration,"## 📒 **Feature short description:** All we know is : ATG would like a native integration with Vercel Toolbar <https://vercel.com/docs/workflow-collaboration/vercel-toolbar> --- ## 📄 Attached documents - **Figma file**: optional \(paste link\) - **Spec file**: optional \(paste link\) - **Redmine ticket**: mandatory  \(paste link\) - **Image:** mandatory, to illustrate the topic <p></p> ",New idea,,32146897,New integrations,Isabelle Ung,_⭐ Integrations Squad,,,,,,,,60,60,,,,,,,,,,,,,,,,,,,,,,,,,,,,,Squad Dev Tools,,,,,60,60,,,,,,,,,,,,,,,,,,,,,,,,,,,,,,,,,,,,,,,,,,,,,,,,,,,,,,,,,,,,,,,,,,,,,,
26644005,feature,2024-04-03 08:41:28 UTC,2024-04-03 08:42:32 UTC,Elements' bulk selection,"",New idea,,12428951,Design Tab,Lily from Kameleoon,"_⭐ Visual Builders Squad, #VOC1_2025",,,,,,,,20,,,,,,,,,,,,,,#1  - Frictionless experience,,,,,,,,,,,,,,,,,,,,,10,10,,,,,,,,,,,,,,,,,,,,,,,,,,,,,,,,,,,,,,,,,,,,,,,,,,,,,,,,,,,,,,,,,,,,,,
26675558,feature,2024-04-04 12:01:16 UTC,2025-03-07 11:18:57 UTC,Custom Domain,"## 📒 **Feature short description:** Being able to define a custom domain to used in the snippet\. --- ## 📄 Attached documents - **Figma file**: optional \(paste link\) - **Spec file**: optional \(paste link\) - **Redmine ticket**: User story \#29332 \- Custom Domain     <https://project.kameleoon.net/issues/29332> - **Image:** mandatory, to illustrate the topic <p></p> ",Released,,6783364,"Data, Common  & Infrastructure",Yassin Hassan,_⭐ Admin & Engine Squad,2024-07-01,2025-02-28,,,,,,,,,,,,,,,,,,,,,,,,,,,,,,,,,,,,Squad Dev Tools,,,,,,,,,,,,,,,,,,,,,,,,,,,,,,,,,,,,,,,,,,,,,,,,,,,,,,,,,,,,,,,,,,,,,,,,,,,,
26691007,feature,2024-04-05 10:48:31 UTC,2024-06-05 13:38:15 UTC,Refactor of the new widget popup,"",Released,,12429128,Core,Lily from Kameleoon,_⭐ Visual Builders Squad,2024-04-01,2024-05-31,,,,,,,,,,,,,,,,,,,,,,,,,,,,,,,,,,,,,,,,,,,,,,,,,,,,,,,,,,,,,,,,,,,,,,,,,,,,,,,,,,,,,,,,,,,,,,,,,,,,,,,,,,,,,,,,
26725672,feature,2024-04-09 11:18:50 UTC,2025-05-13 12:00:19 UTC,Environment-specific Integrations,"",Released,,9564875,Feature Management & Experimentation (FM&E),Junaid Gulzar Malik,_⭐ Feature Experimentation Squad,2024-03-11,2025-04-02,,,,,,,,,,,,,,,,,,,,,,,,,,,,,,,,,,,,,,,,,,,,,,,,,,,,,,,,,,,,,,,,,,,,,,,,,,,,,,,,,,,,,,,,,,,,,,,,,,,,,,,,,,,,,,,,
26725686,subfeature,2024-04-09 11:21:24 UTC,2025-09-26 14:03:59 UTC,Dashboard v2,"<https://optimizely.navattic.com/vg50h7l> <p></p> ![](https://pb-files.s3.amazonaws.com/production/attachments/f86bbef66234178fa77f5c935180e5145f92571be95757c6a1b321897b6a0848/image.png) **Objective:**   Redesign the dashboard to enhance rule\-level information visibility, improve clarity via column separation, introduce a multi\-layered rule view, and advanced time\-based settings\. <span data-preserve-white-space></span> <p></p> **Key Goals:** - Improve information clarity by restructuring the rule view\. - Introduce better navigation with ""collapse all\/expand all"" options\. - Integrate ""holdouts"" and ""approvals"" into the settings tab with a clean layout\. - Ensure consistency with existing dashboards and UI elements\. ",Released,,23026305,New DS - UI Alignment,Junaid Gulzar Malik,"_⭐ Feature Experimentation Squad, #VOC1_2025, VOC1-2025",2025-01-01,2025-06-30,,,,,,,,,,,,,,,,,,,,,,,,,,,,,,,,,,,,,,,,,,,,,,,,,,,,,,,,,,,,,,,,,,,,,,,,,,,,,,,,,,,,,,,,,,,,,,,,,,,,,,,,,,,,,,,,
26889144,feature,2024-04-22 10:21:54 UTC,2024-04-22 10:21:54 UTC,Details on Segment usage,"",New idea,,6783364,"Data, Common  & Infrastructure",Mallaury Gruget,_⭐ App System Squad,,,,,,,,,,,,,,,,,,,,,,,,,,,,,,,,,,,,,,,,,,,,,,,,,,,,,,,,,,,,,,,,,,,,,,,,,,,,,,,,,,,,,,,,,,,,,,,,,,,,,,,,,,,,,,,,,,
26951558,feature,2024-04-25 12:11:26 UTC,2025-04-04 14:24:59 UTC,Enhancement of tags management,"",New idea,,6783364,"Data, Common  & Infrastructure",Loreena,"_⭐ App System Squad, #VOC2",,,,,,,,20,,,,,,,,,,,,,,#1  - Frictionless experience,,,,,,,,,,,,,,,,,,,,"The process to manage tags is not consistent on the app, we need to re-work it completely.",10,10,,,,,,,,,,,,,,,,,,,,,,,,,,,,,,,,,,,,,,,,,,,,,,,,,,,,,,,,,,,,,,,,,,,,,,
26951581,feature,2024-04-25 12:13:35 UTC,2024-04-25 12:13:35 UTC,Graphic editor - Copy components from website,"",New idea,,6783323,Web Experimentation,Mallaury Gruget,_⭐ Campaign Creation Squad,,,,,,,,,,,,,,,,,,,,,,,,,,,,,,,,,,,,,,,,,,,,,,,,,,,,,,,,,,,,,,,,,,,,,,,,,,,,,,,,,,,,,,,,,,,,,,,,,,,,,,,,,,,,,,,,,,
26954469,feature,2024-04-25 12:48:47 UTC,2024-04-25 12:48:47 UTC,Rename variations in Finalization flow,"",New idea,,6783323,Web Experimentation,Mallaury Gruget,_⭐ Campaign Creation Squad,,,,,,,,,,,,,,,,,,,,,,,,,,,,,,,,,,,,,,,,,,,,,,,,,,,,,,,,,,,,,,,,,,,,,,,,,,,,,,,,,,,,,,,,,,,,,,,,,,,,,,,,,,,,,,,,,,
27152100,feature,2024-05-13 08:16:20 UTC,2024-05-13 08:16:20 UTC,Provide more native metrics,"",New idea,,6783364,"Data, Common  & Infrastructure",Calixthe Mattei,"",,,,,,,,,,,,,,,,,,,,,,,,,,,,,,,,,,,,,,,,,,,,,,,,,,,,,,,,,,,,,,,,,,,,,,,,,,,,,,,,,,,,,,,,,,,,,,,,,,,,,,,,,,,,,,,,,,
27152117,feature,2024-05-13 08:17:26 UTC,2024-05-13 08:17:26 UTC,Provide more native goals,"",New idea,,6783364,"Data, Common  & Infrastructure",Calixthe Mattei,"",,,,,,,,,,,,,,,,,,,,,,,,,,,,,,,,,,,,,,,,,,,,,,,,,,,,,,,,,,,,,,,,,,,,,,,,,,,,,,,,,,,,,,,,,,,,,,,,,,,,,,,,,,,,,,,,,,
27152205,feature,2024-05-13 08:20:52 UTC,2024-09-10 12:04:29 UTC,Alert on a project level,"Have alerts if no customers comes in <p></p> <p></p> Have a ""Health status"" on a project to know if customers are coming in or not ",New idea,,6783364,"Data, Common  & Infrastructure",Calixthe Mattei,"_⭐ App System Squad, _⭐ Reporting Squad",,,,,,,,,,,,,,,,,,,,,,,,,,,,,,,,,,,,,,,,,,,,,,,,,,,,,,,,,,,,,,,,,,,,,,,,,,,,,,,,,,,,,,,,,,,,,,,,,,,,,,,,,,,,,,,,,,
27175759,feature,2024-05-14 15:01:13 UTC,2024-05-14 15:01:13 UTC,Templates for Product Recommendation Widgets,"",New idea,,12429128,Core,Lily from Kameleoon,_⭐ Visual Builders Squad,,,,,,,,40,,,,,,,,,,,,,,#2 - Needs of mature XP teams,,,,,,,,,,,,,,,,,,,,,20,20,,,,,,,,,,,,,,,,,,,,,,,,,,,,,,,,,,,,,,,,,,,,,,,,,,,,,,,,,,,,,,,,,,,,,,
27213296,subfeature,2024-05-16 13:52:55 UTC,2024-10-16 12:21:58 UTC,Add a click action to the form event,"",Released,,25754093,Enhance feedback management features,Lily from Kameleoon,_⭐ Visual Builders Squad,2024-05-13,2024-06-16,,,,,,20,,,,,,,,,,,,,,#1  - Frictionless experience,,,,,,,,,,,,,,,,,,,,Streamline the creation of survey,10,10,,,,,,,,,,,,,,,,,,,,,,,,,,,,,,,,,,,,,,,,,,,,,,,,,,,,,,,,,,,,,,,,,,,,,,
27270010,feature,2024-05-21 12:41:20 UTC,2025-04-03 10:02:37 UTC,Web Experimentation Free Trial,"## 📒 **Feature short description:** Having Web exp as a free trial, just like FF    \+ being able to add Web exp as a free trial in an account that has FF as a free trial --- ## 📄 Attached documents - **Figma file**: optional \(paste link\) - **Spec file**: optional \(paste link\) - **Redmine ticket**: mandatory  \(paste link\) - **Image:** mandatory, to illustrate the topic <p></p> ",Planned,,31139396,Admin BO,Yassin Hassan,_⭐ Admin & Engine Squad,,,,,,,,60,60,,,,,,,,,,,,,,,,,,,,,,,,,,,,,Squad Dev Tools,,,,,60,60,,,,,,,,,,,,,,,,,,,,,,,,,,,,,,,,,,,,,,,,,,,,,,,,,,,,,,,,,,,,,,,,,,,,,,
27270179,feature,2024-05-21 12:52:05 UTC,2025-11-26 15:42:29 UTC,Snowflake - Preview of a query result,"## 📒 **Feature short description:** Being a able to see the first rows returned by a query when using as a source or as a metrics\. --- ## 📄 Attached documents - **Figma file**: optional \(paste link\) - **Spec file**: optional \(paste link\) - **Redmine ticket**: mandatory  \(paste link\) - **Image:** mandatory, to illustrate the topic <p></p> ",Released,,32146623,Data warehouses topics,Isabelle Ung,_⭐ Integrations Squad,,,,,,,,60,60,,,,,,,,,,,,,,,,,,,,,,,,,,,,,Squad Dev Tools,,,,,60,60,,,,,,,,,,,,,,,,,,,,,,,,,,,,,,,,,,,,,,,,,,,,,,,,,,,,,,,,,,,,,,,,,,,,,,
27270358,feature,2024-05-21 13:01:05 UTC,2025-05-01 12:42:47 UTC,DWH Databricks Integration - Audience & Goals Metrics,"",Released,,9564652,Common integrations,Yassin Hassan,_⭐ Integrations Squad,2025-03-10,2025-04-14,,,,,,80,80,,,,,,,,,,,,,,,,,,,,,,,,,,,,,Squad Dev Tools,,,,,80,80,,,,,,,,,,,,,,,,,,,,,,,,,,,,,,,,,,,,,,,,,,,,,,,,,,,,,,,,,,,,,,,,,,,,,,
27270517,feature,2024-05-21 13:08:37 UTC,2025-04-03 09:57:02 UTC,Error tracking,"## 📒 **Feature short description:** Tracking errors from the engine when an element is not detected on the page, just like Appcues\. --- ## 📄 Attached documents - **Figma file**: optional \(paste link\) - **Spec file**: optional \(paste link\) - **Redmine ticket**: mandatory  \(paste link\) - **Image:** mandatory, to illustrate the topic <p></p> ",New idea,,31139434,Engine,Yassin Hassan,_⭐ Admin & Engine Squad,,,,,,,,80,100,,,,,,,,,,,,,#2 - Needs of mature XP teams,,,,,,,,,,,,,,,,Squad Dev Tools,,,,,90,90,,,,,,,,,,,,,,,,,,,,,,,,,,,,,,,,,,,,,,,,,,,,,,,,,,,,,,,,,,,,,,,,,,,,,,
27336303,feature,2024-05-27 07:53:24 UTC,2024-05-27 07:53:24 UTC,Raw export - specific Goals,"",New idea,,6783364,"Data, Common  & Infrastructure",Calixthe Mattei,"",,,,,,,,,,,,,,,,,,,,,,,,,,,,,,,,,,,,,,,,,,,,,,,,,,,,,,,,,,,,,,,,,,,,,,,,,,,,,,,,,,,,,,,,,,,,,,,,,,,,,,,,,,,,,,,,,,
27337475,feature,2024-05-27 09:11:59 UTC,2025-03-07 08:12:51 UTC,MVT Integration with New Graphic Editor,Specific version of Editor V2 for MVT Tests ,Released,,9564787,Graphic editor,Fabien DIMEGLIO,_⭐ Campaign Creation Squad,2024-09-27,2025-03-05,,,,,,,,,,,,,,,,,,,,,,,,,,,,,,,,,,,,,,,,,,,,,,,,,,,,,,,,,,,,,,,,,,,,,,,,,,,,,,,,,,,,,,,,,,,,,,,,,,,,,,,,,,,,,,,,
27337540,feature,2024-05-27 09:19:01 UTC,2024-09-02 10:27:13 UTC,AI generated CSS selector,Ability to automatically generate a CSS selector based on AI\. It will allow Kameleoon to better handle sites with dynamic classes\. ,Released,,9564787,Graphic editor,Fabien DIMEGLIO,_⭐ Campaign Creation Squad,2024-06-10,2024-09-02,,,,,,,,,,,,,,,,,,,,,,,,,,,,,,,,,,,,,,,,,,,,,,,,,,,,,,,,,,,,,,,,,,,,,,,,,,,,,,,,,,,,,,,,,,,,,,,,,,,,,,,,,,,,,,,,
27356856,feature,2024-05-28 16:23:14 UTC,2024-05-28 16:23:14 UTC,Change winning condition for negative results,"",New idea,,6783364,"Data, Common  & Infrastructure",Calixthe Mattei,"",,,,,,,,,,,,,,,,,,,,,,,,,,,,,,,,,,,,,,,,,,,,,,,,,,,,,,,,,,,,,,,,,,,,,,,,,,,,,,,,,,,,,,,,,,,,,,,,,,,,,,,,,,,,,,,,,,
27381870,feature,2024-05-29 23:17:46 UTC,2024-05-29 23:17:46 UTC,Advanced Data Collection by SDKs,"",New idea,,9564875,Feature Management & Experimentation (FM&E),Junaid Gulzar Malik,_⭐ SDK Squad,,,,,,,,,,,,,,,,,,,,,,,,,,,,,,,,,,,,,,,,,,,,,,,,,,,,,,,,,,,,,,,,,,,,,,,,,,,,,,,,,,,,,,,,,,,,,,,,,,,,,,,,,,,,,,,,,,
27381883,feature,2024-05-29 23:23:14 UTC,2024-06-04 15:57:42 UTC,Auto-suggest tags when creating or editing flag information,"",Planned,,9564875,Feature Management & Experimentation (FM&E),Junaid Gulzar Malik,_⭐ Feature Experimentation Squad,,,,,,,,,,,,,,,,,,,,,,,,,,,,,,,,,,,,,,,,,,,,,,,,,,,,,,,,,,,,,,,,,,,,,,,,,,,,,,,,,,,,,,,,,,,,,,,,,,,,,,,,,,,,,,,,,,
27381923,feature,2024-05-29 23:27:26 UTC,2025-03-12 16:44:08 UTC,"Add filters for ""Goals"" and ""Segments"" on the FE Dashboard","",Planned,,9564875,Feature Management & Experimentation (FM&E),Junaid Gulzar Malik,"_⭐ Feature Experimentation Squad, portal, #VOC1_2025, VOC1-2025",,,,,,,,,,,,,,,,,,,,,,,,,,,,,,,,,,,,,,,,,,,,,,,,,,,,,,,,,,,,,,,,,,,,,,,,,,,,,,,,,,,,,,,,,,,,,,,,,,,,,,,,,,,,,,,,,,
27384591,feature,2024-05-30 08:07:17 UTC,2024-05-30 08:07:17 UTC,Feature Experimentation Redesign (New DS),"",New idea,,8692201,Feature Experimentation,Fabien DIMEGLIO,"",,,,,,,,,,,,,,,,,,,,,,,,,,,,,,,,,,,,,,,,,,,,,,,,,,,,,,,,,,,,,,,,,,,,,,,,,,,,,,,,,,,,,,,,,,,,,,,,,,,,,,,,,,,,,,,,,,
27385572,subfeature,2024-05-30 09:37:56 UTC,2024-05-30 09:38:02 UTC,New editor: enhance hover mode,"",New idea,,15911765,New Graphic Editor,Fabien DIMEGLIO,"",,,,,,,,,,,,,,,,,,,,,,,,,,,,,,,,,,,,,,,,,,,,,,,,,,,,,,,,,,,,,,,,,,,,,,,,,,,,,,,,,,,,,,,,,,,,,,,,,,,,,,,,,,,,,,,,,,
27401884,subfeature,2024-05-31 11:58:26 UTC,2025-01-28 12:57:17 UTC,Multi-save capabilities,"",Released,,23026305,New DS - UI Alignment,Junaid Gulzar Malik,_⭐ Feature Experimentation Squad,,,,,,,,,,,,,,,,,,,,,,,,,,,,,,,,,,,,,,,,,,,,,,,,,,,,,,,,,,,,,,,,,,,,,,,,,,,,,,,,,,,,,,,,,,,,,,,,,,,,,,,,,,,,,,,,,,
27443293,subfeature,2024-06-04 12:18:47 UTC,2024-10-29 12:30:31 UTC,Rule status indicator - rework to make 'Active' less misleading,"",Planned,,23026305,New DS - UI Alignment,Junaid Gulzar Malik,_⭐ Feature Experimentation Squad,,,,,,,,,,,,,,,,,,,,,,,,,,,,,,,,,,,,,,,,,,,,,,,,,,,,,,,,,,,,,,,,,,,,,,,,,,,,,,,,,,,,,,,,,,,,,,,,,,,,,,,,,,,,,,,,,,
27446918,subfeature,2024-06-04 14:45:46 UTC,2024-06-04 14:45:46 UTC,Alerts for Test duration reached,"",New idea,,24522313,Add automatic alerts,Calixthe Mattei,"",,,,,,,,,,,,,,,,,,,,,,,,,,,,,,,,,,,,,,,,,,,,,,,,,,,,,,,,,,,,,,,,,,,,,,,,,,,,,,,,,,,,,,,,,,,,,,,,,,,,,,,,,,,,,,,,,,
27446921,subfeature,2024-06-04 14:45:54 UTC,2024-06-04 14:45:54 UTC,Alerts for Error Tracking,"",New idea,,24522313,Add automatic alerts,Calixthe Mattei,"",,,,,,,,,,,,,,,,,,,,,,,,,,,,,,,,,,,,,,,,,,,,,,,,,,,,,,,,,,,,,,,,,,,,,,,,,,,,,,,,,,,,,,,,,,,,,,,,,,,,,,,,,,,,,,,,,,
27446957,subfeature,2024-06-04 14:46:41 UTC,2024-06-04 14:46:41 UTC,Alerts for SRM,"",New idea,,24522313,Add automatic alerts,Calixthe Mattei,"",,,,,,,,,,,,,,,,,,,,,,,,,,,,,,,,,,,,,,,,,,,,,,,,,,,,,,,,,,,,,,,,,,,,,,,,,,,,,,,,,,,,,,,,,,,,,,,,,,,,,,,,,,,,,,,,,,
27446958,subfeature,2024-06-04 14:46:50 UTC,2024-06-04 14:46:50 UTC,Alerts for crossover units,"",New idea,,24522313,Add automatic alerts,Calixthe Mattei,"",,,,,,,,,,,,,,,,,,,,,,,,,,,,,,,,,,,,,,,,,,,,,,,,,,,,,,,,,,,,,,,,,,,,,,,,,,,,,,,,,,,,,,,,,,,,,,,,,,,,,,,,,,,,,,,,,,
27447582,subfeature,2024-06-04 15:20:04 UTC,2024-06-04 15:20:04 UTC,Alerts for Opportunity detection,"",New idea,,24522313,Add automatic alerts,Calixthe Mattei,"",,,,,,,,,,,,,,,,,,,,,,,,,,,,,,,,,,,,,,,,,,,,,,,,,,,,,,,,,,,,,,,,,,,,,,,,,,,,,,,,,,,,,,,,,,,,,,,,,,,,,,,,,,,,,,,,,,
27462536,subfeature,2024-06-05 13:28:26 UTC,2025-09-26 13:07:33 UTC,Scale Element,"",Released,,25754093,Enhance feedback management features,Lily from Kameleoon,"_⭐ Visual Builders Squad, #VOC",2024-04-29,2025-03-07,,,,,,,,,,,,,,,,,,,,#2 - Needs of mature XP teams,,,,,,,,,,,,,,,,,,,,,,,,,,,,,,,,,,,,,,,,,,,,,,,,,,,,,,,,,,,,,,,,,,,,,,,,,,,,,,,,,,,,,,,,,,,,
27462798,subfeature,2024-06-05 13:44:23 UTC,2025-09-26 13:07:37 UTC,Multiple Choice,"",Released,,25754093,Enhance feedback management features,Lily from Kameleoon,_⭐ Visual Builders Squad,2024-05-13,2025-03-07,,,,,,,,,,,,,,,,,,,,,,,,,,,,,,,,,,,,,,,,,,,,,,,,,,,,,,,,,,,,,,,,,,,,,,,,,,,,,,,,,,,,,,,,,,,,,,,,,,,,,,,,,,,,,,,,
27462850,subfeature,2024-06-05 13:47:37 UTC,2024-07-08 09:36:14 UTC,Create a Widget from Scratch,"",Released,,26691007,Refactor of the new widget popup,Lily from Kameleoon,_⭐ Visual Builders Squad,2024-06-03,2024-06-30,,,,,,,,,,,,,,,,,,,,,,,,,,,,,,,,,,,,,,,,,,,,,,,,,,,,,,,,,,,,,,,,,,,,,,,,,,,,,,,,,,,,,,,,,,,,,,,,,,,,,,,,,,,,,,,,
27477508,feature,2024-06-06 13:04:03 UTC,2025-09-05 15:25:36 UTC,Homepage Dashboard,"## 📒 **Feature short description:** ``` This feature allows the user to land on an Homepage describing key metrics and their usages of Kameleoon Platform. A Dashboard summarising different information o their XPs, Power Users, etc ``` ## 😥 Problem <u>**Problem statement:**</u> What problem are we trying to solve with this feature? Or, what is the opportunity we are addressing?  ``` We intend to solve the issue of Program Management, by helping the user navigating through their processes and experiments ``` <u>**Workaround:**</u> - **Existing workaround:**  No - Or, tons of pivot tables and exports ## 💡 Solution <u>**Key benefits**</u>: <span data-preserve-white-space></span> What value does this feature bring to the user?  ``` Easier overview Program management ``` <span data-preserve-white-space></span>   <u>**Use Cases:**</u> <span data-preserve-white-space></span> Share use cases where this feature would help our users\. <span data-preserve-white-space></span> ``` Use the Jobs To Be Done framework to illustrate our user's motivation and behaviour. Structure this as: When the user [situation], they want to [motivation], so they can [expected outcome]. ``` <u>**✏️ Product design:**</u> - **Product squads :** Dashboards Squad, Reporting Squad ? - **Product scope:** Product section and pages that will evolve \(if needed, define sections\/pages that will be out of scope\) - **Target Persona**: All <p></p> ## 🎯 **Measuring Success** - **Goal 1:** Usage - Goal 2: Retention ## 📄 Attached documents - **Figma file**: optional \(paste link\) - **Spec file**: optional \(paste link\) - **Redmine ticket**: mandatory  \(paste link\) - **Image:** mandatory, to illustrate the topic <p></p> ",Development in progress,,6783364,"Data, Common  & Infrastructure",Calixthe Mattei,_⭐ App System Squad,2025-03-01,2025-10-15,,,,,,,,,,,,,,,,,,,,,,,,,,,,,,,,,,,,,,,,,,,,,,,,,,,,,,,,,,,,,,,,,,,,,,,,,,,,,,,,,,,,,,,,,,,,,,,,,,,,,,,,,,,,,,,,
27493886,feature,2024-06-07 12:42:35 UTC,2024-06-07 12:42:39 UTC,Starter Kit / Demo Application,"",Development in progress,,9564877,SDKs,Dmitry Eryshov,"",,,,,,,,,,,,,,,,,,,,,,,,,,,,,,✅ Released,✅ Released,,✅ Released,,,,,,,,,,,,,,,,,,,,,,,,,,,,,,,,,,,,,,,,,,,,,,,,,,,,,,,,,,,,,,,,,,,,,,,,,,,,,,,,,
27495112,feature,2024-06-07 13:47:58 UTC,2025-03-10 12:04:26 UTC,Preview images,"",Released,,25771002,Media,Lily from Kameleoon,_⭐ Visual Builders Squad,2024-04-01,2025-02-28,,,,,,,,,,,,,,,,,,,,,,,,,,,,,,,,,,,,,,,,,,,,,,,,,,,,,,,,,,,,,,,,,,,,,,,,,,,,0,,,,,,,,,,,,,,,,,,,,,,,,,,,,,,,,,,,,
27513933,feature,2024-06-10 10:37:46 UTC,2024-09-06 15:59:18 UTC,Highlight of all edited / added elements,"",Released,,9564787,Graphic editor,Fabien DIMEGLIO,_⭐ Campaign Creation Squad,2024-07-30,2024-09-05,,,,,,,,,,,,,,,,,,,,,,,,,,,,,,,,,,,,,,,,,,,,,,,,,,,,,,,,,,,,,,,,,,,,,,,,,,,,,,,,,,,,,,,,,,,,,,,,,,,,,,,,,,,,,,,,
27515903,feature,2024-06-10 11:51:11 UTC,2024-07-22 10:46:27 UTC,Intermediate mode enhancement,"",Released,,9564787,Graphic editor,Fabien DIMEGLIO,_⭐ Campaign Creation Squad,2024-06-10,2024-07-21,,,,,,,,,,,,,,,,,,,,,,,,,,,,,,,,,,,,,,,,,,,,,,,,,,,,,,,,,,,,,,,,,,,,,,,,,,,,,,,,,,,,,,,,,,,,,,,,,,,,,,,,,,,,,,,,
27515982,feature,2024-06-10 11:53:17 UTC,2025-07-24 09:46:55 UTC,Comment mode in GE: BETA,"",Released,,9564787,Graphic editor,Fabien DIMEGLIO,_⭐ Campaign Creation Squad,2024-11-03,2025-05-07,,,,,,,,,,,,,,,,,,,,,,,,,,,,,,,,,,,,,,,,,,,,,,,,,,,,,,,,,,,,,,,,,,,,,,,,,,,,,,,,,,,,,,,,,,,,,,,,,,,,,,,,,,,,,,,,
27530655,feature,2024-06-11 09:01:23 UTC,2024-09-05 10:23:20 UTC,Moving the Data retention period option to the customer's settings,User story \#28499 \- Admin BO \- Moving the Data retention period option to the customer's settings <https://project.kameleoon.net/issues/28499> ,Released,,6783364,"Data, Common  & Infrastructure",Yassin Hassan,_⭐ Admin & Engine Squad,2024-06-01,2024-06-30,,,,,,,,,,,,,,,,,,,,,,,,,,,,,,,,,,,,,,,,,,,,,,,,,,,,,,,,,,,,,,,,,,,,,,,,,,,,,,,,,,,,,,,,,,,,,,,,,,,,,,,,,,,,,,,,
27625762,feature,2024-06-18 11:56:02 UTC,2024-06-18 11:57:25 UTC,SRM Improvements,"<https://www.statsig.com/updates/update/diagnostics-version-two>      Based on Statsig benchmark, they offer a SRM Debug helper, in which you can see the p\-value over time depending on different options <p></p> ",New idea,,9564643,Data & RP,Calixthe Mattei,_⭐ Reporting Squad,,,,,,,,,,,,,,,,,,,,,,,,,,,,,,,,,,,,,,,,,,,,,,,,,,,,,,,,,,,,,,,,,,,,,,,,,,,,,,,,,,,,,,,,,,,,,,,,,,,,,,,,,,,,,,,,,,
27710955,feature,2024-06-24 23:45:12 UTC,2025-06-03 08:41:05 UTC,Amazon Redshift Integration - Use as a destination,User story \#28935 \- Amazon Redshift Integration \- Use as a destination   <https://project.kameleoon.net/issues/28935> ,Released,,6783364,"Data, Common  & Infrastructure",Yassin Hassan,_⭐ Integrations Squad,2025-01-01,2025-05-31,,,,,,40,40,,,,,,,,,,,,,,,,,,,,,,,,,,,,,Squad Dev Tools,,,,,40,40,,,,,,,,,,,,,,,,,,,,,,,,,,,,,,,,,,,,,,,,,,,,,,,,,,,,,,,,,,,,,,,,,,,,,,
27809150,feature,2024-07-02 12:39:36 UTC,2025-11-01 07:48:21 UTC,Import product data from Google Merchant Center,"",Released,,9564712,Product recommendation,Lily from Kameleoon,_⭐ Visual Builders Squad,2024-04-26,2024-07-22,,,,,,,,,,,,,,,,,,,,,,,,,,,,,,,,,,,,,,,,,,,,,,,,,,,,,,,,,,,,,,,,,,,,,,,,,,,,,,,,,,,,,,,,,,,,,,,,,,,,,,,,,,,,,,,,
27837699,subfeature,2024-07-04 05:54:08 UTC,2025-04-04 14:23:04 UTC,Mixpanel Server Event Streaming,User story \#28948 \- Mixpanel Event Dispatcher   <https://project.kameleoon.net/issues/28948> ,Released,,27837725,Back-to-back bridges / Multi-env analytics for feature flags,Isabelle Ung,_⭐ Integrations Squad,2024-09-02,2025-04-01,,,,,,40,40,,,,,,,,,,,,,,,,,,,,,,,,,,,,,Squad Dev Tools,,,,,40,40,,,,,,,,,,,,,,,,,,,,,,,,,,,,,,,,,,,,,,,,,,,,,,,,,,,,,,,,,,,,,,,,,,,,,,
27837701,subfeature,2024-07-04 05:54:53 UTC,2025-04-04 14:23:02 UTC,Segment Server Event Streaming,User story \#28949 \- Segment Event Dispatcher   <https://project.kameleoon.net/issues/28949> ,Released,,27837725,Back-to-back bridges / Multi-env analytics for feature flags,Isabelle Ung,_⭐ Integrations Squad,2024-09-03,2025-04-01,,,,,,40,40,,,,,,,,,,,,,,,,,,,,,,,,,,,,,Squad Dev Tools,,,,,40,40,,,,,,,,,,,,,,,,,,,,,,,,,,,,,,,,,,,,,,,,,,,,,,,,,,,,,,,,,,,,,,,,,,,,,,
27837725,feature,2024-07-04 05:57:30 UTC,2025-07-24 16:10:32 UTC,Back-to-back bridges / Multi-env analytics for feature flags,"",Released,,9564652,Common integrations,Isabelle Ung,_⭐ Integrations Squad,2024-02-02,2025-03-31,,,,,,40,40,,,,,,,,,,,,,,,,,,,,,,,,,,,,,,,,,,40,40,,,,,,,,,,,,,,,,,,,,,,,,,,,,,,,,,,,,,,,,,,,,,,,,,,,,,,,,,,,,,,,,,,,,,,
27843372,feature,2024-07-04 14:00:26 UTC,2024-07-04 14:02:03 UTC,Scrolling Text Element,"",Released,,12429296,New elements,Lily from Kameleoon,_⭐ Visual Builders Squad,2024-05-27,2024-06-30,,,,,,60,,,,,,,,,,,,,,#2 - Needs of mature XP teams,,,,,,,,,,,,,,,,,,,,,30,30,,,,,,,,,,,,,,,,,,,,,,,,,,,,,,,,,,,,0,,,,,,,,,,,,,,,,,,,,,,,,,,,,,,,,,,
27849911,feature,2024-07-05 08:44:49 UTC,2024-07-05 08:44:49 UTC,Add new currencies,"",New idea,,6783364,"Data, Common  & Infrastructure",Calixthe Mattei,"",,,,,,,,,,,,,,,,,,,,,,,,,,,,,,,,,,,,,,,,,,,,,,,,,,,,,,,,,,,,,,,,,,,,,,,,,,,,,,,,,,,,,,,,,,,,,,,,,,,,,,,,,,,,,,,,,,
27853724,feature,2024-07-05 14:30:22 UTC,2024-11-07 13:41:50 UTC,Control Variant Selection,"We're enhancing the user experience for variation selection in feature experiments, ensuring users can easily define and identify the control \(reference\) and treatment variations\. Key updates include: <p></p> - Dedicated **Control** and **Treatment\(s\)** variation dropdown on the setup page, defaulting to ""Off"" but editable\. - Help and tooltips for better guidance during setup\. - Clear labeling of the Control variation on the reporting page\. - Automatic hiding of unused variations in reports\. - The Control variation will automatically be selected as the reference in the Custom View settings\. <p></p> These updates aim to improve clarity and streamline experiment creation\. ",Released,,9564875,Feature Management & Experimentation (FM&E),Junaid Gulzar Malik,_⭐ Feature Experimentation Squad,2024-05-05,2024-10-07,,,,,,,,,,,,,,,,,,,,,,,,,,,,,,,,,,,,,,,,,,,,,,,,,,,,,,,,,,,,,,,,,,,,,,,,,,,,,,,,,,,,,,,,,,,,,,,,,,,,,,,,,,,,,,,,
27868567,feature,2024-07-08 09:37:45 UTC,2025-02-10 11:48:33 UTC,AI Widget Generator,"",Released,,12429128,Core,Lily from Kameleoon,_⭐ Visual Builders Squad,2024-06-26,2025-02-03,,,,,,,,,,,,,,,,,,,,,,,,,,,,,,,,,,,,,,,,,,,,,,,,,,,,,,,,,,,,,,,,,,,,,,,,,,,,,,,,,,,,,,,,,,,,,,,,,,,,,,,,,,,,,,,,
27868602,feature,2024-07-08 09:39:33 UTC,2025-11-01 07:52:16 UTC,Preview / Custom Templates,"",Design in progress,,12428951,Design Tab,Lily from Kameleoon,_⭐ Visual Builders Squad,2024-07-01,2025-10-31,,,,,,,,,,,,,,,,,,,,,,,,,,,,,,,,,,,,,,,,,,,,,,,,,,,,,,,,,,,,,,,,,,,,,,,,,,,,,,,,,,,,,,,,,,,,,,,,,,,,,,,,,,,,,,,,
27875389,feature,2024-07-08 14:24:20 UTC,2024-07-08 14:24:20 UTC,test card,"",New idea,,6783323,Web Experimentation,Fabien DIMEGLIO,"",,,,,,,,,,,,,,,,,,,,,,,,,,,,,,,,,,,,,,,,,,,,,,,,,,,,,,,,,,,,,,,,,,,,,,,,,,,,,,,,,,,,,,,,,,,,,,,,,,,,,,,,,,,,,,,,,,
27888985,feature,2024-07-09 12:26:24 UTC,2025-10-31 20:40:38 UTC,Product Reco App Redesign,"",Development in progress,,9564712,Product recommendation,Ivan Kulagin,"",2024-07-08,2025-10-10,,,,,,,,,,,,,,,,,,,,,,,,,,,,,,,,,,,,,,,,,,,,,,,,,,,,,,,,,,,,,,,,,,,,,,,,,,,,,,,,,,,,,,,,,,,,,,,,,,,,,,,,,,,,,,,,
27903172,feature,2024-07-10 09:46:43 UTC,2024-07-10 09:46:43 UTC,Confidence interval display over time,"",New idea,,6783364,"Data, Common  & Infrastructure",Calixthe Mattei,"",,,,,,,,,,,,,,,,,,,,,,,,,,,,,,,,,,,,,,,,,,,,,,,,,,,,,,,,,,,,,,,,,,,,,,,,,,,,,,,,,,,,,,,,,,,,,,,,,,,,,,,,,,,,,,,,,,
27903181,feature,2024-07-10 09:47:26 UTC,2024-07-10 09:47:26 UTC,Select Goals - Multiple duplication,"",New idea,,6783364,"Data, Common  & Infrastructure",Calixthe Mattei,"",,,,,,,,,,,,,,,,,,,,,,,,,,,,,,,,,,,,,,,,,,,,,,,,,,,,,,,,,,,,,,,,,,,,,,,,,,,,,,,,,,,,,,,,,,,,,,,,,,,,,,,,,,,,,,,,,,
28005500,feature,2024-07-18 14:25:37 UTC,2024-07-18 14:25:37 UTC,CUPED: Add breakdown formulas,"",New idea,,6783364,"Data, Common  & Infrastructure",Calixthe Mattei,"",,,,,,,,,,,,,,,,,,,,,,,,,,,,,,,,,,,,,,,,,,,,,,,,,,,,,,,,,,,,,,,,,,,,,,,,,,,,,,,,,,,,,,,,,,,,,,,,,,,,,,,,,,,,,,,,,,
28005517,feature,2024-07-18 14:25:57 UTC,2024-07-18 14:25:57 UTC,Sequential Testing : Add breakdown formulas,"",New idea,,6783364,"Data, Common  & Infrastructure",Calixthe Mattei,"",,,,,,,,,,,,,,,,,,,,,,,,,,,,,,,,,,,,,,,,,,,,,,,,,,,,,,,,,,,,,,,,,,,,,,,,,,,,,,,,,,,,,,,,,,,,,,,,,,,,,,,,,,,,,,,,,,
28005732,feature,2024-07-18 14:36:45 UTC,2024-07-18 14:37:22 UTC,Results Page BI,"Some requests to allow Data queries and extra graphs within the RP         ""We would like to use the Kameleoon Dashboard more intensively\. Currently we're only exporting the data, and analyze it in Excel\. A view changes in your dashboard it could help us immensively: \- Dynamic processing of test results in the tool itself \(test dashboard\) \- Other visualization preferred, this is not something you could pass on without editing \- If you could convert the results of a goal into a bar chart or pie chart and enter whether it is significant and a winner directly in the tool \-\> this would help us to make the process of the conclusion easier and faster"" ",New idea,,6783364,"Data, Common  & Infrastructure",Calixthe Mattei,"",,,,,,,,,,,,,,,,,,,,,,,,,,,,,,,,,,,,,,,,,,,,,,,,,,,,,,,,,,,,,,,,,,,,,,,,,,,,,,,,,,,,,,,,,,,,,,,,,,,,,,,,,,,,,,,,,,
28089739,feature,2024-07-26 08:00:03 UTC,2024-07-26 08:00:03 UTC,Report with Variant Display & Performance,"",New idea,,6783364,"Data, Common  & Infrastructure",Calixthe Mattei,"",,,,,,,,,,,,,,,,,,,,,,,,,,,,,,,,,,,,,,,,,,,,,,,,,,,,,,,,,,,,,,,,,,,,,,,,,,,,,,,,,,,,,,,,,,,,,,,,,,,,,,,,,,,,,,,,,,
28246833,feature,2024-08-12 09:02:09 UTC,2025-01-13 09:14:49 UTC,Kameleoon Lite,User story \#30146 \- Kameleoon Lite   <https://project.kameleoon.net/issues/30146> ,Rejected,,6783364,"Data, Common  & Infrastructure",Yassin Hassan,_⭐ Admin & Engine Squad,2024-09-01,2024-12-31,,,,,,,,,,,,,,,,,,,,,,,,,,,,,,,,,,,,Squad Dev Tools,,,,,,,,,,,,,,,,,,,,,,,,,,,,,,,,,,,,,,,,,,,,,,,,,,,,,,,,,,,,,,,,,,,,,,,,,,,,
28263334,feature,2024-08-13 12:23:31 UTC,2025-07-08 09:41:57 UTC,Quantum Metric Integration,Regular analytics integration\. <p></p> User story \#29568 \- Quantum Metric Integration   <https://project.kameleoon.net/issues/29568> ,Released,,32146615,Integrations,Isabelle Ung,_⭐ Integrations Squad,2024-08-01,2024-09-05,,,,,,,,,,,,,,,,,,,,,,,,,,,,,,,,,,,,Squad Dev Tools,,,,,,,,,,,,,,,,,,,,,,,,,,,,,,,,,,,,,,,,,,,,,,,,,,,,,,,,,,,,,,,,,,,,,,,,,,,,
28264826,feature,2024-08-13 14:09:07 UTC,2025-07-08 09:59:57 UTC,Segment.io Event Streaming to automatically do the cross-device reconciliation,"## 📒 **Feature short description:** When events are received, user the user ID provided in the event to do the data API for cross\-device reconciliation with the visitorCode\.      Discussed w\/ Fred and Yassin on August 13th 2024\. --- ## 📄 Attached documents - **Figma file**: optional \(paste link\) - **Spec file**: optional \(paste link\) - **Redmine ticket**: mandatory  \(paste link\) - **Image:** mandatory, to illustrate the topic <p></p> ",New idea,,9564652,Common integrations,Isabelle Ung,_⭐ Integrations Squad,,,,,,,,40,40,,,,,,,,,,,,,,,,,,,,,,,,,,,,,Squad Dev Tools,,,,,40,40,,,,,,,,,,,,,,,,,,,,,,,,,,,,,,,,,,,,,,,,,,,,,,,,,,,,,,,,,,,,,,,,,,,,,,
28694282,feature,2024-08-16 14:39:47 UTC,2024-08-16 14:39:47 UTC,Add a 'focus/selected' state to a button,"",New idea,,12428951,Design Tab,Lily from Kameleoon,_⭐ Visual Builders Squad,,,,,,,,,,,,,,,,,,,,,,,,,,,,,,,,,,,,,,,,,,,,,,,,,,,,,,,,,,,,,,,,,,,,,,,,,,,,,,,,,,,,,,,,,,,,,,,,,,,,,,,,,,,,,,,,,,
28695074,feature,2024-08-16 15:47:09 UTC,2024-08-16 15:47:09 UTC,Add more options to the Translation event,"",New idea,,12428956,Events Tab,Lily from Kameleoon,_⭐ Visual Builders Squad,,,,,,,,,,,,,,,,,,,,,,,,,,,,,,,,,,,,,,,,,,,,,,,,,,,,,,,,,,,,,,,,,,,,,,,,,,,,,,,,,,,,,,,,,,,,,,,,,,,,,,,,,,,,,,,,,,
28695406,feature,2024-08-16 16:21:08 UTC,2024-08-16 16:21:08 UTC,Automatically create tracking for clickable elements,"",New idea,,12429128,Core,Lily from Kameleoon,_⭐ Visual Builders Squad,,,,,,,,,,,,,,,,,,,,,,,,,,,,,,,,,,,,,,,,,,,,,,,,,,,,,,,,,,,,,,,,,,,,,,,,,,,,,,,,,,,,,,,,,,,,,,,,,,,,,,,,,,,,,,,,,,
28808352,feature,2024-08-20 15:04:35 UTC,2024-08-20 15:04:35 UTC,CD & Breakdown : alignment,"",New idea,,6783364,"Data, Common  & Infrastructure",Calixthe Mattei,"",,,,,,,,,,,,,,,,,,,,,,,,,,,,,,,,,,,,,,,,,,,,,,,,,,,,,,,,,,,,,,,,,,,,,,,,,,,,,,,,,,,,,,,,,,,,,,,,,,,,,,,,,,,,,,,,,,
28808357,feature,2024-08-20 15:05:15 UTC,2024-08-20 15:05:15 UTC,Aggregated export improvements,"",New idea,,6783364,"Data, Common  & Infrastructure",Calixthe Mattei,"",,,,,,,,,,,,,,,,,,,,,,,,,,,,,,,,,,,,,,,,,,,,,,,,,,,,,,,,,,,,,,,,,,,,,,,,,,,,,,,,,,,,,,,,,,,,,,,,,,,,,,,,,,,,,,,,,,
28953999,feature,2024-09-02 10:38:32 UTC,2024-10-15 09:57:08 UTC,Using widget HTML template,"",Released,,9564787,Graphic editor,Ivan Kulagin,_⭐ Campaign Creation Squad,2024-09-02,2024-10-10,,,,,,,,,,,,,,,,,,,,,,,,,,,,,,,,,,,,,,,,,,,,,,,,,,,,,,,,,,,,,,,,,,,,,,,,,,,,,,,,,,,,,,,,,,,,,,,,,,,,,,,,,,,,,,,,
28954078,feature,2024-09-02 10:47:43 UTC,2024-10-28 12:06:54 UTC,Reference CSS Selector enhancements,"",Released,,9564787,Graphic editor,Ivan Kulagin,_⭐ Campaign Creation Squad,2024-07-22,2024-09-05,,,,,,,,,,,,,,,,,,,,,,,,,,,,,,,,,,,,,,,,,,,,,,,,,,,,,,,,,,,,,,,,,,,,,,,,,,,,,,,,,,,,,,,,,,,,,,,,,,,,,,,,,,,,,,,,
28954091,feature,2024-09-02 10:49:41 UTC,2025-01-22 09:32:33 UTC,<picture> tag support,"",Released,,9564787,Graphic editor,Ivan Kulagin,_⭐ Campaign Creation Squad,2024-11-19,2025-01-16,,,,,,,,,,,,,,,,,,,,,,,,,,,,,,,,,,,,,,,,,,,,,,,,,,,,,,,,,,,,,,,,,,,,,,,,,,,,,,,,,,,,,,,,,,,,,,,,,,,,,,,,,,,,,,,,
28954110,feature,2024-09-02 10:51:23 UTC,2024-10-28 12:06:52 UTC,Custom data support in the text editor,"",Released,,9564787,Graphic editor,Ivan Kulagin,_⭐ Campaign Creation Squad,2024-08-15,2024-10-17,,,,,,,,,,,,,,,,,,,,,,,,,,,,,,,,,,,,,,,,,,,,,,,,,,,,,,,,,,,,,,,,,,,,,,,,,,,,,,,,,,,,,,,,,,,,,,,,,,,,,,,,,,,,,,,,
28954169,feature,2024-09-02 10:55:40 UTC,2025-01-22 09:32:29 UTC,Onboarding flow for Graphic Editor,"",Released,,9564787,Graphic editor,Ivan Kulagin,_⭐ Campaign Creation Squad,2024-10-09,2025-01-16,,,,,,,,,,,,,,,,,,,,,,,,,,,,,,,,,,,,,,,,,,,,,,,,,,,,,,,,,,,,,,,,,,,,,,,,,,,,,,,,,,,,,,,,,,,,,,,,,,,,,,,,,,,,,,,,
29122413,feature,2024-09-17 13:05:47 UTC,2025-04-03 09:56:56 UTC,Users - Add filter and sort for last login,"## 📒 **Feature short description:** Being able to filter and sort the last login on the list of users\. --- ## 📄 Attached documents - **Figma file**: optional \(paste link\) - **Spec file**: optional \(paste link\) - **Redmine ticket**: mandatory  \(paste link\) - **Image:** mandatory, to illustrate the topic <p></p> ",New idea,,31139417,Users & Teams,Yassin Hassan,"_⭐ Admin & Engine Squad, 🎨 design needed",,,,,,,,20,20,,,,,,,,,,,,,,,,,,,,,,,,,,,,,Squad Dev Tools,,,,,20,20,,,,,,,,,,,,,,,,,,,,,,,,,,,,,,,,,,,,,,,,,,,,,,,,,,,,,,,,,,,,,,,,,,,,,,
29122441,feature,2024-09-17 13:07:30 UTC,2025-04-03 09:56:45 UTC,Users - Export list of users after applying filters,"## 📒 **Feature short description:** Being able to export list of users after applying filters\. --- ## 📄 Attached documents - **Figma file**: optional \(paste link\) - **Spec file**: optional \(paste link\) - **Redmine ticket**: mandatory  \(paste link\) - **Image:** mandatory, to illustrate the topic <p></p> ",New idea,,31139417,Users & Teams,Yassin Hassan,"_⭐ Admin & Engine Squad, 🎨 design needed",,,,,,,,20,20,,,,,,,,,,,,,,,,,,,,,,,,,,,,,Squad Dev Tools,,,,,20,20,,,,,,,,,,,,,,,,,,,,,,,,,,,,,,,,,,,,,,,,,,,,,,,,,,,,,,,,,,,,,,,,,,,,,,
29126134,feature,2024-09-17 16:13:55 UTC,2025-07-08 10:15:34 UTC,Tableau Integration,"",New idea,,32146897,New integrations,Isabelle Ung,_⭐ Integrations Squad,,,,,,,,60,60,,,,,,,,,,,,,,,,,,,,,,,,,,,,,Squad Dev Tools,,,,,60,60,,,,,,,,,,,,,,,,,,,,,,,,,,,,,,,,,,,,,,,,,,,,,,,,,,,,,,,,,,,,,,,,,,,,,,
29151585,feature,2024-09-19 11:22:44 UTC,2024-11-07 13:41:47 UTC,JS / CSS Feature Variable,"**Overview:**   This feature allows users to set JavaScript \(JS\) and CSS code directly in feature experiments, enhancing flexibility and control in experimentation\. By introducing two new variable types \(JS and CSS\) in the UI, users can comfortably input custom code\. **Key Benefits:** - Seamlessly integrates JS\/CSS into the Kameleoon engine for enhanced customization\. - Easy\-to\-use UI with adjustable text boxes for writing code\. - Backend and SDK support ensures smooth experiment updates and tracking\. <p></p> Ideal for customers seeking to apply custom code directly in their feature experiments\. ",Released,,9564875,Feature Management & Experimentation (FM&E),Junaid Gulzar Malik,_⭐ Feature Experimentation Squad,2024-07-29,2024-10-07,,,,,,,,,,,,,,,,,,,,,,,,,,,,,,,,,,,,,,,,,,,,,,,,,,,,,,,,,,,,,,,,,,,,,,,,,,,,,,,,,,,,,,,,,,,,,,,,,,,,,,,,,,,,,,,,
29151630,feature,2024-09-19 11:27:54 UTC,2025-09-26 14:03:56 UTC,FE Compatibility - Audiences Explorer,"",Released,,9564875,Feature Management & Experimentation (FM&E),Junaid Gulzar Malik,_⭐ Feature Experimentation Squad,2025-03-11,2025-05-31,,,,,,,,,,,,,,,,,,,,,,,,,,,,,,,,,,,,,,,,,,,,,,,,,,,,,,,,,,,,,,,,,,,,,,,,,,,,,,,,,,,,,,,,,,,,,,,,,,,,,,,,,,,,,,,,
29291225,feature,2024-09-30 10:58:51 UTC,2025-04-22 08:25:06 UTC,AI generated variation,"",Planned,,9564787,Graphic editor,Ivan Kulagin,_⭐ Campaign Creation Squad,,,,,,,,,,,,,,,,,,,,,,,,,,,,,,,,,,,,,,,,,,,,,,,,,,,,,,,,,,,,,,,,,,,,,,,,,,,,,,,,,,,,,,,,,,,,,,,,,,,,,,,,,,,,,,,,,,
29411377,feature,2024-10-10 13:40:50 UTC,2025-07-08 10:06:00 UTC,Send raw data to BigQuery,"## 📒 **Feature short description:** Enhance the DWH connector to send additional raw campaign data to Google BigQuery\. Currently, only basic data such as nonce, visitor\_code, custom\_visitor\_id, timestamp, experiment\_id, and variation\_id are exported\. Expanding the data set to include goals, device type, OS, browser, timezone, referrer URL, landing page, country, and duration will provide more comprehensive insights for analysis and reporting\. --- ## 📄 Attached documents - **Figma file**: optional \(paste link\) - **Spec file**: optional \(paste link\) - **Redmine ticket**: mandatory  \(paste link\) - **Image:** mandatory, to illustrate the topic <p></p> ",New idea,,32146623,Data warehouses topics,Isabelle Ung,_⭐ Integrations Squad,,,,,,,,60,60,,,,,,,,,,,,,,,,,,,,,,,,,,,,,Squad Dev Tools,,,,,60,60,,,,,,,,,,,,,,,,,,,,,,,,,,,,,,,,,,,,,,,,,,,,,,,,,,,,,,,,,,,,,,,,,,,,,,
29413090,feature,2024-10-10 15:20:43 UTC,2025-01-08 14:39:26 UTC,How to classify cookie with no CMP,"## 📒 **Feature short description:** Some customers need to classify every cookie for their cookies\/consent policies, but without specific guidelines in the documentation, they have classified Kameleoon cookies as ""statistics\."" It would be helpful to include clear instructions in the documentation on how clients who don’t use a CMP \(Consent Management Platform\) should classify Kameleoon cookies\. --- ## 📄 Attached documents - **Figma file**: optional \(paste link\) - **Spec file**: optional \(paste link\) - **Redmine ticket**: mandatory  \(paste link\) - **Image:** mandatory, to illustrate the topic <p></p> ",New idea,,6783364,"Data, Common  & Infrastructure",Yassin Hassan,"",,,,,,,,,,,,,,,,,,,,,,,,,,,,,,,,,,,,,,,,,,,,,,,,,,,,,,,,,,,,,,,,,,,,,,,,,,,,,,,,,,,,,,,,,,,,,,,,,,,,,,,,,,,,,,,,,,
29435864,subfeature,2024-10-14 09:35:00 UTC,2024-10-14 09:35:06 UTC,NPS Element,"",Development in progress,,25754093,Enhance feedback management features,Lily from Kameleoon,"",,,,,,,,,,,,,,,,,,,,,,,,,,,,,,,,,,,,,,,,,,,,,,,,,,,,,,,,,,,,,,,,,,,,,,,,,,,,,,,,,,,,,,,,,,,,,,,,,,,,,,,,,,,,,,,,,,
29435889,subfeature,2024-10-14 09:35:40 UTC,2024-10-14 09:36:05 UTC,NPS Element,"",Development in progress,,25754093,Enhance feedback management features,Lily from Kameleoon,"",2024-07-01,2024-12-31,,,,,,,,,,,,,,,,,,,,,,,,,,,,,,,,,,,,,,,,,,,,,,,,,,,,,,,,,,,,,,,,,,,,,,,,,,,,,,,,,,,,,,,,,,,,,,,,,,,,,,,,,,,,,,,,
29435919,subfeature,2024-10-14 09:38:17 UTC,2025-09-26 13:07:48 UTC,NPS Element,"",Released,,25754093,Enhance feedback management features,Lily from Kameleoon,_⭐ Visual Builders Squad,2024-03-18,2025-03-07,,,,,,,,,,,,,,,,,,,,,,,,,,,,,,,,,,,,,,,,,,,,,,,,,,,,,,,,,,,,,,,,,,,,,,,,,,,,,,,,,,,,,,,,,,,,,,,,,,,,,,,,,,,,,,,,
29442892,feature,2024-10-14 12:46:45 UTC,2025-06-06 12:46:55 UTC,Ratio metrics in new RP,Asked by Loblaws <span data-preserve-white-space></span> \-\-\> Also includes reliability computation for said metric <p></p> A metric is computed from one or more goal\. ,Candidate,,6783364,"Data, Common  & Infrastructure",Tribe Marketers,_⭐ Reporting Squad,2025-07-13,2025-07-25,,,,,,,,,,,,,,,,,,,,,,,,,,,,,,,,,,,,,,,,,,,,,,,,,,,,,,,,,,,,,,,,,,,,,,,,,,,,,,,,,,,,0,,,,,,,,,,,,,,,,,,,,,,,,,,,,
29443022,feature,2024-10-14 12:54:20 UTC,2025-04-07 07:45:28 UTC,Native Goals Improvements,"",Planned,,6783364,"Data, Common  & Infrastructure",Calixthe Mattei,#VOC1_2025,2025-05-01,2025-07-30,,,,,,,,,,,,,,,,,,,,,,,,,,,,,,,,,,,,,,,,,,,,,,,,,,,,,,,,,,,,,,,,,,,,,,,,,,,,,,,,,,,,,,,,,,,,,,,,,,,,,,,,,,,,,,,,
29452904,feature,2024-10-15 08:25:27 UTC,2025-03-10 10:04:11 UTC,Barrier-free accessibility,"",New idea,,9564787,Graphic editor,Ivan Kulagin,_⭐ Campaign Creation Squad,,,,,,,,40,,,,,,,,,,,,,,#1  - Frictionless experience,,,,,,,,,,,,,,,,,,,,,20,20,,,,,,,,,,,,,,,,,,,,,,,,,,,,,,,,,,,,,,,,,,,,,,,,,,,,,,,,,,,,,,,,,,,,,,
29452971,feature,2024-10-15 08:30:33 UTC,2025-04-07 14:09:22 UTC,Graphic Editor Localization,"",New idea,,9564787,Graphic editor,Ivan Kulagin,_⭐ Campaign Creation Squad,2026-01-01,2026-02-26,,,,,,,,,,,,,,,,,,,,,,,,,,,,,,,,,,,,,,,,,,,,,,,,,,,,,,,,,,,,,,,,,,,,,,,,,,,,,,,,,,,,,,,,,,,,,,,,,,,,,,,,,,,,,,,,
29462673,feature,2024-10-15 20:55:02 UTC,2024-10-15 20:55:02 UTC,Advent Calendar Element,"",New idea,,12429296,New elements,Lily from Kameleoon,_⭐ Visual Builders Squad,,,,,,,,,,,,,,,,,,,,,,,,,,,,,,,,,,,,,,,,,,,,,,,,,,,,,,,,,,,,,,,,,,,,,,,,,,,,,,,,,,,,,,,,,,,,,,,,,,,,,,,,,,,,,,,,,,
29462902,feature,2024-10-15 21:24:20 UTC,2024-10-15 21:31:56 UTC,Scrolling Text Banner Templates,"",New idea,,12429128,Core,Lily from Kameleoon,_⭐ Visual Builders Squad,,,,,,,,,,,,,,,,,,,,,,,,,,,,,,,,,,,,,,,,,,,,,,,,,,,,,,,,,,,,,,,,,,,,,,,,,,,,,,,,,,,,,,,,,,,,,,,,,,,,,,,,,,,,,,,,,,
29462987,feature,2024-10-15 21:36:14 UTC,2024-10-15 21:39:56 UTC,Piñata Widget,"",New idea,,12429296,New elements,Lily from Kameleoon,_⭐ Visual Builders Squad,,,,,,,,,,,,,,,,,,,,,,,,,,,,,,,,,,,,,,,,,,,,,,,,,,,,,,,,,,,,,,,,,,,,,,,,,,,,,,,,,,,,,,,,,,,,,,,,,,,,,,,,,,,,,,,,,,
29463102,feature,2024-10-15 21:55:20 UTC,2024-10-15 21:55:56 UTC,Paste Text Without Formatting,"",New idea,,12428951,Design Tab,Lily from Kameleoon,_⭐ Visual Builders Squad,,,,,,,,,,,,,,,,,,,,,,,,,,,,,,,,,,,,,,,,,,,,,,,,,,,,,,,,,,,,,,,,,,,,,,,,,,,,,,,,,,,,,,,,,,,,,,,,,,,,,,,,,,,,,,,,,,
29463176,feature,2024-10-15 22:06:33 UTC,2024-10-15 22:06:33 UTC,Screen Positioning on the Page,"",New idea,,12429128,Core,Lily from Kameleoon,_⭐ Visual Builders Squad,,,,,,,,,,,,,,,,,,,,,,,,,,,,,,,,,,,,,,,,,,,,,,,,,,,,,,,,,,,,,,,,,,,,,,,,,,,,,,,,,,,,,,,,,,,,,,,,,,,,,,,,,,,,,,,,,,
29463343,feature,2024-10-15 22:31:16 UTC,2024-10-15 22:31:16 UTC,Position Element by Language Version,"",New idea,,12428951,Design Tab,Lily from Kameleoon,_⭐ Visual Builders Squad,,,,,,,,,,,,,,,,,,,,,,,,,,,,,,,,,,,,,,,,,,,,,,,,,,,,,,,,,,,,,,,,,,,,,,,,,,,,,,,,,,,,,,,,,,,,,,,,,,,,,,,,,,,,,,,,,,
29465110,feature,2024-10-16 06:57:33 UTC,2025-07-24 12:19:19 UTC,Ability to change z-index of the widgets,"",Candidate,,9564787,Graphic editor,Ivan Kulagin,_⭐ Campaign Creation Squad,2025-10-02,2025-10-31,,,,,,,,,,,,,,,,,,,,,,,,,,,,,,,,,,,,,,,,,,,,,,,,,,,,,,,,,,,,,,,,,,,,,,,,,,,,,,,,,,,,,,,,,,,,,,,,,,,,,,,,,,,,,,,,
29469077,feature,2024-10-16 13:03:36 UTC,2024-10-16 13:03:36 UTC,AI OD improvements,"",New idea,,6783364,"Data, Common  & Infrastructure",Calixthe Mattei,"",,,,,,,,,,,,,,,,,,,,,,,,,,,,,,,,,,,,,,,,,,,,,,,,,,,,,,,,,,,,,,,,,,,,,,,,,,,,,,,,,,,,,,,,,,,,,,,,,,,,,,,,,,,,,,,,,,
29469114,feature,2024-10-16 13:05:53 UTC,2024-10-16 13:05:53 UTC,Improve capping on Personalisation,"",New idea,,6783364,"Data, Common  & Infrastructure",Calixthe Mattei,"",,,,,,,,,,,,,,,,,,,,,,,,,,,,,,,,,,,,,,,,,,,,,,,,,,,,,,,,,,,,,,,,,,,,,,,,,,,,,,,,,,,,,,,,,,,,,,,,,,,,,,,,,,,,,,,,,,
29469202,feature,2024-10-16 13:13:12 UTC,2024-10-16 13:13:12 UTC,add shortcuts in RP,"",New idea,,6783364,"Data, Common  & Infrastructure",Calixthe Mattei,"",,,,,,,,,,,,,,,,,,,,,,,,,,,,,,,,,,,,,,,,,,,,,,,,,,,,,,,,,,,,,,,,,,,,,,,,,,,,,,,,,,,,,,,,,,,,,,,,,,,,,,,,,,,,,,,,,,
29479793,feature,2024-10-17 09:45:26 UTC,2025-07-08 10:10:30 UTC,Imagino Integration,"",Released,,9564652,Common integrations,Isabelle Ung,_⭐ Integrations Squad,,,,,,,,40,40,,,,,,,,,,,,,,,,,,,,,,,,,,,,,,,,,,40,40,,,,,,,,,,,,,,,,,,,,,,,,,,,,,,,,,,,,,,,,,,,,,,,,,,,,,,,,,,,,,,,,,,,,,,
29479827,feature,2024-10-17 09:50:23 UTC,2025-07-08 09:40:36 UTC,"Establish a Scalable, End-to-End Process for Managing Technology Partners and Integrations","",Released,,32146615,Integrations,Isabelle Ung,_⭐ Integrations Squad,2024-10-12,2024-12-31,,,,,,60,60,,,,,,,,,,,,,,,,,,,,,,,,,,,,,,,,,,60,60,,,,,,,,,,,,,,,,,,,,,,,,,,,,,,,,,,,,,,,,,,,,,,,,,,,,,,,,,,,,,,,,,,,,,,
29479831,feature,2024-10-17 09:50:53 UTC,2025-07-08 10:17:37 UTC,Custom integrations for goal completion,"We currently have GA4, Segment and Mixpanel integrations that enable to send conversion event when a kameleoon goal is triggered\. <p></p> We would like to offer custom integrations for goals completion\. Then we can track which integration is used the most to prioritised and offer native integration\. ",New idea,,9564652,Common integrations,Isabelle Ung,_⭐ Integrations Squad,,,,,,,,40,40,,,,,,,,,,,,,,,,,,,,,,,,,,,,,,,,,,40,40,,,,,,,,,,,,,,,,,,,,,,,,,,,,,,,,,,,,,,,,,,,,,,,,,,,,,,,,,,,,,,,,,,,,,,
29484974,subfeature,2024-10-17 15:58:55 UTC,2025-10-17 16:22:22 UTC,Upload Videos,"",New idea,,9725443,Media library,Lily from Kameleoon,_⭐ Visual Builders Squad,,,,,,,,,,,,,,,,,,,,,,,,,,,,,,,,,,,,,,,,,,,,,,,,,,,,,,,,,,,,,,,,,,,,,,,,,,,,,,,,,,,,,,,,,,,,,,,,,,,,,,,,,,,,,,,,,,
29485162,feature,2024-10-17 16:13:54 UTC,2025-06-13 13:17:47 UTC,POC: Import Custom Fonts via @import,"",Released,,12428951,Design Tab,Lily from Kameleoon,_⭐ Visual Builders Squad,2025-01-12,2025-06-11,,,,,,,,,,,,,,,,,,,,,,,,,,,,,,,,,,,,,,,,,,,,,,,,,,,,,,,,,,,,,,,,,,,,,,,,,,,,,,,,,,,,,,,,,,,,,,,,,,,,,,,,,,,,,,,,
29498187,feature,2024-10-18 13:32:35 UTC,2025-03-24 09:50:56 UTC,Hotjar Integration,User story \#31599 : <https://project.kameleoon.net/issues/31599> ,Rejected,,9564652,Common integrations,Isabelle Ung,_⭐ Integrations Squad,2025-02-17,2025-03-17,,,,,,40,40,,,,,,,,,,,,,,,,,,,,,,,,,,,,,,,,,,40,40,,,,,,,,,,,,,,,,,,,,,,,,,,,,,,,,,,,,,,,,,,,,,,,,,,,,,,,,,,,,,,,,,,,,,,
29511214,subfeature,2024-10-21 11:00:26 UTC,2025-03-12 14:41:16 UTC,Mouse Event: On Hover,"",New idea,,12413576,"Add more triggers based on visitors inputs, mouse, touch events and timers",Lily from Kameleoon,"_⭐ Visual Builders Squad, #VOC1_2025",,,,,,,,20,,,,,,,,,,,,,,#2 - Needs of mature XP teams,,,,,,,,,,,,,,,,,,,,,10,10,,,,,,,,,,,,,,,,,,,,,,,,,,,,,,,,,,,,,,,,,,,,,,,,,,,,,,,,,,,,,,,,,,,,,,
29511306,feature,2024-10-21 11:05:52 UTC,2024-10-21 11:07:38 UTC,Click Event on Disabled Elements,"",New idea,,12428956,Events Tab,Lily from Kameleoon,_⭐ Visual Builders Squad,,,,,,,,,,,,,,,,,,,,,,,,,,,,,,,,,,,,,,,,,,,,,,,,,,,,,,,,,,,,,,,,,,,,,,,,,,,,,,,,,,,,,,,,,,,,,,,,,,,,,,,,,,,,,,,,,,
29511368,feature,2024-10-21 11:12:01 UTC,2024-10-21 11:12:01 UTC,Custom CSS Based on Elements' State,"",New idea,,12428951,Design Tab,Lily from Kameleoon,_⭐ Visual Builders Squad,,,,,,,,,,,,,,,,,,,,,,,,,,,,,,,,,,,,,,,,,,,,,,,,,,,,,,,,,,,,,,,,,,,,,,,,,,,,,,,,,,,,,,,,,,,,,,,,,,,,,,,,,,,,,,,,,,
29529143,feature,2024-10-22 15:29:59 UTC,2025-07-08 09:59:53 UTC,CSV of Events Integration for Goal Metrics,"",New idea,,9564652,Common integrations,Isabelle Ung,_⭐ Integrations Squad,,,,,,,,40,40,,,,,,,,,,,,,,,,,,,,,,,,,,,,,,,,,,40,40,,,,,,,,,,,,,,,,,,,,,,,,,,,,,,,,,,,,,,,,,,,,,,,,,,,,,,,,,,,,,,,,,,,,,,
29542761,subfeature,2024-10-23 15:13:56 UTC,2024-10-23 15:16:56 UTC,Restrict Modifications in Custom Templates,"",Released,,25755059,Save a widget as a custom template,Lily from Kameleoon,_⭐ Visual Builders Squad,2024-09-02,2024-09-16,,,,,,,,,,,,,,,,,,,,,,,,,,,,,,,,,,,,,,,,,,,,,,,,,,,,,,,,,,,,,,,,,,,,,,,,,,,,,,,,,,,,,,,,,,,,,,,,,,,,,,,,,,,,,,,,
29542883,feature,2024-10-23 15:22:19 UTC,2024-10-23 15:22:52 UTC,Open Link in the Same Tab,"",Released,,12428951,Design Tab,Lily from Kameleoon,_⭐ Visual Builders Squad,2024-09-16,2024-09-30,,,,,,,,,,,,,,,,,,,,,,,,,,,,,,,,,,,,,,,,,,,,,,,,,,,,,,,,,,,,,,,,,,,,,,,,,,,,,,,,,,,,,,,,,,,,,,,,,,,,,,,,,,,,,,,,
29543018,feature,2024-10-23 15:28:50 UTC,2024-10-23 15:32:29 UTC,Product Recommendation: Import Order ,"",Released,,9564712,Product recommendation,Lily from Kameleoon,_⭐ Visual Builders Squad,2024-10-02,2024-10-08,,,,,,,,,,,,,,,,,,,,,,,,,,,,,,,,,,,,,,,,,,,,,,,,,,,,,,,,,,,,,,,,,,,,,,,,,,,,,,,,,,,,,,,,,,,,,,,,,,,,,,,,,,,,,,,,
29567784,feature,2024-10-25 10:23:02 UTC,2025-07-08 10:17:38 UTC,Custom Cohorts Library,"",New idea,,9564652,Common integrations,Isabelle Ung,"",,,,,,,,,,,,,,,,,,,,,,,,,,,,,,,,,,,,,,,,,,,,,,,,,,,,,,,,,,,,,,,,,,,,,,,,,,,,,,,,,,,,,,,,,,,,,,,,,,,,,,,,,,,,,,,,,,
29571423,subfeature,2024-10-25 15:37:30 UTC,2025-06-03 08:41:55 UTC,GA4 Event Dispatcher,"",Released,,27837725,Back-to-back bridges / Multi-env analytics for feature flags,Yassin Hassan,_⭐ Integrations Squad,2025-04-01,2025-05-31,,,,,,40,40,,,,,,,,,,,,,,,,,,,,,,,,,,,,,,,,,,40,40,,,,,,,,,,,,,,,,,,,,,,,,,,,,,,,,,,,,,,,,,,,,,,,,,,,,,,,,,,,,,,,,,,,,,,
29571462,subfeature,2024-10-25 15:40:51 UTC,2025-01-22 12:42:27 UTC,Develop and document a standardized process for onboarding new technology partners,"",Released,,29479827,"Establish a Scalable, End-to-End Process for Managing Technology Partners and Integrations",Yassin Hassan,_⭐ Integrations Squad,,,,,,,,,,,,,,,,,,,,,,,,,,,,,,,,,,,,,,,,,,,,,,,,,,,,,,,,,,,,,,,,,,,,,,,,,,,,,,,,,,,,,,,,,,,,,,,,,,,,,,,,,,,,,,,,,,
29571472,subfeature,2024-10-25 15:42:02 UTC,2025-01-22 12:42:29 UTC,Create a comprehensive integration checklist to ensure consistency across all partner integrations,"",Released,,29479827,"Establish a Scalable, End-to-End Process for Managing Technology Partners and Integrations",Yassin Hassan,_⭐ Integrations Squad,,,,,,,,,,,,,,,,,,,,,,,,,,,,,,,,,,,,,,,,,,,,,,,,,,,,,,,,,,,,,,,,,,,,,,,,,,,,,,,,,,,,,,,,,,,,,,,,,,,,,,,,,,,,,,,,,,
29571474,subfeature,2024-10-25 15:42:09 UTC,2025-01-22 12:42:30 UTC,"Establish a centralized partner relationship management system, capturing key metrics and statuses","",Released,,29479827,"Establish a Scalable, End-to-End Process for Managing Technology Partners and Integrations",Yassin Hassan,_⭐ Integrations Squad,,,,,,,,,,,,,,,,,,,,,,,,,,,,,,,,,,,,,,,,,,,,,,,,,,,,,,,,,,,,,,,,,,,,,,,,,,,,,,,,,,,,,,,,,,,,,,,,,,,,,,,,,,,,,,,,,,
29571477,subfeature,2024-10-25 15:42:17 UTC,2025-01-22 12:42:32 UTC,"Conduct quarterly reviews of all technology integrations, identifying and resolving issues","",Released,,29479827,"Establish a Scalable, End-to-End Process for Managing Technology Partners and Integrations",Yassin Hassan,_⭐ Integrations Squad,,,,,,,,,,,,,,,,,,,,,,,,,,,,,,,,,,,,,,,,,,,,,,,,,,,,,,,,,,,,,,,,,,,,,,,,,,,,,,,,,,,,,,,,,,,,,,,,,,,,,,,,,,,,,,,,,,
29581369,subfeature,2024-10-28 10:22:24 UTC,2025-09-26 13:07:53 UTC,Text Input Element,"",Released,,25754093,Enhance feedback management features,Lily from Kameleoon,_⭐ Visual Builders Squad,2024-10-28,2025-03-07,,,,,,,,,,,,,,,,,,,,,,,,,,,,,,,,,,,,,,,,,,,,,,,,,,,,,,,,,,,,,,,,,,,,,,,,,,,,,,,,,,,,,,,,,,,,,,,,,,,,,,,,,,,,,,,,
29581380,subfeature,2024-10-28 10:23:38 UTC,2025-09-26 13:07:57 UTC,Text Area Element,"",Released,,25754093,Enhance feedback management features,Lily from Kameleoon,_⭐ Visual Builders Squad,2024-10-28,2025-03-07,,,,,,,,,,,,,,,,,,,,,,,,,,,,,,,,,,,,,,,,,,,,,,,,,,,,,,,,,,,,,,,,,,,,,,,,,,,,,,,,,,,,,,,,,,,,,,,,,,,,,,,,,,,,,,,,
29581384,subfeature,2024-10-28 10:24:13 UTC,2025-09-26 13:08:01 UTC,Button Element,"",Released,,25754093,Enhance feedback management features,Lily from Kameleoon,_⭐ Visual Builders Squad,2024-10-28,2025-03-07,,,,,,,,,,,,,,,,,,,,,,,,,,,,,,,,,,,,,,,,,,,,,,,,,,,,,,,,,,,,,,,,,,,,,,,,,,,,,,,,,,,,,,,,,,,,,,,,,,,,,,,,,,,,,,,,
29582526,feature,2024-10-28 12:02:52 UTC,2025-11-01 07:50:49 UTC,Cookieless,"",Released,,9564712,Product recommendation,Lily from Kameleoon,_⭐ Visual Builders Squad,2024-10-01,2024-10-28,,,,,,,,,,,,,,,,,,,,,,,,,,,,,,,,,,,,,,,,,,,,,,,,,,,,,,,,,,,,,,,,,,,,,,,,,,,,,,,,,,,,,,,,,,,,,,,,,,,,,,,,,,,,,,,,
29582530,feature,2024-10-28 12:03:20 UTC,2025-03-07 08:14:46 UTC,Contextual bandit (Web Exp),"",Released,,6783323,Web Experimentation,Ivan Kulagin,_⭐ Campaign Creation Squad,2024-12-16,2025-03-06,,,,,,,,,,,,,,,,,,,,,,,,,,,,,,,,,,,,,,,,,,,,,,,,,,,,,,,,,,,,,,,,,,,,,,,,,,,,,,,,,,,,,,,,,,,,,,,,,,,,,,,,,,,,,,,,
29598395,feature,2024-10-29 10:05:10 UTC,2025-01-20 17:10:25 UTC,Metric-based Outlier filtering,"We implemented Outlier Detection with Winsorization, using the revenue value fo filter out some data points <p></p> we could do the same but by analysing the number of visits\/conversions of some users to filter them ",New idea,,6783364,"Data, Common  & Infrastructure",Calixthe Mattei,_⭐ Reporting Squad,,,,,,,,,,,,,,,,,,,,,,,,,,,,,,,,,,,,,,,,,,,,,,,,,,,,,,,,,,,,,,,,,,,,,,,,,,,,,,,,,,,,,,,,,,,,,,,,,,,,,,,,,,,,,,,,,,
29600079,subfeature,2024-10-29 12:29:09 UTC,2025-05-13 11:59:30 UTC,Comments,"",Design in progress,,23026305,New DS - UI Alignment,Junaid Gulzar Malik,_⭐ Feature Experimentation Squad,2025-07-01,2025-09-30,,,,,,,,,,,,,,,,,,,,,,,,,,,,,,,,,,,,,,,,,,,,,,,,,,,,,,,,,,,,,,,,,,,,,,,,,,,,,,,,,,,,,,,,,,,,,,,,,,,,,,,,,,,,,,,,
29611886,feature,2024-10-30 09:45:30 UTC,2024-10-30 09:46:41 UTC,Run JS Based on a Form Element's Value,"",New idea,,12428956,Events Tab,Lily from Kameleoon,_⭐ Visual Builders Squad,,,,,,,,,,,,,,,,,,,,,,,,,,,,,,,,,,,,,,,,,,,,,,,,,,,,,,,,,,,,,,,,,,,,,,,,,,,,,,,,,,,,,,,,,,,,,,,,,,,,,,,,,,,,,,,,,,
29636155,feature,2024-10-31 13:17:30 UTC,2024-10-31 13:24:10 UTC,Goal conversion - Live events,"",Released,,6783364,"Data, Common  & Infrastructure",Calixthe Mattei,_⭐ Reporting Squad,,,,,,,,,,,,,,,,,,,,,,,,,,,,,,,,,,,,,,,,,,,,,,,,,,,,,,,,,,,,,,,,,,,,,,,,,,,,,,,,,,,,,,,,,,,,,,,,,,,,,,,,,,,,,,,,,,
29703958,feature,2024-11-07 10:31:57 UTC,2024-11-26 09:14:40 UTC,Holdouts for Web exp (using tags),User story \#31206 \- Engine \- add holdout feature   <https://project.kameleoon.net/issues/31206> ,Released,,6783323,Web Experimentation,Yassin Hassan,_⭐ Admin & Engine Squad,2024-10-01,2024-10-31,,,,,,,,,,,,,,,,,,,,,,,,,,,,,,,,,,,,,,,,,,,,,,,,,,,,,,,,,,,,,,,,,,,,,,,,,,,,,,,,,,,,,,,,,,,,,,,,,,,,,,,,,,,,,,,,
29703998,feature,2024-11-07 10:35:00 UTC,2024-11-26 09:14:38 UTC,Mutually Exclusive Groups for Web exp (using tags),User story \#30922 \- Engine \- Mutually Exclusive   <https://project.kameleoon.net/issues/30922> ,Released,,6783323,Web Experimentation,Yassin Hassan,_⭐ Admin & Engine Squad,2024-10-01,2024-10-31,,,,,,,,,,,,,,,,,,,,,,,,,,,,,,,,,,,,,,,,,,,,,,,,,,,,,,,,,,,,,,,,,,,,,,,,,,,,,,,,,,,,,,,,,,,,,,,,,,,,,,,,,,,,,,,,
29704192,feature,2024-11-07 10:44:14 UTC,2025-03-11 11:55:09 UTC,Simulation Capabilities for FE,<p></p> ,Released,,9564875,Feature Management & Experimentation (FM&E),Junaid Gulzar Malik,"_⭐ Feature Experimentation Squad, _⭐ SDK Squad",2024-10-01,2025-01-31,,,,,,,,,,,,,,,,,,,,,,,,,,,,,,,,,,,,,,,,,,,,,,,,,,,,,,,,,,,,,,,,,,,,,,,,,,,,,,,,,,,,,,,,,,,,,,,,,,,,,,,,,,,,,,,,
29706532,feature,2024-11-07 13:42:20 UTC,2025-03-11 11:55:13 UTC,Holdouts for FE,"Specs: <https://docs.google.com/document/d/1o2-puhtktGSw0G7ESMHmwROB8pVLgCBDeKiZWW4TA_o/edit?usp=sharing> <p></p> The new ""holdout flags"" feature provides centralized exclusion group control across feature flags within a project\. <span data-preserve-white-space></span> <p></p> When creating a flag, users can mark it as a holdout, which adds a dedicated experiment rule to manage exclusions across other flags\. Holdout flags have project\-wide visibility and can be edited in one place, with changes updating instantly across all linked flags\. <span data-preserve-white-space></span> <p></p> A unique icon highlights holdouts on the dashboard, and unused holdouts trigger archiving suggestions to keep setups efficient\. These enhancements streamline exclusion management, ensuring consistency and reducing redundancy in experiment setups\. ",Released,,9564875,Feature Management & Experimentation (FM&E),Junaid Gulzar Malik,"_⭐ Feature Experimentation Squad, _⭐ SDK Squad",2024-10-01,2025-02-28,,,,,,,,,,,,,,,,,,,,,,,,,,,,,,,,,,,,,,,,,,,,,,,,,,,,,,,,,,,,,,,,,,,,,,,,,,,,,,,,,,,,,,,,,,,,,,,,,,,,,,,,,,,,,,,,
29706592,feature,2024-11-07 13:46:20 UTC,2025-03-11 11:55:16 UTC,Mutually Exclusive Groups (MEGs) for Feature Experimentation,<p></p> ,Released,,9564875,Feature Management & Experimentation (FM&E),Junaid Gulzar Malik,_⭐ Feature Experimentation Squad,2025-01-01,2025-02-28,,,,,,,,,,,,,,,,,,,,,,,,,,,,,,,,,,,,,,,,,,,,,,,,,,,,,,,,,,,,,,,,,,,,,,,,,,,,,,,,,,,,,,,,,,,,,,,,,,,,,,,,,,,,,,,,
29717047,feature,2024-11-08 10:11:37 UTC,2024-11-08 10:11:37 UTC,Filter by conditions on the segment Dashboard,"",New idea,,9564755,Targeting,Loreena,"_⭐ App System Squad, #VOC1_2025",,,,,,,,20,,,,,,,,,,,,,,#1  - Frictionless experience,,,,,,,,,,,,,,,,,,,,,10,10,,,,,,,,,,,,,,,,,,,,,,,,,,,,,,,,,,,,,,,,,,,,,,,,,,,,,,,,,,,,,,,,,,,,,,
29765534,component,2024-11-12 10:15:34 UTC,2024-11-12 10:17:24 UTC,Translation Tab,"",New idea,,25770925,Widget Studio,Lily from Kameleoon,"",,,,,,,,,,,,,,,,,,,,,,,,,,,,,,,,,,,,,,,,,,,,,,,,,,,,,,,,,,,,,,,,,,,,,,,,,,,,,,,,,,,,,,,,,,,,,,,,,,,,,,,,,,,,,,,,,,
29765570,feature,2024-11-12 10:18:33 UTC,2025-02-10 11:52:23 UTC,Enhance links translation,"",Released,,29765534,Translation Tab,Lily from Kameleoon,_⭐ Visual Builders Squad,2024-10-07,2025-02-05,,,,,,,,,,,,,,,,,,,,,,,,,,,,,,,,,,,,,,,,,,,,,,,,,,,,,,,,,,,,,,,,,,,,,,,,,,,,,,,,,,,,,,,,,,,,,,,,,,,,,,,,,,,,,,,,
29765653,feature,2024-11-12 10:26:56 UTC,2024-12-09 10:29:22 UTC,Image Library Pop-Up,"",Released,,12429128,Core,Lily from Kameleoon,_⭐ Visual Builders Squad,2024-11-11,2024-12-31,,,,,,,,,,,,,,,,,,,,,,,,,,,,,,,,,,,,,,,,,,,,,,,,,,,,,,,,,,,,,,,,,,,,,,,,,,,,,,,,,,,,,,,,,,,,,,,,,,,,,,,,,,,,,,,,
29785243,feature,2024-11-13 14:57:01 UTC,2025-07-08 10:12:02 UTC,Infinity Integration,"",New idea,,32146897,New integrations,Isabelle Ung,_⭐ Integrations Squad,,,,,,,,40,40,,,,,,,,,,,,,,,,,,,,,,,,,,,,,,,,,,40,40,,,,,,,,,,,,,,,,,,,,,,,,,,,,,,,,,,,,,,,,,,,,,,,,,,,,,,,,,,,,,,,,,,,,,,
29787006,feature,2024-11-13 16:41:00 UTC,2025-07-08 10:10:13 UTC,JENTIS Integration,"",New idea,,32146897,New integrations,Isabelle Ung,_⭐ Integrations Squad,,,,,,,,40,40,,,,,,,,,,,,,,,,,,,,,,,,,,,,,,,,,,40,40,,,,,,,,,,,,,,,,,,,,,,,,,,,,,,,,,,,,,,,,,,,,,,,,,,,,,,,,,,,,,,,,,,,,,,
29795343,feature,2024-11-14 10:32:26 UTC,2024-11-14 10:40:33 UTC,Label elements as 'copy' in a duplicated screen,<p></p> ,New idea,,12428951,Design Tab,Lily from Kameleoon,_⭐ Visual Builders Squad,,,,,,,,,,,,,,,,,,,,,,,,,,,,,,,,,,,,,,,,,,,,,,,,,,,,,,,,,,,,,,,,,,,,,,,,,,,,,,,,,,,,,,,,,,,,,,,,,,,,,,,,,,,,,,,,,,
29797879,feature,2024-11-14 14:10:58 UTC,2025-07-08 10:10:08 UTC,Snowplow Event Dispatcher Native Activation,"Currently we don't allow to configure FF event dispatcher on specific environment like Amplitude, Segment & Mixpanel\. ",New idea,,9564652,Common integrations,Isabelle Ung,_⭐ Integrations Squad,,,,,,,,40,40,,,,,,,,,,,,,,,,,,,,,,,,,,,,,,,,,,40,40,,,,,,,,,,,,,,,,,,,,,,,,,,,,,,,,,,,,,,,,,,,,,,,,,,,,,,,,,,,,,,,,,,,,,,
29813253,feature,2024-11-15 16:33:50 UTC,2025-07-08 10:09:34 UTC,Census Integration,"Client: ""Our data warehouse is in Census\. You might have heard of the tool\. It would be interesting if Kameleoon could explore an automated integration with them\."" ",New idea,,32146897,New integrations,Isabelle Ung,_⭐ Integrations Squad,,,,,,,,40,40,,,,,,,,,,,,,,,,,,,,,,,,,,,,,,,,,,40,40,,,,,,,,,,,,,,,,,,,,,,,,,,,,,,,,,,,,,,,,,,,,,,,,,,,,,,,,,,,,,,,,,,,,,,
29827432,feature,2024-11-18 13:15:13 UTC,2024-11-18 13:15:13 UTC,Notification center,"",New idea,,6783323,Web Experimentation,Loreena,_⭐ App System Squad,,,,,,,,40,,,,,,,,,,,,,,#2 - Needs of mature XP teams,,,,,,,,,,,,,,,,,,,,"More and more features are involving collaboration, it might be necessary soon.",20,20,,,,,,,,,,,,,,,,,,,,,,,,,,,,,,,,,,,,,,,,,,,,,,,,,,,,,,,,,,,,,,,,,,,,,,
29840554,feature,2024-11-19 12:23:34 UTC,2024-11-26 15:54:22 UTC,New Predictive conditions in Segment builder,"",New idea,,6783323,Web Experimentation,Loreena,_⭐ App System Squad,,,,,,,,80,,,,,,,,,,,,,,#3 - AI-Innovation,,,,,,,,,,,,,,,,,,,,Request from users + market alignement,40,40,,,,,,,,,,,,,,,,,,,,,,,,,,,,,,,,,,,,,,,,,,,,,,,,,,,,,,,,,,,,,,,,,,,,,,
29853939,feature,2024-11-20 13:00:52 UTC,2025-02-24 12:55:38 UTC,Kameleoon Beta Program,"## 📒 **Feature short description:** Allow customers to opt\-in\/out of beta feature releases **Description:**   As a **Kameleoon customer**, I want the ability to opt\-in or opt\-out of beta feature releases, so that I can control when new features are activated for my account and only use features that are considered stable\. --- ## 📄 Attached documents - **Figma file**: optional \(paste link\) - **Spec file**: optional \(paste link\) - **Redmine ticket**: <span data-preserve-white-space></span> User story \#31873 \- Kameleoon Beta Program   <https://project.kameleoon.net/issues/31873> - **Image:** mandatory, to illustrate the topic <p></p> ",Released,,6783364,"Data, Common  & Infrastructure",Yassin Hassan,_⭐ Admin & Engine Squad,2024-12-01,2025-02-28,,,,,,,,,,,,,,,,,,,,,,,,,,,,,,,,,,,,,,,,,,,,,,,,,,,,,,,,,,,,,,,,,,,,,,,,,,,,,,,,,,,,,,,,,,,,,,,,,,,,,,,,,,,,,,,,
29856579,feature,2024-11-20 15:55:46 UTC,2024-11-20 15:55:46 UTC,Ability to preview variation changes on dashboard,"",New idea,,6783323,Web Experimentation,Loreena,_⭐ App System Squad,,,,,,,,40,,,,,,,,,,,,,,#2 - Needs of mature XP teams,,,,,,,,,,,,,,,,,,,,,20,20,,,,,,,,,,,,,,,,,,,,,,,,,,,,,,,,,,,,,,,,,,,,,,,,,,,,,,,,,,,,,,,,,,,,,,
29868220,feature,2024-11-21 13:40:16 UTC,2025-07-08 10:09:33 UTC,Tealium Integration - EventStream,"## 📒 **Feature short description:** Describe what the feature does\. ``` Structure this as:  Kameleoon x Tealium EventStream allows clients to send server-side events with metadatas attributes by quickly setting up the integration on Tealium. ``` ## 😥 Problem <u>**Problem statement:**</u> What problem are we trying to solve with this feature? Or, what is the opportunity we are addressing?  [PoC Bedrock](https://www.notion.so/kameleoon-ext/Bedrock-145f87cebbc481cab708d5007662ec29?pvs=4) <span data-preserve-white-space></span> <p></p> <u>**Workaround:**</u> - **Existing workaround:** Yes \/ **No** - **Workaround description:** If there is a workaround, explain how we can proceed to solve the problem today ## 💡 Solution <u>**Key benefits**</u>: <span data-preserve-white-space></span> What value does this feature bring to the user?  ``` Answer the question, “What are the benefits for the end user?” as if you were talking to Customer Success. example: * Server-side integration enables to use precise and enriched event data from Tealium to define specific goal metrics in Kameleoon, improving the alignment between business KPIs and experimentation results. ``` <span data-preserve-white-space></span>   <u>**Use Cases:**</u> <span data-preserve-white-space></span> Share use cases where this feature would help our users\. <span data-preserve-white-space></span> ``` Use the Jobs To Be Done framework to illustrate our user's motivation and behaviour. Structure this as: When the user creates a Kameleoon Experiment, they want to set a goal, so they choose a specific goal from their Tealium CDP. ``` <u>**✏️ Product design:**</u> - **Product package:** Web Experimentation \/ Full Stack Experimentation \/ Feature Management \/ AI\-driven Personalization  *\(only keep the right answers\)* - **Product scope:** Product section and pages that will evolve \(if needed, define sections\/pages that will be out of scope\) - **Target Persona**: Which one of our target persona is going to benefit from this feature? \(**Marketer \/ Developer \/ Product Manager**\) <span data-preserve-white-space></span> - **Main updates:** In bullets, concisely describe what your solution consists of:     - In page X, we add \.\.\.     - On click, \.\.\.     - Optionally, paste images of the solution here \(or paste Figma link\) ## 🎯 **Measuring Success** - **Goal 1:** indicate the goal of this topic - **Success metric:** indicate the key indicator of success that will measure the achievement of goal 1 <p></p> ``` Copy and paste previous paragraph for each goal attached to this topic. Report to PDB Template - Slide 13 for examples ``` --- ## 📄 Attached documents - **Figma file**: optional \(paste link\) - **Spec file**: optional \(paste link\) - **Redmine ticket**: mandatory  \(paste link\) - **Image:** mandatory, to illustrate the topic <p></p> ",New idea,,32146897,New integrations,Isabelle Ung,_⭐ Integrations Squad,,,,,,,,40,40,,,,,,,,,,,,,,,,,,,,,,,,,,,,,,,,,,40,40,,,,,,,,,,,,,,,,,,,,,,,,,,,,,,,,,,,,,,,,,,,,,,,,,,,,,,,,,,,,,,,,,,,,,,
29870370,feature,2024-11-21 15:52:05 UTC,2025-07-08 10:07:11 UTC,DWH Integrations - Product Recommendation,"",New idea,,32146623,Data warehouses topics,Isabelle Ung,"",,,,,,,,,,,,,,,,,,,,,,,,,,,,,,,,,,,,,,,,,,,,,,,,,,,,,,,,,,,,,,,,,,,,,,,,,,,,,,,,,,,,,,,,,,,,,,,,,,,,,,,,,,,,,,,,,,
29908519,feature,2024-11-26 09:18:02 UTC,2025-02-24 12:55:57 UTC,Admin BO / Project creation - Feature Experimentation - Project types,User story \#31977 \- Admin BO \/ Project creation \- Feature Experimentation \- Project types <https://project.kameleoon.net/issues/31977> ,Released,,6783364,"Data, Common  & Infrastructure",Yassin Hassan,_⭐ Admin & Engine Squad,2024-11-25,2025-02-28,,,,,,,,,,,,,,,,,,,,,,,,,,,,,,,,,,,,,,,,,,,,,,,,,,,,,,,,,,,,,,,,,,,,,,,,,,,,,,,,,,,,,,,,,,,,,,,,,,,,,,,,,,,,,,,,
29911843,feature,2024-11-26 13:53:05 UTC,2025-01-06 13:33:26 UTC,New RP for Feature Exp.,"",Released,,6783364,"Data, Common  & Infrastructure",Calixthe Mattei,_⭐ Reporting Squad,2024-11-12,2024-12-07,,,,,,,,,,,,,,,,,,,,,,,,,,,,,,,,,,,,,,,,,,,,,,,,,,,,,,,,,,,,,,,,,,,,,,,,,,,,,,,,,,,,,,,,,,,,,,,,,,,,,,,,,,,,,,,,
29911871,feature,2024-11-26 13:55:11 UTC,2025-01-06 13:33:32 UTC,Reporting Page - LOT 1 - UX Improvements,"",Released,,6783364,"Data, Common  & Infrastructure",Calixthe Mattei,_⭐ Reporting Squad,2024-11-06,2024-12-15,,,,,,,,,,,,,,,,,,,,,,,,,,,,,,,,,,,,,,,,,,,,,,,,,,,,,,,,,,,,,,,,,,,,,,,,,,,,,,,,,,,,,,,,,,,,,,,,,,,,,,,,,,,,,,,,
29915465,feature,2024-11-26 17:40:21 UTC,2025-03-12 13:47:38 UTC,Multi-language editor support,"",Candidate,,9564787,Graphic editor,Ivan Kulagin,"_⭐ Campaign Creation Squad, #VOC1_2025",,,,,,,,40,,,,,,,,,,,,,,,,,,,,,,,,,,,,,,,,,,,20,20,,,,,,,,,,,,,,,,,,,,,,,,,,,,,,,,,,,,,,,,,,,,,,,,,,,,,,,,,,,,,,,,,,,,,,
29915607,feature,2024-11-26 17:53:41 UTC,2025-02-28 10:40:57 UTC,New element support in Graphic Editor: Links,"",Released,,9564787,Graphic editor,Ivan Kulagin,_⭐ Campaign Creation Squad,2024-12-23,2025-02-27,,,,,,,,,,,,,,,,,,,,,,,,,,,,,,,,,,,,,,,,,,,,,,,,,,,,,,,,,,,,,,,,,,,,,,,,,,,,,,,,,,,,,,,,,,,,,,,,,,,,,,,,,,,,,,,,
29915651,feature,2024-11-26 17:58:27 UTC,2025-07-24 09:46:53 UTC,shadowDOM element selection and edit: BETA,"",Released,,9564787,Graphic editor,Ivan Kulagin,"_⭐ Campaign Creation Squad, #VOC1_2025",2025-04-01,2025-05-07,,,,,,20,,,,,,,,,,,,,,,,,,,,,,,,,,,,,,,,,,,10,10,,,,,,,,,,,,,,,,,,,,,,,,,,,,,,,,,,,,,,,,,,,,,,,,,,,,,,,,,,,,,,,,,,,,,,
29924322,feature,2024-11-27 13:33:26 UTC,2025-01-09 09:33:07 UTC,✨ Program management - Generate Ideas based on AI,"## 💁‍♂️ Problem\/Context <u>**Description:**</u> As a Experiment manager, when I want to find ideas for my roadmap, I am not able to find creative ideas\. <p></p> - **Existing workaround:** Yes - **Workaround description:** Analyze manually websites, organize brainstrorming <p></p> <u>**Project justification:**</u> ## 💡 Solution - **Product package:** A\/B Testing \/ Personalization <span data-preserve-white-space></span> - **Product scope:** New product - **User roles**: Roles \(admin \/ super admin \/ marketing\) that will benefit from this project - **Design:** <span data-preserve-white-space></span>     - Ability to identify AI idea on a page directly from the WYSIWYG and potentially add it to the Program manager     - Request ideas <span data-preserve-white-space></span> ## 🎯 **Measuring Success** - **Goal 1:** Increase the \# of experiment launched by users - **Success metric:** <span data-preserve-white-space></span> <p></p> - **Goal 2:** <span data-preserve-white-space></span> - **Success metric:** <span data-preserve-white-space></span> <p></p> --- ## 📄 Attached documents - **Figma file**: optional \(paste link\) - **Spec file**: optional \(paste link\) - **Redmine ticket**: mandatory  \(paste link\) <p></p> ",Candidate,,9564716,IA,Vincent Taldir,"_⭐ AI copilot Squad, #VOC2",,,,,,,,,,,,,,,,,,,,,,#3 - AI-Innovation,,,,,,,,,,,,,,,,,,,,More idea leads to more Experiments,,,,,,,,,,,,,,,,,,,,,,,,,,,,,,,,,,,,,,,,,,,,,,,,,,,,,,,,,,,,,,,,,,,,,,,,
29925277,feature,2024-11-27 14:45:10 UTC,2025-03-12 15:40:14 UTC,✨ Ai generative Models : Select your LLM model,"## 📒 **Feature short description:** Select a model for Ai generative capabilities allows the administrator to give Autonomy and Trust by adding a dropdown menu with all the model supported ## 😥 Problem <u>**Problem statement:**</u> When I am using LLM, user want to ensure the model doesn't share their data are not used by the LLM for their learnings <p></p> <u>**Workaround:**</u> - **Existing workaround:** No ## 💡 Solution <u>**Key benefits**</u>: <span data-preserve-white-space></span> Freedom to choose the LLM model accordingly to the enterprise policy\. <span data-preserve-white-space></span>   <u>**Use Cases:**</u> <span data-preserve-white-space></span> Share use cases where this feature would help our users\. <span data-preserve-white-space></span> ``` Use the Jobs To Be Done framework to illustrate our user's motivation and behaviour. Structure this as: When the user [situation], they want to [motivation], so they can [expected outcome]. ``` <u>**✏️ Product design:**</u> - **Product package:** Web Experimentation \/ Full Stack Experimentation \/ Feature Management \/ AI\-driven Personalization  *\(only keep the right answers\)* - **Product scope:** Product section and pages that will evolve \(if needed, define sections\/pages that will be out of scope\) - **Target Persona**: Which one of our target persona is going to benefit from this feature? \(Marketer \/ Developer \/ Product Manager\) <span data-preserve-white-space></span> - **Main updates:** In bullets, concisely describe what your solution consists of:     - In page X, we add \.\.\.     - On click, \.\.\.     - Optionally, paste images of the solution here \(or paste Figma link\) ## 🎯 **Measuring Success** - **Goal 1:** indicate the goal of this topic - **Success metric:** indicate the key indicator of success that will measure the achievement of goal 1 <p></p> ``` Copy and paste previous paragraph for each goal attached to this topic. Report to PDB Template - Slide 13 for examples ``` --- ## 📄 Attached documents - **Figma file**: optional \(paste link\) - **Spec file**: optional \(paste link\) - **Redmine ticket**: mandatory  \(paste link\) - **Image:** mandatory, to illustrate the topic <p></p> ",New idea,,30430046,✨ AI Copilot,Vincent Taldir,"_⭐ AI copilot Squad, #VOC2",,,,,,,,,,,,,,,,,,,,,,#3 - AI-Innovation,,,,,,,,,,,,,,,,,,,,,,,,,,,,,,,,,,,,,,,,,,,,,,,,,,,,,,,,,,,,,,,,,,,,,,,,,,,,,,,,,,,,,,,,,,,,
30029245,feature,2024-12-09 10:41:34 UTC,2025-07-08 10:18:02 UTC,Enable source analytics integrations on the integrations page,We would like to enable cohorts integrations on the integrations page so that users can then select this integrations when creating segments or goals\. <p></p> This will allow users to setup the integrations easily \(no custom data flow anymore\) and create segment & goals directly in the proper space\. ,New idea,,9564652,Common integrations,Isabelle Ung,_⭐ Integrations Squad,,,,,,,,,,,,,,,,,,,,,,,,,,,,,,,,,,,,,,,,,,,,,,,,,,,,,,,,,,,,,,,,,,,,,,,,,,,,,,,,,,,,,,,,,,,,,,,,,,,,,,,,,,,,,,,,,,
30029407,subfeature,2024-12-09 10:55:48 UTC,2024-12-18 11:17:20 UTC,Proper integration page for each integrations with relevant informations,"Today users don't have much informations about the integration on the integrations page\. Users have to go to the documentation website and search for the proper doc they are looking for\.  <span data-preserve-white-space></span> <p></p> It would be easier for them to have it directly in the integration page:   \- Documentation link: mandatory <span data-preserve-white-space></span>   \- Specific usecases \(""you will be able to: send data etc\.""\) : Adding usecase to each integration will help user understand the usage and benefits of the integrations\. All analytics tool offer usecase to understand the purpose of the integration\. <span data-preserve-white-space></span>   \- Processing time : Users often ask for processing time when sending and receiving datas from third party tools\. This can impact their experiment set up\. ",New idea,,16215902,Integration Page Redesign,Yassin Hassan,_⭐ Integrations Squad,,,,,,,,,,,,,,,,,,,,,,,,,,,,,,,,,,,,,,,,,,,,,,,,,,,,,,,,,,,,,,,,,,,,,,,,,,,,,,,,,,,,,,,,,,,,,,,,,,,,,,,,,,,,,,,,,,
30029495,subfeature,2024-12-09 11:04:06 UTC,2024-12-18 11:17:12 UTC,Catalog of integrations separating source & destination integrations,"Today we show all the tools we integrate with but we don't show all the integrations: only JS tracker, event dispatcher & DWH integrations\. We don't show cohort & goals integrations\. <p></p> When activating an integration, users have to click on the tools to have more informations on what integrations it offers\. <p></p> By showing a listing of tools organise divided by integration type \(source\/destination\) we offer users a clear overview of all the integrations possibilities in Kameleoon and users can access easily to their specific needs\. <span data-preserve-white-space></span> <p></p> AB tasty do it like this \+ all of analytics tools offer a catalog overview of source & destination integrations\. ",New idea,,16215902,Integration Page Redesign,Yassin Hassan,_⭐ Integrations Squad,,,,,,,,,,,,,,,,,,,,,,,,,,,,,,,,,,,,,,,,,,,,,,,,,,,,,,,,,,,,,,,,,,,,,,,,,,,,,,,,,,,,,,,,,,,,,,,,,,,,,,,,,,,,,,,,,,
30030282,subfeature,2024-12-09 12:30:35 UTC,2024-12-18 11:16:07 UTC,Integrations by project,"Today we don't offer a proper view of integrations for a specific project\. We have to select a project everytime we want to edit, add or remove an integration\. <p></p> We want to enable to select a project and offer integrations experience for the selected project for activating, editing, and removing an integration\.   This will allow user to select only one time the project they want to manage and have an smoother experience\. ",New idea,,16215902,Integration Page Redesign,Yassin Hassan,_⭐ Integrations Squad,,,,,,,,,,,,,,,,,,,,,,,,,,,,,,,,,,,,,,,,,,,,,,,,,,,,,,,,,,,,,,,,,,,,,,,,,,,,,,,,,,,,,,,,,,,,,,,,,,,,,,,,,,,,,,,,,,
30030447,subfeature,2024-12-09 12:47:21 UTC,2024-12-09 12:48:20 UTC,Enable integration requests,On the integrations page we don't have any possibility to submit a new integration request\.       It would be beneficial to add it so we have more insights from users about their integrations needs ,New idea,,16215902,Integration Page Redesign,Yassin Hassan,_⭐ Integrations Squad,,,,,,,,,,,,,,,,,,,,,,,,,,,,,,,,,,,,,,,,,,,,,,,,,,,,,,,,,,,,,,,,,,,,,,,,,,,,,,,,,,,,,,,,,,,,,,,,,,,,,,,,,,,,,,,,,,
30043550,subfeature,2024-12-10 11:27:19 UTC,2024-12-18 11:17:59 UTC,Proper integration page setup for each integration (when input needed),"",New idea,,16215902,Integration Page Redesign,Yassin Hassan,_⭐ Integrations Squad,,,,,,,,,,,,,,,,,,,,,,,,,,,,,,,,,,,,,,,,,,,,,,,,,,,,,,,,,,,,,,,,,,,,,,,,,,,,,,,,,,,,,,,,,,,,,,,,,,,,,,,,,,,,,,,,,,
30043562,subfeature,2024-12-10 11:28:46 UTC,2024-12-18 11:17:29 UTC,Show integrations activated,Today on the integrations page we can see all tools status ON and OFF when the tool has at least 1 integration type activated for at least 1 project\.       We want to offer a clear view of integrations activated by project\. <span data-preserve-white-space></span> <span data-preserve-white-space></span>   This will allow user to easily access & manage their integration\. See if integration is set up or not setup yet or not\. ,New idea,,16215902,Integration Page Redesign,Yassin Hassan,_⭐ Integrations Squad,,,,,,,,,,,,,,,,,,,,,,,,,,,,,,,,,,,,,,,,,,,,,,,,,,,,,,,,,,,,,,,,,,,,,,,,,,,,,,,,,,,,,,,,,,,,,,,,,,,,,,,,,,,,,,,,,,
30062155,feature,2024-12-11 16:47:59 UTC,2025-07-15 07:41:26 UTC,Databricks Integration - Use as a destination,"",Released,,32146897,New integrations,Isabelle Ung,_⭐ Integrations Squad,2025-05-01,2025-07-10,,,,,,,,,,,,,,,,,,,,,,,,,,,,,,,,,,,,,,,,,,,,,,,,,,,,,,,,,,,,,,,,,,,,,,,,,,,,,,,,,,,,,,,,,,,,,,,,,,,,,,,,,,,,,,,,
30070044,feature,2024-12-12 08:54:25 UTC,2025-02-27 14:46:19 UTC,✨ Ai Suggestions : Exclude bad Suggestions from the AI suggestion,"",Released,,30070093,✨ Ai suggestions,Vincent Taldir,_⭐ AI copilot Squad,2025-01-07,2025-02-21,,,,,,,,,,,,,,,,,,,,,,,,,,,,,,,,,,,,,,,,,,,,,,,,,,,,,,,,,,,,,,,,,,,,,,,,,,,,,,,,,,,,,,,,,,,,,,,,,,,,,,,,,,,,,,,,
30070066,feature,2024-12-12 08:56:48 UTC,2025-03-25 14:26:02 UTC,✨ Ai suggestions : Filter & sort URLs,"The ""AI Suggestions: Filter & Sort URLs"" feature allows users to filter and sort URLs within an AI suggestions group based on URL names and the number of suggestions\. **Key Features:** - **URL Filtering:** Users can search for specific URLs within the AI suggestions group\. - **Sorting Options:** Sort URLs by name or by the number of suggestions received\. <p></p> **Benefits:** - **Improved Navigation:** Quickly locate relevant URLs in large suggestion groups\. - **Enhanced Organization:** Keep suggestions well\-ordered and easier to manage\. - **Time Savings:** Streamlines the review process by focusing on priority URLs\. ",Development in progress,,30070093,✨ Ai suggestions,Vincent Taldir,_⭐ AI copilot Squad,2025-01-17,2025-03-31,,,,,,,,,,,,,,,,,,,20,,,,,,,,,,,,,,,,,,,,,,,0,,,,,,,,,,,,,,,,,,,,,,,,,,,,,,,,,,,,,,,,,,,,,,,,,,,,,,,,,,,,,,,,,,,,,,
30070078,feature,2024-12-12 08:57:36 UTC,2025-01-09 09:29:03 UTC,Text generation : Small description creation,"",Candidate,,30274537,Type of bulk changes,Vincent Taldir,_⭐ AI copilot Squad,,,,,,,,,,,,,,,,,,,,,13,,,,,,,,,,,,,,,,,,,,,,,0,,,,,,,,,,,,,,,,,,,,,,,,,,,,,,,,,,,,,,,,,,,,,,,,,,,,,,,,,,,,,,,,,,,,,,
30070086,feature,2024-12-12 08:58:09 UTC,2025-02-26 09:51:51 UTC,✨ AI suggestions - Page Finder - Filter by CD,"",Development in progress,,30070093,✨ Ai suggestions,Vincent Taldir,_⭐ AI copilot Squad,2025-04-01,2025-06-30,,,,,,,,,,,,,,,,,,,,,,,,,,,,,,,,,,,,,,,,,,,,,,,,,,,,,,,,,,,,,,,,,,,,,,,,,,,,,,,,,,,,,,,,,,,,,,,,,,,,,,,,,,,,,,,,
30070090,feature,2024-12-12 08:59:01 UTC,2025-03-25 14:25:56 UTC,✨ AI suggestions - Preview : Description and visual change side by side,"",Released,,30070093,✨ Ai suggestions,Vincent Taldir,_⭐ AI copilot Squad,2025-02-12,2025-03-28,,,,,,,,,,,,,,,,,,,,,,,,,,,,,,,,,,,,,,,,,,,,,,,,,,,,,,,,,,,,,,,,,,,,,,,,,,,,,,,,,,,,,,,,,,,,,,,,,,,,,,,,,,,,,,,,
30070093,component,2024-12-12 08:59:20 UTC,2025-01-24 14:47:48 UTC,✨ Ai suggestions,"",New idea,,30431042,✨ AI experiment,Vincent Taldir,_⭐ AI copilot Squad,,,,,,,,,,,,,,,,,,,,,,,,,,,,,,,,,,,,,,,,,,,,,,,,,,,,,,,,,,,,,,,,,,,,,,,,,,,,,,,,,,,,,,,,,,,,,,,,,,,,,,,,,,,,,,,,,,
30070117,feature,2024-12-12 09:02:41 UTC,2025-02-27 14:46:18 UTC,✨ Ai suggestions - Add user prompting in the creation workflow,"",Released,,30070093,✨ Ai suggestions,Vincent Taldir,_⭐ AI copilot Squad,2024-12-10,2025-02-14,,,,,,,,,,,,,,,,,,,,,,,,,,,,,,,,,,,,,,,,,,,,,,,,,,,,,,,,,,,,,,,,,,,,,,,,,,,,,,,,,,,,,,,,,,,,,,,,,,,,,,,,,,,,,,,,
30070689,feature,2024-12-12 09:55:44 UTC,2025-02-26 09:08:15 UTC,✨ AI features - Global AI content generation customizations,"![](https://pb-files.s3.amazonaws.com/production/attachments/fe617ce10e2ad680f56fd2f5cb02e8d3e3c260a3005d59302a6cd18b42afb06b/image.png) ### **Problem Statement** Currently, there is no way to **configure or constrain AI\-generated content** across different features in the product \(AI Experiments, Graphical Editor, Widget Studio\)\. This lack of control forces users to manually adjust content every time they generate text, leading to inconsistencies in tone, compliance issues, and inefficiencies\. ### **Feature Principle** ✨ **Global AI Content Generation Customizations** introduce a centralized system for defining **rules and constraints** for AI\-generated content across all AI\-powered features in **AI Copilot**\. This allows users to **predefine guidelines** that shape AI outputs according to their brand, compliance requirements, and business needs\. ### **Key Functionalities** ✅ **Tone of Voice Configuration** – Users can select or create predefined tones of voice that the AI must follow across all content\.   ✅ **Restricted Keywords & Compliance Rules** – Users can specify words or phrases that AI should avoid to ensure brand safety and regulatory compliance\.   ✅ **Prompt Templates & Structure Constraints** – Users can enforce predefined content structures to maintain consistency across different AI use cases\.   ✅ **Protected Content Parameters** – Users can define elements that AI should not modify \(e\.g\., product names, legal disclaimers\)\.   ✅ **CSS & Content Exclusion Rules** – Allows users to exclude specific UI elements or text sections from AI processing\.   ✅ **Pre\-Treatment & Post\-Treatment Scripts** – Supports customization with JavaScript to preprocess or refine AI\-generated content before display\. ### **Expected Impact** 🚀 **More Control Over AI Outputs** – Ensures AI\-generated content aligns with business, legal, and branding guidelines\.   📈 **Efficiency Gains** – Reduces the need for repetitive manual edits by enforcing global content rules\.   ⚡ **Scalability & Consistency** – Provides a standardized AI configuration across AI Experiments, Graphical Editor, and Widget Studio, ensuring uniform output across the product\. ",Candidate,,30430046,✨ AI Copilot,Vincent Taldir,_⭐ AI copilot Squad,2025-02-12,2025-05-18,,,,,,,,,,,,,,,,,,,13,,,,,,,,,,,,,,,,,,,,,,,0,,,,,,,,,,,,,,,,,,,,,,,,,,,,,,,,,,,,,,,,,,,,,,,,,,,,,,,,,,,,,,,,,,,,,,
30071527,subfeature,2024-12-12 11:14:34 UTC,2025-03-14 08:31:00 UTC,Text generation : Proposition of tone of voice (configurable by the admin),<u>**Initial version :**</u> **Proposition of tone \(configurable by the admin\)** - Formal and Professional - Informative and Neutral - Conversational and Friendly - Persuasive and Motivational - Creative and Imaginative - Directive and Instructional - Urgent and Action\-Oriented - Empathetic and Supportive <p></p> <u>**Advanced version :**</u> \+ Add your custom brand tone of voice by analyzing your tone in a 3 ways: - Adding a URL with content that embodies your brand voice - Uploading a document of your brand voice - Describing your brand voice in plain text ,Planned,,30070689,✨ AI features - Global AI content generation customizations,Vincent Taldir,"_⭐ AI copilot Squad, #VOC1_2025",,,,,,,,,,,,,,,,,,,,,5,,,,,,,,,,,,,,,,,,,,,,,0,,,,,,,,,,,,,,,,,,,,,,,,,,,,,,,,,,,,,,,,,,,,,,,,,,,,,,,,,,,,,,,,,,,,,,
30071604,subfeature,2024-12-12 11:18:03 UTC,2025-01-09 09:10:27 UTC,Restricted words,"Allow the admin to block some terms in the reformulations or creation\. <p></p> Possibility to add a list such as Amazon <span data-preserve-white-space></span>   Would be applied to AI experiments, Graphical editor and Widget studio\. ",Candidate,,30070689,✨ AI features - Global AI content generation customizations,Vincent Taldir,_⭐ AI copilot Squad,,,,,,,,,,,,,,,,,,,,,3,,,,,,,,,,,,,,,,,,,,,,,0,,,,,,,,,,,,,,,,,,,,,,,,,,,,,,,,,,,,,,,,,,,,,,,,,,,,,,,,,,,,,,,,,,,,,,
30083257,subfeature,2024-12-13 11:36:20 UTC,2024-12-13 11:37:31 UTC,Preview & Edit Recommendation Blocks,"",Design in progress,,27868602,Preview / Custom Templates,Lily from Kameleoon,"",,,,,,,,,,,,,,,,,,,,,,,,,,,,,,,,,,,,,,,,,,,,,,,,,,,,,,,,,,,,,,,,,,,,,,,,,,,,,,,,,,,,,,,,,,,,,,,,,,,,,,,,,,,,,,,,,,
30083276,subfeature,2024-12-13 11:40:20 UTC,2025-11-01 07:47:13 UTC,Preview & Edit Recommendation Blocks,"",Released,,27868602,Preview / Custom Templates,Lily from Kameleoon,_⭐ Visual Builders Squad,2024-01-27,2024-08-28,,,,,,,,,,,,,,,,,,,,,,,,,,,,,,,,,,,,,,,,,,,,,,,,,,,,,,,,,,,,,,,,,,,,,,,,,,,,,,,,,,,,,,,,,,,,,,,,,,,,,,,,,,,,,,,,
30110159,subfeature,2024-12-17 11:12:25 UTC,2024-12-18 11:19:31 UTC,Filter integrations catalog,"Integrations possibilities can change according to client's kameloon setup: Kameleoon JS Snippet or Kameleoon SDK\.   <span data-preserve-white-space></span> Clients with Kameloon JS Snippet can't send Kameleeoon server side event for exemple, but they can send Kameleoon conversion events whereas clients with kameleoon SDK can't\.  <span data-preserve-white-space></span> By filtering integration according to client setup, users will easily understand what integration are available for them\. <p></p> More filters:   \- type of integration ",New idea,,16215902,Integration Page Redesign,Yassin Hassan,_⭐ Integrations Squad,,,,,,,,,,,,,,,,,,,,,,,,,,,,,,,,,,,,,,,,,,,,,,,,,,,,,,,,,,,,,,,,,,,,,,,,,,,,,,,,,,,,,,,,,,,,,,,,,,,,,,,,,,,,,,,,,,
30127831,feature,2024-12-18 15:15:06 UTC,2025-02-06 08:42:38 UTC,Dedicated trigger dashboard,"",Released,,6783323,Web Experimentation,Loreena,_⭐ App System Squad,2024-12-01,2025-02-04,,,,,,,,,,,,,,,,,,,,,,,,,,,,,,,,,,,,,,,,,,,,,,,,,,,,,,,,,,,,,,,,,,,,,,,,,,,,,,,,,,,,,,,,,,,,,,,,,,,,,,,,,,,,,,,,
30128054,subfeature,2024-12-18 15:27:48 UTC,2025-11-01 07:47:13 UTC,Create & Design Recommendation Blocks,"",Design in progress,,27868602,Preview / Custom Templates,Lily from Kameleoon,_⭐ Visual Builders Squad,2024-10-22,2025-07-26,,,,,,,,,,,,,,,,,,,,,,,,,,,,,,,,,,,,,,,,,,,,,,,,,,,,,,,,,,,,,,,,,,,,,,,,,,,,,,,,,,,,,,,,,,,,,,,,,,,,,,,,,,,,,,,,
30128343,feature,2024-12-18 15:54:04 UTC,2025-03-25 14:25:59 UTC,✨ AI Assistant - stronger analysis capabilities,"",Released,,30431056,✨ KAI - Kameleoon AI Assistant,Loreena,"",2025-01-01,2025-03-31,,,,,,,,,,,,,,,,,,,,,,,,,,,,,,,,,,,,,,,,,,,,,,,,,,,,,,,,,,,,,,,,,,,,,,,,,,,,,,,,,,,,,,,,,,,,,,,,,,,,,,,,,,,,,,,,
30149282,feature,2024-12-20 09:31:38 UTC,2025-07-08 10:18:12 UTC,Event dispatcher for personalization,"",New idea,,9564652,Common integrations,Isabelle Ung,_⭐ Integrations Squad,,,,,,,,,,,,,,,,,,,,,,,,,,,,,,,,,,,,,,,,,,,,,,,,,,,,,,,,,,,,,,,,,,,,,,,,,,,,,,,,,,,,,,,,,,,,,,,,,,,,,,,,,,,,,,,,,,
30154038,subfeature,2024-12-20 16:24:03 UTC,2025-01-08 17:25:14 UTC,Emoji exclusion,"Allow the admin to block usage of emoji in the reformulations\.   Would be applied to AI experiments, Graphical editor and Widget studio\. ",Candidate,,30070689,✨ AI features - Global AI content generation customizations,Vincent Taldir,_⭐ AI copilot Squad,,,,,,,,,,,,,,,,,,,,,1,,,,,,,,,,,,,,,,,,,,,,,0,,,,,,,,,,,,,,,,,,,,,,,,,,,,,,,,,,,,,,,,,,,,,,,,,,,,,,,,,,,,,,,,,,,,,,
30179978,feature,2024-12-27 14:37:55 UTC,2024-12-27 14:37:55 UTC,New Quick targeting Conditions,"",New idea,,6783323,Web Experimentation,Loreena,"",,,,,,,,,,,,,,,,,,,,,,,,,,,,,,,,,,,,,,,,,,,,,,,,,,,,,,,,,,,,,,,,,,,,,,,,,,,,,,,,,,,,,,,,,,,,,,,,,,,,,,,,,,,,,,,,,,
30180102,feature,2024-12-27 15:00:11 UTC,2024-12-27 15:00:11 UTC,Navigation shortcuts,"",New idea,,6783323,Web Experimentation,Loreena,"",,,,,,,,,,,,,,,,,,,,,,,,,,,,,,,,,,,,,,,,,,,,,,,,,,,,,,,,,,,,,,,,,,,,,,,,,,,,,,,,,,,,,,,,,,,,,,,,,,,,,,,,,,,,,,,,,,
30180123,feature,2024-12-27 15:06:16 UTC,2025-07-11 09:50:54 UTC,Display the campaign description in dashboard,"",Released,,6783323,Web Experimentation,Loreena,_⭐ App System Squad,2025-05-08,2025-05-20,,,,,,,,,,,,,,,,,,,,,,,,,,,,,,,,,,,,,,,,,,,,,,,,,,,,,,,,,,,,,,,,,,,,,,,,,,,,,,,,,,,,,,,,,,,,,,,,,,,,,,,,,,,,,,,,
30185061,feature,2024-12-30 09:32:03 UTC,2024-12-30 09:37:43 UTC,Enhance UI for Deleting Categories/Products,"",New idea,,9564712,Product recommendation,Lily from Kameleoon,_⭐ Visual Builders Squad,,,,,,,,,,,,,,,,,,,,,,,,,,,,,,,,,,,,,,,,,,,,,,,,,,,,,,,,,,,,,,,,,,,,,,,,,,,,,,,,,,,,,,,,,,,,,,,,,,,,,,,,,,,,,,,,,,
30185276,feature,2024-12-30 10:13:27 UTC,2024-12-30 10:16:07 UTC,Show Events for Current Screen Only,"",New idea,,12428956,Events Tab,Lily from Kameleoon,_⭐ Visual Builders Squad,,,,,,,,,,,,,,,,,,,,,,,,,,,,,,,,,,,,,,,,,,,,,,,,,,,,,,,,,,,,,,,,,,,,,,,,,,,,,,,,,,,,,,,,,,,,,,,,,,,,,,,,,,,,,,,,,,
30185343,feature,2024-12-30 10:26:03 UTC,2024-12-30 10:31:03 UTC,Display Event & Action Details on Hover,"",New idea,,12428956,Events Tab,Lily from Kameleoon,_⭐ Visual Builders Squad,,,,,,,,,,,,,,,,,,,,,,,,,,,,,,,,,,,,,,,,,,,,,,,,,,,,,,,,,,,,,,,,,,,,,,,,,,,,,,,,,,,,,,,,,,,,,,,,,,,,,,,,,,,,,,,,,,
30187090,feature,2024-12-30 15:47:34 UTC,2024-12-30 15:51:22 UTC,Screen Capping,"",New idea,,12429128,Core,Lily from Kameleoon,_⭐ Visual Builders Squad,,,,,,,,,,,,,,,,,,,,,,,,,,,,,,,,,,,,,,,,,,,,,,,,,,,,,,,,,,,,,,,,,,,,,,,,,,,,,,,,,,,,,,,,,,,,,,,,,,,,,,,,,,,,,,,,,,
30187134,subfeature,2024-12-30 15:56:06 UTC,2025-10-17 16:22:13 UTC,Bulk Selection,"",New idea,,9725443,Media library,Lily from Kameleoon,_⭐ Visual Builders Squad,,,,,,,,,,,,,,,,,,,,,,,,,,,,,,,,,,,,,,,,,,,,,,,,,,,,,,,,,,,,,,,,,,,,,,,,,,,,,,,,,,,,,,,,,,,,,,,,,,,,,,,,,,,,,,,,,,
30187366,feature,2024-12-30 16:41:41 UTC,2024-12-30 16:41:41 UTC,Position Widgets on Hover Over Page Elements,"",New idea,,12429128,Core,Lily from Kameleoon,_⭐ Visual Builders Squad,,,,,,,,,,,,,,,,,,,,,,,,,,,,,,,,,,,,,,,,,,,,,,,,,,,,,,,,,,,,,,,,,,,,,,,,,,,,,,,,,,,,,,,,,,,,,,,,,,,,,,,,,,,,,,,,,,
30190624,feature,2024-12-31 09:17:21 UTC,2025-01-07 16:15:15 UTC,Lock Position for Locked Elements,"",New idea,,12428951,Design Tab,Lily from Kameleoon,"",,,,,,,,,,,,,,,,,,,,,,,,,,,,,,,,,,,,,,,,,,,,,,,,,,,,,,,,,,,,,,,,,,,,,,,,,,,,,,,,,,,,,,,,,,,,,,,,,,,,,,,,,,,,,,,,,,
30222669,feature,2025-01-06 13:31:17 UTC,2025-04-23 21:20:21 UTC,Custom Views - migration,"",Released,,6783323,Web Experimentation,Calixthe Mattei,"_⭐ Reporting Squad, #VOC1_2025",2025-01-06,2025-04-13,,,,,,,,,,,,,,,,,,,,,,,,,,,,,,,,,,,,,,,,,,,,,,,,,,,,,,,,,,,,,,,,,,,,,,,,,,,,,,,,,,,,,,,,,,,,,,,,,,,,,,,,,,,,,,,,
30222677,feature,2025-01-06 13:32:13 UTC,2025-07-28 15:21:46 UTC,Learnings Tab - New RP,"",Released,,6783323,Web Experimentation,Calixthe Mattei,"_⭐ Reporting Squad, #VOC1_2025",2025-08-19,2025-09-17,,,,,,,,,,,,,,,,,,,,,,,,,,,,,,,,,,,,,,,,,,,,,,,,,,,,,,,,,,,,,,,,,,,,,,,,,,,,,,,,,,,,,,,,,,,,,,,,,,,,,,,,,,,,,,,,
30222691,feature,2025-01-06 13:33:58 UTC,2025-01-21 13:22:10 UTC,XLSX Migration,"",New idea,,6783323,Web Experimentation,Calixthe Mattei,_⭐ Reporting Squad,2025-01-01,2025-01-31,,,,,,,,,,,,,,,,,,,,,,,,,,,,,,,,,,,,,,,,,,,,,,,,,,,,,,,,,,,,,,,,,,,,,,,,,,,,,,,,,,,,,,,,,,,,,,,,,,,,,,,,,,,,,,,,
30222694,feature,2025-01-06 13:34:13 UTC,2025-04-07 15:55:38 UTC,PDF Export - Re-launch,"",New idea,,6783323,Web Experimentation,Calixthe Mattei,_⭐ Reporting Squad,2026-01-15,2026-02-14,,,,,,,,,,,,,,,,,,,,,,,,,,,,,,,,,,,,,,,,,,,,,,,,,,,,,,,,,,,,,,,,,,,,,,,,,,,,,,,,,,,,,,,,,,,,,,,,,,,,,,,,,,,,,,,,
30222696,feature,2025-01-06 13:34:30 UTC,2025-04-07 08:39:38 UTC,Share - Migration,"",Development in progress,,6783323,Web Experimentation,Calixthe Mattei,_⭐ Reporting Squad,2024-12-26,2025-03-20,,,,,,,,,,,,,,,,,,,,,,,,,,,,,,,,,,,,,,,,,,,,,,,,,,,,,,,,,,,,,,,,,,,,,,,,,,,,,,,,,,,,,,,,,,,,,,,,,,,,,,,,,,,,,,,,
30222731,feature,2025-01-06 13:37:20 UTC,2025-06-06 12:48:01 UTC,RP Perso - Migration,"",Development in progress,,6783323,Web Experimentation,Calixthe Mattei,"_⭐ Reporting Squad, #VOC1_2025",2025-02-20,2025-06-25,,,,,,,,,,,,,,,,,,,,,,,,,,,,,,,,,,,,,,,,,,,,,,,,,,,,,,,,,,,,,,,,,,,,,,,,,,,,,,,,,,,,,,,,,,,,,,,,,,,,,,,,,,,,,,,,
30222760,feature,2025-01-06 13:40:07 UTC,2025-02-03 12:44:02 UTC,Opportunities Page,"",New idea,,6783364,"Data, Common  & Infrastructure",Calixthe Mattei,_⭐ Reporting Squad,2026-01-01,2026-04-02,,,,,,,,,,,,,,,,,,,,,,,,,,,,,,,,,,,,,,,,,,,,,,,,,,,,,,,,,,,,,,,,,,,,,,,,,,,,,,,,,,,,,,,,,,,,,,,,,,,,,,,,,,,,,,,,
30222768,feature,2025-01-06 13:41:11 UTC,2025-07-17 19:20:05 UTC,Live Events Lot 0,"",Released,,6783364,"Data, Common  & Infrastructure",Calixthe Mattei,"_⭐ Reporting Squad, #VOC1_2025",2025-06-06,2025-07-03,,,,,,,,,,,,,,,,,,,,,,,,,,,,,,,,,,,,,,,,,,,,,,,,,,,,,,,,,,,,,,,,,,,,,,,,,,,,,,,,,,,,,,,,,,,,,,,,,,,,,,,,,,,,,,,,
30252982,feature,2025-01-07 14:22:39 UTC,2025-01-07 14:22:39 UTC,Admin BO - Secure storage of Product reco credentials,"",New idea,,6783364,"Data, Common  & Infrastructure",Yassin Hassan,"",,,,,,,,,,,,,,,,,,,,,,,,,,,,,,,,,,,,,,,,,,,,,,,,,,,,,,,,,,,,,,,,,,,,,,,,,,,,,,,,,,,,,,,,,,,,,,,,,,,,,,,,,,,,,,,,,,
30253121,feature,2025-01-07 14:29:45 UTC,2025-01-07 14:29:45 UTC,Breakdown improvements on RP,"",New idea,,6783364,"Data, Common  & Infrastructure",Calixthe Mattei,"",,,,,,,,,,,,,,,,,,,,,,,,,,,,,,,,,,,,,,,,,,,,,,,,,,,,,,,,,,,,,,,,,,,,,,,,,,,,,,,,,,,,,,,,,,,,,,,,,,,,,,,,,,,,,,,,,,
30253327,feature,2025-01-07 14:39:18 UTC,2025-03-04 11:22:38 UTC,Visitor view by default,"",Released,,6783323,Web Experimentation,Calixthe Mattei,"",,,,,,,,,,,,,,,,,,,,,,,,,,,,,,,,,,,,,,,,,,,,,,,,,,,,,,,,,,,,,,,,,,,,,,,,,,,,,,,,,,,,,,,,,,,,,,,,,,,,,,,,,,,,,,,,,,
30253396,feature,2025-01-07 14:42:55 UTC,2025-01-07 14:42:55 UTC,Details of custom data values gathered,"",New idea,,9973294,Advanced tools,Loreena,"",,,,,,,,,,,,,,,,,,,,,,,,,,,,,,,,,,,,,,,,,,,,,,,,,,,,,,,,,,,,,,,,,,,,,,,,,,,,,,,,,,,,,,,,,,,,,,,,,,,,,,,,,,,,,,,,,,
30253554,feature,2025-01-07 14:52:01 UTC,2025-04-03 09:59:36 UTC,Excluded IPs to support IPv6,"## 📒 **Feature short description:** Expand the excluded IP ranges functionality in Kameleoon to include support for IPv6 addresses\. This enhancement ensures accurate exclusion of traffic from specified IP ranges, regardless of whether IPv4 or IPv6 is used\. --- ## 📄 Attached documents - **Figma file**: optional \(paste link\) - **Spec file**: optional \(paste link\) - **Redmine ticket**: mandatory  \(paste link\) - **Image:** mandatory, to illustrate the topic <p></p> ",New idea,,31139467,Others,Yassin Hassan,_⭐ Admin & Engine Squad,,,,,,,,,,,,,,,,,,,,,,,,,,,,,,,,,,,,,,,,,,,,,,,,,,,,,,,,,,,,,,,,,,,,,,,,,,,,,,,,,,,,,,,,,,,,,,,,,,,,,,,,,,,,,,,,,,
30254464,feature,2025-01-07 15:40:27 UTC,2025-01-07 15:40:27 UTC,Beauty Consultation Widget,"",New idea,,12429128,Core,Lily from Kameleoon,_⭐ Visual Builders Squad,,,,,,,,,,,,,,,,,,,,,,,,,,,,,,,,,,,,,,,,,,,,,,,,,,,,,,,,,,,,,,,,,,,,,,,,,,,,,,,,,,,,,,,,,,,,,,,,,,,,,,,,,,,,,,,,,,
30254589,feature,2025-01-07 15:48:17 UTC,2025-01-07 15:48:17 UTC,Filter: Session Number,"",New idea,,6783323,Web Experimentation,Calixthe Mattei,"",,,,,,,,,,,,,,,,,,,,,,,,,,,,,,,,,,,,,,,,,,,,,,,,,,,,,,,,,,,,,,,,,,,,,,,,,,,,,,,,,,,,,,,,,,,,,,,,,,,,,,,,,,,,,,,,,,
30254922,feature,2025-01-07 16:07:09 UTC,2025-01-07 16:07:09 UTC,Security monitor,"",New idea,,9564787,Graphic editor,Ivan Kulagin,"",,,,,,,,,,,,,,,,,,,,,,,,,,,,,,,,,,,,,,,,,,,,,,,,,,,,,,,,,,,,,,,,,,,,,,,,,,,,,,,,,,,,,,,,,,,,,,,,,,,,,,,,,,,,,,,,,,
30255013,feature,2025-01-07 16:12:34 UTC,2025-01-07 16:12:34 UTC,Syntax error check on Experiment script,"",New idea,,13286305,Advanced tool,Ivan Kulagin,"",,,,,,,,,,,,,,,,,,,,,,,,,,,,,,,,,,,,,,,,,,,,,,,,,,,,,,,,,,,,,,,,,,,,,,,,,,,,,,,,,,,,,,,,,,,,,,,,,,,,,,,,,,,,,,,,,,
30255521,feature,2025-01-07 16:28:02 UTC,2025-10-03 16:32:31 UTC,Linked Campaigns in the Widgets Dashboard,"",Released,,12527822,Widget Dashboard,Lily from Kameleoon,_⭐ Visual Builders Squad,,,,,,,,,,,,,,,,,,,,,,,,,,,,,,,,,,,,,,,,,,,,,,,,,,,,,,,,,,,,,,,,,,,,,,,,,,,,,,,,,,,,,,,,,,,,,,,,,,,,,,,,,,,,,,,,,,
30262100,feature,2025-01-08 08:43:45 UTC,2025-01-08 08:43:45 UTC,Use Scripts in Widgets,"",New idea,,12428951,Design Tab,Lily from Kameleoon,"",,,,,,,,,,,,,,,,,,,,,,,,,,,,,,,,,,,,,,,,,,,,,,,,,,,,,,,,,,,,,,,,,,,,,,,,,,,,,,,,,,,,,,,,,,,,,,,,,,,,,,,,,,,,,,,,,,
30262353,feature,2025-01-08 09:08:11 UTC,2025-01-08 09:08:11 UTC,Collect Button Value in Widgets,"",New idea,,12428956,Events Tab,Lily from Kameleoon,_⭐ Visual Builders Squad,,,,,,,,,,,,,,,,,,,,,,,,,,,,,,,,,,,,,,,,,,,,,,,,,,,,,,,,,,,,,,,,,,,,,,,,,,,,,,,,,,,,,,,,,,,,,,,,,,,,,,,,,,,,,,,,,,
30262601,product,2025-01-08 09:33:06 UTC,2025-01-08 09:33:06 UTC,Studio,"",New idea,,,,Lily from Kameleoon,"",,,,,,,,,,,,,,,,,,,,,,,,,,,,,,,,,,,,,,,,,,,,,,,,,,,,,,,,,,,,,,,,,,,,,,,,,,,,,,,,,,,,,,,,,,,,,,,,,,,,,,,,,,,,,,,,,,
30265520,feature,2025-01-08 13:57:59 UTC,2025-04-03 09:59:31 UTC,Customizable Session Timeout Duration for Kameleoon Account Login,"## 📒 **Feature short description:** Ability to set a custom session duration when logging into your Kameleoon account\. This feature would allow users to define how long their session remains active, providing greater flexibility and control over session timeouts based on specific needs\. --- ## 📄 Attached documents - **Figma file**: optional \(paste link\) - **Spec file**: optional \(paste link\) - **Redmine ticket**: mandatory  \(paste link\) - **Image:** mandatory, to illustrate the topic <p></p> ",New idea,,31139467,Others,Yassin Hassan,"_⭐ Admin & Engine Squad, #VOC1_2025",,,,,,,,20,,,,,,,,,,,,,,#2 - Needs of mature XP teams,,,,,,,,,,,,,,,,,,,,,10,10,,,,,,,,,,,,,,,,,,,,,,,,,,,,,,,,,,,,,,,,,,,,,,,,,,,,,,,,,,,,,,,,,,,,,,
30265919,feature,2025-01-08 14:23:33 UTC,2025-04-03 10:02:25 UTC,API Credentials Enhancements,"## 📒 **Feature short description:** Gathering insights about API creds --- ## 📄 Attached documents - **Figma file**: optional \(paste link\) - **Spec file**: optional \(paste link\) - **Redmine ticket**: mandatory  \(paste link\) - **Image:** mandatory, to illustrate the topic <p></p> ",New idea,,31139467,Others,Yassin Hassan,_⭐ Admin & Engine Squad,,,,,,,,,,,,,,,,,,,,,,,,,,,,,,,,,,,,,,,,,,,,,,,,,,,,,,,,,,,,,,,,,,,,,,,,,,,,,,,,,,,,,,,,,,,,,,,,,,,,,,,,,,,,,,,,,,
30265920,feature,2025-01-08 14:23:37 UTC,2025-01-08 14:23:37 UTC,Campaign - Health checks,"",New idea,,6783364,"Data, Common  & Infrastructure",Calixthe Mattei,"",,,,,,,,,,,,,,,,,,,,,,,,,,,,,,,,,,,,,,,,,,,,,,,,,,,,,,,,,,,,,,,,,,,,,,,,,,,,,,,,,,,,,,,,,,,,,,,,,,,,,,,,,,,,,,,,,,
30265985,feature,2025-01-08 14:27:14 UTC,2025-04-03 09:58:19 UTC,Script size calculation and evolution,"## 📒 **Feature short description:** Ability to visualize the evolution of a script’s weight over time in the form of a curve\. This feature would show the impact of live tests during specific periods and highlight changes in script weight when the script is cleaned\. It would help monitor performance and better understand the impact of script adjustments\. --- ## 📄 Attached documents - **Figma file**: optional \(paste link\) - **Spec file**: optional \(paste link\) - **Redmine ticket**: mandatory  \(paste link\) - **Image:** mandatory, to illustrate the topic <p></p> ",New idea,,31139434,Engine,Yassin Hassan,"_⭐ Admin & Engine Squad, #VOC1_2025",,,,,,,,20,,,,,,,,,,,,,,#2 - Needs of mature XP teams,,,,,,,,,,,,,,,,,,,,,10,10,,,,,,,,,,,,,,,,,,,,,,,,,,,,,,,,,,,,,,,,,,,,,,,,,,,,,,,,,,,,,,,,,,,,,,
30265995,feature,2025-01-08 14:27:49 UTC,2025-01-08 14:27:49 UTC,Custom Data - dataLayer improvements,"",New idea,,6783364,"Data, Common  & Infrastructure",Calixthe Mattei,"",,,,,,,,,,,,,,,,,,,,,,,,,,,,,,,,,,,,,,,,,,,,,,,,,,,,,,,,,,,,,,,,,,,,,,,,,,,,,,,,,,,,,,,,,,,,,,,,,,,,,,,,,,,,,,,,,,
30266022,feature,2025-01-08 14:28:45 UTC,2025-01-08 14:28:45 UTC,Custom Data - Contains option,"",New idea,,6783364,"Data, Common  & Infrastructure",Calixthe Mattei,"",,,,,,,,,,,,,,,,,,,,,,,,,,,,,,,,,,,,,,,,,,,,,,,,,,,,,,,,,,,,,,,,,,,,,,,,,,,,,,,,,,,,,,,,,,,,,,,,,,,,,,,,,,,,,,,,,,
30266111,feature,2025-01-08 14:34:30 UTC,2025-04-03 09:56:21 UTC,Custom Alert for Exceeding Snippet Size,"## 📒 **Feature short description:** Ability to set up a custom alert when the snippet size exceeds a specified value\. This feature would help monitor and manage script size, ensuring it remains within optimal performance limits and preventing potential issues with page load times or functionality\. --- ## 📄 Attached documents - **Figma file**: optional \(paste link\) - **Spec file**: optional \(paste link\) - **Redmine ticket**: mandatory  \(paste link\) - **Image:** mandatory, to illustrate the topic <p></p> ",New idea,,31139434,Engine,Yassin Hassan,"_⭐ Admin & Engine Squad, #VOC1_2025",,,,,,,,40,,,,,,,,,,,,,,#2 - Needs of mature XP teams,,,,,,,,,,,,,,,,,,,,,20,20,,,,,,,,,,,,,,,,,,,,,,,,,,,,,,,,,,,,,,,,,,,,,,,,,,,,,,,,,,,,,,,,,,,,,,
30268237,subfeature,2025-01-08 17:05:25 UTC,2025-01-08 17:05:29 UTC,Template for prompts,"",New idea,,30070689,✨ AI features - Global AI content generation customizations,Vincent Taldir,"",,,,,,,,,,,,,,,,,,,,,5,,,,,,,,,,,,,,,,,,,,,,,0,,,,,,,,,,,,,,,,,,,,,,,,,,,,,,,,,,,,,,,,,,,,,,,,,,,,,,,,,,,,,,,,,,,,,,
30274518,feature,2025-01-09 09:24:08 UTC,2025-01-09 09:27:51 UTC,✨ Ai suggestions - Export the suggestions for each page in a csv/XML,"",New idea,,30070093,✨ Ai suggestions,Vincent Taldir,"",,,,,,,,,,,,,,,,,,,,,5,,,,,,,,,,,,,,,,,,,,,,,0,,,,,,,,,,,,,,,,,,,,,,,,,,,,,,,,,,,,,,,,,,,,,,,,,,,,,,,,,,,,,,,,,,,,,,
30274537,component,2025-01-09 09:26:11 UTC,2025-01-09 09:26:11 UTC,Type of bulk changes,"",New idea,,30070093,✨ Ai suggestions,Vincent Taldir,"",,,,,,,,,,,,,,,,,,,,,,,,,,,,,,,,,,,,,,,,,,,,,,,,,,,,,,,,,,,,,,,,,,,,,,,,,,,,,,,,,,,,,,,,,,,,,,,,,,,,,,,,,,,,,,,,,,
30274543,feature,2025-01-09 09:26:53 UTC,2025-01-09 09:47:11 UTC,Full redesign of description thanks to the HTML,"",New idea,,30274537,Type of bulk changes,Vincent Taldir,"",,,,,,,,,,,,,,,,,,,,,8,,,,,,,,,,,,,,,,,,,,,,,0,,,,,,,,,,,,,,,,,,,,,,,,,,,,,,,,,,,,,,,,,,,,,,,,,,,,,,,,,,,,,,,,,,,,,,
30274552,feature,2025-01-09 09:27:37 UTC,2025-01-09 09:27:37 UTC,TOP3 caracteristics,"",New idea,,30274537,Type of bulk changes,Vincent Taldir,"",,,,,,,,,,,,,,,,,,,,,8,,,,,,,,,,,,,,,,,,,,,,,0,,,,,,,,,,,,,,,,,,,,,,,,,,,,,,,,,,,,,,,,,,,,,,,,,,,,,,,,,,,,,,,,,,,,,,
30274555,feature,2025-01-09 09:28:17 UTC,2025-01-09 09:46:28 UTC,✨ Ai suggestions - Edit text suggestion,"",New idea,,30070093,✨ Ai suggestions,Vincent Taldir,"",,,,,,,,,,,,,,,,,,,,,3,,,,,,,,,,,,,,,,,,,,,,,0,,,,,,,,,,,,,,,,,,,,,,,,,,,,,,,,,,,,,,,,,,,,,,,,,,,,,,,,,,,,,,,,,,,,,,
30286405,feature,2025-01-10 08:52:53 UTC,2025-01-17 08:47:32 UTC,Automatically Update Variations When Updating Associated Widgets,"",Released,,12429128,Core,Lily from Kameleoon,_⭐ Visual Builders Squad,2024-12-11,2025-01-16,,,,,,,,,,,,,,,,,,,,,,,,,,,,,,,,,,,,,,,,,,,,,,,,,,,,,,,,,,,,,,,,,,,,,,,,,,,,,,,,,,,,,,,,,,,,,,,,,,,,,,,,,,,,,,,,
30286649,feature,2025-01-10 09:25:01 UTC,2025-01-17 08:48:31 UTC,Enhance Widgets with CD,"",Released,,12429128,Core,Lily from Kameleoon,_⭐ Visual Builders Squad,2024-12-19,2025-01-16,,,,,,,,,,,,,,,,,,,,,,,,,,,,,,,,,,,,,,,,,,,,,,,,,,,,,,,,,,,,,,,,,,,,,,,,,,,,,,,,,,,,,,,,,,,,,,,,,,,,,,,,,,,,,,,,
30287796,subfeature,2025-01-10 10:59:52 UTC,2025-09-05 15:14:35 UTC,Add quickly multiple URLs on the segment builder,"",Development in progress,,11957112,Segment builder redesign,Loreena,_⭐ App System Squad,2024-11-02,2025-10-15,,,,,,,,,,,,,,,,,,,,,,,,,,,,,,,,,,,,,,,,,,,,,,,,,,,,,,,,,,,,,,,,,,,,,,,,,,,,,,,,,,,,,,,,,,,,,,,,,,,,,,,,,,,,,,,,
30289983,feature,2025-01-10 14:07:22 UTC,2025-04-18 14:10:52 UTC,New quick targeting conditions,"",Released,,6783323,Web Experimentation,Loreena,_⭐ App System Squad,,,,,,,,,,,,,,,,,,,,,,,,,,,,,,,,,,,,,,,,,,,,,,,,,,,,,,,,,,,,,,,,,,,,,,,,,,,,,,,,,,,,,,,,,,,,,,,,,,,,,,,,,,,,,,,,,,
30291039,feature,2025-01-10 15:14:15 UTC,2025-07-01 12:57:51 UTC,Goal Creation Flow Redesign,"",Design in progress,,6783364,"Data, Common  & Infrastructure",Calixthe Mattei,_⭐ Reporting Squad,2025-10-01,2026-01-01,,,,,,,,,,,,,,,,,,,,,,,,,,,,,,,,,,,,,,,,,,,,,,,,,,,,,,,,,,,,,,,,,,,,,,,,,,,,,,,,,,,,,,,,,,,,,,,,,,,,,,,,,,,,,,,,
30298559,feature,2025-01-12 22:13:43 UTC,2025-01-12 22:16:40 UTC,Alert for Upcoming Payment Date,"",New idea,,9564712,Product recommendation,Lily from Kameleoon,_⭐ Visual Builders Squad,,,,,,,,,,,,,,,,,,,,,,,,,,,,,,,,,,,,,,,,,,,,,,,,,,,,,,,,,,,,,,,,,,,,,,,,,,,,,,,,,,,,,,,,,,,,,,,,,,,,,,,,,,,,,,,,,,
30301669,subfeature,2025-01-13 10:40:33 UTC,2025-09-26 13:07:43 UTC,Survey Collection Tab,"",Released,,25754093,Enhance feedback management features,Lily from Kameleoon,_⭐ Visual Builders Squad,2025-01-13,2025-04-30,,,,,,,,,,,,,,,,,,,,,,,,,,,,,,,,,,,,,,,,,,,,,,,,,,,,,,,,,,,,,,,,,,,,,,,,,,,,,,,,,,,,,,,,,,,,,,,,,,,,,,,,,,,,,,,,
30313031,feature,2025-01-14 07:46:58 UTC,2025-01-31 12:59:10 UTC,Admin BO - API require auth options,"## 📒 **Feature short description:** Add more auth options in the admin BO\. Increasing security on our Data API and Product API endpoints\. --- ## 📄 Attached documents - **Figma file**: optional \(paste link\) - **Spec file**: optional \(paste link\) - **Redmine ticket**: User story \#32762 \- Admin BO \- Add option at Site level to enforce authentication for each Data API endpoints     <https://project.kameleoon.net/issues/32762> - **Image:** mandatory, to illustrate the topic <p></p> ",Released,,6783364,"Data, Common  & Infrastructure",Yassin Hassan,_⭐ Admin & Engine Squad,2025-01-01,2025-01-31,,,,,,,,,,,,,,,,,,,,,,,,,,,,,,,,,,,,,,,,,,,,,,,,,,,,,,,,,,,,,,,,,,,,,,,,,,,,,,,,,,,,,,,,,,,,,,,,,,,,,,,,,,,,,,,,
30319317,feature,2025-01-14 16:34:18 UTC,2025-04-07 15:59:28 UTC,Comment Mode in RP,"",New idea,,6783323,Web Experimentation,Calixthe Mattei,_⭐ Reporting Squad,2026-01-05,2026-02-04,,,,,,,,,,,,,,,,,,,,,,,,,,,,,,,,,,,,,,,,,,,,,,,,,,,,,,,,,,,,,,,,,,,,,,,,,,,,,,,,,,,,,,,,,,,,,,,,,,,,,,,,,,,,,,,,
30333207,feature,2025-01-15 16:51:22 UTC,2025-07-08 10:09:16 UTC,Salesforce Integration,"Un client a mis en place une intégration entre le Widget Studio et Salesforce pour transmettre les données collectées à partir de formulaires\. Bien que les données soient correctement envoyées et reçues, un retour de Salesforce a indiqué que la méthode de transmission utilisée ne respectait pas les standards de sécurité attendus\. ",New idea,,32146897,New integrations,Isabelle Ung,_⭐ Integrations Squad,,,,,,,,60,,,,,,,,,,,,,,#2 - Needs of mature XP teams,,,,,,,,,,,,,,,,,,,,Medicis Immo,30,30,,,,,,,,,,,,,,,,,,,,,,,,,,,,,,,,,,,,,,,,,,,,,,,,,,,,,,,,,,,,,,,,,,,,,,
30346946,feature,2025-01-16 16:18:34 UTC,2025-03-24 09:51:47 UTC,Adobe Tags - Browser Data Retrieval,"Adobe Tags is the 2nd most popular tag manager after google tag manager\.  <span data-preserve-white-space></span> Enable users to retrieving Adobe Tags variable through the browser when creating a custom data: `_satellite.getVar(""variableName"")` <p></p> ![](https://pb-files.s3.amazonaws.com/production/attachments/93ab5e6b1e7e11ff7ee10f008ef57aa777cff4fa1bdd297220cf4dff4bb8aec7/image.png) <p></p> ",Released,,9564652,Common integrations,Isabelle Ung,"_⭐ App System Squad, _⭐ Integrations Squad",2025-01-01,2025-01-24,,,,,,,,,,,,,,,,,,,,,,,,,,,,,,,,,,,,,,,,,,,,,,,,,,,,,,,,,,,,,,,,,,,,,,,,,,,,,,,,,,,,,,,,,,,,,,,,,,,,,,,,,,,,,,,,
30357118,feature,2025-01-17 08:53:29 UTC,2025-01-17 15:10:57 UTC,Finalization flow for code-based web campaigns,"",Released,,6783323,Web Experimentation,Loreena,"",,,,,,,,,,,,,,,,,,,,,,,,,,,,,,,,,,,,,,,,,,,,,,,,,,,,,,,,,,,,,,,,,,,,,,,,,,,,,,,,,,,,,,,,,,,,,,,,,,,,,,,,,,,,,,,,,,
30372658,feature,2025-01-20 09:18:07 UTC,2025-04-07 15:55:40 UTC,Predict Page migration,"",New idea,,6783364,"Data, Common  & Infrastructure",Calixthe Mattei,_⭐ Reporting Squad,2026-01-19,2026-02-18,,,,,,,,,,,,,,,,,,,,,,,,,,,,,,,,,,,,,,,,,,,,,,,,,,,,,,,,,,,,,,,,,,,,,,,,,,,,,,,,,,,,,,,,,,,,,,,,,,,,,,,,,,,,,,,,
30389255,feature,2025-01-21 14:18:34 UTC,2025-04-07 13:59:26 UTC,Improving relative element selection on Move action,"",Released,,9564787,Graphic editor,Ivan Kulagin,_⭐ Campaign Creation Squad,2024-12-10,2025-01-21,,,,,,40,,,,,,,,,,,,,,,,,,,,,,,,,,,,,,,,,,,20,20,,,,,,,,,,,,,,,,,,,,,,,,,,,,,,,,,,,,,,,,,,,,,,,,,,,,,,,,,,,,,,,,,,,,,,
30403380,feature,2025-01-22 12:55:25 UTC,2025-05-13 12:00:25 UTC,Contextual Bandits for FXP,<p></p> ,Released,,9564875,Feature Management & Experimentation (FM&E),Junaid Gulzar Malik,_⭐ Feature Experimentation Squad,2025-03-01,2025-04-16,,,,,,,,,,,,,,,,,,,,,,,,,,,,,,,,,,,,,,,,,,,,,,,,,,,,,,,,,,,,,,,,,,,,,,,,,,,,,,,,,,,,,,,,,,,,,,,,,,,,,,,,,,,,,,,,
30403403,feature,2025-01-22 12:57:23 UTC,2025-10-21 15:46:56 UTC,GenAI for FE,<p></p> ,Design in progress,,9564875,Feature Management & Experimentation (FM&E),Junaid Gulzar Malik,_⭐ Feature Experimentation Squad,2025-05-04,2025-10-02,,,,,,,,,,,,,,,,,,,,,,,,,,,,,,,,,,,,,,,,,,,,,,,,,,,,,,,,,,,,,,,,,,,,,,,,,,,,,,,,,,,,,,,,,,,,,,,,,,,,,,,,,,,,,,,,
30419328,feature,2025-01-23 15:32:19 UTC,2025-04-01 12:00:42 UTC,Lower case email addresses,"## 📒 **Feature short description:** Storing only lower case email addresse --- ## 📄 Attached documents - **Figma file**: optional \(paste link\) - **Spec file**: optional \(paste link\) - **Redmine ticket**: User story \#33003 \- Lower case email addresses      <https://project.kameleoon.net/issues/33003> - **Image:** mandatory, to illustrate the topic <p></p> ",Released,,6783364,"Data, Common  & Infrastructure",Yassin Hassan,_⭐ Admin & Engine Squad,2025-02-01,2025-03-31,,,,,,,,,,,,,,,,,,,,,,,,,,,,,,,,,,,,,,,,,,,,,,,,,,,,,,,,,,,,,,,,,,,,,,,,,,,,,,,,,,,,,,,,,,,,,,,,,,,,,,,,,,,,,,,,
30429473,feature,2025-01-24 12:43:10 UTC,2025-01-24 12:43:10 UTC,Goal Creation - dataLayer integration,"",New idea,,6783364,"Data, Common  & Infrastructure",Calixthe Mattei,"",,,,,,,,,,,,,,,,,,,,,,,,,,,,,,,,,,,,,,,,,,,,,,,,,,,,,,,,,,,,,,,,,,,,,,,,,,,,,,,,,,,,,,,,,,,,,,,,,,,,,,,,,,,,,,,,,,
30429477,feature,2025-01-24 12:44:09 UTC,2025-03-12 16:14:03 UTC,Synthetic control group,"A synthetic control in the context of A\/B testing on the web is a method of analysis that is used to create an artificial control group when a real control group cannot be obtained due to limitations in the experiment\. Typically, a synthetic control is used when it is difficult or impossible to conduct a full randomized experiment with a real control group\. <p></p> This typically uses a statistical method that combines data from other groups, segments, or time to “simulate” the behavior that the control group might have if it existed\. <p></p> It is easy to sell to a team launching the projects with 100% on Variation\. <span data-preserve-white-space></span> For example: some marketing activities where test is going to diverted and client can not sacrifice traffic for AB tests and still wants so see what additional income they had\. ",New idea,,6783323,Web Experimentation,Calixthe Mattei,"_⭐ Reporting Squad, VOC1-2025",,,,,,,,,,,,,,,,,,,,,,#2 - Needs of mature XP teams,,,,,,,,,,,,,,,,,,,,,,,,,,,,,,,,,,,,,,,,,,,,,,,,,,,,,,,,,,,,,,,,,,,,,,,,,,,,,,,,,,,,,,,,,,,,
30430015,feature,2025-01-24 13:46:59 UTC,2025-03-12 15:36:33 UTC,✨ AI Assistant - Response Progress,"### **Problem Statement** Currently, when a user makes a request in **KAI \(chatbot\)** that takes a long time to process \(up to **30 seconds**\), there is **no clear feedback** on what is happening\. This lack of transparency can lead to frustration, confusion, and potential drop\-offs\. ### **Feature Principle** Introduce **real\-time request progress feedback** to keep users informed when a request is undergoing multiple processing steps\. This mirrors how **ChatGPT handles complex queries**, reassuring users that their request is actively being processed rather than failing or stalling\. ### **Key Functionalities** ✅ **Step\-by\-Step Progress Indicator** – Show a dynamic progress message or animation indicating where the request is in the pipeline\.   ✅ **Descriptive Status Updates** – Display messages like: - *""Analyzing your request\.\.\.""* - *""Retrieving relevant information\.\.\.""* - \*""Finalizing response\.\.\.""\* ✅ **Adaptive Feedback** – Adjust the messaging based on expected response time, reducing perceived wait time\. ✅ **Fallback Mechanism** – If processing exceeds a critical threshold, provide a friendly notification or alternative action\. ### **Expected Impact** 🚀 **Better User Experience** – Reduces frustration by keeping users informed about what’s happening behind the scenes\.   📈 **Higher Engagement & Retention** – Users are less likely to abandon the chatbot during long processing times\.   ⚡ **Enhanced Perceived Speed** – Even if a request takes long, clear status updates make the wait feel shorter\. ",New idea,,30431056,✨ KAI - Kameleoon AI Assistant,Vincent Taldir,#VOC1_2025,,,,,,,,,,,,,,,,,,,,,8,,,,,,,,,,,,,,,,,,,,,,,0,,,,,,,,,,,,,,,,,,,,,,,,,,,,,,,,,,,,,,,,,,,,,,,,,,,,,,,,,,,,,,,,,,,,,,
30430046,product,2025-01-24 13:49:42 UTC,2025-01-24 14:47:13 UTC,✨ AI Copilot,"",New idea,,,,Vincent Taldir,"",,,,,,,,,,,,,,,,,,,,,,,,,,,,,,,,,,,,,,,,,,,,,,,,,,,,,,,,,,,,,,,,,,,,,,,,,,,,,,,,,,,,,,,,,,,,,,,,,,,,,,,,,,,,,,,,,,
30430500,product,2025-01-24 14:08:19 UTC,2025-01-24 14:08:19 UTC,BPCE,"",New idea,,,,Fabien DIMEGLIO,"",,,,,,,,,,,,,,,,,,,,,,,,,,,,,,,,,,,,,,,,,,,,,,,,,,,,,,,,,,,,,,,,,,,,,,,,,,,,,,,,,,,,,,,,,,,,,,,,,,,,,,,,,,,,,,,,,,
30430511,feature,2025-01-24 14:08:51 UTC,2025-11-04 17:54:51 UTC,Lot 1 - Création / Édition d’une campagne AutoPromo,"",Design in progress,,30430500,BPCE,Fabien DIMEGLIO,_⭐BPCE squad,2025-02-01,2026-02-28,,,,,,,,,,,,,,,,,,,,,,,,,,,,,,,,,,,,,,,,,,,,,,,,,,,,,,,,,,,,,,,,,,,,,,,,,,,,,,,,,,,,,,,,,,,,,,,,,,,,,,,,,,,,,,,,
30430516,feature,2025-01-24 14:09:10 UTC,2025-11-04 18:00:25 UTC,Lot 2 - Gestion des campagnes AutoPromo,"",Planned,,30430500,BPCE,Fabien DIMEGLIO,_⭐BPCE squad,2025-10-01,2026-03-31,,,,,,,,,,,,,,,,,,,,,,,,,,,,,,,,,,,,,,,,,,,,,,,,,,,,,,,,,,,,,,,,,,,,,,,,,,,,,,,,,,,,,,,,,,,,,,,,,,,,,,,,,,,,,,,,
30430520,feature,2025-01-24 14:09:23 UTC,2025-01-24 14:35:44 UTC,Lot 3 - Fonctionnalités avancées,"",Candidate,,30430500,BPCE,Fabien DIMEGLIO,_⭐BPCE squad,2025-12-01,2026-05-31,,,,,,,,,,,,,,,,,,,,,,,,,,,,,,,,,,,,,,,,,,,,,,,,,,,,,,,,,,,,,,,,,,,,,,,,,,,,,,,,,,,,,,,,,,,,,,,,,,,,,,,,,,,,,,,,
30430569,subfeature,2025-01-24 14:13:13 UTC,2025-11-04 18:04:13 UTC,Conception & développement,"",Design in progress,,30430511,Lot 1 - Création / Édition d’une campagne AutoPromo,Fabien DIMEGLIO,_⭐BPCE squad,2025-02-01,2025-10-27,,,,,,,,,,,,,,,,,,,,,,,,,,,,,,,,,,,,,,,,,,,,,,,,,,,,,,,,,,,,,,,,,,,,,,,,,,,,,,,,,,,,,,,,,,,,,,,,,,,,,,,,,,,,,,,,
30430573,subfeature,2025-01-24 14:13:30 UTC,2025-11-04 18:04:10 UTC,Testing V0 - Preview Widget 1,"",Planned,,30430511,Lot 1 - Création / Édition d’une campagne AutoPromo,Fabien DIMEGLIO,_⭐BPCE squad,2025-10-28,2025-12-01,,,,,,,,,,,,,,,,,,,,,,,,,,,,,,,,,,,,,,,,,,,,,,,,,,,,,,,,,,,,,,,,,,,,,,,,,,,,,,,,,,,,,,,,,,,,,,,,,,,,,,,,,,,,,,,,
30430577,subfeature,2025-01-24 14:13:50 UTC,2025-11-04 17:53:43 UTC,Deploy pilote V0,"",Planned,,30430511,Lot 1 - Création / Édition d’une campagne AutoPromo,Fabien DIMEGLIO,_⭐BPCE squad,2025-12-02,2025-12-31,,,,,,,,,,,,,,,,,,,,,,,,,,,,,,,,,,,,,,,,,,,,,,,,,,,,,,,,,,,,,,,,,,,,,,,,,,,,,,,,,,,,,,,,,,,,,,,,,,,,,,,,,,,,,,,,
30430581,subfeature,2025-01-24 14:14:03 UTC,2025-11-04 18:03:00 UTC,GA,"",Planned,,30430511,Lot 1 - Création / Édition d’une campagne AutoPromo,Fabien DIMEGLIO,_⭐BPCE squad,2026-02-14,2026-02-28,,,,,,,,,,,,,,,,,,,,,,,,,,,,,,,,,,,,,,,,,,,,,,,,,,,,,,,,,,,,,,,,,,,,,,,,,,,,,,,,,,,,,,,,,,,,,,,,,,,,,,,,,,,,,,,,
30430772,subfeature,2025-01-24 14:25:19 UTC,2025-11-04 18:02:06 UTC,Conception & développement,"",Planned,,30430516,Lot 2 - Gestion des campagnes AutoPromo,Fabien DIMEGLIO,_⭐BPCE squad,2025-10-01,2026-01-27,,,,,,,,,,,,,,,,,,,,,,,,,,,,,,,,,,,,,,,,,,,,,,,,,,,,,,,,,,,,,,,,,,,,,,,,,,,,,,,,,,,,,,,,,,,,,,,,,,,,,,,,,,,,,,,,
30430777,subfeature,2025-01-24 14:25:41 UTC,2025-11-04 18:02:01 UTC,Testing V0,"",Planned,,30430516,Lot 2 - Gestion des campagnes AutoPromo,Fabien DIMEGLIO,_⭐BPCE squad,2026-01-28,2026-02-21,,,,,,,,,,,,,,,,,,,,,,,,,,,,,,,,,,,,,,,,,,,,,,,,,,,,,,,,,,,,,,,,,,,,,,,,,,,,,,,,,,,,,,,,,,,,,,,,,,,,,,,,,,,,,,,,
30430787,subfeature,2025-01-24 14:26:37 UTC,2025-11-04 18:01:57 UTC,Deploy pilotes,"",Planned,,30430516,Lot 2 - Gestion des campagnes AutoPromo,Fabien DIMEGLIO,_⭐BPCE squad,2026-02-22,2026-03-13,,,,,,,,,,,,,,,,,,,,,,,,,,,,,,,,,,,,,,,,,,,,,,,,,,,,,,,,,,,,,,,,,,,,,,,,,,,,,,,,,,,,,,,,,,,,,,,,,,,,,,,,,,,,,,,,
30430790,subfeature,2025-01-24 14:26:51 UTC,2025-11-04 18:01:48 UTC,GA,"",Planned,,30430516,Lot 2 - Gestion des campagnes AutoPromo,Fabien DIMEGLIO,_⭐BPCE squad,2026-03-14,2026-03-31,,,,,,,,,,,,,,,,,,,,,,,,,,,,,,,,,,,,,,,,,,,,,,,,,,,,,,,,,,,,,,,,,,,,,,,,,,,,,,,,,,,,,,,,,,,,,,,,,,,,,,,,,,,,,,,,
30430839,subfeature,2025-01-24 14:31:53 UTC,2025-11-04 18:02:46 UTC,Conception & développement,"",Planned,,30430520,Lot 3 - Fonctionnalités avancées,Fabien DIMEGLIO,_⭐BPCE squad,2025-12-01,2026-03-30,,,,,,,,,,,,,,,,,,,,,,,,,,,,,,,,,,,,,,,,,,,,,,,,,,,,,,,,,,,,,,,,,,,,,,,,,,,,,,,,,,,,,,,,,,,,,,,,,,,,,,,,,,,,,,,,
30430841,subfeature,2025-01-24 14:32:08 UTC,2025-11-04 18:02:41 UTC,Testing V0,"",Planned,,30430520,Lot 3 - Fonctionnalités avancées,Fabien DIMEGLIO,_⭐BPCE squad,2026-03-31,2026-04-30,,,,,,,,,,,,,,,,,,,,,,,,,,,,,,,,,,,,,,,,,,,,,,,,,,,,,,,,,,,,,,,,,,,,,,,,,,,,,,,,,,,,,,,,,,,,,,,,,,,,,,,,,,,,,,,,
30430843,subfeature,2025-01-24 14:32:20 UTC,2025-11-04 18:02:35 UTC,Deploy pilotes,"",Planned,,30430520,Lot 3 - Fonctionnalités avancées,Fabien DIMEGLIO,_⭐BPCE squad,2026-05-01,2026-05-14,,,,,,,,,,,,,,,,,,,,,,,,,,,,,,,,,,,,,,,,,,,,,,,,,,,,,,,,,,,,,,,,,,,,,,,,,,,,,,,,,,,,,,,,,,,,,,,,,,,,,,,,,,,,,,,,
30430844,subfeature,2025-01-24 14:32:34 UTC,2025-11-04 18:02:25 UTC,GA,"",Planned,,30430520,Lot 3 - Fonctionnalités avancées,Fabien DIMEGLIO,_⭐BPCE squad,2026-05-15,2026-05-31,,,,,,,,,,,,,,,,,,,,,,,,,,,,,,,,,,,,,,,,,,,,,,,,,,,,,,,,,,,,,,,,,,,,,,,,,,,,,,,,,,,,,,,,,,,,,,,,,,,,,,,,,,,,,,,,
30431042,component,2025-01-24 14:47:27 UTC,2025-01-24 14:48:48 UTC,✨ AI experiment,"",New idea,,30430046,✨ AI Copilot,Vincent Taldir,"",,,,,,,,,,,,,,,,,,,,,,,,,,,,,,,,,,,,,,,,,,,,,,,,,,,,,,,,,,,,,,,,,,,,,,,,,,,,,,,,,,,,,,,,,,,,,,,,,,,,,,,,,,,,,,,,,,
30431056,component,2025-01-24 14:48:28 UTC,2025-01-24 14:48:35 UTC,✨ KAI - Kameleoon AI Assistant,"",New idea,,30430046,✨ AI Copilot,Vincent Taldir,"",,,,,,,,,,,,,,,,,,,,,,,,,,,,,,,,,,,,,,,,,,,,,,,,,,,,,,,,,,,,,,,,,,,,,,,,,,,,,,,,,,,,,,,,,,,,,,,,,,,,,,,,,,,,,,,,,,
30431193,feature,2025-01-24 14:57:00 UTC,2025-01-24 14:59:03 UTC,AI personnalisation - Create descriptions per persona,<https://amperly.com/dynamic-product-descriptions-using-ai-personas/> <p></p> <p></p> ,New idea,,30430046,✨ AI Copilot,Vincent Taldir,"",,,,,,,,,,,,,,,,,,,,,40,,,,,,,,,,,,,,,,,,,,,,,0,,,,,,,,,,,,,,,,,,,,,,,,,,,,,,,,,,,,,,,,,,,,,,,,,,,,,,,,,,,,,,,,,,,,,,
30438538,feature,2025-01-26 04:16:05 UTC,2025-04-03 09:58:30 UTC,Currency based on location,"## 📒 **Feature short description:** ""When we create a US account, the currency is by default in €\. It would be great to adapt it to the selected timezone\."" <span data-preserve-white-space></span> --- ## 📄 Attached documents - **Figma file**: optional \(paste link\) - **Spec file**: optional \(paste link\) - **Redmine ticket**: mandatory  \(paste link\) - **Image:** mandatory, to illustrate the topic <p></p> ",New idea,,31139434,Engine,Yassin Hassan,_⭐ Admin & Engine Squad,,,,,,,,,,,,,,,,,,,,,,,,,,,,,,,,,,,,,,,,,,,,,,,,,,,,,,,,,,,,,,,,,,,,,,,,,,,,,,,,,,,,,,,,,,,,,,,,,,,,,,,,,,,,,,,,,,
30438549,feature,2025-01-26 04:21:14 UTC,2025-04-03 09:55:56 UTC,Batch adding users,"## 📒 **Feature short description:** Allow adding a batch of users\. --- ## 📄 Attached documents - **Figma file**: optional \(paste link\) - **Spec file**: optional \(paste link\) - **Redmine ticket**: mandatory  \(paste link\) - **Image:** mandatory, to illustrate the topic <p></p> ",New idea,,31139417,Users & Teams,Yassin Hassan,_⭐ Admin & Engine Squad,,,,,,,,,,,,,,,,,,,,,,,,,,,,,,,,,,,,,,,,,,,,,,,,,,,,,,,,,,,,,,,,,,,,,,,,,,,,,,,,,,,,,,,,,,,,,,,,,,,,,,,,,,,,,,,,,,
30442646,subfeature,2025-01-27 11:02:19 UTC,2025-11-01 07:47:13 UTC,Custom Template Type (POC),"",Development in progress,,27868602,Preview / Custom Templates,Lily from Kameleoon,_⭐ Visual Builders Squad,2024-08-24,2024-11-13,,,,,,,,,,,,,,,,,,,,,,,,,,,,,,,,,,,,,,,,,,,,,,,,,,,,,,,,,,,,,,,,,,,,,,,,,,,,,,,,,,,,,,,,,,,,,,,,,,,,,,,,,,,,,,,,
30442672,feature,2025-01-27 11:05:46 UTC,2025-11-01 07:44:22 UTC,Widget Dashboard Redesign,"",Development in progress,,12527822,Widget Dashboard,Lily from Kameleoon,_⭐ Visual Builders Squad,2025-01-12,2025-06-15,,,,,,,,,,,,,,,,,,,,,,,,,,,,,,,,,,,,,,,,,,,,,,,,,,,,,,,,,,,,,,,,,,,,,,,,,,,,,,,,,,,,,,,,,,,,,,,,,,,,,,,,,,,,,,,,
30444751,feature,2025-01-27 14:14:43 UTC,2025-04-17 08:25:33 UTC,Annual Tracked Users (ATU),"## 📒 **Feature short description:** The equivalent of MTU \(Monthly Tracked Users\) for the entire year is ATU or Annual Tracked Users\. It represents the total number of unique tracked users across a 12\-month period, similar to how MTU tracks users for a single month\. <p></p> --- ## 📄 Attached documents - **Figma file**: optional \(paste link\) - **Spec file**: optional \(paste link\) - **Redmine ticket**: User story \#33069 \- Annual Tracked Users \(ATU\)     <https://project.kameleoon.net/issues/33069> - **Image:** mandatory, to illustrate the topic <p></p> ",Released,,31139396,Admin BO,Yassin Hassan,"_⭐ Admin & Engine Squad, 🎯OKR",2025-02-01,2025-04-17,,,,,,,,,,,,,,,,,,,,,,,,,,,,,,,,,,,,,,,,,,,,,,,,,,,,,,,,,,,,,,,,,,,,,,,,,,,,,,,,,,,,,,,,,,,,,,,,,,,,,,,,,,,,,,,,
30445543,feature,2025-01-27 15:13:39 UTC,2025-03-07 11:18:08 UTC,Feature Flag only,"## 📒 **Feature short description:** **In the very short term \(December\/January\):** - **Target audience**: Internal users \(Kameleooners\), who will have the ability to activate the “Lite” option \(which won’t be named as such\) depending on specific client requests\. - **Back Office Admin changes**: - When activating the Feature Experimentation module, the admin can choose either:     - “Feature flag only”\. \(“Feature flag only” correspondd to Feature Lite\.\)     - “All capabilities” - **Changes needed from the FE squad \(Junaid\) for ""Feature flag only"":**     - Remove the “Feature Experimentation” rule\.     - Remove the “Roll back” section\. --- ## 📄 Attached documents - **Figma file**: optional \(paste link\) - **Spec file**: optional \(paste link\) - **Redmine ticket**: User story \#33076 \- Feature flag only     <https://project.kameleoon.net/issues/33076> - **Image:** mandatory, to illustrate the topic <p></p> ",Released,,6783364,"Data, Common  & Infrastructure",Yassin Hassan,"_⭐ Admin & Engine Squad, _⭐ Feature Experimentation Squad",2025-02-01,2025-02-28,,,,,,,,,,,,,,,,,,,,,,,,,,,,,,,,,,,,,,,,,,,,,,,,,,,,,,,,,,,,,,,,,,,,,,,,,,,,,,,,,,,,,,,,,,,,,,,,,,,,,,,,,,,,,,,,
30456967,subfeature,2025-01-28 12:55:56 UTC,2025-10-21 15:46:56 UTC,AI Variations,"",Design in progress,,30403403,GenAI for FE,Junaid Gulzar Malik,"_⭐ Feature Experimentation Squad, #VOC1_2025, VOC1-2025",2025-06-05,2025-09-02,,,,,,,,,,,,,,,,,,,,,,,,,,,,,,,,,,,,,,,,,,,,,,,,,,,,,,,,,,,,,,,,,,,,,,,,,,,,,,,,,,,,,,,,,,,,,,,,,,,,,,,,,,,,,,,,
30456980,feature,2025-01-28 12:58:26 UTC,2025-04-08 10:33:41 UTC,Custom Attribute Hashing,<p></p> ,Released,,9564875,Feature Management & Experimentation (FM&E),Junaid Gulzar Malik,_⭐ Feature Experimentation Squad,2024-12-05,2025-03-04,,,,,,,,,,,,,,,,,,,,,,,,,,,,,,,,,,,,,,,,,,,,,,,,,,,,,,,,,,,,,,,,,,,,,,,,,,,,,,,,,,,,,,,,,,,,,,,,,,,,,,,,,,,,,,,,
30475304,feature,2025-01-29 18:38:59 UTC,2025-01-29 18:39:53 UTC,Element Tree Sidebar Redesign,"",Ready for deployment,,12428951,Design Tab,Lily from Kameleoon,_⭐ Visual Builders Squad,2024-12-13,2025-01-30,,,,,,,,,,,,,,,,,,,,,,,,,,,,,,,,,,,,,,,,,,,,,,,,,,,,,,,,,,,,,,,,,,,,,,,,,,,,,,,,,,,,,,,,,,,,,,,,,,,,,,,,,,,,,,,,
30517050,feature,2025-02-03 12:46:18 UTC,2025-06-06 12:41:42 UTC,Goal Performance Dashboard,"",Planned,,6783364,"Data, Common  & Infrastructure",Calixthe Mattei,_⭐ Reporting Squad,2025-09-23,2025-12-12,,,,,,,,,,,,,,,,,,,,,,,,,,,,,,,,,,,,,,,,,,,,,,,,,,,,,,,,,,,,,,,,,,,,,,,,,,,,,,,,,,,,,,,,,,,,,,,,,,,,,,,,,,,,,,,,
30517058,feature,2025-02-03 12:46:52 UTC,2025-05-16 14:01:09 UTC,RP - Health Checks,"",Planned,,6783364,"Data, Common  & Infrastructure",Calixthe Mattei,"_⭐ Reporting Squad, #VOC1_2025",2025-08-19,2025-09-27,,,,,,100,,,,,,,,,,,,,,,,,,,,,,,,,,,,,,,,,,,50,50,,,,,,,,,,,,,,,,,,,,,,,,,,,,,,,,,,,,,,,,,,,,,,,,,,,,,,,,,,,,,,,,,,,,,,
30543577,feature,2025-02-05 12:08:11 UTC,2025-06-06 12:46:09 UTC,New RP - Disabled Variations Migration,"",New idea,,6783364,"Data, Common  & Infrastructure",Calixthe Mattei,_⭐ Reporting Squad,2025-07-07,2025-07-17,,,,,,,,,,,,,,,,,,,,,,,,,,,,,,,,,,,,,,,,,,,,,,,,,,,,,,,,,,,,,,,,,,,,,,,,,,,,,,,,,,,,,,,,,,,,,,,,,,,,,,,,,,,,,,,,
30555287,feature,2025-02-06 09:55:25 UTC,2025-07-11 09:51:11 UTC,Kameleoon new UI,"",Released,,9564798,Common APP pages,Loreena,"",,,,,,,,,,,,,,,,,,,,,,,,,,,,,,,,,,,,,,,,,,,,,,,,,,,,,,,,,,,,,,,,,,,,,,,,,,,,,,,,,,,,,,,,,,,,,,,,,,,,,,,,,,,,,,,,,,
30567337,feature,2025-02-07 10:01:26 UTC,2025-02-07 10:01:26 UTC,Category Import Logs,"",New idea,,9564712,Product recommendation,Lily from Kameleoon,"",,,,,,,,,,,,,,,,,,,,,,,,,,,,,,,,,,,,,,,,,,,,,,,,,,,,,,,,,,,,,,,,,,,,,,,,,,,,,,,,,,,,,,,,,,,,,,,,,,,,,,,,,,,,,,,,,,
30581654,feature,2025-02-10 12:45:41 UTC,2025-10-16 13:27:21 UTC,Finalization flow - Targeting redesign,"The Targeting Page redesign enhances the way you define and apply targeting in your campaigns\. By separating Segments and Triggers into two distinct blocks, this update allows you to better differentiate between a user’s inherent attributes \(Segments\) and their actions or behaviors on your website \(Triggers\)\. This clearer distinction enables more precise targeting, ensuring that your campaigns reach the right audience with tailored experiences\. ",Released,,6783323,Web Experimentation,Ivan Kulagin,_⭐ Campaign Creation Squad,2025-04-01,2025-08-06,,,,,,,,,,,,,,,,,,,,,,,,,,,,,,,,,,,,,,,,,,,,,,,,,,,,,,,,,,,,,,,,,,,,,,,,,,,,,,,,,,,,,,,,,,,,,,,,,,,,,,,,,,,,,,,,
30581672,feature,2025-02-10 12:47:53 UTC,2025-04-07 14:02:48 UTC,Widget capping,"",Released,,9564787,Graphic editor,Ivan Kulagin,_⭐ Campaign Creation Squad,2025-01-01,2025-02-12,,,,,,40,,,,,,,,,,,,,,,,,,,,,,,,,,,,,,,,,,,20,20,,,,,,,,,,,,,,,,,,,,,,,,,,,,,,,,,,,,,,,,,,,,,,,,,,,,,,,,,,,,,,,,,,,,,,
30661414,feature,2025-02-17 13:41:04 UTC,2025-11-14 10:56:52 UTC,Add Link Settings for Image,"",New idea,,12428951,Design Tab,Lily from Kameleoon,_⭐ Visual Builders Squad,,,,,,,,,,,,,,,,,,,,,,,,,,,,,,,,,,,,,,,,,,,,,,,,,,,,,,,,,,,,,,,,,,,,,,,,,,,,,,,,,,,,,,,,,,,,,,,,,,,,,,,,,,,,,,,,,,
30664124,feature,2025-02-17 17:01:40 UTC,2025-02-17 17:01:40 UTC,And/Or Operators in Events,"",New idea,,12428956,Events Tab,Lily from Kameleoon,_⭐ Visual Builders Squad,,,,,,,,,,,,,,,,,,,,,,,,,,,,,,,,,,,,,,,,,,,,,,,,,,,,,,,,,,,,,,,,,,,,,,,,,,,,,,,,,,,,,,,,,,,,,,,,,,,,,,,,,,,,,,,,,,
30664149,subfeature,2025-02-17 17:05:20 UTC,2025-07-08 10:21:51 UTC,Glassbox Server Event Streaming,"",Planned,,27837725,Back-to-back bridges / Multi-env analytics for feature flags,Yassin Hassan,_⭐ Integrations Squad,,,,,,,,,,,,,,,,,,,,,,,,,,,,,,,,,,,,,,,,,,,,,,,,,,,,,,,,,,,,,,,,,,,,,,,,,,,,,,,,,,,,,,,,,,,,,,,,,,,,,,,,,,,,,,,,,,
30672500,subfeature,2025-02-18 13:55:54 UTC,2025-09-26 13:07:28 UTC,Header for HTTP Request,"",Released,,25754093,Enhance feedback management features,Lily from Kameleoon,_⭐ Visual Builders Squad,2025-02-24,2025-03-21,,,,,,,,,,,,,,,,,,,,,,,,,,,,,,,,,,,,,,,,,,,,,,,,,,,,,,,,,,,,,,,,,,,,,,,,,,,,,,,,,,,,,,,,,,,,,,,,,,,,,,,,,,,,,,,,
30672914,feature,2025-02-18 14:22:49 UTC,2025-11-14 13:22:11 UTC,Enhance Mobile View Editing,"",New idea,,12428951,Design Tab,Lily from Kameleoon,_⭐ Visual Builders Squad,,,,,,,,,,,,,,,,,,,,,,,,,,,,,,,,,,,,,,,,,,,,,,,,,,,,,,,,,,,,,,,,,,,,,,,,,,,,,,,,,,,,,,,,,,,,,,,,,,,,,,,,,,,,,,,,,,
30673043,feature,2025-02-18 14:32:38 UTC,2025-02-18 14:32:38 UTC,Device-Specific Images,"",New idea,,12428951,Design Tab,Lily from Kameleoon,_⭐ Visual Builders Squad,,,,,,,,,,,,,,,,,,,,,,,,,,,,,,,,,,,,,,,,,,,,,,,,,,,,,,,,,,,,,,,,,,,,,,,,,,,,,,,,,,,,,,,,,,,,,,,,,,,,,,,,,,,,,,,,,,
30673268,subfeature,2025-02-18 14:46:59 UTC,2025-10-17 14:47:09 UTC,List Custom Goals in Process/Cancel Conversion Actions,"",Design in progress,,12479927,Refactor of the Events tab in the Widget Studio,Lily from Kameleoon,_⭐ Visual Builders Squad,,,,,,,,,,,,,,,,,,,,,,,,,,,,,,,,,,,,,,,,,,,,,,,,,,,,,,,,,,,,,,,,,,,,,,,,,,,,,,,,,,,,,,,,,,,,,,,,,,,,,,,,,,,,,,,,,,
30674228,feature,2025-02-18 15:50:29 UTC,2025-11-14 10:52:40 UTC,Seamless Slider Loop,"",Released,,12428951,Design Tab,Lily from Kameleoon,_⭐ Visual Builders Squad,2025-06-28,2025-07-21,,,,,,,,,,,,,,,,,,,,,,,,,,,,,,,,,,,,,,,,,,,,,,,,,,,,,,,,,,,,,,,,,,,,,,,,,,,,,,,,,,,,,,,,,,,,,,,,,,,,,,,,,,,,,,,,
30674962,feature,2025-02-18 16:17:59 UTC,2025-02-18 16:17:59 UTC,Targeting Specific to Widgets in the Widget Studio,"",New idea,,12429128,Core,Lily from Kameleoon,_⭐ Visual Builders Squad,,,,,,,,,,,,,,,,,,,,,,,,,,,,,,,,,,,,,,,,,,,,,,,,,,,,,,,,,,,,,,,,,,,,,,,,,,,,,,,,,,,,,,,,,,,,,,,,,,,,,,,,,,,,,,,,,,
30695577,feature,2025-02-20 09:38:14 UTC,2025-05-13 08:41:32 UTC,Finalization flow - AI Predictive Targeting,"",Released,,6783323,Web Experimentation,Ivan Kulagin,_⭐ Campaign Creation Squad,2025-02-05,2025-05-07,,,,,,,,,,,,,,,,,,,,,,,,,,,,,,,,,,,,,,,,,,,,,,,,,,,,,,,,,,,,,,,,,,,,,,,,,,,,,,,,,,,,,,,,,,,,,,,,,,,,,,,,,,,,,,,,
30696351,feature,2025-02-20 11:04:39 UTC,2025-03-07 08:14:14 UTC,Actions for elements on other pages,"This feature allows users to reset or remove elements across different pages directly from the Graphic Editor\. No need to navigate manually to each page, users will be able to manage elements even if they are located on another page, giving more control and flexibility when editing the experiments\. ",Released,,9564787,Graphic editor,Ivan Kulagin,_⭐ Campaign Creation Squad,2025-02-17,2025-03-06,,,,,,20,,,,,,,,,,,,,,,,,,,,,,,,,,,,,,,,,,,10,10,,,,,,,,,,,,,,,,,,,,,,,,,,,,,,,,,,,,,,,,,,,,,,,,,,,,,,,,,,,,,,,,,,,,,,
30699184,feature,2025-02-20 14:06:06 UTC,2025-04-22 08:27:57 UTC,Main device for experiment,"",New idea,,9564787,Graphic editor,Ivan Kulagin,_⭐ Campaign Creation Squad,2025-12-01,2025-12-31,,,,,,20,,,,,,,,,,,,,,,,,,,,,,,,,,,,,,,,,,,10,10,,,,,,,,,,,,,,,,,,,,,,,,,,,,,,,,,,,,,,,,,,,,,,,,,,,,,,,,,,,,,,,,,,,,,,
30699269,feature,2025-02-20 14:12:31 UTC,2025-08-04 10:32:09 UTC,Schedule information in Graphic Editor,"",Design in progress,,9564787,Graphic editor,Ivan Kulagin,_⭐ Campaign Creation Squad,2025-11-01,2025-11-30,,,,,,20,,,,,,,,,,,,,,,,,,,,,,,,,,,,,,,,,,,10,10,,,,,,,,,,,,,,,,,,,,,,,,,,,,,,,,,,,,,,,,,,,,,,,,,,,,,,,,,,,,,,,,,,,,,,
30699280,feature,2025-02-20 14:13:21 UTC,2025-08-04 10:32:46 UTC,Design tab simplification/redesign,"",Planned,,9564787,Graphic editor,Ivan Kulagin,_⭐ Campaign Creation Squad,2025-06-01,2026-03-31,,,,,,40,,,,,,,,,,,,,,,,,,,,,,,,,,,,,,,,,,,20,20,,,,,,,,,,,,,,,,,,,,,,,,,,,,,,,,,,,,,,,,,,,,,,,,,,,,,,,,,,,,,,,,,,,,,,
30710526,feature,2025-02-21 10:03:47 UTC,2025-07-08 10:09:15 UTC,Meta Audience Sync,"",New idea,,32146897,New integrations,Isabelle Ung,_⭐ Integrations Squad,,,,,,,,,,,,,,,,,,,,,,,,,,,,,,,,,,,,,,,,,,,,,,,,,,,,,,,,,,,,,,,,,,,,,,,,,,,,,,,,,,,,,,,,,,,,,,,,,,,,,,,,,,,,,,,,,,
30710726,feature,2025-02-21 10:24:41 UTC,2025-07-08 10:09:13 UTC,Google Ads integration,"",New idea,,32146897,New integrations,Isabelle Ung,_⭐ Integrations Squad,,,,,,,,,,,,,,,,,,,,,,,,,,,,,,,,,,,,,,,,,,,,,,,,,,,,,,,,,,,,,,,,,,,,,,,,,,,,,,,,,,,,,,,,,,,,,,,,,,,,,,,,,,,,,,,,,,
30726179,subfeature,2025-02-24 13:33:26 UTC,2025-07-11 09:50:20 UTC,Configurable columns on all dashboards,"",Released,,30555287,Kameleoon new UI,Loreena,"",,,,,,,,,,,,,,,,,,,,,,,,,,,,,,,,,,,,,,,,,,,,,,,,,,,,,,,,,,,,,,,,,,,,,,,,,,,,,,,,,,,,,,,,,,,,,,,,,,,,,,,,,,,,,,,,,,
30736973,feature,2025-02-25 09:32:31 UTC,2025-02-26 09:00:04 UTC,Prompt creation helper,"💡 <u>**Objective:**</u> Help users craft effective prompts by providing real\-time analysis and improvement suggestions\. ### <u>**Key Features:**</u> ✅ **Automatic Analysis:** Detects essential elements of a good prompt \(role, objective, context, format, etc\.\)\.   ✅ **Real\-Time Feedback:** Highlights strengths and weaknesses using ✅ \(validated\) or ❌ \(missing\/problematic\)\.   ✅ **Improvement Suggestions:** Provides precise recommendations to optimize the prompt \(e\.g\., ""Add more context,"" ""Clarify the objective""\)\.   ✅ **Templates & Examples:** Offers ready\-made prompts tailored to the user's needs\. ### <u>**Expected Impact :**</u> 🚀 **Prompting Made Accessible:** No need to be an expert to use an LLM effectively\.   ⚡ **Increased Efficiency:** Fewer iterations needed to get a relevant response\.   📈 **Enhanced Interaction Quality:** More precise answers that better fit user needs\. ",New idea,,30430046,✨ AI Copilot,Vincent Taldir,"",,,,,,,,,,,,,,,,,,,,,8,,,,,,,,,,,,,,,,,,,,,,,0,,,,,,,,,,,,,,,,,,,,,,,,,,,,,,,,,,,,,,,,,,,,,,,,,,,,,,,,,,,,,,,,,,,,,,
30737358,feature,2025-02-25 10:12:57 UTC,2025-07-08 10:09:11 UTC,Notion Integration,"",New idea,,32146897,New integrations,Isabelle Ung,"_⭐ Integrations Squad, VOC1_2025_Inté",,,,,,,,60,,,,,,,,,,,,,,#2 - Needs of mature XP teams,,,,,,,,,,,,,,,,,,,,,30,30,,,,,,,,,,,,,,,,,,,,,,,,,,,,,,,,,,,,,,,,,,,,,,,,,,,,,,,,,,,,,,,,,,,,,,
30738267,feature,2025-02-25 11:46:11 UTC,2025-02-25 11:47:51 UTC,AI suggestions - Unified text improvements,"### **Problem Statement** Currently, textual improvement suggestions are generated on a per\-page basis for product pages, which can lead to redundant efforts when multiple pages contain similar or identical content needing revision\. This approach can be inefficient and lacks a quantitative dimension to help prioritize which changes are most impactful\. ### **Feature Principle** When identical or very similar text improvements are detected across multiple pages \(for instance, dozens of pages sharing the same snippet\), the system should offer a single consolidated solution for all those pages, with two possible approaches: 1. **LLM\-Driven \(Automatic\)**:      The LLM automatically selects the best improvement proposal based on context and text quality across those pages\. 1. **User\-Driven \(Tabular View\)**:      A table displays different potential improvements, allowing the user to choose the most appropriate one based on quantitative criteria such as:     - **Readability Score** \(e\.g\., Flesch\-Kincaid\)     - **SEO Impact Estimation** \(e\.g\., presence of relevant keywords\)     - **Estimated Conversion Rate** \(if available, based on historical data or industry benchmarks\)     - **Contextual Relevance** \(a rating of how well the text aligns with the page’s intent and best writing practices\) #### **Quantitative Data to Include** - **Frequency of Occurrence**: The number of pages containing the text snippet to justify a single consolidated proposal\. - **Comparative Analysis**: Evaluation of different proposals regarding readability, SEO potential, and historical performance\. - **User Engagement Impact**: Potential effect of the changes on metrics like time on page or bounce rate\. ### **Expected Impact** - **Reduced Redundancy**: Centralized management of similar text improvements across multiple pages, ensuring a more consistent user experience\. - **Increased Relevance**: Quantitative data helps users make more informed decisions about which improvements to apply\. - **Productivity Gains**: Users can swiftly apply the best suggestions to multiple pages without addressing each page individually\. ",New idea,,30070093,✨ Ai suggestions,Vincent Taldir,_⭐ AI copilot Squad,,,,,,,,,,,,,,,,,,,,,13,,,,,,,,,,,,,,,,,,,,,,,0,,,,,,,,,,,,,,,,,,,,,,,,,,,,,,,,,,,,,,,,,,,,,,,,,,,,,,,,,,,,,,,,,,,,,,
30739428,subfeature,2025-02-25 13:42:49 UTC,2025-04-22 10:39:02 UTC,AI Widget Generator - Non DnD version (PoC),"",Development in progress,,27868567,AI Widget Generator,Lily from Kameleoon,_⭐ Visual Builders Squad,2025-02-24,2025-05-02,,,,,,,,,,,,,,,,,,,,,,,,,,,,,,,,,,,,,,,,,,,,,,,,,,,,,,,,,,,,,,,,,,,,,,,,,,,,,,,,,,,,,,,,,,,,,,,,,,,,,,,,,,,,,,,,
30749200,feature,2025-02-26 10:36:20 UTC,2025-02-26 10:37:24 UTC,Results Pages - Roles,"Roles for : <p></p> - Change of Custom Views or not, change default - In the Finalization Flow; who can edit a goal, an integration attached etc - <p></p> ",New idea,,9564643,Data & RP,Calixthe Mattei,"_⭐ Reporting Squad, #VOC2",,,,,,,,,,,,,,,,,,,,,,,,,,,,,,,,,,,,,,,,,,,,,,,,,,,,,,,,,,,,,,,,,,,,,,,,,,,,,,,,,,,,,,,,,,,,,,,,,,,,,,,,,,,,,,,,,,
30749221,subfeature,2025-02-26 10:39:29 UTC,2025-05-16 14:01:09 UTC,Alerts/Check : Sample size reached,"",New idea,,30517058,RP - Health Checks,Calixthe Mattei,"_⭐ Reporting Squad, #VOC1_2025",2025-08-19,2025-09-06,,,,,,,,,,,,,,,,,,,,,,,,,,,,,,,,,,,,,,,,,,,,,,,,,,,,,,,,,,,,,,,,,,,,,,,,,,,,,,,,,,,,,,,,,,,,,,,,,,,,,,,,,,,,,,,,
30760563,feature,2025-02-27 09:14:05 UTC,2025-07-08 10:09:10 UTC,Zeotap integration,"",New idea,,32146897,New integrations,Isabelle Ung,_⭐ Integrations Squad,,,,,,,,,,,,,,,,,,,,,,,,,,,,,,,,,,,,,,,,,,,,,,,,,,,,,,,,,,,,,,,,,,,,,,,,,,,,,,,,,,,,,,,,,,,,,,,,,,,,,,,,,,,,,,,,,,
30774244,feature,2025-02-28 10:51:11 UTC,2025-07-08 10:09:08 UTC,Airtable integration,"",New idea,,32146897,New integrations,Isabelle Ung,_⭐ Integrations Squad,,,,,,,,,,,,,,,,,,,,,,,,,,,,,,,,,,,,,,,,,,,,,,,,,,,,,,,,,,,,,,,,,,,,,,,,,,,,,,,,,,,,,,,,,,,,,,,,,,,,,,,,,,,,,,,,,,
30792809,component,2025-03-03 15:48:17 UTC,2025-03-03 15:48:42 UTC,Other AI features,"",New idea,,30430046,✨ AI Copilot,Vincent Taldir,"",,,,,,,,,,,,,,,,,,,,,,,,,,,,,,,,,,,,,,,,,,,,,,,,,,,,,,,,,,,,,,,,,,,,,,,,,,,,,,,,,,,,,,,,,,,,,,,,,,,,,,,,,,,,,,,,,,
30792833,feature,2025-03-03 15:49:39 UTC,2025-03-03 15:50:25 UTC,AI CSS selector enhancement,"",New idea,,30792809,Other AI features,Vincent Taldir,"",,,,,,,,,,,,,,,,,,,,,,,,,,,,,,,,,,,,,,,,,,,,,,,,,,,,,,,,,,,,,,,,,,,,,,,,,,,,,,,,,,,,,,,,,,,,,,,,,,,,,,,,,,,,,,,,,,
30802486,feature,2025-03-04 09:50:26 UTC,2025-03-04 09:50:26 UTC,Bug report tool in-app,"",New idea,,9564798,Common APP pages,Loreena,"",,,,,,,,,,,,,,,,,,,,,,,,,,,,,,,,,,,,,,,,,,,,,,,,,,,,,,,,,,,,,,,,,,,,,,,,,,,,,,,,,,,,,,,,,,,,,,,,,,,,,,,,,,,,,,,,,,
30816278,feature,2025-03-05 08:56:25 UTC,2025-03-05 08:56:25 UTC,We offer AI-powered segment generation based on a prompt (GA),"",New idea,,9564755,Targeting,Loreena,"",,,,,,,,,,,,,,,,,,,,,,,,,,,,,,,,,,,,,,,,,,,,,,,,,,,,,,,,,,,,,,,,,,,,,,,,,,,,,,,,,,,,,,,,,,,,,,,,,,,,,,,,,,,,,,,,,,
30816297,feature,2025-03-05 08:58:14 UTC,2025-03-05 08:59:23 UTC,AI-powered targeting based on a prompt,"",New idea,,30792809,Other AI features,Loreena,"",,,,,,,,,,,,,,,,,,,,,,,,,,,,,,,,,,,,,,,,,,,,,,,,,,,,,,,,,,,,,,,,,,,,,,,,,,,,,,,,,,,,,,,,,,,,,,,,,,,,,,,,,,,,,,,,,,
30821307,feature,2025-03-05 15:25:23 UTC,2025-03-05 15:25:23 UTC,Organize your dashboards with folders,"",New idea,,9564798,Common APP pages,Loreena,"",,,,,,,,,,,,,,,,,,,,,,,,,,,,,,,,,,,,,,,,,,,,,,,,,,,,,,,,,,,,,,,,,,,,,,,,,,,,,,,,,,,,,,,,,,,,,,,,,,,,,,,,,,,,,,,,,,
30834659,feature,2025-03-06 09:30:37 UTC,2025-03-13 10:13:58 UTC,Improved search bars,"",Candidate,,6783323,Web Experimentation,Loreena,"_⭐ App System Squad, #VOC1_2025",2025-10-01,2025-12-31,,,,,,,,,,,,,,,,,,,,,,,,,,,,,,,,,,,,,,,,,,,,,,,,,,,,,,,,,,,,,,,,,,,,,,,,,,,,,,,,,,,,,,,,,,,,,,,,,,,,,,,,,,,,,,,,
30835825,feature,2025-03-06 11:15:38 UTC,2025-04-11 11:10:00 UTC,Login page - Dynamic Marketing Section,"## 📒 **Feature short description:** Changing the log in page, adding a dynamic section on the right side\. <span data-preserve-white-space></span> --- ## 📄 Attached documents - **Figma file**: optional \(paste link\) - **Spec file**: optional \(paste link\) - **Redmine ticket**: User story \#33985 \- Login page \- Dynamic Marketing Section     <https://project.kameleoon.net/issues/33985> - **Image:** mandatory, to illustrate the topic <p></p> ",Released,,31139405,Login & Sign up,Yassin Hassan,"_⭐ Admin & Engine Squad, 🎨 design needed",2025-03-01,2025-04-10,,,,,,,,,,,,,,,,,,,,,,,,,,,,,,,,,,,,,,,,,,,,,,,,,,,,,,,,,,,,,,,,,,,,,,,,,,,,,,,,,,,,,,,,,,,,,,,,,,,,,,,,,,,,,,,,
30838178,feature,2025-03-06 14:16:32 UTC,2025-05-19 09:35:56 UTC,Automation API - Check and unlist private endpoints,Removing the private endpoints from the Dev doc      Subtask \#31312 \- Dev Doc \- Automation API \- Check and unlist private endpoints   <https://project.kameleoon.net/issues/31312> ,Released,,31139411,Others,Yassin Hassan,_⭐ Admin & Engine Squad,2025-03-01,2025-05-06,,,,,,,,,,,,,,,,,,,,,,,,,,,,,,,,,,,,,,,,,,,,,,,,,,,,,,,,,,,,,,,,,,,,,,,,,,,,,,,,,,,,,,,,,,,,,,,,,,,,,,,,,,,,,,,,
30838435,feature,2025-03-06 14:35:55 UTC,2025-03-12 15:40:38 UTC,Ai assist - Guided Interaction with KAI Using Predefined Questions,"To improve user engagement with KAI, we can introduce predefined questions that guide users in their interactions\. This will help: - Users understand what to ask and how to use KAI effectively\. - Highlight KAI’s value, reducing underutilization\. - Improve response relevance by reducing vague queries\. - Provide a more contextual and personalized chatbot experience\. These predefined questions can be dynamic, context\-based, and easily accessible via quick\-action buttons in the app\. ",New idea,,30431056,✨ KAI - Kameleoon AI Assistant,Vincent Taldir,"",,,,,,,,,,,,,,,,,,,,,,,,,,,,,,,,,,,,,,,,,,,,,,,,,,,,,,,,,,,,,,,,,,,,,,,,,,,,,,,,,,,,,,,,,,,,,,,,,,,,,,,,,,,,,,,,,,
30840367,feature,2025-03-06 16:14:45 UTC,2025-03-12 15:40:18 UTC,AI suggestions : Bring your own AI (BYOAI),Deploy your own LLM models or AI engines to generate content <https://support.optimizely.com/hc/en-us/articles/25502118589965-Integrate-your-AI> ,New idea,,30430046,✨ AI Copilot,Vincent Taldir,"",,,,,,,,,,,,,,,,,,,,,,,,,,,,,,,,,,,,,,,,,,,,,,,,,,,,,,,,,,,,,,,,,,,,,,,,,,,,,,,,,,,,,,,,,,,,,,,,,,,,,,,,,,,,,,,,,,
30847006,feature,2025-03-07 08:26:33 UTC,2025-08-04 10:31:33 UTC,Steps to launch an experiment,"",Design in progress,,9564787,Graphic editor,Ivan Kulagin,_⭐ Campaign Creation Squad,2025-08-04,2025-09-30,,,,,,40,,,,,,,,,,,,,,,,,,,,,,,,,,,,,,,,,,,20,20,,,,,,,,,,,,,,,,,,,,,,,,,,,,,,,,,,,,,,,,,,,,,,,,,,,,,,,,,,,,,,,,,,,,,,
30847033,feature,2025-03-07 08:31:15 UTC,2025-07-24 12:19:38 UTC,Swap and Move actions merge,"",Design in progress,,9564787,Graphic editor,Ivan Kulagin,_⭐ Campaign Creation Squad,2025-10-01,2025-10-30,,,,,,40,,,,,,,,,,,,,,,,,,,,,,,,,,,,,,,,,,,20,20,,,,,,,,,,,,,,,,,,,,,,,,,,,,,,,,,,,,,,,,,,,,,,,,,,,,,,,,,,,,,,,,,,,,,,
30877710,feature,2025-03-11 10:48:54 UTC,2025-04-08 18:57:58 UTC,Image library filter by project,"",Released,,9564787,Graphic editor,Ivan Kulagin,_⭐ Campaign Creation Squad,2025-03-24,2025-04-07,,,,,,20,,,,,,,,,,,,,,,,,,,,,,,,,,,,,,,,,,,10,10,,,,,,,,,,,,,,,,,,,,,,,,,,,,,,,,,,,,,,,,,,,,,,,,,,,,,,,,,,,,,,,,,,,,,,
30877737,feature,2025-03-11 10:50:39 UTC,2025-08-04 10:32:32 UTC,Selector free search,"",New idea,,9564787,Graphic editor,Ivan Kulagin,_⭐ Campaign Creation Squad,2026-01-01,2026-01-31,,,,,,40,,,,,,,,,,,,,,,,,,,,,,,,,,,,,,,,,,,20,20,,,,,,,,,,,,,,,,,,,,,,,,,,,,,,,,,,,,,,,,,,,,,,,,,,,,,,,,,,,,,,,,,,,,,,
30877771,feature,2025-03-11 10:54:34 UTC,2025-08-04 10:32:34 UTC,Make Picture tag easier to work with,"",New idea,,9564787,Graphic editor,Ivan Kulagin,_⭐ Campaign Creation Squad,2026-01-02,2026-01-31,,,,,,40,,,,,,,,,,,,,,,,,,,,,,,,,,,,,,,,,,,20,20,,,,,,,,,,,,,,,,,,,,,,,,,,,,,,,,,,,,,,,,,,,,,,,,,,,,,,,,,,,,,,,,,,,,,,
30894394,feature,2025-03-12 10:47:49 UTC,2025-08-04 10:32:23 UTC,On-click prop to IMG tag,"",New idea,,9564787,Graphic editor,Ivan Kulagin,_⭐ Campaign Creation Squad,2025-09-30,2025-10-30,,,,,,,,,,,,,,,,,,,,,,,,,,,,,,,,,,,,,,,,,,,,,,,,,,,,,,,,,,,,,,,,,,,,,,,,,,,,,,,,,,,,,,,,,,,,,,,,,,,,,,,,,,,,,,,,
30894738,subfeature,2025-03-12 11:21:24 UTC,2025-03-12 14:42:49 UTC,Group Elements,"",New idea,,26644005,Elements' bulk selection,Lily from Kameleoon,"_⭐ Visual Builders Squad, #VOC1_2025",,,,,,,,20,,,,,,,,,,,,,,#1  - Frictionless experience,,,,,,,,,,,,,,,,,,,,,10,10,,,,,,,,,,,,,,,,,,,,,,,,,,,,,,,,,,,,,,,,,,,,,,,,,,,,,,,,,,,,,,,,,,,,,,
30898564,feature,2025-03-12 15:08:34 UTC,2025-04-16 16:21:44 UTC,Data layer integration,"",New idea,,9564643,Data & RP,Calixthe Mattei,"_⭐ Reporting Squad, #VOC1_2025",2026-01-05,2026-04-05,,,,,,,,,,,,,,,,,,,,,,,,,,,,,,,,,,,,,,,,,,,,,,,,,,,,,,,,,,,,,,,,,,,,,,,,,,,,,,,,,,,,,,,,,,,,,,,,,,,,,,,,,,,,,,,,
30898567,feature,2025-03-12 15:08:42 UTC,2025-06-06 12:47:31 UTC,Custom Goal - JavaScript Code,"",New idea,,6783364,"Data, Common  & Infrastructure",Calixthe Mattei,"_⭐ Reporting Squad, #VOC1_2025",2025-07-01,2025-07-13,,,,,,,,,,,,,,,,,,,,,,,,,,,,,,,,,,,,,,,,,,,,,,,,,,,,,,,,,,,,,,,,,,,,,,,,,,,,,,,,,,,,,,,,,,,,,,,,,,,,,,,,,,,,,,,,
30898588,feature,2025-03-12 15:10:11 UTC,2025-04-16 16:21:59 UTC,Multi-page KPIs,"",New idea,,6783364,"Data, Common  & Infrastructure",Calixthe Mattei,"_⭐ Reporting Squad, #VOC1_2025",2026-01-09,2026-02-07,,,,,,,,,,,,,,,,,,,,,,,,,,,,,,,,,,,,,,,,,,,,,,,,,,,,,,,,,,,,,,,,,,,,,,,,,,,,,,,,,,,,,,,,,,,,,,,,,,,,,,,,,,,,,,,,
30898603,subfeature,2025-03-12 15:11:08 UTC,2025-03-12 15:11:08 UTC,Goal data collection is working,"",New idea,,30517058,RP - Health Checks,Calixthe Mattei,"_⭐ Reporting Squad, #VOC1_2025",,,,,,,,,,,,,,,,,,,,,,,,,,,,,,,,,,,,,,,,,,,,,,,,,,,,,,,,,,,,,,,,,,,,,,,,,,,,,,,,,,,,,,,,,,,,,,,,,,,,,,,,,,,,,,,,,,
30898607,subfeature,2025-03-12 15:11:15 UTC,2025-03-12 15:24:08 UTC,SRM Check,"",New idea,,30517058,RP - Health Checks,Calixthe Mattei,"_⭐ Reporting Squad, #VOC1_2025",,,,,,,,,,,,,,,,,,,,,,,,,,,,,,,,,,,,,,,,,,,,,,,,,,,,,,,,,,,,,,,,,,,,,,,,,,,,,,,,,,,,,,,,,,,,,,,,,,,,,,,,,,,,,,,,,,
30899562,feature,2025-03-12 15:48:25 UTC,2025-03-12 16:42:20 UTC,enum Variable types,"An **enum** type variable is a variable that can only take on a predefined set of constant values\. Enums are used to make code more readable and prevent invalid values from being assigned\. ### Example Usage \(**Java\):** ``` enum Status {     ACTIVE, INACTIVE, PENDING, DELETED } public class Example {     public static void main(String[] args) {         Status userStatus = Status.ACTIVE;         System.out.println(userStatus); // Output: ACTIVE     } } ``` ",New idea,,8692201,Feature Experimentation,Junaid Gulzar Malik,"_⭐ Feature Experimentation Squad, portal, #VOC1_2025, VOC1-2025",,,,,,,,,,,,,,,,,,,,,,,,,,,,,,,,,,,,,,,,,,,,,,,,,,,,,,,,,,,,,,,,,,,,,,,,,,,,,,,,,,,,,,,,,,,,,,,,,,,,,,,,,,,,,,,,,,
30899654,feature,2025-03-12 15:51:28 UTC,2025-04-07 15:29:57 UTC,Improve Scroll native goal,"",New idea,,6783364,"Data, Common  & Infrastructure",Calixthe Mattei,"_⭐ Reporting Squad, #VOC1_2025",,,,,,,,,,,,,,,,,,,,,,,,,,,,,,,,,,,,,,,,,,,,,,,,,,,,,,,,,,,,,,,,,,,,,,,,,,,,,,,,,,,,,,,,,,,,,,,,,,,,,,,,,,,,,,,,,,
30900058,feature,2025-03-12 15:57:05 UTC,2025-06-06 12:41:51 UTC,AND/OR Filters,"",Planned,,6783364,"Data, Common  & Infrastructure",Calixthe Mattei,"_⭐ Reporting Squad, #VOC1_2025",2025-06-13,2025-07-13,,,,,,,,,,,,,,,,,,,,,,,,,,,,,,,,,,,,,,,,,,,,,,,,,,,,,,,,,,,,,,,,,,,,,,,,,,,,,,,,,,,,,,,,,,,,,,,,,,,,,,,,,,,,,,,,
30924532,feature,2025-03-14 09:13:25 UTC,2025-07-17 14:38:34 UTC,Figma Integration,Integration wit ,New idea,,32146897,New integrations,Isabelle Ung,"_⭐ AI copilot Squad, _⭐ Integrations Squad, _⭐ Visual Builders Squad",,,,,,,,,,,,,,,,,,,,,,,,,,,,,,,,,,,,,,,,,,,,,,,,,,,,,,,,,,,,,,,,,,,,,,,,,,,,,,,,,,,,,,,,,,,,,,,,,,,,,,,,,,,,,,,,,,
30924563,feature,2025-03-14 09:17:01 UTC,2025-03-14 09:19:46 UTC,Generate Widget From Design Mockup,"",New idea,,12429128,Core,Lily from Kameleoon,_⭐ Visual Builders Squad,,,,,,,,,,,,,,,,,,,,,,,,,,,,,,,,,,,,,,,,,,,,,,,,,,,,,,,,,,,,,,,,,,,,,,,,,,,,,,,,,,,,,,,,,,,,,,,,,,,,,,,,,,,,,,,,,,
30972525,subfeature,2025-03-18 10:27:35 UTC,2025-08-27 07:02:33 UTC,Resizable Simulation View,"",Released,,22676392,Simulation Panel Redesign,Yassin Hassan,_⭐ Admin & Engine Squad,,,,,,,,40,60,,,,,,,,,,,,,,,,,,,,,,,,,,,,,,,,,,50,50,,,,,,,,,,,,,,,,,,,,,,,,,,,,,,,,,,,,,,,,,,,,,,,,,,,,,,,,,,,,,,,,,,,,,,
30972727,subfeature,2025-03-18 10:48:59 UTC,2025-08-27 06:54:19 UTC,Mobile-Compatible Simulation Mode,"",Released,,22676392,Simulation Panel Redesign,Yassin Hassan,_⭐ Admin & Engine Squad,,,,,,,,80,80,,,,,,,,,,,,,,,,,,,,,,,,,,,,,,,,,,80,80,,,,,,,,,,,,,,,,,,,,,,,,,,,,,,,,,,,,,,,,,,,,,,,,,,,,,,,,,,,,,,,,,,,,,,
30973835,feature,2025-03-18 12:20:10 UTC,2025-03-18 12:20:10 UTC,Assign visitor to predefined persona for better personnalisation,"",New idea,,30430046,✨ AI Copilot,Vincent Taldir,"",,,,,,,,,,,,,,,,,,,,,,,,,,,,,,,,,,,,,,,,,,,,,,,,,,,,,,,,,,,,,,,,,,,,,,,,,,,,,,,,,,,,,,,,,,,,,,,,,,,,,,,,,,,,,,,,,,
30974077,subfeature,2025-03-18 12:39:41 UTC,2025-08-27 07:05:14 UTC,Copy Shareable Simulation URL,"",Released,,22676392,Simulation Panel Redesign,Yassin Hassan,_⭐ Admin & Engine Squad,,,,,,,,20,40,,,,,,,,,,,,,,,,,,,,,,,,,,,,,,,,,,30,30,,,,,,,,,,,,,,,,,,,,,,,,,,,,,,,,,,,,,,,,,,,,,,,,,,,,,,,,,,,,,,,,,,,,,,
30977527,feature,2025-03-18 15:29:03 UTC,2025-03-18 15:30:10 UTC,Update UX of AI assistant,We have a small <span data-preserve-white-space></span> ,New idea,,30431056,✨ KAI - Kameleoon AI Assistant,Vincent Taldir,"",,,,,,,,,,,,,,,,,,,,,,,,,,,,,,,,,,,,,,,,,,,,,,,,,,,,,,,,,,,,,,,,,,,,,,,,,,,,,,,,,,,,,,,,,,,,,,,,,,,,,,,,,,,,,,,,,,
30977977,subfeature,2025-03-18 15:54:50 UTC,2025-05-07 07:40:19 UTC,Detached Simulation Console,"",Development in progress,,22676392,Simulation Panel Redesign,Yassin Hassan,_⭐ Admin & Engine Squad,,,,,,,,40,60,,,,,,,,,,,,,,,,,,,,,,,,,,,,,,,,,,50,50,,,,,,,,,,,,,,,,,,,,,,,,,,,,,,,,,,,,,,,,,,,,,,,,,,,,,,,,,,,,,,,,,,,,,,
30978036,subfeature,2025-03-18 15:58:41 UTC,2025-08-27 08:36:19 UTC,Set All Other Experiments to Original in Simulation,"",Released,,22676392,Simulation Panel Redesign,Yassin Hassan,_⭐ Admin & Engine Squad,,,,,,,,20,60,,,,,,,,,,,,,,,,,,,,,,,,,,,,,,,,,,40,40,,,,,,,,,,,,,,,,,,,,,,,,,,,,,,,,,,,,,,,,,,,,,,,,,,,,,,,,,,,,,,,,,,,,,,
30985144,feature,2025-03-19 08:27:06 UTC,2025-03-19 08:27:06 UTC,Review Code with GenAI using Kameleoon APIs,"",New idea,,9564793,Developer editor,Vincent Taldir,"",,,,,,,,,,,,,,,,,,,,,,,,,,,,,,,,,,,,,,,,,,,,,,,,,,,,,,,,,,,,,,,,,,,,,,,,,,,,,,,,,,,,,,,,,,,,,,,,,,,,,,,,,,,,,,,,,,
30985147,feature,2025-03-19 08:27:23 UTC,2025-03-19 08:27:23 UTC,Create code with GenAI using Kameleoon APIs,"",New idea,,9564793,Developer editor,Vincent Taldir,"",,,,,,,,,,,,,,,,,,,,,,,,,,,,,,,,,,,,,,,,,,,,,,,,,,,,,,,,,,,,,,,,,,,,,,,,,,,,,,,,,,,,,,,,,,,,,,,,,,,,,,,,,,,,,,,,,,
31011713,feature,2025-03-21 10:03:18 UTC,2025-03-21 10:03:39 UTC,Ai variation summary,"",New idea,,30430046,✨ AI Copilot,Vincent Taldir,"_⭐ AI copilot Squad, _⭐ Campaign Creation Squad",,,,,,,,,,,,,,,,,,,,,,,,,,,,,,,,,,,,,,,,,,,,,,,,,,,,,,,,,,,,,,,,,,,,,,,,,,,,,,,,,,,,,,,,,,,,,,,,,,,,,,,,,,,,,,,,,,
31027069,feature,2025-03-24 12:02:30 UTC,2025-08-18 09:54:56 UTC,Widget Studio Redesign,"",Design in progress,,25770925,Widget Studio,Lily from Kameleoon,_⭐ Visual Builders Squad,2025-02-06,2025-03-31,,,,,,,,,,,,,,,,,,,,,,,,,,,,,,,,,,,,,,,,,,,,,,,,,,,,,,,,,,,,,,,,,,,,,,,,,,,,,,,,,,,,,,,,,,,,,,,,,,,,,,,,,,,,,,,,
31027108,subfeature,2025-03-24 12:05:26 UTC,2025-03-24 12:06:03 UTC,POC: Highlight Overlay Method,"",Development in progress,,31027069,Widget Studio Redesign,Lily from Kameleoon,_⭐ Visual Builders Squad,2025-03-24,2025-04-04,,,,,,,,,,,,,,,,,,,,,,,,,,,,,,,,,,,,,,,,,,,,,,,,,,,,,,,,,,,,,,,,,,,,,,,,,,,,,,,,,,,,,,,,,,,,,,,,,,,,,,,,,,,,,,,,
31042882,feature,2025-03-25 14:28:47 UTC,2025-10-08 07:53:43 UTC,AI assist - Human-in-the-loop (HITL),"",Released,,30431056,✨ KAI - Kameleoon AI Assistant,Vincent Taldir,"",2025-03-01,2025-04-30,,,,,,,,,,,,,,,,,,,,,,,,,,,,,,,,,,,,,,,,,,,,,,,,,,,,,,,,,,,,,,,,,,,,,,,,,,,,,,,,,,,,,,,,,,,,,,,,,,,,,,,,,,,,,,,,
31044169,feature,2025-03-25 15:32:56 UTC,2025-03-25 15:40:03 UTC,Disable your unused Segments & Triggers,"",New idea,,9564798,Common APP pages,Loreena,"",,,,,,,,,,,,,,,,,,,,,,,,,,,,,,,,,,,,,,,,,,,,,,,,,,,,,,,,,,,,,,,,,,,,,,,,,,,,,,,,,,,,,,,,,,,,,,,,,,,,,,,,,,,,,,,,,,
31052893,feature,2025-03-26 10:24:50 UTC,2025-07-15 13:48:17 UTC,Admin BO - Improve UI with tooltip and instructions,Subtask \#32241 \- Admin BO \- Improve UI with tooltip and instructions   <https://project.kameleoon.net/issues/32241> <p></p> <https://docs.google.com/spreadsheets/d/1J0ZSPHlGIvlWZY2bGMlkfR85vvlDDzlYv5jNf1VF4XI/edit?gid=0#gid=0> ,Released,,31139396,Admin BO,Yassin Hassan,"_⭐ Admin & Engine Squad, 🎯OKR",2025-04-01,2025-07-03,,,,,,,,,,,,,,,,,,,,,,,,,,,,,,,,,,,,,,,,,,,,,,,,,,,,,,,,,,,,,,,,,,,,,,,,,,,,,,,,,,,,,,,,,,,,,,,,,,,,,,,,,,,,,,,,
31071882,feature,2025-03-27 16:41:22 UTC,2025-03-27 16:42:17 UTC,Disable integrations linked to campaigns with ease,"",New idea,,9564652,Common integrations,Isabelle Ung,_⭐ Integrations Squad,,,,,,,,,,,,,,,,,,,,,,,,,,,,,,,,,,,,,,,,,,,,,,,,,,,,,,,,,,,,,,,,,,,,,,,,,,,,,,,,,,,,,,,,,,,,,,,,,,,,,,,,,,,,,,,,,,
31077772,feature,2025-03-28 09:10:29 UTC,2025-03-28 09:10:29 UTC,Rename many assets with grouped actions,"",New idea,,6783323,Web Experimentation,Loreena,"",,,,,,,,,,,,,,,,,,,,,,,,,,,,,,,,,,,,,,,,,,,,,,,,,,,,,,,,,,,,,,,,,,,,,,,,,,,,,,,,,,,,,,,,,,,,,,,,,,,,,,,,,,,,,,,,,,
31093038,feature,2025-03-31 08:02:42 UTC,2025-07-24 12:18:34 UTC,Allow search by ID on finalization flow (Targeting and Goals),"",New idea,,6783323,Web Experimentation,Ivan Kulagin,_⭐ Campaign Creation Squad,2025-10-01,2025-12-31,,,,,,,,,,,,,,,,,,,,,,,,,,,,,,,,,,,,,,,,,,,,,,,,,,,,,,,,,,,,,,,,,,,,,,,,,,,,,,,,,,,,,,,,,,,,,,,,,,,,,,,,,,,,,,,,
31108682,feature,2025-04-01 08:34:33 UTC,2025-04-24 08:06:35 UTC,Admin BO - Resend activation email,User story \#34666 \- Admin BO \- Resend activation email   <https://project.kameleoon.net/issues/34666> ,Released,,31139396,Admin BO,Yassin Hassan,_⭐ Admin & Engine Squad,2025-04-01,2025-04-24,,,,,,,,,,,,,,,,,,,,,,,,,,,,,,,,,,,,,,,,,,,,,,,,,,,,,,,,,,,,,,,,,,,,,,,,,,,,,,,,,,,,,,,,,,,,,,,,,,,,,,,,,,,,,,,,
31110868,feature,2025-04-01 11:59:47 UTC,2025-06-04 10:20:17 UTC,Add Google recaptcha on login page,"",Planned,,31139405,Login & Sign up,Yassin Hassan,_⭐ Admin & Engine Squad,2025-08-01,2025-08-30,,,,,,,,,,,,,,,,,,,,,,,,,,,,,,,,,,,,,,,,,,,,,,,,,,,,,,,,,,,,,,,,,,,,,,,,,,,,,,,,,,,,,,,,,,,,,,,,,,,,,,,,,,,,,,,,
31111389,feature,2025-04-01 12:41:54 UTC,2025-04-24 19:36:35 UTC,Admin BO - Kameleoon Admin login to bypass activation rules,User story \#34354 \- Kameleoon Admin login to bypass activation rules   <https://project.kameleoon.net/issues/34354> <span data-preserve-white-space></span>         ,Released,,31139467,Others,Yassin Hassan,_⭐ Admin & Engine Squad,2025-04-01,2025-04-10,,,,,,,,,,,,,,,,,,,,,,,,,,,,,,,,,,,,,,,,,,,,,,,,,,,,,,,,,,,,,,,,,,,,,,,,,,,,,,,,,,,,,,,,,,,,,,,,,,,,,,,,,,,,,,,,
31129521,feature,2025-04-02 14:02:24 UTC,2025-04-02 14:12:57 UTC,Lot 0 - Nouveau dashboard perso,"",Development in progress,,30430500,BPCE,Fabien DIMEGLIO,_⭐BPCE squad,2025-02-01,2025-06-30,,,,,,,,,,,,,,,,,,,,,,,,,,,,,,,,,,,,,,,,,,,,,,,,,,,,,,,,,,,,,,,,,,,,,,,,,,,,,,,,,,,,,,,,,,,,,,,,,,,,,,,,,,,,,,,,
31129682,subfeature,2025-04-02 14:10:14 UTC,2025-04-02 14:38:01 UTC,Conception & développement,"",Development in progress,,31129521,Lot 0 - Nouveau dashboard perso,Fabien DIMEGLIO,_⭐BPCE squad,2025-02-01,2025-05-12,,,,,,,,,,,,,,,,,,,,,,,,,,,,,,,,,,,,,,,,,,,,,,,,,,,,,,,,,,,,,,,,,,,,,,,,,,,,,,,,,,,,,,,,,,,,,,,,,,,,,,,,,,,,,,,,
31129695,subfeature,2025-04-02 14:11:28 UTC,2025-04-02 14:38:09 UTC,Testing national,"",Planned,,31129521,Lot 0 - Nouveau dashboard perso,Fabien DIMEGLIO,_⭐BPCE squad,2025-05-13,2025-06-10,,,,,,,,,,,,,,,,,,,,,,,,,,,,,,,,,,,,,,,,,,,,,,,,,,,,,,,,,,,,,,,,,,,,,,,,,,,,,,,,,,,,,,,,,,,,,,,,,,,,,,,,,,,,,,,,
31129709,subfeature,2025-04-02 14:12:22 UTC,2025-04-02 14:38:06 UTC,Déploiement progressif,"",Planned,,31129521,Lot 0 - Nouveau dashboard perso,Fabien DIMEGLIO,_⭐BPCE squad,2025-06-11,2025-06-30,,,,,,,,,,,,,,,,,,,,,,,,,,,,,,,,,,,,,,,,,,,,,,,,,,,,,,,,,,,,,,,,,,,,,,,,,,,,,,,,,,,,,,,,,,,,,,,,,,,,,,,,,,,,,,,,
31130272,feature,2025-04-02 14:41:29 UTC,2025-04-02 14:41:40 UTC,hhh,"",New idea,,30430500,BPCE,Fabien DIMEGLIO,"",2025-01-25,2025-02-24,,,,,,,,,,,,,,,,,,,,,,,,,,,,,,,,,,,,,,,,,,,,,,,,,,,,,,,,,,,,,,,,,,,,,,,,,,,,,,,,,,,,,,,,,,,,,,,,,,,,,,,,,,,,,,,,
31130287,feature,2025-04-02 14:42:00 UTC,2025-04-02 14:42:07 UTC,ggg,"",New idea,,30430500,BPCE,Fabien DIMEGLIO,_⭐BPCE squad,2025-02-01,2025-03-03,,,,,,,,,,,,,,,,,,,,,,,,,,,,,,,,,,,,,,,,,,,,,,,,,,,,,,,,,,,,,,,,,,,,,,,,,,,,,,,,,,,,,,,,,,,,,,,,,,,,,,,,,,,,,,,,
31139392,product,2025-04-03 09:53:34 UTC,2025-04-03 09:53:34 UTC,Admin & Engine,"",New idea,,,,Yassin Hassan,"",,,,,,,,,,,,,,,,,,,,,,,,,,,,,,,,,,,,,,,,,,,,,,,,,,,,,,,,,,,,,,,,,,,,,,,,,,,,,,,,,,,,,,,,,,,,,,,,,,,,,,,,,,,,,,,,,,
31139396,component,2025-04-03 09:54:10 UTC,2025-04-03 09:54:10 UTC,Admin BO,"",New idea,,31139392,Admin & Engine,Yassin Hassan,"",,,,,,,,,,,,,,,,,,,,,,,,,,,,,,,,,,,,,,,,,,,,,,,,,,,,,,,,,,,,,,,,,,,,,,,,,,,,,,,,,,,,,,,,,,,,,,,,,,,,,,,,,,,,,,,,,,
31139405,component,2025-04-03 09:54:57 UTC,2025-04-03 09:57:51 UTC,Login & Sign up,"",New idea,,31139449,Access Management,Yassin Hassan,"",,,,,,,,,,,,,,,,,,,,,,,,,,,,,,,,,,,,,,,,,,,,,,,,,,,,,,,,,,,,,,,,,,,,,,,,,,,,,,,,,,,,,,,,,,,,,,,,,,,,,,,,,,,,,,,,,,
31139411,component,2025-04-03 09:55:33 UTC,2025-04-03 10:04:17 UTC,Others,"",New idea,,31139392,Admin & Engine,Yassin Hassan,"",,,,,,,,,,,,,,,,,,,,,,,,,,,,,,,,,,,,,,,,,,,,,,,,,,,,,,,,,,,,,,,,,,,,,,,,,,,,,,,,,,,,,,,,,,,,,,,,,,,,,,,,,,,,,,,,,,
31139417,component,2025-04-03 09:55:52 UTC,2025-04-03 09:55:52 UTC,Users & Teams,"",New idea,,31139392,Admin & Engine,Yassin Hassan,"",,,,,,,,,,,,,,,,,,,,,,,,,,,,,,,,,,,,,,,,,,,,,,,,,,,,,,,,,,,,,,,,,,,,,,,,,,,,,,,,,,,,,,,,,,,,,,,,,,,,,,,,,,,,,,,,,,
31139434,component,2025-04-03 09:56:11 UTC,2025-04-03 10:04:47 UTC,Engine,"",New idea,,31139392,Admin & Engine,Yassin Hassan,"",,,,,,,,,,,,,,,,,,,,,,,,,,,,,,,,,,,,,,,,,,,,,,,,,,,,,,,,,,,,,,,,,,,,,,,,,,,,,,,,,,,,,,,,,,,,,,,,,,,,,,,,,,,,,,,,,,
31139449,component,2025-04-03 09:57:47 UTC,2025-04-03 10:04:35 UTC,Access Management,"",New idea,,31139392,Admin & Engine,Yassin Hassan,"",,,,,,,,,,,,,,,,,,,,,,,,,,,,,,,,,,,,,,,,,,,,,,,,,,,,,,,,,,,,,,,,,,,,,,,,,,,,,,,,,,,,,,,,,,,,,,,,,,,,,,,,,,,,,,,,,,
31139467,component,2025-04-03 09:59:24 UTC,2025-04-03 09:59:24 UTC,Others,"",New idea,,31139449,Access Management,Yassin Hassan,"",,,,,,,,,,,,,,,,,,,,,,,,,,,,,,,,,,,,,,,,,,,,,,,,,,,,,,,,,,,,,,,,,,,,,,,,,,,,,,,,,,,,,,,,,,,,,,,,,,,,,,,,,,,,,,,,,,
31139485,component,2025-04-03 10:00:46 UTC,2025-04-03 10:04:14 UTC,Projects,"",New idea,,31139392,Admin & Engine,Yassin Hassan,"",,,,,,,,,,,,,,,,,,,,,,,,,,,,,,,,,,,,,,,,,,,,,,,,,,,,,,,,,,,,,,,,,,,,,,,,,,,,,,,,,,,,,,,,,,,,,,,,,,,,,,,,,,,,,,,,,,
31140738,feature,2025-04-03 12:03:44 UTC,2025-04-08 08:57:24 UTC,Updating dataPipelineConfigurationKey Assignment,User story \#34748 \- Add the new data pipeline configuration key = ROW for rest of world customer   <https://project.kameleoon.net/issues/34748> ,Released,,31139411,Others,Yassin Hassan,_⭐ Admin & Engine Squad,2025-04-01,2025-04-08,,,,,,,,,,,,,,,,,,,,,,,,,,,,,,,,,,,,,,,,,,,,,,,,,,,,,,,,,,,,,,,,,,,,,,,,,,,,,,,,,,,,,,,,,,,,,,,,,,,,,,,,,,,,,,,,
31156478,feature,2025-04-04 09:37:29 UTC,2025-04-04 09:46:50 UTC,Calculate the size of your segments,"",New idea,,9564798,Common APP pages,Loreena,"",,,,,,,,,,,,,,,,,,,,,,,,,,,,,,,,,,,,,,,,,,,,,,,,,,,,,,,,,,,,,,,,,,,,,,,,,,,,,,,,,,,,,,,,,,,,,,,,,,,,,,,,,,,,,,,,,,
31161925,feature,2025-04-04 14:04:17 UTC,2025-04-04 14:05:56 UTC,Script Versioning & Rollback,"## 📒 **Feature short description:** BeIng able to roll back the engine script to the previous version\. --- ## 📄 Attached documents - **Figma file**: optional \(paste link\) - **Spec file**: optional \(paste link\) - **Redmine ticket**: mandatory  \(paste link\) - **Image:** mandatory, to illustrate the topic <p></p> ",New idea,,31139434,Engine,Yassin Hassan,_⭐ Admin & Engine Squad,,,,,,,,,,,,,,,,,,,,,,,,,,,,,,,,,,,,,,,,,,,,,,,,,,,,,,,,,,,,,,,,,,,,,,,,,,,,,,,,,,,,,,,,,,,,,,,,,,,,,,,,,,,,,,,,,,
31162075,feature,2025-04-04 14:13:59 UTC,2025-04-04 14:14:39 UTC,Excluding specific page URLs from the SPA option,"## 📒 **Feature short description:** Excluding specific page URLs from the SPA option\. --- ## 📄 Attached documents - **Figma file**: optional \(paste link\) - **Spec file**: optional \(paste link\) - **Redmine ticket**: mandatory  \(paste link\) - **Image:** mandatory, to illustrate the topic <p></p> ",New idea,,31139485,Projects,Yassin Hassan,_⭐ Admin & Engine Squad,,,,,,,,,,,,,,,,,,,,,,,,,,,,,,,,,,,,,,,,,,,,,,,,,,,,,,,,,,,,,,,,,,,,,,,,,,,,,,,,,,,,,,,,,,,,,,,,,,,,,,,,,,,,,,,,,,
31162114,feature,2025-04-04 14:16:51 UTC,2025-04-04 14:17:34 UTC,Project IP whitelist to support IPv6,"## 📒 **Feature short description:** Project IP whitelist to support IPv6 --- ## 📄 Attached documents - **Figma file**: optional \(paste link\) - **Spec file**: optional \(paste link\) - **Redmine ticket**: mandatory  \(paste link\) - **Image:** mandatory, to illustrate the topic <p></p> ",New idea,,31139485,Projects,Yassin Hassan,_⭐ Admin & Engine Squad,,,,,,,,,,,,,,,,,,,,,,,,,,,,,,,,,,,,,,,,,,,,,,,,,,,,,,,,,,,,,,,,,,,,,,,,,,,,,,,,,,,,,,,,,,,,,,,,,,,,,,,,,,,,,,,,,,
31172189,feature,2025-04-07 08:34:09 UTC,2025-08-04 10:32:11 UTC,Selector tree search by id and customid,"",Released,,9564787,Graphic editor,Ivan Kulagin,_⭐ Campaign Creation Squad,2025-06-01,2025-06-30,,,,,,,,,,,,,,,,,,,,,,,,,,,,,,,,,,,,,,,,,,,,,,,,,,,,,,,,,,,,,,,,,,,,,,,,,,,,,,,,,,,,,,,,,,,,,,,,,,,,,,,,,,,,,,,,
31172975,subfeature,2025-04-07 09:21:22 UTC,2025-07-24 12:19:04 UTC,Recombination of most / least used actions,"",Planned,,30699280,Design tab simplification/redesign,Ivan Kulagin,_⭐ Campaign Creation Squad,2025-12-01,2025-12-31,,,,,,,,,,,,,,,,,,,,,,,,,,,,,,,,,,,,,,,,,,,,,,,,,,,,,,,,,,,,,,,,,,,,,,,,,,,,,,,,,,,,,,,,,,,,,,,,,,,,,,,,,,,,,,,,
31172976,subfeature,2025-04-07 09:21:31 UTC,2025-07-24 12:19:02 UTC,Improving the edit of text fields,"",Planned,,30699280,Design tab simplification/redesign,Ivan Kulagin,_⭐ Campaign Creation Squad,2025-12-01,2025-12-31,,,,,,,,,,,,,,,,,,,,,,,,,,,,,,,,,,,,,,,,,,,,,,,,,,,,,,,,,,,,,,,,,,,,,,,,,,,,,,,,,,,,,,,,,,,,,,,,,,,,,,,,,,,,,,,,
31172984,subfeature,2025-04-07 09:22:36 UTC,2025-07-24 12:19:07 UTC,"Apply ""auto"" value to height width etc","",New idea,,30699280,Design tab simplification/redesign,Ivan Kulagin,_⭐ Campaign Creation Squad,2025-11-01,2025-11-30,,,,,,,,,,,,,,,,,,,,,,,,,,,,,,,,,,,,,,,,,,,,,,,,,,,,,,,,,,,,,,,,,,,,,,,,,,,,,,,,,,,,,,,,,,,,,,,,,,,,,,,,,,,,,,,,
31172997,subfeature,2025-04-07 09:23:28 UTC,2025-05-13 12:02:57 UTC,Web site color palette to text,"",Released,,30699280,Design tab simplification/redesign,Ivan Kulagin,_⭐ Campaign Creation Squad,2025-05-01,2025-05-31,,,,,,,,,,,,,,,,,,,,,,,,,,,,,,,,,,,,,,,,,,,,,,,,,,,,,,,,,,,,,,,,,,,,,,,,,,,,,,,,,,,,,,,,,,,,,,,,,,,,,,,,,,,,,,,,
31173002,subfeature,2025-04-07 09:23:51 UTC,2025-07-24 12:18:48 UTC,Improve open dropdown state,"",New idea,,30699280,Design tab simplification/redesign,Ivan Kulagin,_⭐ Campaign Creation Squad,2025-10-01,2025-10-31,,,,,,,,,,,,,,,,,,,,,,,,,,,,,,,,,,,,,,,,,,,,,,,,,,,,,,,,,,,,,,,,,,,,,,,,,,,,,,,,,,,,,,,,,,,,,,,,,,,,,,,,,,,,,,,,
31173003,subfeature,2025-04-07 09:23:55 UTC,2025-07-24 12:18:55 UTC,Simplify the border behavior,"",New idea,,30699280,Design tab simplification/redesign,Ivan Kulagin,_⭐ Campaign Creation Squad,2025-10-01,2025-10-31,,,,,,,,,,,,,,,,,,,,,,,,,,,,,,,,,,,,,,,,,,,,,,,,,,,,,,,,,,,,,,,,,,,,,,,,,,,,,,,,,,,,,,,,,,,,,,,,,,,,,,,,,,,,,,,,
31175194,feature,2025-04-07 12:55:12 UTC,2025-11-17 12:44:17 UTC,Single click element selection,"",Released,,9564787,Graphic editor,Ivan Kulagin,_⭐ Campaign Creation Squad,2025-06-01,2025-06-30,,,,,,,,,,,,,,,,,,,,,,,,,,,,,,,,,,,,,,,,,,,,,,,,,,,,,,,,,,,,,,,,,,,,,,,,,,,,,,,,,,,,,,,,,,,,,,,,,,,,,,,,,,,,,,,,
31175227,feature,2025-04-07 12:58:14 UTC,2025-08-04 10:32:25 UTC,Parent tree visual improvement,"",Design in progress,,9564787,Graphic editor,Ivan Kulagin,_⭐ Campaign Creation Squad,2025-10-31,2025-11-30,,,,,,,,,,,,,,,,,,,,,,,,,,,,,,,,,,,,,,,,,,,,,,,,,,,,,,,,,,,,,,,,,,,,,,,,,,,,,,,,,,,,,,,,,,,,,,,,,,,,,,,,,,,,,,,,
31175303,feature,2025-04-07 13:01:54 UTC,2025-08-04 10:32:12 UTC,Element duplication after itself,"",New idea,,9564787,Graphic editor,Ivan Kulagin,_⭐ Campaign Creation Squad,2025-12-01,2025-12-31,,,,,,,,,,,,,,,,,,,,,,,,,,,,,,,,,,,,,,,,,,,,,,,,,,,,,,,,,,,,,,,,,,,,,,,,,,,,,,,,,,,,,,,,,,,,,,,,,,,,,,,,,,,,,,,,
31175823,feature,2025-04-07 13:26:02 UTC,2025-08-04 10:32:37 UTC,Enhance code window in GE for Variation code,"",New idea,,9564787,Graphic editor,Ivan Kulagin,_⭐ Campaign Creation Squad,2026-02-01,2026-03-02,,,,,,,,,,,,,,,,,,,,,,,,,,,,,,,,,,,,,,,,,,,,,,,,,,,,,,,,,,,,,,,,,,,,,,,,,,,,,,,,,,,,,,,,,,,,,,,,,,,,,,,,,,,,,,,,
31176102,subfeature,2025-04-07 13:40:15 UTC,2025-04-07 13:57:23 UTC,Allow changing object-fit for an IMG,"",New idea,,30699280,Design tab simplification/redesign,Ivan Kulagin,_⭐ Campaign Creation Squad,2026-01-01,2026-03-31,,,,,,,,,,,,,,,,,,,,,,,,,,,,,,,,,,,,,,,,,,,,,,,,,,,,,,,,,,,,,,,,,,,,,,,,,,,,,,,,,,,,,,,,,,,,,,,,,,,,,,,,,,,,,,,,
31176155,feature,2025-04-07 13:44:51 UTC,2025-04-22 08:28:01 UTC,Add an ability to see generated variation code from GE and Finalization,"",New idea,,9564787,Graphic editor,Ivan Kulagin,_⭐ Campaign Creation Squad,2025-11-01,2025-11-30,,,,,,,,,,,,,,,,,,,,,,,,,,,,,,,,,,,,,,,,,,,,,,,,,,,,,,,,,,,,,,,,,,,,,,,,,,,,,,,,,,,,,,,,,,,,,,,,,,,,,,,,,,,,,,,,
31176307,feature,2025-04-07 13:53:45 UTC,2025-04-07 13:57:01 UTC,Duplicating element to other pages,"",New idea,,9564787,Graphic editor,Ivan Kulagin,_⭐ Campaign Creation Squad,2026-01-01,2026-03-31,,,,,,,,,,,,,,,,,,,,,,,,,,,,,,,,,,,,,,,,,,,,,,,,,,,,,,,,,,,,,,,,,,,,,,,,,,,,,,,,,,,,,,,,,,,,,,,,,,,,,,,,,,,,,,,,
31176505,feature,2025-04-07 14:10:59 UTC,2025-08-04 10:32:55 UTC,Graphic Editor as part  of Finalization flow,"",Planned,,9564787,Graphic editor,Ivan Kulagin,_⭐ Campaign Creation Squad,2025-10-01,2025-12-30,,,,,,,,,,,,,,,,,,,,,,,,,,,,,,,,,,,,,,,,,,,,,,,,,,,,,,,,,,,,,,,,,,,,,,,,,,,,,,,,,,,,,,,,,,,,,,,,,,,,,,,,,,,,,,,,
31177020,feature,2025-04-07 14:42:08 UTC,2025-07-24 09:47:28 UTC,Traffic allocation behavior unification,Adopt FE behavior to WebExperimentation on Finalization flow for traffic allocation \(in particular with the general exposure and variation percents ,Released,,6783323,Web Experimentation,Ivan Kulagin,_⭐ Campaign Creation Squad,2025-06-06,2025-07-05,,,,,,,,,,,,,,,,,,,,,,,,,,,,,,,,,,,,,,,,,,,,,,,,,,,,,,,,,,,,,,,,,,,,,,,,,,,,,,,,,,,,,,,,,,,,,,,,,,,,,,,,,,,,,,,,
31177849,feature,2025-04-07 15:34:06 UTC,2025-05-16 12:15:12 UTC,Code editor saving improvements,"Improve visual cues of Code editor saving <span data-preserve-white-space></span>   Problem:   Client pointed out that the save action doesn’t provide a strong visual confirmation\. When they save their code, there’s very little feedback: currently it just says ""Saved 0 minutes ago"", which isn’t clear enough to confirm the action was successful\. This can lead to confusion or frustration\. Additionally, in the previous version of the code editor, it was possible to use CTRL\+S to save directly\. Now, using that shortcut triggers the browser’s native “Save As” dialog, which saves the entire page, not the code in the editor\. ",Released,,6783323,Web Experimentation,Ivan Kulagin,_⭐ Campaign Creation Squad,2025-04-16,2025-05-15,,,,,,,,,,,,,,,,,,,,,,,,,,,,,,,,,,,,,,,,,,,,,,,,,,,,,,,,,,,,,,,,,,,,,,,,,,,,,,,,,,,,,,,,,,,,,,,,,,,,,,,,,,,,,,,,
31177950,feature,2025-04-07 15:41:41 UTC,2025-04-07 15:48:34 UTC,Currency management,"",New idea,,6783323,Web Experimentation,Calixthe Mattei,"",2025-04-07,2025-05-07,,,,,,,,,,,,,,,,,,,,,,,,,,,,,,,,,,,,,,,,,,,,,,,,,,,,,,,,,,,,,,,,,,,,,,,,,,,,,,,,,,,,,,,,,,,,,,,,,,,,,,,,,,,,,,,,
31177997,feature,2025-04-07 15:45:56 UTC,2025-06-06 12:46:36 UTC,Goal Metadata in RP,"- On par capabilities compared to competitors - Allow customers to have a ""Master goal"" that can get several conversions into one \(example : any clicks on a link on the homepage is a conversion\) - For these Master Goals, each conversion contains metadata indiciating which link was clicked ""ex: Putting a MasterGoal on the Menu, and each conversion contains the name of the submenu that was clicked\) - Allow customer to set custom properties for a goal <span data-preserve-white-space></span> - Allow customer to breakdown its test result using a goal property - Allow customer to export a goal's property \(raw\) - Encourage users to provide textual description for each goal - Add a specific custom property \-\-\> guardrail \- automatically attach all guardrail goals to each experiment - Enable \/ disable the revenue info on the goals if it is not a monetary goal <p></p> ",Development in progress,,6783364,"Data, Common  & Infrastructure",Calixthe Mattei,"_⭐ Reporting Squad, #VOC1_2025",2025-07-01,2025-07-10,,,,,,,,,,,,,,,,,,,,,,,,,,,,,,,,,,,,,,,,,,,,,,,,,,,,,,,,,,,,,,,,,,,,,,,,,,,,,,,,,,,,,,,,,,,,,,,,,,,,,,,,,,,,,,,,
31177998,subfeature,2025-04-07 15:45:56 UTC,2025-04-07 15:45:56 UTC,Encourage users to provide textual description for each goal (duplicate),"",New idea,,31177997,Goal Metadata in RP,Calixthe Mattei,_⭐ Reporting Squad,,,,,,,,,,,,,,,,,,,,,,,,,,,,,,,,,,,,,,,,,,,,,,,,,,,,,,,,,,,,,,,,,,,,,,,,,,,,,,,,,,,,,,,,,,,,,,,,,,,,,,,,,,,,,,,,,,
31177999,subfeature,2025-04-07 15:45:56 UTC,2025-04-07 15:45:56 UTC,"Multiple currencies management: Be able to have a unique RP, with combined and converted data for all currencies (processconversion API) (duplicate)",See Dynamic Yield and investigate the topic <p></p> ,Planned,,31177997,Goal Metadata in RP,Calixthe Mattei,_⭐ Reporting Squad,,,,,,,,60,,,,,,,,,,,,,,#2 - Needs of mature XP teams,,,,,,,,,,,,,,,,Squad Data,,,,GA4 has it + some customers do not launch some desired experilments cause of this,30,30,,,,,,,,,,,,,,,,,,,,,,,,,,,,,,,,,,,,,,,,,,,,,,,,,,,,,,,,,,,,,,,,,,,,,,
31178000,subfeature,2025-04-07 15:45:56 UTC,2025-04-07 15:45:56 UTC,Set custom properties for a goal (duplicate),"",New idea,,31177997,Goal Metadata in RP,Calixthe Mattei,_⭐ Reporting Squad,,,,,,,,,,,,,,,,,,,,,,,,,,,,,,,,,,,,,,,,,,,,,,,,,,,,,,,,,,,,,,,,,,,,,,,,,,,,,,,,,,,,,,,,,,,,,,,,,,,,,,,,,,,,,,,,,,
31178001,subfeature,2025-04-07 15:45:56 UTC,2025-04-07 15:45:56 UTC,Allow to breakdown with this goal's property (duplicate),"",New idea,,31177997,Goal Metadata in RP,Calixthe Mattei,_⭐ Reporting Squad,,,,,,,,,,,,,,,,,,,,,,,,,,,,,,,,,,,,,,,,,,,,,,,,,,,,,,,,,,,,,,,,,,,,,,,,,,,,,,,,,,,,,,,,,,,,,,,,,,,,,,,,,,,,,,,,,,
31178002,subfeature,2025-04-07 15:45:56 UTC,2025-04-07 15:45:56 UTC,Allow customer to export a goal's property (raw) (duplicate),"",New idea,,31177997,Goal Metadata in RP,Calixthe Mattei,_⭐ Reporting Squad,,,,,,,,,,,,,,,,,,,,,,,,,,,,,,,,,,,,,,,,,,,,,,,,,,,,,,,,,,,,,,,,,,,,,,,,,,,,,,,,,,,,,,,,,,,,,,,,,,,,,,,,,,,,,,,,,,
31178003,subfeature,2025-04-07 15:45:56 UTC,2025-04-07 15:45:56 UTC,Goal option : Exit rate (duplicate),Take it into account in the Merge Goal metric <p></p> ,Planned,,31177997,Goal Metadata in RP,Calixthe Mattei,_⭐ Reporting Squad,,,,,,,,20,,,,,,,,,,,,,,#1  - Frictionless experience,,,,,,,,,,,,,,,,,,,,Several internal requests,10,10,,,,,,,,,,,,,,,,,,,,,,,,,,,,,,,,,,,,,,,,,,,,,,,,,,,,,,,,,,,,,,,,,,,,,,
31178004,subfeature,2025-04-07 15:45:56 UTC,2025-04-07 15:45:56 UTC,Add possibility to set goal as guardrail (duplicate),Allow customer to tag \/ define some goals as guardrail metric \/ goal\. The goals tagged as guardrail would be automatically included in all the test\. Add tooltip to warn about multiple comparison ? \(look for lower p\-values\) ,New idea,,31177997,Goal Metadata in RP,Calixthe Mattei,_⭐ Reporting Squad,,,,,,,,,,,,,,,,,,,,,,,,,,,,,,,,,,,,,,Squad Data,,,,,,,,,,,,,,,,,,,,,,,,,,,,,,,,,,,,,,,,,,,,,,,,,,,,,,,,,,,,,,,,,,,,,,,,,,,,
31178037,feature,2025-04-07 15:48:12 UTC,2025-04-16 16:21:53 UTC,TOP KPIs Refactor,"",New idea,,6783323,Web Experimentation,Calixthe Mattei,_⭐ Reporting Squad,2026-01-08,2026-02-07,,,,,,,,,,,,,,,,,,,,,,,,,,,,,,,,,,,,,,,,,,,,,,,,,,,,,,,,,,,,,,,,,,,,,,,,,,,,,,,,,,,,,,,,,,,,,,,,,,,,,,,,,,,,,,,,
31178063,feature,2025-04-07 15:50:13 UTC,2025-04-16 16:22:33 UTC,RP Sunset - UX improvements,"",Planned,,6783323,Web Experimentation,Calixthe Mattei,_⭐ Reporting Squad,2026-01-05,2026-02-28,,,,,,,,,,,,,,,,,,,,,,,,,,,,,,,,,,,,,,,,,,,,,,,,,,,,,,,,,,,,,,,,,,,,,,,,,,,,,,,,,,,,,,,,,,,,,,,,,,,,,,,,,,,,,,,,
31178089,feature,2025-04-07 15:52:26 UTC,2025-04-07 15:53:05 UTC,Homepage support,"",Planned,,6783323,Web Experimentation,Calixthe Mattei,_⭐ Reporting Squad,2025-05-23,2025-09-30,,,,,,,,,,,,,,,,,,,,,,,,,,,,,,,,,,,,,,,,,,,,,,,,,,,,,,,,,,,,,,,,,,,,,,,,,,,,,,,,,,,,,,,,,,,,,,,,,,,,,,,,,,,,,,,,
31178108,feature,2025-04-07 15:54:27 UTC,2025-10-31 20:55:05 UTC,VOC RP,"",New idea,,9564753,Widgets,Calixthe Mattei,_⭐ Reporting Squad,2025-09-30,2025-11-30,,,,,,,,,,,,,,,,,,,,,,,,,,,,,,,,,,,,,,,,,,,,,,,,,,,,,,,,,,,,,,,,,,,,,,,,,,,,,,,,,,,,,,,,,,,,,,,,,,,,,,,,,,,,,,,,
31188251,feature,2025-04-08 10:28:59 UTC,2025-07-08 11:03:43 UTC,Custom Bucketing Key,"A **custom bucketing key** will allow you to control how users are consistently assigned to variations based on a user\-defined identifier rather than the default one \(visitor code\)\. This is especially useful when your customers such as agencies \(or certain applications\) need to group users differently than the default logic — for example, by account ID, session ID, device ID, or any other relevant key in your business logic\. By using a custom bucketing key, you ensure that the same entity \(e\.g\., a company or group\) always gets the same variation, even if individual users change or switch devices\. It’s also helpful in B2B contexts where features should be rolled out at the **account level**, not the user level\. This flexibility gives you greater targeting precision, consistency, and control in your rollouts and experiments\. ",Released,,8692201,Feature Experimentation,Junaid Gulzar Malik,_⭐ Feature Experimentation Squad,2025-03-11,2025-06-30,,,,,,,,,,,,,,,,,,,,,,,,,,,,,,,,,,,,,,,,,,,,,,,,,,,,,,,,,,,,,,,,,,,,,,,,,,,,,,,,,,,,,,,,,,,,,,,,,,,,,,,,,,,,,,,,
31188301,subfeature,2025-04-08 10:34:35 UTC,2025-07-08 11:04:26 UTC,GA4 Integration,"",Released,,26725672,Environment-specific Integrations,Junaid Gulzar Malik,_⭐ Feature Experimentation Squad,2025-03-04,2025-06-02,,,,,,,,,,,,,,,,,,,,,,,,,,,,,,,,,,,,,,,,,,,,,,,,,,,,,,,,,,,,,,,,,,,,,,,,,,,,,,,,,,,,,,,,,,,,,,,,,,,,,,,,,,,,,,,,
31188313,feature,2025-04-08 10:36:28 UTC,2025-09-26 14:03:52 UTC,Triggers for FXP,"",Released,,8692201,Feature Experimentation,Junaid Gulzar Malik,_⭐ Feature Experimentation Squad,2025-04-01,2025-06-30,,,,,,,,,,,,,,,,,,,,,,,,,,,,,,,,,,,,,,,,,,,,,,,,,,,,,,,,,,,,,,,,,,,,,,,,,,,,,,,,,,,,,,,,,,,,,,,,,,,,,,,,,,,,,,,,
31204366,subfeature,2025-04-09 13:23:58 UTC,2025-06-05 11:59:13 UTC,Teams & Users (Designs),"",New idea,,26199665,New Admin pages in app,Yassin Hassan,"_⭐ Admin & Engine Squad, 🎯OKR",2025-04-01,2025-06-30,,,,,,,,,,,,,,,,,,,,,,,,,,,,,,,,,,,,,,,,,,,,,,,,,,,,,,,,,,,,,,,,,,,,,,,,,,,,,,,,,,,,,,,,,,,,,,,,,,,,,,,,,,,,,,,,
31204375,subfeature,2025-04-09 13:24:28 UTC,2025-06-05 11:59:32 UTC,Teams & Users (Beta),"",New idea,,26199665,New Admin pages in app,Yassin Hassan,"_⭐ Admin & Engine Squad, 🎯OKR",2025-07-01,2025-09-30,,,,,,,,,,,,,,,,,,,,,,,,,,,,,,,,,,,,,,,,,,,,,,,,,,,,,,,,,,,,,,,,,,,,,,,,,,,,,,,,,,,,,,,,,,,,,,,,,,,,,,,,,,,,,,,,
31204378,subfeature,2025-04-09 13:24:34 UTC,2025-04-09 13:27:43 UTC,Teams & Users (GA),"",New idea,,26199665,New Admin pages in app,Yassin Hassan,"_⭐ Admin & Engine Squad, 🎯OKR",2025-10-01,2025-12-31,,,,,,,,,,,,,,,,,,,,,,,,,,,,,,,,,,,,,,,,,,,,,,,,,,,,,,,,,,,,,,,,,,,,,,,,,,,,,,,,,,,,,,,,,,,,,,,,,,,,,,,,,,,,,,,,
31204394,subfeature,2025-04-09 13:25:28 UTC,2025-06-05 11:59:22 UTC,"Project installation, configuration, and organization pages (Design)","",New idea,,26199665,New Admin pages in app,Yassin Hassan,"_⭐ Admin & Engine Squad, 🎯OKR",2025-07-01,2025-08-30,,,,,,,,,,,,,,,,,,,,,,,,,,,,,,,,,,,,,,,,,,,,,,,,,,,,,,,,,,,,,,,,,,,,,,,,,,,,,,,,,,,,,,,,,,,,,,,,,,,,,,,,,,,,,,,,
31204395,subfeature,2025-04-09 13:25:32 UTC,2025-06-05 11:59:42 UTC,"Project installation, configuration, and organization pages (Beta)","",New idea,,26199665,New Admin pages in app,Yassin Hassan,"_⭐ Admin & Engine Squad, 🎯OKR",2025-08-31,2025-11-30,,,,,,,,,,,,,,,,,,,,,,,,,,,,,,,,,,,,,,,,,,,,,,,,,,,,,,,,,,,,,,,,,,,,,,,,,,,,,,,,,,,,,,,,,,,,,,,,,,,,,,,,,,,,,,,,
31204397,subfeature,2025-04-09 13:25:36 UTC,2025-04-09 13:32:33 UTC,"Project installation, configuration, and organization pages (GA)","",New idea,,26199665,New Admin pages in app,Yassin Hassan,"_⭐ Admin & Engine Squad, 🎯OKR",2025-12-01,2025-12-31,,,,,,,,,,,,,,,,,,,,,,,,,,,,,,,,,,,,,,,,,,,,,,,,,,,,,,,,,,,,,,,,,,,,,,,,,,,,,,,,,,,,,,,,,,,,,,,,,,,,,,,,,,,,,,,,
31204530,feature,2025-04-09 13:33:45 UTC,2025-10-09 13:46:40 UTC,"Redesign access management pages (login, signup, error pages, activation form, MFA)","Release redesigned access management pages \(login, signup, error pages, activation form\) with no critical regressions post\-launch\. <p></p> User story \#28932 \- Admin Menu Redesign   <https://project.kameleoon.net/issues/28932> <p></p> User story \#35514 \- Access Management Redesign   <https://project.kameleoon.net/issues/35514> ",Released,,31139467,Others,Yassin Hassan,"_⭐ Admin & Engine Squad, 🎨 design needed, 🎯OKR",2025-05-01,2025-07-15,,,,,,,,,,,,,,,,,,,,,,,,,,,,,,,,,,,,,,,,,,,,,,,,,,,,,,,,,,,,,,,,,,,,,,,,,,,,,,,,,,,,,,,,,,,,,,,,,,,,,,,,,,,,,,,,
31204563,feature,2025-04-09 13:35:53 UTC,2025-05-05 10:51:24 UTC,Redesign notification emails,"Release redesigned notification emails for all flows under squad scope, with consistent design system usage\. ",New idea,,31139411,Others,Yassin Hassan,"_⭐ Admin & Engine Squad, 🎨 design needed, 🎯OKR",2025-07-01,2025-07-31,,,,,,,,,,,,,,,,,,,,,,,,,,,,,,,,,,,,,,,,,,,,,,,,,,,,,,,,,,,,,,,,,,,,,,,,,,,,,,,,,,,,,,,,,,,,,,,,,,,,,,,,,,,,,,,,
31204627,feature,2025-04-09 13:40:02 UTC,2025-05-05 10:51:54 UTC,Add at least one new native MFA method or SSO provider,"",New idea,,31139467,Others,Yassin Hassan,"_⭐ Admin & Engine Squad, 🎨 design needed, 🎯OKR",2025-10-01,2025-11-30,,,,,,,,,,,,,,,,,,,,,,,,,,,,,,,,,,,,,,,,,,,,,,,,,,,,,,,,,,,,,,,,,,,,,,,,,,,,,,,,,,,,,,,,,,,,,,,,,,,,,,,,,,,,,,,,
31204657,feature,2025-04-09 13:41:15 UTC,2025-05-14 08:34:19 UTC,Document a long-term strategy for refactoring roles and permissions (including phased delivery plan),<https://support.optimizely.com/hc/en-us/articles/15858154659853-Manage-roles-and-permissions#h_01HXYZZ30XG7YVEVYMDG8AEB5P> ,New idea,,31139467,Others,Yassin Hassan,"_⭐ Admin & Engine Squad, 🎯OKR",2025-08-01,2025-10-31,,,,,,,,,,,,,,,,,,,,,,,,,,,,,,,,,,,,,,,,,,,,,,,,,,,,,,,,,,,,,,,,,,,,,,,,,,,,,,,,,,,,,,,,,,,,,,,,,,,,,,,,,,,,,,,,
31242732,feature,2025-04-14 07:28:49 UTC,2025-04-14 07:29:01 UTC,Progressive Rollout for Web Ex,"",Candidate,,6783323,Web Experimentation,Ivan Kulagin,"",,,,,,,,,,,,,,,,,,,,,,,,,,,,,,,,,,,,,,,,,,,,,,,,,,,,,,,,,,,,,,,,,,,,,,,,,,,,,,,,,,,,,,,,,,,,,,,,,,,,,,,,,,,,,,,,,,
31257924,feature,2025-04-15 11:01:04 UTC,2025-05-19 09:37:12 UTC,Admin BO - Automatic deactivation date option,User story \#35075 \- Admin BO \- Automatic deactivation date option   <https://project.kameleoon.net/issues/35075> ,Released,,31139396,Admin BO,Yassin Hassan,_⭐ Admin & Engine Squad,2025-04-01,2025-05-15,,,,,,,,,,,,,,,,,,,,,,,,,,,,,,,,,,,,,,,,,,,,,,,,,,,,,,,,,,,,,,,,,,,,,,,,,,,,,,,,,,,,,,,,,,,,,,,,,,,,,,,,,,,,,,,,
31294033,feature,2025-04-18 16:13:22 UTC,2025-04-18 16:13:22 UTC,Microsoft Planner integration,"",Rejected,,9564652,Common integrations,Isabelle Ung,"",,,,,,,,,,,,,,,,,,,,,,,,,,,,,,,,,,,,,,,,,,,,,,,,,,,,,,,,,,,,,,,,,,,,,,,,,,,,,,,,,,,,,,,,,,,,,,,,,,,,,,,,,,,,,,,,,,
31312816,feature,2025-04-22 10:32:01 UTC,2025-08-18 10:50:19 UTC,Simplification Roadmap,"",Development in progress,,25770925,Widget Studio,Lily from Kameleoon,_⭐ Visual Builders Squad,2025-02-06,2025-12-31,,,,,,,,,,,,,,,,,,,,,,,,,,,,,,,,,,,,,,,,,,,,,,,,,,,,,,,,,,,,,,,,,,,,,,,,,,,,,,,,,,,,,,,,,,,,,,,,,,,,,,,,,,,,,,,,
31316125,feature,2025-04-22 12:44:22 UTC,2025-07-08 10:21:18 UTC,Glassbox - Browser JS Tracking 2.0,"",Released,,9564652,Common integrations,Isabelle Ung,_⭐ Integrations Squad,2025-04-22,2025-05-31,,,,,,,,,,,,,,,,,,,,,,,,,,,,,,,,,,,,,,,,,,,,,,,,,,,,,,,,,,,,,,,,,,,,,,,,,,,,,,,,,,,,,,,,,,,,,,,,,,,,,,,,,,,,,,,,
31316225,feature,2025-04-22 12:49:15 UTC,2025-10-10 08:13:17 UTC,Data warehouses Query Testing,"",Released,,32146623,Data warehouses topics,Isabelle Ung,_⭐ Integrations Squad,2025-04-04,2025-09-30,,,,,,,,,,,,,,,,,,,,,,,,,,,,,,,,,,,,,,,,,,,,,,,,,,,,,,,,,,,,,,,,,,,,,,,,,,,,,,,,,,,,,,,,,,,,,,,,,,,,,,,,,,,,,,,,
31316298,feature,2025-04-22 12:53:09 UTC,2025-07-24 15:33:09 UTC,"Migrate Redshift, Snowflake, Snowplow, Bigquery to new architecture","",Released,,9564652,Common integrations,Isabelle Ung,_⭐ Integrations Squad,2025-05-11,2025-07-13,,,,,,,,,,,,,,,,,,,,,,,,,,,,,,,,,,,,,,,,,,,,,,,,,,,,,,,,,,,,,,,,,,,,,,,,,,,,,,,,,,,,,,,,,,,,,,,,,,,,,,,,,,,,,,,,
31316429,feature,2025-04-22 12:59:01 UTC,2025-11-24 09:26:00 UTC,Data warehouse improvement for audience targeting,"",Design in progress,,32146623,Data warehouses topics,Isabelle Ung,_⭐ Integrations Squad,2025-07-01,2025-12-31,,,,,,,,,,,,,,,,,,,,,,,,,,,,,,,,,,,,,,,,,,,,,,,,,,,,,,,,,,,,,,,,,,,,,,,,,,,,,,,,,,,,,,,,,,,,,,,,,,,,,,,,,,,,,,,,
31429051,feature,2025-04-30 12:10:03 UTC,2025-04-30 12:19:58 UTC,"Custom abort script (in project config, in app)","## 📒 **Feature short description:** Adding the custom abort script feature in app \(currently it's only from the admin BO\)\. --- ## 📄 Attached documents - **Figma file**: optional \(paste link\) - **Spec file**: optional \(paste link\) - **Redmine ticket**: User story \#35548 \- Custom abort script in project page     <https://project.kameleoon.net/issues/35548> - **Image:** mandatory, to illustrate the topic <p></p> ",Planned,,31139392,Admin & Engine,Yassin Hassan,"",2025-05-01,2025-05-31,,,,,,,,,,,,,,,,,,,,,,,,,,,,,,,,,,,,,,,,,,,,,,,,,,,,,,,,,,,,,,,,,,,,,,,,,,,,,,,,,,,,,,,,,,,,,,,,,,,,,,,,,,,,,,,,
31554593,feature,2025-05-13 08:00:06 UTC,2025-05-13 08:00:52 UTC,Advanced scheduling options,"",New idea,,6783323,Web Experimentation,Ivan Kulagin,"",,,,,,,,,,,,,,,,,,,,,,,,,,,,,,,,,,,,,,,,,,,,,,,,,,,,,,,,,,,,,,,,,,,,,,,,,,,,,,,,,,,,,,,,,,,,,,,,,,,,,,,,,,,,,,,,,,
31559174,subfeature,2025-05-13 11:01:55 UTC,2025-05-13 11:02:43 UTC,New Text Editor,"",New idea,,31312816,Simplification Roadmap,Lily from Kameleoon,"",,,,,,,,,,,,,,,,,,,,,,,,,,,,,,,,,,,,,,,,,,,,,,,,,,,,,,,,,,,,,,,,,,,,,,,,,,,,,,,,,,,,,,,,,,,,,,,,,,,,,,,,,,,,,,,,,,
31559175,subfeature,2025-05-13 11:02:04 UTC,2025-05-13 11:02:31 UTC,Responsive Size,"",New idea,,31312816,Simplification Roadmap,Lily from Kameleoon,"",,,,,,,,,,,,,,,,,,,,,,,,,,,,,,,,,,,,,,,,,,,,,,,,,,,,,,,,,,,,,,,,,,,,,,,,,,,,,,,,,,,,,,,,,,,,,,,,,,,,,,,,,,,,,,,,,,
31559177,subfeature,2025-05-13 11:02:26 UTC,2025-09-26 13:10:09 UTC,Header Redesign,"",Released,,31312816,Simplification Roadmap,Lily from Kameleoon,_⭐ Visual Builders Squad,2025-05-08,2025-06-26,,,,,,,,,,,,,,,,,,,,,,,,,,,,,,,,,,,,,,,,,,,,,,,,,,,,,,,,,,,,,,,,,,,,,,,,,,,,,,,,,,,,,,,,,,,,,,,,,,,,,,,,,,,,,,,,
31559233,subfeature,2025-05-13 11:09:01 UTC,2025-10-13 10:26:09 UTC,Responsive Sizing,"",Released,,31312816,Simplification Roadmap,Lily from Kameleoon,_⭐ Visual Builders Squad,2025-04-04,2025-06-26,,,,,,,,,,,,,,,,,,,,,,,,,,,,,,,,,,,,,,,,,,,,,,,,,,,,,,,,,,,,,,,,,,,,,,,,,,,,,,,,,,,,,,,,,,,,,,,,,,,,,,,,,,,,,,,,
31559246,subfeature,2025-05-13 11:10:26 UTC,2025-08-18 10:50:02 UTC,New Text Editor,"",Development in progress,,31312816,Simplification Roadmap,Lily from Kameleoon,_⭐ Visual Builders Squad,2025-04-04,2025-06-26,,,,,,,,,,,,,,,,,,,,,,,,,,,,,,,,,,,,,,,,,,,,,,,,,,,,,,,,,,,,,,,,,,,,,,,,,,,,,,,,,,,,,,,,,,,,,,,,,,,,,,,,,,,,,,,,
31559255,subfeature,2025-05-13 11:11:41 UTC,2025-09-26 13:06:27 UTC,Multi-Selection (PoC),"",Deployment in progress,,31312816,Simplification Roadmap,Lily from Kameleoon,_⭐ Visual Builders Squad,2025-05-08,2025-06-26,,,,,,,,,,,,,,,,,,,,,,,,,,,,,,,,,,,,,,,,,,,,,,,,,,,,,,,,,,,,,,,,,,,,,,,,,,,,,,,,,,,,,,,,,,,,,,,,,,,,,,,,,,,,,,,,
31559259,subfeature,2025-05-13 11:12:26 UTC,2025-10-07 15:29:57 UTC,Auto-resize Texts & Heading,"",Released,,31312816,Simplification Roadmap,Lily from Kameleoon,_⭐ Visual Builders Squad,2025-05-12,2025-09-17,,,,,,,,,,,,,,,,,,,,,,,,,,,,,,,,,,,,,,,,,,,,,,,,,,,,,,,,,,,,,,,,,,,,,,,,,,,,,,,,,,,,,,,,,,,,,,,,,,,,,,,,,,,,,,,,
31559276,subfeature,2025-05-13 11:14:52 UTC,2025-10-17 16:22:37 UTC,Select Projects Enhance,"",Development in progress,,9725443,Media library,Lily from Kameleoon,_⭐ Visual Builders Squad,2025-04-08,2025-06-30,,,,,,,,,,,,,,,,,,,,,,,,,,,,,,,,,,,,,,,,,,,,,,,,,,,,,,,,,,,,,,,,,,,,,,,,,,,,,,,,,,,,,,,,,,,,,,,,,,,,,,,,,,,,,,,,
31677631,feature,2025-05-16 14:49:36 UTC,2025-05-16 14:56:38 UTC,Native SSO SAML/OIDC integration,"## 📒 **Feature short description:** Enable native integration with any Single Sign\-On \(SSO\) provider by supporting standards\-based authentication protocols \(e\.g\., SAML, OAuth, OpenID Connect\) and offering flexible configuration options\. This would allow the product to work with a wide range of identity providers without requiring custom development for each one\.      Like notion\. <span data-preserve-white-space></span> --- ## 📄 Attached documents - **Figma file**: optional \(paste link\) - **Spec file**: optional \(paste link\) - **Redmine ticket**: mandatory  \(paste link\) - **Image:** mandatory, to illustrate the topic <p></p> ",New idea,,31139405,Login & Sign up,Yassin Hassan,"_⭐ Admin & Engine Squad, 🎨 design needed",,,,,,,,,,,,,,,,,,,,,,,,,,,,,,,,,,,,,,,,,,,,,,,,,,,,,,,,,,,,,,,,,,,,,,,,,,,,,,,,,,,,,,,,,,,,,,,,,,,,,,,,,,,,,,,,,,
31677762,feature,2025-05-16 15:04:29 UTC,2025-05-16 15:04:37 UTC,Piano integration to retrieve AI heatranges,"",New idea,,9564652,Common integrations,Isabelle Ung,_⭐ Integrations Squad,,,,,,,,,,,,,,,,,,,,,,,,,,,,,,,,,,,,,,,,,,,,,,,,,,,,,,,,,,,,,,,,,,,,,,,,,,,,,,,,,,,,,,,,,,,,,,,,,,,,,,,,,,,,,,,,,,
31677771,feature,2025-05-16 15:05:37 UTC,2025-07-08 10:07:58 UTC,Splio integration,"",New idea,,32146897,New integrations,Isabelle Ung,_⭐ Integrations Squad,,,,,,,,,,,,,,,,,,,,,,,,,,,,,,,,,,,,,,,,,,,,,,,,,,,,,,,,,,,,,,,,,,,,,,,,,,,,,,,,,,,,,,,,,,,,,,,,,,,,,,,,,,,,,,,,,,
31754279,feature,2025-05-26 11:20:34 UTC,2025-11-01 09:54:29 UTC,Widget Simulation,"",Released,,25770925,Widget Studio,Lily from Kameleoon,_⭐ Visual Builders Squad,2025-05-26,2025-10-31,,,,,,,,,,,,,,,,,,,,,,,,,,,,,,,,,,,,,,,,,,,,,,,,,,,,,,,,,,,,,,,,,,,,,,,,,,,,,,,,,,,,,,,,,,,,,,,,,,,,,,,,,,,,,,,,
31774997,feature,2025-05-28 08:44:19 UTC,2025-05-28 08:44:19 UTC,Recently trashed elements,"",New idea,,9564798,Common APP pages,Loreena,"",,,,,,,,,,,,,,,,,,,,,,,,,,,,,,,,,,,,,,,,,,,,,,,,,,,,,,,,,,,,,,,,,,,,,,,,,,,,,,,,,,,,,,,,,,,,,,,,,,,,,,,,,,,,,,,,,,
31823221,feature,2025-06-03 08:47:47 UTC,2025-06-03 08:49:13 UTC,Admin BO - Limits - Number of projects,User story \#35807 \- Admin BO \- Limits \- Number of projects   <https://project.kameleoon.net/issues/35807> ,Released,,31139396,Admin BO,Yassin Hassan,_⭐ Admin & Engine Squad,2025-05-15,2025-06-03,,,,,,,,,,,,,,,,,,,,,,,,,,,,,,,,,,,,,,,,,,,,,,,,,,,,,,,,,,,,,,,,,,,,,,,,,,,,,,,,,,,,,,,,,,,,,,,,,,,,,,,,,,,,,,,,
31846390,feature,2025-06-04 13:08:10 UTC,2025-11-01 07:51:29 UTC,Product Listing,"",Released,,9564712,Product recommendation,Lily from Kameleoon,_⭐ Visual Builders Squad,2025-03-31,2025-08-31,,,,,,,,,,,,,,,,,,,,,,,,,,,,,,,,,,,,,,,,,,,,,,,,,,,,,,,,,,,,,,,,,,,,,,,,,,,,,,,,,,,,,,,,,,,,,,,,,,,,,,,,,,,,,,,,
31869503,feature,2025-06-06 12:43:05 UTC,2025-06-06 12:47:13 UTC,Live Events Lot 1,"",Planned,,6783364,"Data, Common  & Infrastructure",Calixthe Mattei,"_⭐ Reporting Squad, #VOC1_2025",2025-07-04,2025-07-10,,,,,,,,,,,,,,,,,,,,,,,,,,,,,,,,,,,,,,,,,,,,,,,,,,,,,,,,,,,,,,,,,,,,,,,,,,,,,,,,,,,,,,,,,,,,,,,,,,,,,,,,,,,,,,,,
31869505,feature,2025-06-06 12:43:41 UTC,2025-06-06 12:47:04 UTC,Live Events Lot 2,"",Planned,,6783364,"Data, Common  & Infrastructure",Calixthe Mattei,"_⭐ Reporting Squad, #VOC1_2025",2025-07-09,2025-07-15,,,,,,,,,,,,,,,,,,,,,,,,,,,,,,,,,,,,,,,,,,,,,,,,,,,,,,,,,,,,,,,,,,,,,,,,,,,,,,,,,,,,,,,,,,,,,,,,,,,,,,,,,,,,,,,,
31917122,product,2025-06-12 09:18:22 UTC,2025-06-12 09:18:22 UTC,Insights,"",New idea,,,,Luka Macharadze,"",,,,,,,,,,,,,,,,,,,,,,,,,,,,,,,,,,,,,,,,,,,,,,,,,,,,,,,,,,,,,,,,,,,,,,,,,,,,,,,,,,,,,,,,,,,,,,,,,,,,,,,,,,,,,,,,,,
31917149,component,2025-06-12 09:20:28 UTC,2025-06-12 09:20:28 UTC,Impact,"",New idea,,31917122,Insights,Luka Macharadze,"",,,,,,,,,,,,,,,,,,,,,,,,,,,,,,,,,,,,,,,,,,,,,,,,,,,,,,,,,,,,,,,,,,,,,,,,,,,,,,,,,,,,,,,,,,,,,,,,,,,,,,,,,,,,,,,,,,
31917213,feature,2025-06-12 09:25:45 UTC,2025-07-28 09:33:29 UTC,KPI-Centric Dashboard for Business Outcomes,"I don’t want to dig through each test — I need to see which experiments actually moved my KPIs \(e\.g\. add\-to\-cart, revenue\) across campaigns and time\. <span data-preserve-white-space></span> <p></p> **Opportunity \/ Feature**: - Allow selection of a key metric \(e\.g\. revenue per visitor\), then show **which experiments increased or decreased it**\. - Add ability to **track business KPIs over time** and flag meaningful change moments\. - Add summary blocks that say: ",New idea,,31917149,Impact,Luka Macharadze,"Insights, Insights Squad",2025-08-01,2025-09-30,,,,,,,,,,,,,,,,,,,,,,,,,,,,,,,,,,,,,,,,,,,,,,,,,,,,,,,,,,,,,,,,,,,,,,,,,,,,,,,,,,,,,,,,,,,,,,,,,,,,,,,,,,,,,,,,
31929791,component,2025-06-13 09:17:38 UTC,2025-06-13 09:17:38 UTC,Playbook,"",New idea,,31917122,Insights,Luka Macharadze,"",,,,,,,,,,,,,,,,,,,,,,,,,,,,,,,,,,,,,,,,,,,,,,,,,,,,,,,,,,,,,,,,,,,,,,,,,,,,,,,,,,,,,,,,,,,,,,,,,,,,,,,,,,,,,,,,,,
31929848,feature,2025-06-13 09:25:45 UTC,2025-06-13 09:36:33 UTC,AI Summary of Learnings Across Multiple Experiments,"",New idea,,31929791,Playbook,Luka Macharadze,"Insights, Insights Squad",,,,,,,,,,,,,,,,,,,,,,,,,,,,,,,,,,,,,,,,,,,,,,,,,,,,,,,,,,,,,,,,,,,,,,,,,,,,,,,,,,,,,,,,,,,,,,,,,,,,,,,,,,,,,,,,,,
31965060,feature,2025-06-17 13:30:41 UTC,2025-06-17 13:31:36 UTC,Subscription Revenue and LTV Tracking,"",New idea,,31917149,Impact,Luka Macharadze,"Insights, Insights Squad",,,,,,,,,,,,,,,,,,,,,,,,,,,,,,,,,,,,,,,,,,,,,,,,,,,,,,,,,,,,,,,,,,,,,,,,,,,,,,,,,,,,,,,,,,,,,,,,,,,,,,,,,,,,,,,,,,
31976801,feature,2025-06-18 13:53:44 UTC,2025-07-08 10:07:50 UTC,MailChimp Integration,"",New idea,,32146897,New integrations,Isabelle Ung,"",,,,,,,,,,,,,,,,,,,,,,,,,,,,,,,,,,,,,,,,,,,,,,,,,,,,,,,,,,,,,,,,,,,,,,,,,,,,,,,,,,,,,,,,,,,,,,,,,,,,,,,,,,,,,,,,,,
32032875,component,2025-06-25 13:44:04 UTC,2025-12-04 16:05:06 UTC,PBX : bullets points in prompt,"",New idea,,30430046,✨ AI Copilot,Vincent Taldir,"",,,,,,,,,,,,,,,,,,,,,,,,,,,,,,,,,,,,,,,,,,,,,,,,,,,,,,,,,,,,,,,,,,,,,,,,,,,,,,,,,,,,,,,,,,,,,,,,,,,,,,,,,,,,,,,,,,
32032881,feature,2025-06-25 13:44:20 UTC,2025-06-25 13:44:20 UTC,Edit prompt for image generation,"",New idea,,32032875,PBX : bullets points in prompt,Vincent Taldir,"",,,,,,,,,,,,,,,,,,,,,,,,,,,,,,,,,,,,,,,,,,,,,,,,,,,,,,,,,,,,,,,,,,,,,,,,,,,,,,,,,,,,,,,,,,,,,,,,,,,,,,,,,,,,,,,,,,
32032984,feature,2025-06-25 13:50:12 UTC,2025-06-25 13:50:12 UTC,Improve accessibility of websites,"",New idea,,32032875,PBX : bullets points in prompt,Vincent Taldir,"",,,,,,,,,,,,,,,,,,,,,,,,,,,,,,,,,,,,,,,,,,,,,,,,,,,,,,,,,,,,,,,,,,,,,,,,,,,,,,,,,,,,,,,,,,,,,,,,,,,,,,,,,,,,,,,,,,
32041521,feature,2025-06-26 09:52:38 UTC,2025-07-08 10:07:55 UTC,Adobe Analytics Server Event Streaming,"",New idea,,32146897,New integrations,Isabelle Ung,_⭐ Integrations Squad,,,,,,,,,,,,,,,,,,,,,,,,,,,,,,,,,,,,,,,,,,,,,,,,,,,,,,,,,,,,,,,,,,,,,,,,,,,,,,,,,,,,,,,,,,,,,,,,,,,,,,,,,,,,,,,,,,
32041650,feature,2025-06-26 10:04:35 UTC,2025-06-26 10:04:43 UTC,GA4 Server Event Streaming - make endpoint selectable,"",New idea,,9564652,Common integrations,Isabelle Ung,_⭐ Integrations Squad,,,,,,,,,,,,,,,,,,,,,,,,,,,,,,,,,,,,,,,,,,,,,,,,,,,,,,,,,,,,,,,,,,,,,,,,,,,,,,,,,,,,,,,,,,,,,,,,,,,,,,,,,,,,,,,,,,
32041660,feature,2025-06-26 10:05:44 UTC,2025-07-08 10:17:09 UTC,Yandex Metrica,"",New idea,,32146897,New integrations,Isabelle Ung,_⭐ Integrations Squad,,,,,,,,,,,,,,,,,,,,,,,,,,,,,,,,,,,,,,,,,,,,,,,,,,,,,,,,,,,,,,,,,,,,,,,,,,,,,,,,,,,,,,,,,,,,,,,,,,,,,,,,,,,,,,,,,,
32069956,feature,2025-06-30 12:53:19 UTC,2025-06-30 12:53:27 UTC,Ability to attach HTML with Code independently of the element,"",New idea,,9564787,Graphic editor,Ivan Kulagin,"",,,,,,,,,,,,,,,,,,,,,,,,,,,,,,,,,,,,,,,,,,,,,,,,,,,,,,,,,,,,,,,,,,,,,,,,,,,,,,,,,,,,,,,,,,,,,,,,,,,,,,,,,,,,,,,,,,
32070077,feature,2025-06-30 13:03:40 UTC,2025-06-30 13:03:54 UTC,Automatically select GE created goals to the experiment,"",New idea,,6783323,Web Experimentation,Ivan Kulagin,"",,,,,,,,,,,,,,,,,,,,,,,,,,,,,,,,,,,,,,,,,,,,,,,,,,,,,,,,,,,,,,,,,,,,,,,,,,,,,,,,,,,,,,,,,,,,,,,,,,,,,,,,,,,,,,,,,,
32070169,feature,2025-06-30 13:13:35 UTC,2025-06-30 13:13:48 UTC,Switchback experiments,"",New idea,,6783323,Web Experimentation,Ivan Kulagin,"",,,,,,,,,,,,,,,,,,,,,,,,,,,,,,,,,,,,,,,,,,,,,,,,,,,,,,,,,,,,,,,,,,,,,,,,,,,,,,,,,,,,,,,,,,,,,,,,,,,,,,,,,,,,,,,,,,
32070204,feature,2025-06-30 13:16:05 UTC,2025-06-30 13:16:11 UTC,Mandatory hypothesis for experiments,"",New idea,,9564798,Common APP pages,Ivan Kulagin,"",,,,,,,,,,,,,,,,,,,,,,,,,,,,,,,,,,,,,,,,,,,,,,,,,,,,,,,,,,,,,,,,,,,,,,,,,,,,,,,,,,,,,,,,,,,,,,,,,,,,,,,,,,,,,,,,,,
32146615,product,2025-07-08 09:34:52 UTC,2025-07-08 09:34:52 UTC,Integrations,"",New idea,,,,Isabelle Ung,"",,,,,,,,,,,,,,,,,,,,,,,,,,,,,,,,,,,,,,,,,,,,,,,,,,,,,,,,,,,,,,,,,,,,,,,,,,,,,,,,,,,,,,,,,,,,,,,,,,,,,,,,,,,,,,,,,,
32146623,component,2025-07-08 09:35:27 UTC,2025-07-08 09:35:27 UTC,Data warehouses topics,"",New idea,,32146615,Integrations,Isabelle Ung,"",,,,,,,,,,,,,,,,,,,,,,,,,,,,,,,,,,,,,,,,,,,,,,,,,,,,,,,,,,,,,,,,,,,,,,,,,,,,,,,,,,,,,,,,,,,,,,,,,,,,,,,,,,,,,,,,,,
32146897,component,2025-07-08 10:07:46 UTC,2025-07-08 10:07:46 UTC,New integrations,"",New idea,,32146615,Integrations,Isabelle Ung,"",,,,,,,,,,,,,,,,,,,,,,,,,,,,,,,,,,,,,,,,,,,,,,,,,,,,,,,,,,,,,,,,,,,,,,,,,,,,,,,,,,,,,,,,,,,,,,,,,,,,,,,,,,,,,,,,,,
32161416,feature,2025-07-09 15:41:11 UTC,2025-07-09 15:41:11 UTC,Undo capabilities,"",New idea,,32032875,PBX : bullets points in prompt,Vincent Taldir,"",,,,,,,,,,,,,,,,,,,,,,,,,,,,,,,,,,,,,,,,,,,,,,,,,,,,,,,,,,,,,,,,,,,,,,,,,,,,,,,,,,,,,,,,,,,,,,,,,,,,,,,,,,,,,,,,,,
32169085,feature,2025-07-10 11:44:56 UTC,2025-07-10 11:44:56 UTC,"Custom data: Allow 0-1 for Boolen, with True/False","",Rejected,,6783364,"Data, Common  & Infrastructure",Calixthe Mattei,"",,,,,,,,,,,,,,,,,,,,,,,,,,,,,,,,,,,,,,,,,,,,,,,,,,,,,,,,,,,,,,,,,,,,,,,,,,,,,,,,,,,,,,,,,,,,,,,,,,,,,,,,,,,,,,,,,,
32169163,feature,2025-07-10 11:53:24 UTC,2025-07-10 11:53:24 UTC,Compare Tab Improvements,"",Rejected,,6783364,"Data, Common  & Infrastructure",Calixthe Mattei,"",,,,,,,,,,,,,,,,,,,,,,,,,,,,,,,,,,,,,,,,,,,,,,,,,,,,,,,,,,,,,,,,,,,,,,,,,,,,,,,,,,,,,,,,,,,,,,,,,,,,,,,,,,,,,,,,,,
32173134,feature,2025-07-10 15:10:33 UTC,2025-10-08 08:06:05 UTC,Stop button to interrupt the execution,"**Problem summary**   The problem is that customers do not have an easy way to stop or interrupt a prompt or search once it has started, other than reloading the page\. They are requesting a dedicated stop button to give them more control over the process\. <p></p> **Desired outcome**   Customers are requesting the addition of a stop button that allows them to halt the prompt or search process in PBX without needing to reload the page\. This feature would enable users to immediately stop an ongoing action if they make a mistake or wish to cancel their request\. ",New idea,,32032875,PBX : bullets points in prompt,Vincent Taldir,"",,,,,,,,,,,,,,,,,,,,,,,,,,,,,,,,,,,,,,,,,,,,,,,,,,,,,,,,,,,,,,,,,,,,,,,,,,,,,,,,,,,,,,,,,,,,,,,,,,,,,,,,,,,,,,,,,,
32173160,feature,2025-07-10 15:12:54 UTC,2025-10-08 09:21:37 UTC,Image generation : generate more image,"",Candidate,,32032875,PBX : bullets points in prompt,Vincent Taldir,"",,,,,,,,,,,,,,,,,,,,,,,,,,,,,,,,,,,,,,,,,,,,,,,,,,,,,,,,,,,,,,,,,,,,,,,,,,,,,,,,,,,,,,,,,,,,,,,,,,,,,,,,,,,,,,,,,,
32173210,subfeature,2025-07-10 15:15:39 UTC,2025-10-08 09:18:27 UTC,Reformulate the prompt,Edit prompt when the analysis has been stopped\. ,Candidate,,32173134,Stop button to interrupt the execution,Vincent Taldir,"",,,,,,,,,,,,,,,,,,,,,,,,,,,,,,,,,,,,,,,,,,,,,,,,,,,,,,,,,,,,,,,,,,,,,,,,,,,,,,,,,,,,,,,,,,,,,,,,,,,,,,,,,,,,,,,,,,
32179185,feature,2025-07-11 08:38:04 UTC,2025-07-11 08:43:16 UTC,ActiveCampaign Integration,"",New idea,,32146897,New integrations,Isabelle Ung,_⭐ Integrations Squad,,,,,,,,,,,,,,,,,,,,,,,,,,,,,,,,,,,,,,,,,,,,,,,,,,,,,,,,,,,,,,,,,,,,,,,,,,,,,,,,,,,,,,,,,,,,,,,,,,,,,,,,,,,,,,,,,,
32179197,feature,2025-07-11 08:39:40 UTC,2025-07-11 08:43:22 UTC,GTM improvements,"",New idea,,9564652,Common integrations,Isabelle Ung,_⭐ Integrations Squad,,,,,,,,,,,,,,,,,,,,,,,,,,,,,,,,,,,,,,,,,,,,,,,,,,,,,,,,,,,,,,,,,,,,,,,,,,,,,,,,,,,,,,,,,,,,,,,,,,,,,,,,,,,,,,,,,,
32179211,feature,2025-07-11 08:41:34 UTC,2025-07-11 08:41:41 UTC,Digital Asset Management Integrations,"",New idea,,9564652,Common integrations,Isabelle Ung,_⭐ Integrations Squad,,,,,,,,,,,,,,,,,,,,,,,,,,,,,,,,,,,,,,,,,,,,,,,,,,,,,,,,,,,,,,,,,,,,,,,,,,,,,,,,,,,,,,,,,,,,,,,,,,,,,,,,,,,,,,,,,,
32179387,feature,2025-07-11 09:20:01 UTC,2025-07-11 09:47:28 UTC,Quick view of A/B Tests and Personalizations schedules,"",New idea,,9564798,Common APP pages,Loreena,"",,,,,,,,,,,,,,,,,,,,,,,,,,,,,,,,,,,,,,,,,,,,,,,,,,,,,,,,,,,,,,,,,,,,,,,,,,,,,,,,,,,,,,,,,,,,,,,,,,,,,,,,,,,,,,,,,,
32180893,feature,2025-07-11 11:48:38 UTC,2025-07-11 11:48:38 UTC,Test your segments before experimenting,"",New idea,,9564798,Common APP pages,Loreena,"",,,,,,,,,,,,,,,,,,,,,,,,,,,,,,,,,,,,,,,,,,,,,,,,,,,,,,,,,,,,,,,,,,,,,,,,,,,,,,,,,,,,,,,,,,,,,,,,,,,,,,,,,,,,,,,,,,
32180948,feature,2025-07-11 11:56:25 UTC,2025-07-11 12:00:07 UTC,Activity - Events about deletion,"",New idea,,9973372,Activity,Loreena,"",,,,,,,,,,,,,,,,,,,,,,,,,,,,,,,,,,,,,,,,,,,,,,,,,,,,,,,,,,,,,,,,,,,,,,,,,,,,,,,,,,,,,,,,,,,,,,,,,,,,,,,,,,,,,,,,,,
32204600,feature,2025-07-15 09:47:24 UTC,2025-07-15 09:47:31 UTC,Ability to see generated code for all statuses of the experiments,"",New idea,,6783323,Web Experimentation,Ivan Kulagin,"",,,,,,,,,,,,,,,,,,,,,,,,,,,,,,,,,,,,,,,,,,,,,,,,,,,,,,,,,,,,,,,,,,,,,,,,,,,,,,,,,,,,,,,,,,,,,,,,,,,,,,,,,,,,,,,,,,
32204620,feature,2025-07-15 09:49:01 UTC,2025-07-15 09:50:31 UTC,Experiment Repository – Discover and Filter Past Tests,"A dedicated space to easily browse, search, and filter through all completed experiments\. This repository would help teams quickly retrieve any past test based on metadata like goal, creator, tag, date, or outcome\. Ideal for avoiding duplication, reviewing execution history, and sharing results across teams\.      **Key Capabilities:** - Powerful filters \(status, owner, date, tag, metric, project\) - Search bar to instantly locate tests by keyword - Sort by recency, impact, or team - Full metadata: goal, variation names, duration, creator - Quick links to experiment detail pages - Bookmark or star favorite experiments for easy reference **Goal:**      Ensure users never lose track of what’s been tested, by whom, and what the outcome was — improving knowledge sharing and test governance\. ",New idea,,31929791,Playbook,Luka Macharadze,"",2025-08-01,2025-09-01,,,,,,,,,,,,,,,,,,,,,,,,,,,,,,,,,,,,,,,,,,,,,,,,,,,,,,,,,,,,,,,,,,,,,,,,,,,,,,,,,,,,,,,,,,,,,,,,,,,,,,,,,,,,,,,,
32204628,feature,2025-07-15 09:49:44 UTC,2025-07-15 09:55:20 UTC,"Experiment Playbook – Insights, Summaries, and Next Steps","A high\-level, insight\-driven page that transforms your past experiments into digestible takeaways, visual trends, and strategic suggestions\. This space is designed to help teams understand what consistently works, identify patterns, and get inspired with ideas for new tests — all without having to dig through data manually\. <p></p> **Key Capabilities:** - Key highlights \(win rates, top performers, biggest uplifts\) - AI\-generated takeaways across multiple experiments - Campaign suggestions based on what hasn’t been tried - Trend charts \(e\.g\. win rate over time, themes tested\) - Benchmarks vs\. industry or internal teams - Gamified elements - Optional audio summaries for quick briefings <p></p> **Goal:**   Help teams move from raw data to **insight and action**, making experimentation smarter and more strategic across the organization\. ",New idea,,31917122,Insights,Luka Macharadze,"",2025-08-01,2025-08-31,,,,,,,,,,,,,,,,,,,,,,,,,,,,,,,,,,,,,,,,,,,,,,,,,,,,,,,,,,,,,,,,,,,,,,,,,,,,,,,,,,,,,,,,,,,,,,,,,,,,,,,,,,,,,,,,
32206072,feature,2025-07-15 12:08:13 UTC,2025-07-15 12:08:23 UTC,Teams - Snippet tagging,"**Snippet Tagging** Additionally, we will implement a Snippet Tagging system that allows Super Admins to create distinct scopes within a website using the Kameleoon snippet\. Each webpage containing the Kameleoon snippet can be assigned a snippet tag key\. This key ensures that only campaigns created by the team with the matching key will be loaded on the page\. This feature provides customers with the ability to segment their website by assigning different snippet tag keys to different pages, effectively managing which teams’ campaigns are active on specific parts of the site\. ",New idea,,31139417,Users & Teams,Yassin Hassan,"",,,,,,,,,,,,,,,,,,,,,,,,,,,,,,,,,,,,,,,,,,,,,,,,,,,,,,,,,,,,,,,,,,,,,,,,,,,,,,,,,,,,,,,,,,,,,,,,,,,,,,,,,,,,,,,,,,
32213156,feature,2025-07-15 22:09:06 UTC,2025-07-15 22:09:06 UTC,"PBX Free trial, Starter & Enterprise plans","",New idea,,31139411,Others,Yassin Hassan,_⭐ Admin & Engine Squad,,,,,,,,,,,,,,,,,,,,,,,,,,,,,,,,,,,,,,,,,,,,,,,,,,,,,,,,,,,,,,,,,,,,,,,,,,,,,,,,,,,,,,,,,,,,,,,,,,,,,,,,,,,,,,,,,,
32231834,feature,2025-07-17 16:16:58 UTC,2025-07-17 16:16:58 UTC,Guardrail Metrics,"",New idea,,31917122,Insights,Luka Macharadze,"",2025-08-01,2025-08-31,,,,,,,,,,,,,,,,,,,,,,,,,,,,,,,,,,,,,,,,,,,,,,,,,,,,,,,,,,,,,,,,,,,,,,,,,,,,,,,,,,,,,,,,,,,,,,,,,,,,,,,,,,,,,,,,
32237009,feature,2025-07-18 09:17:56 UTC,2025-07-18 09:19:58 UTC,Product Impact Map,"Impact Maps provide a visual representation of where experiments are affecting the product — literally mapping test results to the UI surfaces, journeys, or modules they impact\. Instead of digging through tables, teams can instantly see which parts of the product are being tested, what changed, and whether it worked\. ",New idea,,31917122,Insights,Luka Macharadze,"",2025-08-01,2025-08-31,,,,,,,,,,,,,,,,,,,,,,,,,,,,,,,,,,,,,,,,,,,,,,,,,,,,,,,,,,,,,,,,,,,,,,,,,,,,,,,,,,,,,,,,,,,,,,,,,,,,,,,,,,,,,,,,
32241308,feature,2025-07-18 15:58:05 UTC,2025-10-08 07:59:41 UTC,Changes highlighting in the preview,"",New idea,,32032875,PBX : bullets points in prompt,Vincent Taldir,"",,,,,,,,,,,,,,,,,,,,,,,,,,,,,,,,,,,,,,,,,,,,,,,,,,,,,,,,,,,,,,,,,,,,,,,,,,,,,,,,,,,,,,,,,,,,,,,,,,,,,,,,,,,,,,,,,,
32241341,feature,2025-07-18 16:01:12 UTC,2025-07-18 16:01:12 UTC,Common guidelines for prompt,"",New idea,,32032875,PBX : bullets points in prompt,Vincent Taldir,"",,,,,,,,,,,,,,,,,,,,,,,,,,,,,,,,,,,,,,,,,,,,,,,,,,,,,,,,,,,,,,,,,,,,,,,,,,,,,,,,,,,,,,,,,,,,,,,,,,,,,,,,,,,,,,,,,,
32241351,feature,2025-07-18 16:01:59 UTC,2025-10-08 07:59:17 UTC,SPA and dynamic websites management,"",Released,,32032875,PBX : bullets points in prompt,Vincent Taldir,"",,,,,,,,,,,,,,,,,,,,,,,,,,,,,,,,,,,,,,,,,,,,,,,,,,,,,,,,,,,,,,,,,,,,,,,,,,,,,,,,,,,,,,,,,,,,,,,,,,,,,,,,,,,,,,,,,,
32255079,feature,2025-07-21 16:05:54 UTC,2025-07-21 16:07:14 UTC,Environment-Specific Integrations,Ability to toggle and configure integrations separately for each flag environment  ,Released,,8692201,Feature Experimentation,Junaid Gulzar Malik,"",,,,,,,,,,,,,,,,,,,,,,,,,,,,,,,,,,,,,,,,,,,,,,,,,,,,,,,,,,,,,,,,,,,,,,,,,,,,,,,,,,,,,,,,,,,,,,,,,,,,,,,,,,,,,,,,,,
32255153,feature,2025-07-21 16:10:26 UTC,2025-07-21 16:11:39 UTC,Contextual Bandit for FE,"",Released,,8692201,Feature Experimentation,Jenn Tse,"",,,,,,,,,,,,,,,,,,,,,,,,,,,,,,,,,,,,,,,,,,,,,,,,,,,,,,,,,,,,,,,,,,,,,,,,,,,,,,,,,,,,,,,,,,,,,,,,,,,,,,,,,,,,,,,,,,
32255342,feature,2025-07-21 16:25:10 UTC,2025-08-27 08:33:19 UTC,New Simulation panel,"A brand\-new simulation panel with enhanced features, supporting advanced use cases like triggers and feature experiments, and now isolated via Shadow DOM for seamless integration\! ",Released,,6783323,Web Experimentation,Yassin Hassan,"",,,,,,,,,,,,,,,,,,,,,,,,,,,,,,,,,,,,,,,,,,,,,,,,,,,,,,,,,,,,,,,,,,,,,,,,,,,,,,,,,,,,,,,,,,,,,,,,,,,,,,,,,,,,,,,,,,
32258238,feature,2025-07-21 21:09:49 UTC,2025-07-21 21:10:57 UTC,Custom Attribution Window for FE,"This features allows users to define a custom attribution window for their flags, ensuring experimentation metrics align with their business needs\. ",New idea,,8692201,Feature Experimentation,Junaid Gulzar Malik,"",,,,,,,,,,,,,,,,,,,,,,,,,,,,,,,,,,,,,,,,,,,,,,,,,,,,,,,,,,,,,,,,,,,,,,,,,,,,,,,,,,,,,,,,,,,,,,,,,,,,,,,,,,,,,,,,,,
32265198,feature,2025-07-22 14:03:30 UTC,2025-07-22 14:04:53 UTC,Community page,"A community page where PMs, Marketers, Devs, whoever from different companies can exchange ideas about experimentation <span data-preserve-white-space></span> ",New idea,,31917122,Insights,Luka Macharadze,"",2025-11-01,2025-11-30,,,,,,,,,,,,,,,,,,,,,,,,,,,,,,,,,,,,,,,,,,,,,,,,,,,,,,,,,,,,,,,,,,,,,,,,,,,,,,,,,,,,,,,,,,,,,,,,,,,,,,,,,,,,,,,,
32272363,feature,2025-07-23 08:05:12 UTC,2025-07-23 08:05:12 UTC,Dark theme for the app,"",New idea,,9564798,Common APP pages,Loreena,"",,,,,,,,,,,,,,,,,,,,,,,,,,,,,,,,,,,,,,,,,,,,,,,,,,,,,,,,,,,,,,,,,,,,,,,,,,,,,,,,,,,,,,,,,,,,,,,,,,,,,,,,,,,,,,,,,,
32288277,feature,2025-07-24 15:23:50 UTC,2025-09-30 09:04:07 UTC,Integrations filters on Kameleoon Dashboards,"",Released,,32146615,Integrations,Isabelle Ung,_⭐ Integrations Squad,2025-07-01,2025-09-30,,,,,,,,,,,,,,,,,,,,,,,,,,,,,,,,,,,,,,,,,,,,,,,,,,,,,,,,,,,,,,,,,,,,,,,,,,,,,,,,,,,,,,,,,,,,,,,,,,,,,,,,,,,,,,,,
32288315,feature,2025-07-24 15:28:19 UTC,2026-01-12 13:40:09 UTC,Integrations Page Redesign Lot 1,"",Development in progress,,32146615,Integrations,Isabelle Ung,_⭐ Integrations Squad,2025-07-01,2026-01-21,,,,,,,,,,,,,,,,,,,,,,,,,,,,,,,,,,,,,,,,,,,,,,,,,,,,,,,,,,,,,,,,,,,,,,,,,,,,,,,,,,,,,,,,,,,,,,,,,,,,,,,,,,,,,,,,
32288440,feature,2025-07-24 15:36:38 UTC,2025-11-24 09:25:55 UTC,Internal - Alerting and monitoring for DWH as dest & event dispatchers,"",Development in progress,,32146615,Integrations,Isabelle Ung,_⭐ Integrations Squad,2025-07-01,2025-12-31,,,,,,,,,,,,,,,,,,,,,,,,,,,,,,,,,,,,,,,,,,,,,,,,,,,,,,,,,,,,,,,,,,,,,,,,,,,,,,,,,,,,,,,,,,,,,,,,,,,,,,,,,,,,,,,,
32297930,feature,2025-07-25 13:43:54 UTC,2025-07-25 13:43:54 UTC,Enlarge prompt area,"",New idea,,32032875,PBX : bullets points in prompt,Vincent Taldir,"",,,,,,,,,,,,,,,,,,,,,,,,,,,,,,,,,,,,,,,,,,,,,,,,,,,,,,,,,,,,,,,,,,,,,,,,,,,,,,,,,,,,,,,,,,,,,,,,,,,,,,,,,,,,,,,,,,
32297942,feature,2025-07-25 13:45:15 UTC,2025-07-25 13:45:15 UTC,Auto update the documentation when new updates,"",New idea,,30431056,✨ KAI - Kameleoon AI Assistant,Vincent Taldir,"",,,,,,,,,,,,,,,,,,,,,,,,,,,,,,,,,,,,,,,,,,,,,,,,,,,,,,,,,,,,,,,,,,,,,,,,,,,,,,,,,,,,,,,,,,,,,,,,,,,,,,,,,,,,,,,,,,
32297966,feature,2025-07-25 13:47:57 UTC,2025-07-25 13:47:57 UTC,Multi page improvement,"",New idea,,32032875,PBX : bullets points in prompt,Vincent Taldir,"",,,,,,,,,,,,,,,,,,,,,,,,,,,,,,,,,,,,,,,,,,,,,,,,,,,,,,,,,,,,,,,,,,,,,,,,,,,,,,,,,,,,,,,,,,,,,,,,,,,,,,,,,,,,,,,,,,
32308594,feature,2025-07-28 09:07:53 UTC,2025-07-28 09:25:17 UTC,Segment-Level Experiment Impact Visibility,"I want to understand which customer segments responded best to my experiments\. I want to go beyond average lift and understand which customer segments actually responded to my tests: for example, how new users vs\. returning users behaved, or how product category A vs\. B performed\. <p></p> **Opportunity \/ Feature**: - Let users filter metric impact by **customer segments** \(e\.g\., device, geography, visitor type\)\. - Summarize performance per segment **in one view** — possibly with AI\-generated highlights\. - Add segment filters to the **Metric\-Level View** page\. ",New idea,,31917122,Insights,Luka Macharadze,"",2025-09-01,2025-09-30,,,,,,,,,,,,,,,,,,,,,,,,,,,,,,,,,,,,,,,,,,,,,,,,,,,,,,,,,,,,,,,,,,,,,,,,,,,,,,,,,,,,,,,,,,,,,,,,,,,,,,,,,,,,,,,,
32311710,feature,2025-07-28 14:28:01 UTC,2025-07-28 14:28:02 UTC,Sharing learnings more easily across teams,"",New idea,,31917122,Insights,Luka Macharadze,"",2025-09-01,2025-09-30,,,,,,,,,,,,,,,,,,,,,,,,,,,,,,,,,,,,,,,,,,,,,,,,,,,,,,,,,,,,,,,,,,,,,,,,,,,,,,,,,,,,,,,,,,,,,,,,,,,,,,,,,,,,,,,,
32319936,feature,2025-07-29 08:41:14 UTC,2025-07-29 08:41:14 UTC,Re-apply the code for every page reload in PBX preview,"",New idea,,32032875,PBX : bullets points in prompt,Vincent Taldir,"",,,,,,,,,,,,,,,,,,,,,,,,,,,,,,,,,,,,,,,,,,,,,,,,,,,,,,,,,,,,,,,,,,,,,,,,,,,,,,,,,,,,,,,,,,,,,,,,,,,,,,,,,,,,,,,,,,
32319979,feature,2025-07-29 08:47:01 UTC,2025-07-29 08:47:01 UTC,History save,"",New idea,,30431056,✨ KAI - Kameleoon AI Assistant,Vincent Taldir,"",,,,,,,,,,,,,,,,,,,,,,,,,,,,,,,,,,,,,,,,,,,,,,,,,,,,,,,,,,,,,,,,,,,,,,,,,,,,,,,,,,,,,,,,,,,,,,,,,,,,,,,,,,,,,,,,,,
32319990,feature,2025-07-29 08:48:56 UTC,2025-10-08 07:53:31 UTC,Goal creation by prompt,"",New idea,,32032875,PBX : bullets points in prompt,Vincent Taldir,"",,,,,,,,,,,,,,,,,,,,,,,,,,,,,,,,,,,,,,,,,,,,,,,,,,,,,,,,,,,,,,,,,,,,,,,,,,,,,,,,,,,,,,,,,,,,,,,,,,,,,,,,,,,,,,,,,,
32371523,feature,2025-08-04 10:33:45 UTC,2025-11-04 09:07:58 UTC,Targeting page update,"",Design in progress,,6783323,Web Experimentation,Ivan Kulagin,_⭐ Campaign Creation Squad,2025-08-04,2025-09-30,,,,,,,,,,,,,,,,,,,,,,,,,,,,,,,,,,,,,,,,,,,,,,,,,,,,,,,,,,,,,,,,,,,,,,,,,,,,,,,,,,,,,,,,,,,,,,,,,,,,,,,,,,,,,,,,
32386413,feature,2025-08-05 14:34:43 UTC,2025-08-05 14:34:43 UTC,Access 'old' code from previous version,"",New idea,,32032875,PBX : bullets points in prompt,Vincent Taldir,"",,,,,,,,,,,,,,,,,,,,,,,,,,,,,,,,,,,,,,,,,,,,,,,,,,,,,,,,,,,,,,,,,,,,,,,,,,,,,,,,,,,,,,,,,,,,,,,,,,,,,,,,,,,,,,,,,,
32386434,feature,2025-08-05 14:37:04 UTC,2025-08-05 14:37:04 UTC,Suggest idea enhancements,"",New idea,,32032875,PBX : bullets points in prompt,Vincent Taldir,"",,,,,,,,,,,,,,,,,,,,,,,,,,,,,,,,,,,,,,,,,,,,,,,,,,,,,,,,,,,,,,,,,,,,,,,,,,,,,,,,,,,,,,,,,,,,,,,,,,,,,,,,,,,,,,,,,,
32386455,subfeature,2025-08-05 14:38:11 UTC,2025-08-05 14:38:11 UTC,UX redesign,"",New idea,,32386434,Suggest idea enhancements,Vincent Taldir,"",,,,,,,,,,,,,,,,,,,,,,,,,,,,,,,,,,,,,,,,,,,,,,,,,,,,,,,,,,,,,,,,,,,,,,,,,,,,,,,,,,,,,,,,,,,,,,,,,,,,,,,,,,,,,,,,,,
32387241,feature,2025-08-05 15:24:02 UTC,2025-08-05 15:24:02 UTC,Add attachement in history,"",New idea,,32032875,PBX : bullets points in prompt,Vincent Taldir,"",,,,,,,,,,,,,,,,,,,,,,,,,,,,,,,,,,,,,,,,,,,,,,,,,,,,,,,,,,,,,,,,,,,,,,,,,,,,,,,,,,,,,,,,,,,,,,,,,,,,,,,,,,,,,,,,,,
32387563,feature,2025-08-05 15:47:50 UTC,2025-08-05 15:47:50 UTC,ShadowDom Compatibility,"",New idea,,32032875,PBX : bullets points in prompt,Vincent Taldir,"",,,,,,,,,,,,,,,,,,,,,,,,,,,,,,,,,,,,,,,,,,,,,,,,,,,,,,,,,,,,,,,,,,,,,,,,,,,,,,,,,,,,,,,,,,,,,,,,,,,,,,,,,,,,,,,,,,
32393990,feature,2025-08-06 09:12:12 UTC,2025-10-08 07:58:21 UTC,Add Figma design as input,"",Candidate,,32032875,PBX : bullets points in prompt,Vincent Taldir,"",,,,,,,,,,,,,,,,,,,,,,,,,,,,,,,,,,,,,,,,,,,,,,,,,,,,,,,,,,,,,,,,,,,,,,,,,,,,,,,,,,,,,,,,,,,,,,,,,,,,,,,,,,,,,,,,,,
32394011,feature,2025-08-06 09:13:02 UTC,2025-08-06 09:13:02 UTC,Always display JS and CSS code blocks,"",New idea,,32032875,PBX : bullets points in prompt,Vincent Taldir,"",,,,,,,,,,,,,,,,,,,,,,,,,,,,,,,,,,,,,,,,,,,,,,,,,,,,,,,,,,,,,,,,,,,,,,,,,,,,,,,,,,,,,,,,,,,,,,,,,,,,,,,,,,,,,,,,,,
32415678,subfeature,2025-08-08 08:58:09 UTC,2025-08-08 08:58:09 UTC,Select only 1 proposition,"",New idea,,32386434,Suggest idea enhancements,Vincent Taldir,"",,,,,,,,,,,,,,,,,,,,,,,,,,,,,,,,,,,,,,,,,,,,,,,,,,,,,,,,,,,,,,,,,,,,,,,,,,,,,,,,,,,,,,,,,,,,,,,,,,,,,,,,,,,,,,,,,,
32415703,feature,2025-08-08 09:00:33 UTC,2025-08-08 09:00:33 UTC,Duplicate PBX experiments,"",New idea,,32032875,PBX : bullets points in prompt,Vincent Taldir,"",,,,,,,,,,,,,,,,,,,,,,,,,,,,,,,,,,,,,,,,,,,,,,,,,,,,,,,,,,,,,,,,,,,,,,,,,,,,,,,,,,,,,,,,,,,,,,,,,,,,,,,,,,,,,,,,,,
32415727,feature,2025-08-08 09:04:51 UTC,2025-10-08 07:55:58 UTC,Create goals in PBX,<p></p> ,New idea,,32032875,PBX : bullets points in prompt,Vincent Taldir,"",,,,,,,,,,,,,,,,,,,,,,,,,,,,,,,,,,,,,,,,,,,,,,,,,,,,,,,,,,,,,,,,,,,,,,,,,,,,,,,,,,,,,,,,,,,,,,,,,,,,,,,,,,,,,,,,,,
32415839,feature,2025-08-08 09:23:54 UTC,2025-08-08 09:23:54 UTC,New attachment type in PBX,"",New idea,,32032875,PBX : bullets points in prompt,Vincent Taldir,"",,,,,,,,,,,,,,,,,,,,,,,,,,,,,,,,,,,,,,,,,,,,,,,,,,,,,,,,,,,,,,,,,,,,,,,,,,,,,,,,,,,,,,,,,,,,,,,,,,,,,,,,,,,,,,,,,,
32415842,subfeature,2025-08-08 09:24:24 UTC,2025-08-08 09:24:24 UTC,SVG,"",New idea,,32387241,Add attachement in history,Vincent Taldir,"",,,,,,,,,,,,,,,,,,,,,,,,,,,,,,,,,,,,,,,,,,,,,,,,,,,,,,,,,,,,,,,,,,,,,,,,,,,,,,,,,,,,,,,,,,,,,,,,,,,,,,,,,,,,,,,,,,
32481388,subfeature,2025-08-18 10:38:05 UTC,2025-11-01 09:49:20 UTC,Multi-Positioning Screens Rendering (POC),"",Deployment in progress,,23015523,Adoption workflow: FE x WS,Lily from Kameleoon,_⭐ Visual Builders Squad,2025-07-01,2025-07-26,,,,,,,,,,,,,,,,,,,,,,,,,,,,,,,,,,,,,,,,,,,,,,,,,,,,,,,,,,,,,,,,,,,,,,,,,,,,,,,,,,,,,,,,,,,,,,,,,,,,,,,,,,,,,,,,
32481410,subfeature,2025-08-18 10:41:58 UTC,2025-09-16 10:06:56 UTC,Force Device Display,"",Rejected,,31312816,Simplification Roadmap,Lily from Kameleoon,_⭐ Visual Builders Squad,2025-06-23,2025-08-31,,,,,,,,,,,,,,,,,,,,,,,,,,,,,,,,,,,,,,,,,,,,,,,,,,,,,,,,,,,,,,,,,,,,,,,,,,,,,,,,,,,,,,,,,,,,,,,,,,,,,,,,,,,,,,,,
32744292,feature,2025-09-16 10:20:24 UTC,2025-12-05 11:48:54 UTC,Widgets Dashboard Card View,"",Development in progress,,12527822,Widget Dashboard,Lily from Kameleoon,_⭐ Visual Builders Squad,2025-11-10,2025-12-31,,,,,,,,,,,,,,,,,,,,,,,,,,,,,,,,,,,,,,,,,,,,,,,,,,,,,,,,,,,,,,,,,,,,,,,,,,,,,,,,,,,,,,,,,,,,,,,,,,,,,,,,,,,,,,,,
32745070,subfeature,2025-09-16 11:58:47 UTC,2025-11-17 12:46:18 UTC,Single-click selection POC,"",Released,,31312816,Simplification Roadmap,Lily from Kameleoon,_⭐ Visual Builders Squad,2025-09-15,2025-10-10,,,,,,,,,,,,,,,,,,,,,,,,,,,,,,,,,,,,,,,,,,,,,,,,,,,,,,,,,,,,,,,,,,,,,,,,,,,,,,,,,,,,,,,,,,,,,,,,,,,,,,,,,,,,,,,,
33025646,feature,2025-09-24 15:43:02 UTC,2025-09-24 15:47:44 UTC,AI-built regex in Trigger builder,"",New idea,,9564798,Common APP pages,Loreena,"",,,,,,,,,,,,,,,,,,,,,,,,,,,,,,,,,,,,,,,,,,,,,,,,,,,,,,,,,,,,,,,,,,,,,,,,,,,,,,,,,,,,,,,,,,,,,,,,,,,,,,,,,,,,,,,,,,
33247214,feature,2025-09-26 14:05:20 UTC,2025-11-27 14:55:12 UTC,Flag Comments,"<p></p> ![](https://pb-files.s3.amazonaws.com/production/attachments/d0ae81bbd15b3f84ba7b0b5abdea6c67505e66ca5cbc3746a725749fef1cb3a9/image.png) **Problem \/ Need**   Feature flags are collaborative, but today there’s no native place to discuss them\. Teams rely on external tools \(Slack, Jira, email\), which fragments context and makes it hard to track decisions at the flag level\. <p></p> **Solution**   Bring a simplified version of the **Graphic Editor comment mode** into **Feature Experimentation**\. <p></p> **Details** - Add a **new fourth icon** in the top header to access comments\. - Comments open in an **overlay\.** - Display comments in **reverse chronological order** \(newest first\)\. - Support **threaded replies** to comments - Show an **indicator for unread comments \(Planned for v2\)** - Users get **email notifications when mentioned**\. **\(Planned for v2\)** <p></p> **Value \/ Impact** - Creates a shared message board per flag, ensuring decisions and context are documented\. - Reduces context\-switching between external tools\. - Improves collaboration across product, dev, and QA teams\. - Builds consistency with comment functionality already available in the Graphic Editor\. <p></p> ",Deployment in progress,,8692201,Feature Experimentation,Junaid Gulzar Malik,_⭐ Feature Experimentation Squad,2025-07-01,2025-10-15,,,,,,,,,,,,,,,,,,,,,,,,,,,,,,,,,,,,,,,,,,,,,,,,,,,,,,,,,,,,,,,,,,,,,,,,,,,,,,,,,,,,,,,,,,,,,,,,,,,,,,,,,,,,,,,,
33266370,feature,2025-09-29 19:33:15 UTC,2025-09-29 19:35:06 UTC,PBX - Agentic Architecture,"",Released,,32032875,PBX : bullets points in prompt,Frederic DE TODARO,"",,,,,,,,,,,,,,,,,,,,,,,,,,,,,,,,,,,,,,,,,,,,,,,,,,,,,,,,,,,,,,,,,,,,,,,,,,,,,,,,,,,,,,,,,,,,,,,,,,,,,,,,,,,,,,,,,,
33271405,feature,2025-09-30 10:27:45 UTC,2025-11-01 09:52:35 UTC,Dynamic Sites Render,"",Development in progress,,12429128,Core,Lily from Kameleoon,_⭐ Visual Builders Squad,2025-09-29,2025-11-30,,,,,,,,,,,,,,,,,,,,,,,,,,,,,,,,,,,,,,,,,,,,,,,,,,,,,,,,,,,,,,,,,,,,,,,,,,,,,,,,,,,,,,,,,,,,,,,,,,,,,,,,,,,,,,,,
33304285,feature,2025-10-03 14:47:44 UTC,2025-10-03 14:52:31 UTC,Image Fill Mode,"",Released,,12428951,Design Tab,Lily from Kameleoon,_⭐ Visual Builders Squad,2025-06-24,2025-07-03,,,,,,,,,,,,,,,,,,,,,,,,,,,,,,,,,,,,,,,,,,,,,,,,,,,,,,,,,,,,,,,,,,,,,,,,,,,,,,,,,,,,,,,,,,,,,,,,,,,,,,,,,,,,,,,,
33305129,feature,2025-10-03 16:24:47 UTC,2025-10-03 16:30:17 UTC,Enhanced Timer Event,"",Released,,12428956,Events Tab,Lily from Kameleoon,_⭐ Visual Builders Squad,2025-03-26,2025-06-03,,,,,,,,,,,,,,,,,,,,,,,,,,,,,,,,,,,,,,,,,,,,,,,,,,,,,,,,,,,,,,,,,,,,,,,,,,,,,,,,,,,,,,,,,,,,,,,,,,,,,,,,,,,,,,,,
33305203,subfeature,2025-10-03 16:34:53 UTC,2025-10-03 16:37:12 UTC,Bulk Image Upload,"",New idea,,9725443,Media library,Lily from Kameleoon,_⭐ Visual Builders Squad,,,,,,,,,,,,,,,,,,,,,,,,,,,,,,,,,,,,,,,,,,,,,,,,,,,,,,,,,,,,,,,,,,,,,,,,,,,,,,,,,,,,,,,,,,,,,,,,,,,,,,,,,,,,,,,,,,
33317220,feature,2025-10-06 15:39:57 UTC,2025-10-06 15:39:57 UTC,Experiment level script (for goal trigerring),"",New idea,,32032875,PBX : bullets points in prompt,Vincent Taldir,"",,,,,,,,,,,,,,,,,,,,,,,,,,,,,,,,,,,,,,,,,,,,,,,,,,,,,,,,,,,,,,,,,,,,,,,,,,,,,,,,,,,,,,,,,,,,,,,,,,,,,,,,,,,,,,,,,,
33317252,feature,2025-10-06 15:41:47 UTC,2025-10-06 15:41:47 UTC,History in prompt,"",New idea,,32032875,PBX : bullets points in prompt,Vincent Taldir,"",,,,,,,,,,,,,,,,,,,,,,,,,,,,,,,,,,,,,,,,,,,,,,,,,,,,,,,,,,,,,,,,,,,,,,,,,,,,,,,,,,,,,,,,,,,,,,,,,,,,,,,,,,,,,,,,,,
33317286,feature,2025-10-06 15:43:56 UTC,2025-10-06 15:43:56 UTC,Move/duplicate variation in other experiment,"",New idea,,32032875,PBX : bullets points in prompt,Vincent Taldir,"",,,,,,,,,,,,,,,,,,,,,,,,,,,,,,,,,,,,,,,,,,,,,,,,,,,,,,,,,,,,,,,,,,,,,,,,,,,,,,,,,,,,,,,,,,,,,,,,,,,,,,,,,,,,,,,,,,
33317295,feature,2025-10-06 15:44:39 UTC,2025-10-06 15:44:39 UTC,Language consistency in LLM answer/questions,"",New idea,,32032875,PBX : bullets points in prompt,Vincent Taldir,"",,,,,,,,,,,,,,,,,,,,,,,,,,,,,,,,,,,,,,,,,,,,,,,,,,,,,,,,,,,,,,,,,,,,,,,,,,,,,,,,,,,,,,,,,,,,,,,,,,,,,,,,,,,,,,,,,,
33317308,feature,2025-10-06 15:45:42 UTC,2025-10-06 15:45:42 UTC,Accurate display for non-responsive mobile websites,"",New idea,,32032875,PBX : bullets points in prompt,Vincent Taldir,"",,,,,,,,,,,,,,,,,,,,,,,,,,,,,,,,,,,,,,,,,,,,,,,,,,,,,,,,,,,,,,,,,,,,,,,,,,,,,,,,,,,,,,,,,,,,,,,,,,,,,,,,,,,,,,,,,,
33323067,feature,2025-10-07 08:21:07 UTC,2025-10-07 08:21:07 UTC,Enable image uploading from image library,"",New idea,,32032875,PBX : bullets points in prompt,Vincent Taldir,"",,,,,,,,,,,,,,,,,,,,,,,,,,,,,,,,,,,,,,,,,,,,,,,,,,,,,,,,,,,,,,,,,,,,,,,,,,,,,,,,,,,,,,,,,,,,,,,,,,,,,,,,,,,,,,,,,,
33325676,feature,2025-10-07 13:03:30 UTC,2025-10-07 13:03:30 UTC,Voice to text,"",New idea,,32032875,PBX : bullets points in prompt,Vincent Taldir,"",,,,,,,,,,,,,,,,,,,,,,,,,,,,,,,,,,,,,,,,,,,,,,,,,,,,,,,,,,,,,,,,,,,,,,,,,,,,,,,,,,,,,,,,,,,,,,,,,,,,,,,,,,,,,,,,,,
33335193,subfeature,2025-10-08 08:06:36 UTC,2025-10-08 08:06:58 UTC,Fake Stop button for 5s,"",Released,,32173134,Stop button to interrupt the execution,Vincent Taldir,"",,,,,,,,,,,,,,,,,,,,,,,,,,,,,,,,,,,,,,,,,,,,,,,,,,,,,,,,,,,,,,,,,,,,,,,,,,,,,,,,,,,,,,,,,,,,,,,,,,,,,,,,,,,,,,,,,,
33335198,subfeature,2025-10-08 08:07:31 UTC,2025-10-08 08:07:41 UTC,Stop button while PBX is running,"",Candidate,,32173134,Stop button to interrupt the execution,Vincent Taldir,"",,,,,,,,,,,,,,,,,,,,,,,,,,,,,,,,,,,,,,,,,,,,,,,,,,,,,,,,,,,,,,,,,,,,,,,,,,,,,,,,,,,,,,,,,,,,,,,,,,,,,,,,,,,,,,,,,,
33335838,subfeature,2025-10-08 09:19:07 UTC,2025-10-08 09:21:23 UTC,Generate more images,"",Released,,32173160,Image generation : generate more image,Vincent Taldir,"",,,,,,,,,,,,,,,,,,,,,,,,,,,,,,,,,,,,,,,,,,,,,,,,,,,,,,,,,,,,,,,,,,,,,,,,,,,,,,,,,,,,,,,,,,,,,,,,,,,,,,,,,,,,,,,,,,
33335844,subfeature,2025-10-08 09:19:30 UTC,2025-10-08 09:21:11 UTC,Modify prompt image generation before new image generation,"Add an extra step when the user click on ""regenerate"", while user is on the image generation pick element\.      The user should be able to edit the previous prompt used to create the other images\. ",Candidate,,32173160,Image generation : generate more image,Vincent Taldir,"",,,,,,,,,,,,,,,,,,,,,,,,,,,,,,,,,,,,,,,,,,,,,,,,,,,,,,,,,,,,,,,,,,,,,,,,,,,,,,,,,,,,,,,,,,,,,,,,,,,,,,,,,,,,,,,,,,
33349201,feature,2025-10-09 13:08:58 UTC,2025-10-09 13:16:58 UTC,Simulation - Using difference colors for AND/OR conditions,"",New idea,,33349274,Simulation,Yassin Hassan,_⭐ Admin & Engine Squad,,,,,,,,,,,,,,,,,,,,,,,,,,,,,,,,,,,,,,,,,,,,,,,,,,,,,,,,,,,,,,,,,,,,,,,,,,,,,,,,,,,,,,,,,,,,,,,,,,,,,,,,,,,,,,,,,,
33349274,component,2025-10-09 13:16:49 UTC,2025-10-09 13:16:49 UTC,Simulation,"",New idea,,31139434,Engine,Yassin Hassan,"",,,,,,,,,,,,,,,,,,,,,,,,,,,,,,,,,,,,,,,,,,,,,,,,,,,,,,,,,,,,,,,,,,,,,,,,,,,,,,,,,,,,,,,,,,,,,,,,,,,,,,,,,,,,,,,,,,
33349337,feature,2025-10-09 13:22:39 UTC,2025-10-09 13:22:39 UTC,Simulation to direct show the first variation,"",New idea,,33349274,Simulation,Yassin Hassan,_⭐ Admin & Engine Squad,,,,,,,,,,,,,,,,,,,,,,,,,,,,,,,,,,,,,,,,,,,,,,,,,,,,,,,,,,,,,,,,,,,,,,,,,,,,,,,,,,,,,,,,,,,,,,,,,,,,,,,,,,,,,,,,,,
33349705,feature,2025-10-09 13:54:04 UTC,2025-10-09 13:54:04 UTC,Select default view in Simulation,"",New idea,,33349274,Simulation,Yassin Hassan,_⭐ Admin & Engine Squad,,,,,,,,,,,,,,,,,,,,,,,,,,,,,,,,,,,,,,,,,,,,,,,,,,,,,,,,,,,,,,,,,,,,,,,,,,,,,,,,,,,,,,,,,,,,,,,,,,,,,,,,,,,,,,,,,,
33349877,feature,2025-10-09 14:09:17 UTC,2025-10-09 14:09:17 UTC,Simulation - Exclude all by default,"",New idea,,33349274,Simulation,Yassin Hassan,"",,,,,,,,,,,,,,,,,,,,,,,,,,,,,,,,,,,,,,,,,,,,,,,,,,,,,,,,,,,,,,,,,,,,,,,,,,,,,,,,,,,,,,,,,,,,,,,,,,,,,,,,,,,,,,,,,,
33350252,feature,2025-10-09 14:37:20 UTC,2025-10-09 14:37:20 UTC,Integrate Kameleoon Visitor code with GA4 experience_impression,"",New idea,,32146615,Integrations,Isabelle Ung,"",,,,,,,,,,,,,,,,,,,,,,,,,,,,,,,,,,,,,,,,,,,,,,,,,,,,,,,,,,,,,,,,,,,,,,,,,,,,,,,,,,,,,,,,,,,,,,,,,,,,,,,,,,,,,,,,,,
33418826,subfeature,2025-10-17 13:44:41 UTC,2025-10-17 16:21:36 UTC,Create Folders,"",New idea,,9725443,Media library,Lily from Kameleoon,_⭐ Visual Builders Squad,,,,,,,,,,,,,,,,,,,,,,,,,,,,,,,,,,,,,,,,,,,,,,,,,,,,,,,,,,,,,,,,,,,,,,,,,,,,,,,,,,,,,,,,,,,,,,,,,,,,,,,,,,,,,,,,,,
33419372,feature,2025-10-17 14:18:18 UTC,2025-10-17 14:18:18 UTC,Independent Editing for Translated Widgets,"",New idea,,29765534,Translation Tab,Lily from Kameleoon,_⭐ Visual Builders Squad,,,,,,,,,,,,,,,,,,,,,,,,,,,,,,,,,,,,,,,,,,,,,,,,,,,,,,,,,,,,,,,,,,,,,,,,,,,,,,,,,,,,,,,,,,,,,,,,,,,,,,,,,,,,,,,,,,
33419647,feature,2025-10-17 14:30:04 UTC,2025-10-17 14:30:16 UTC,Multiple Widgets per Variation,"",New idea,,9564787,Graphic editor,Lily from Kameleoon,"_⭐ Campaign Creation Squad, _⭐ Visual Builders Squad",,,,,,,,,,,,,,,,,,,,,,,,,,,,,,,,,,,,,,,,,,,,,,,,,,,,,,,,,,,,,,,,,,,,,,,,,,,,,,,,,,,,,,,,,,,,,,,,,,,,,,,,,,,,,,,,,,
33419938,feature,2025-10-17 15:02:32 UTC,2025-10-17 15:02:32 UTC,Improve Visibility of Translation Display Triggers,"",New idea,,29765534,Translation Tab,Lily from Kameleoon,_⭐ Visual Builders Squad,,,,,,,,,,,,,,,,,,,,,,,,,,,,,,,,,,,,,,,,,,,,,,,,,,,,,,,,,,,,,,,,,,,,,,,,,,,,,,,,,,,,,,,,,,,,,,,,,,,,,,,,,,,,,,,,,,
33420125,component,2025-10-17 15:17:28 UTC,2025-10-17 15:17:28 UTC,Survey Settings,"",Rejected,,25770925,Widget Studio,Lily from Kameleoon,"",,,,,,,,,,,,,,,,,,,,,,,,,,,,,,,,,,,,,,,,,,,,,,,,,,,,,,,,,,,,,,,,,,,,,,,,,,,,,,,,,,,,,,,,,,,,,,,,,,,,,,,,,,,,,,,,,,
33420171,feature,2025-10-17 15:21:03 UTC,2025-10-17 15:21:13 UTC,PUT Method for HTTP Request,"",New idea,,33420125,Survey Settings,Lily from Kameleoon,_⭐ Visual Builders Squad,,,,,,,,,,,,,,,,,,,,,,,,,,,,,,,,,,,,,,,,,,,,,,,,,,,,,,,,,,,,,,,,,,,,,,,,,,,,,,,,,,,,,,,,,,,,,,,,,,,,,,,,,,,,,,,,,,
33420413,feature,2025-10-17 15:48:18 UTC,2025-10-17 15:49:34 UTC,Auto-duplicate Associated Events When Copying Elements,"",New idea,,12428956,Events Tab,Lily from Kameleoon,_⭐ Visual Builders Squad,,,,,,,,,,,,,,,,,,,,,,,,,,,,,,,,,,,,,,,,,,,,,,,,,,,,,,,,,,,,,,,,,,,,,,,,,,,,,,,,,,,,,,,,,,,,,,,,,,,,,,,,,,,,,,,,,,
33420631,subfeature,2025-10-17 16:14:46 UTC,2025-11-01 07:54:23 UTC,Check Survey Data in Simulation,"",New idea,,31754279,Widget Simulation,Lily from Kameleoon,"_⭐ Admin & Engine Squad, _⭐ Visual Builders Squad",,,,,,,,,,,,,,,,,,,,,,,,,,,,,,,,,,,,,,,,,,,,,,,,,,,,,,,,,,,,,,,,,,,,,,,,,,,,,,,,,,,,,,,,,,,,,,,,,,,,,,,,,,,,,,,,,,
33420675,subfeature,2025-10-17 16:18:58 UTC,2025-10-17 16:20:14 UTC,Replace Images,"",New idea,,9725443,Media library,Lily from Kameleoon,"",,,,,,,,,,,,,,,,,,,,,,,,,,,,,,,,,,,,,,,,,,,,,,,,,,,,,,,,,,,,,,,,,,,,,,,,,,,,,,,,,,,,,,,,,,,,,,,,,,,,,,,,,,,,,,,,,,
33420681,subfeature,2025-10-17 16:19:43 UTC,2025-10-17 16:20:11 UTC,Archive Images,"",New idea,,9725443,Media library,Lily from Kameleoon,_⭐ Visual Builders Squad,,,,,,,,,,,,,,,,,,,,,,,,,,,,,,,,,,,,,,,,,,,,,,,,,,,,,,,,,,,,,,,,,,,,,,,,,,,,,,,,,,,,,,,,,,,,,,,,,,,,,,,,,,,,,,,,,,
33442447,feature,2025-10-21 14:49:28 UTC,2025-10-21 14:50:44 UTC,"Choose ""control"" variation on Finalization page","This feature allows selecting a control variation from the Finalization page of an experiment, allowing it to be used as reference on the Result page by default\. ",New idea,,6783323,Web Experimentation,Ivan Kulagin,"",,,,,,,,,,,,,,,,,,,,,,,,,,,,,,,,,,,,,,,,,,,,,,,,,,,,,,,,,,,,,,,,,,,,,,,,,,,,,,,,,,,,,,,,,,,,,,,,,,,,,,,,,,,,,,,,,,
33442494,feature,2025-10-21 14:52:13 UTC,2025-10-21 14:53:02 UTC,"Change ""control"" variation from Original if Original is 0% in Allocation",This feature allows automatic change of the control variation if the Original variation is set to 0% traffic allocation\. ,New idea,,6783323,Web Experimentation,Ivan Kulagin,"",,,,,,,,,,,,,,,,,,,,,,,,,,,,,,,,,,,,,,,,,,,,,,,,,,,,,,,,,,,,,,,,,,,,,,,,,,,,,,,,,,,,,,,,,,,,,,,,,,,,,,,,,,,,,,,,,,
33442840,feature,2025-10-21 15:25:44 UTC,2025-10-21 15:25:44 UTC,Mother Duck Data warehouse integrations,"",New idea,,32146897,New integrations,Isabelle Ung,"",,,,,,,,,,,,,,,,,,,,,,,,,,,,,,,,,,,,,,,,,,,,,,,,,,,,,,,,,,,,,,,,,,,,,,,,,,,,,,,,,,,,,,,,,,,,,,,,,,,,,,,,,,,,,,,,,,
33528082,feature,2025-10-31 10:00:19 UTC,2025-10-31 10:00:19 UTC,Use of  native Capping capabilities,"",New idea,,32032875,PBX : bullets points in prompt,Vincent Taldir,"",,,,,,,,,,,,,,,,,,,,,,,,,,,,,,,,,,,,,,,,,,,,,,,,,,,,,,,,,,,,,,,,,,,,,,,,,,,,,,,,,,,,,,,,,,,,,,,,,,,,,,,,,,,,,,,,,,
33528095,feature,2025-10-31 10:01:25 UTC,2025-10-31 10:01:25 UTC,Theme as an input,"",New idea,,32032875,PBX : bullets points in prompt,Vincent Taldir,"",,,,,,,,,,,,,,,,,,,,,,,,,,,,,,,,,,,,,,,,,,,,,,,,,,,,,,,,,,,,,,,,,,,,,,,,,,,,,,,,,,,,,,,,,,,,,,,,,,,,,,,,,,,,,,,,,,
33528119,feature,2025-10-31 10:04:38 UTC,2025-10-31 10:04:38 UTC,Add code without previous version generated,"",New idea,,32032875,PBX : bullets points in prompt,Vincent Taldir,"",,,,,,,,,,,,,,,,,,,,,,,,,,,,,,,,,,,,,,,,,,,,,,,,,,,,,,,,,,,,,,,,,,,,,,,,,,,,,,,,,,,,,,,,,,,,,,,,,,,,,,,,,,,,,,,,,,
33528134,feature,2025-10-31 10:06:13 UTC,2025-10-31 10:06:13 UTC,Draw sketch rewanping,"",New idea,,32032875,PBX : bullets points in prompt,Vincent Taldir,"",,,,,,,,,,,,,,,,,,,,,,,,,,,,,,,,,,,,,,,,,,,,,,,,,,,,,,,,,,,,,,,,,,,,,,,,,,,,,,,,,,,,,,,,,,,,,,,,,,,,,,,,,,,,,,,,,,
33528139,feature,2025-10-31 10:06:53 UTC,2025-10-31 10:06:53 UTC,Selector selection as input,"",New idea,,32032875,PBX : bullets points in prompt,Vincent Taldir,"",,,,,,,,,,,,,,,,,,,,,,,,,,,,,,,,,,,,,,,,,,,,,,,,,,,,,,,,,,,,,,,,,,,,,,,,,,,,,,,,,,,,,,,,,,,,,,,,,,,,,,,,,,,,,,,,,,
33528177,feature,2025-10-31 10:10:08 UTC,2025-10-31 10:10:08 UTC,Master prompt,"",New idea,,32032875,PBX : bullets points in prompt,Vincent Taldir,"",,,,,,,,,,,,,,,,,,,,,,,,,,,,,,,,,,,,,,,,,,,,,,,,,,,,,,,,,,,,,,,,,,,,,,,,,,,,,,,,,,,,,,,,,,,,,,,,,,,,,,,,,,,,,,,,,,
33528188,feature,2025-10-31 10:11:22 UTC,2025-10-31 10:11:22 UTC,Multiple image uploads,"",New idea,,32032875,PBX : bullets points in prompt,Vincent Taldir,"",,,,,,,,,,,,,,,,,,,,,,,,,,,,,,,,,,,,,,,,,,,,,,,,,,,,,,,,,,,,,,,,,,,,,,,,,,,,,,,,,,,,,,,,,,,,,,,,,,,,,,,,,,,,,,,,,,
33528199,feature,2025-10-31 10:12:14 UTC,2025-10-31 10:12:14 UTC,Add diff summary + editor,"",New idea,,32032875,PBX : bullets points in prompt,Vincent Taldir,"",,,,,,,,,,,,,,,,,,,,,,,,,,,,,,,,,,,,,,,,,,,,,,,,,,,,,,,,,,,,,,,,,,,,,,,,,,,,,,,,,,,,,,,,,,,,,,,,,,,,,,,,,,,,,,,,,,
33528204,feature,2025-10-31 10:13:02 UTC,2025-10-31 10:13:02 UTC,Integrated light graphic editor,"",New idea,,32032875,PBX : bullets points in prompt,Vincent Taldir,"",,,,,,,,,,,,,,,,,,,,,,,,,,,,,,,,,,,,,,,,,,,,,,,,,,,,,,,,,,,,,,,,,,,,,,,,,,,,,,,,,,,,,,,,,,,,,,,,,,,,,,,,,,,,,,,,,,
33533125,product,2025-10-31 20:43:28 UTC,2025-10-31 20:48:18 UTC,Recommendations,"",New idea,,,,Ivan Kulagin,"",,,,,,,,,,,,,,,,,,,,,,,,,,,,,,,,,,,,,,,,,,,,,,,,,,,,,,,,,,,,,,,,,,,,,,,,,,,,,,,,,,,,,,,,,,,,,,,,,,,,,,,,,,,,,,,,,,
33535398,subfeature,2025-11-01 09:57:38 UTC,2025-12-09 10:26:01 UTC,Add URL field + save last configuration,"",New idea,,31754279,Widget Simulation,Lily from Kameleoon,_⭐ Visual Builders Squad,,,,,,,,,,,,,,,,,,,,,,,,,,,,,,,,,,,,,,,,,,,,,,,,,,,,,,,,,,,,,,,,,,,,,,,,,,,,,,,,,,,,,,,,,,,,,,,,,,,,,,,,,,,,,,,,,,
33535420,feature,2025-11-01 10:19:31 UTC,2025-12-05 11:48:38 UTC,Support add to cart & transaction in custom variables counter,"",Ready for deployment,,12428951,Design Tab,Lily from Kameleoon,_⭐ Visual Builders Squad,2025-10-31,2025-11-30,,,,,,,,,,,,,,,,,,,,,,,,,,,,,,,,,,,,,,,,,,,,,,,,,,,,,,,,,,,,,,,,,,,,,,,,,,,,,,,,,,,,,,,,,,,,,,,,,,,,,,,,,,,,,,,,
33558977,subfeature,2025-11-04 17:52:55 UTC,2025-11-04 17:57:18 UTC,Testing V1 - Production + 3 WT,"",Planned,,30430511,Lot 1 - Création / Édition d’une campagne AutoPromo,Fabien DIMEGLIO,_⭐BPCE squad,2025-12-02,2025-12-31,,,,,,,,,,,,,,,,,,,,,,,,,,,,,,,,,,,,,,,,,,,,,,,,,,,,,,,,,,,,,,,,,,,,,,,,,,,,,,,,,,,,,,,,,,,,,,,,,,,,,,,,,,,,,,,,
33558997,subfeature,2025-11-04 17:56:20 UTC,2025-11-04 17:57:34 UTC,Testing V2 - Production +5 WT,"",Planned,,30430511,Lot 1 - Création / Édition d’une campagne AutoPromo,Fabien DIMEGLIO,_⭐BPCE squad,2026-01-01,2026-01-31,,,,,,,,,,,,,,,,,,,,,,,,,,,,,,,,,,,,,,,,,,,,,,,,,,,,,,,,,,,,,,,,,,,,,,,,,,,,,,,,,,,,,,,,,,,,,,,,,,,,,,,,,,,,,,,,
33559026,subfeature,2025-11-04 17:58:31 UTC,2025-11-04 17:59:35 UTC,Testing V3 - Production + 5WT,"",Planned,,30430511,Lot 1 - Création / Édition d’une campagne AutoPromo,Fabien DIMEGLIO,_⭐BPCE squad,2026-02-01,2026-02-28,,,,,,,,,,,,,,,,,,,,,,,,,,,,,,,,,,,,,,,,,,,,,,,,,,,,,,,,,,,,,,,,,,,,,,,,,,,,,,,,,,,,,,,,,,,,,,,,,,,,,,,,,,,,,,,,
33650458,feature,2025-11-14 14:00:33 UTC,2025-11-14 14:00:33 UTC,Automatically add goals used in the widget to the experience,"",New idea,,6783323,Web Experimentation,Lily from Kameleoon,_⭐ Visual Builders Squad,,,,,,,,,,,,,,,,,,,,,,,,,,,,,,,,,,,,,,,,,,,,,,,,,,,,,,,,,,,,,,,,,,,,,,,,,,,,,,,,,,,,,,,,,,,,,,,,,,,,,,,,,,,,,,,,,,
33650963,feature,2025-11-14 14:50:36 UTC,2025-11-14 14:50:36 UTC,Display widget ID,"",New idea,,12527822,Widget Dashboard,Lily from Kameleoon,"",,,,,,,,,,,,,,,,,,,,,,,,,,,,,,,,,,,,,,,,,,,,,,,,,,,,,,,,,,,,,,,,,,,,,,,,,,,,,,,,,,,,,,,,,,,,,,,,,,,,,,,,,,,,,,,,,,
33651701,feature,2025-11-14 15:52:34 UTC,2025-11-14 15:52:34 UTC,Activity - more event details,"",New idea,,9973372,Activity,Loreena,"",,,,,,,,,,,,,,,,,,,,,,,,,,,,,,,,,,,,,,,,,,,,,,,,,,,,,,,,,,,,,,,,,,,,,,,,,,,,,,,,,,,,,,,,,,,,,,,,,,,,,,,,,,,,,,,,,,
33651929,feature,2025-11-14 16:10:07 UTC,2025-11-14 16:10:13 UTC,Custom data - Duplicate your custom data on other projects,"",New idea,,9973294,Advanced tools,Loreena,"",,,,,,,,,,,,,,,,,,,,,,,,,,,,,,,,,,,,,,,,,,,,,,,,,,,,,,,,,,,,,,,,,,,,,,,,,,,,,,,,,,,,,,,,,,,,,,,,,,,,,,,,,,,,,,,,,,
33652000,feature,2025-11-14 16:17:11 UTC,2025-11-14 16:17:11 UTC,Campaign management,"",New idea,,6783323,Web Experimentation,Loreena,"",,,,,,,,,,,,,,,,,,,,,,,,,,,,,,,,,,,,,,,,,,,,,,,,,,,,,,,,,,,,,,,,,,,,,,,,,,,,,,,,,,,,,,,,,,,,,,,,,,,,,,,,,,,,,,,,,,
33652065,feature,2025-11-14 16:23:15 UTC,2025-11-14 16:23:15 UTC,Product Categories In-Page Template,"",New idea,,12429128,Core,Lily from Kameleoon,"",,,,,,,,,,,,,,,,,,,,,,,,,,,,,,,,,,,,,,,,,,,,,,,,,,,,,,,,,,,,,,,,,,,,,,,,,,,,,,,,,,,,,,,,,,,,,,,,,,,,,,,,,,,,,,,,,,
33652090,feature,2025-11-14 16:25:17 UTC,2025-11-14 16:25:17 UTC,Equal Spacing Between Elements,"",New idea,,12428951,Design Tab,Lily from Kameleoon,"",,,,,,,,,,,,,,,,,,,,,,,,,,,,,,,,,,,,,,,,,,,,,,,,,,,,,,,,,,,,,,,,,,,,,,,,,,,,,,,,,,,,,,,,,,,,,,,,,,,,,,,,,,,,,,,,,,
33652121,feature,2025-11-14 16:27:49 UTC,2025-11-14 16:27:49 UTC,Slot Machine Template,"",New idea,,12429128,Core,Lily from Kameleoon,"",,,,,,,,,,,,,,,,,,,,,,,,,,,,,,,,,,,,,,,,,,,,,,,,,,,,,,,,,,,,,,,,,,,,,,,,,,,,,,,,,,,,,,,,,,,,,,,,,,,,,,,,,,,,,,,,,,
33652159,subfeature,2025-11-14 16:32:56 UTC,2025-11-14 16:34:29 UTC,CD as Quick Targeting Condition,"",New idea,,25537956,Quick targeting options in Finalization flow,Lily from Kameleoon,"",,,,,,,,,,,,,,,,,,,,,,,,,,,,,,,,,,,,,,,,,,,,,,,,,,,,,,,,,,,,,,,,,,,,,,,,,,,,,,,,,,,,,,,,,,,,,,,,,,,,,,,,,,,,,,,,,,
33652188,feature,2025-11-14 16:35:51 UTC,2025-11-14 16:35:51 UTC,Cart Reminder Template,"",New idea,,12429128,Core,Lily from Kameleoon,"",,,,,,,,,,,,,,,,,,,,,,,,,,,,,,,,,,,,,,,,,,,,,,,,,,,,,,,,,,,,,,,,,,,,,,,,,,,,,,,,,,,,,,,,,,,,,,,,,,,,,,,,,,,,,,,,,,
33660576,feature,2025-11-17 09:23:29 UTC,2025-11-17 09:23:29 UTC,Archive Widgets,"",New idea,,12527822,Widget Dashboard,Lily from Kameleoon,"",,,,,,,,,,,,,,,,,,,,,,,,,,,,,,,,,,,,,,,,,,,,,,,,,,,,,,,,,,,,,,,,,,,,,,,,,,,,,,,,,,,,,,,,,,,,,,,,,,,,,,,,,,,,,,,,,,
33672000,feature,2025-11-18 08:55:11 UTC,2025-11-18 08:55:11 UTC,Filter by custom integrations,"",New idea,,32146615,Integrations,Isabelle Ung,_⭐ Integrations Squad,,,,,,,,,,,,,,,,,,,,,,,,,,,,,,,,,,,,,,,,,,,,,,,,,,,,,,,,,,,,,,,,,,,,,,,,,,,,,,,,,,,,,,,,,,,,,,,,,,,,,,,,,,,,,,,,,,
33717255,feature,2025-11-24 08:45:30 UTC,2025-11-24 08:45:30 UTC,Hubspot Integration - Widget,"",New idea,,32146615,Integrations,Isabelle Ung,"",,,,,,,,,,,,,,,,,,,,,,,,,,,,,,,,,,,,,,,,,,,,,,,,,,,,,,,,,,,,,,,,,,,,,,,,,,,,,,,,,,,,,,,,,,,,,,,,,,,,,,,,,,,,,,,,,,
33740868,feature,2025-11-26 15:43:23 UTC,2025-11-26 15:49:03 UTC,Send Kameleoon goals conversion to DWH,"Asked by various clients Lululemon, Tchibo, <span data-preserve-white-space></span> ",New idea,,32146623,Data warehouses topics,Isabelle Ung,_⭐ Integrations Squad,,,,,,,,,,,,,,,,,,,,,,,,,,,,,,,,,,,,,,,,,,,,,,,,,,,,,,,,,,,,,,,,,,,,,,,,,,,,,,,,,,,,,,,,,,,,,,,,,,,,,,,,,,,,,,,,,,
33752154,feature,2025-11-28 11:22:00 UTC,2025-11-28 11:22:00 UTC,Daily Goal Conversion Chart,"",New idea,,31917149,Impact,Luka Macharadze,"",2025-11-28,2025-12-28,,,,,,,,,,,,,,,,,,,,,,,,,,,,,,,,,,,,,,,,,,,,,,,,,,,,,,,,,,,,,,,,,,,,,,,,,,,,,,,,,,,,,,,,,,,,,,,,,,,,,,,,,,,,,,,,
33781597,feature,2025-12-03 14:47:20 UTC,2025-12-03 14:47:20 UTC,DinMo Cohorts,"",New idea,,32146615,Integrations,Isabelle Ung,"",,,,,,,,,,,,,,,,,,,,,,,,,,,,,,,,,,,,,,,,,,,,,,,,,,,,,,,,,,,,,,,,,,,,,,,,,,,,,,,,,,,,,,,,,,,,,,,,,,,,,,,,,,,,,,,,,,
